날짜,거래처,품목,수량,예측신뢰도,거래유형,최근거래일,평균주기(일)
2026-01-01,(주)아이마켓코리아,PP11MM*13.34KG삼성경량밴드2300m*두께0.84mm단중5.8g GRS,2588.89,63.1,불규칙,2025-12-24,4.0
2026-01-02,동원팩,PE28mm 2kgPE28M／M(백)2KG,260.91,61.9,불규칙,2025-12-29,4.5
2026-01-02,대상산업,"PE28mm, 6KGPE28M／M(백)6KG",176.96,65.5,불규칙,2025-12-12,7.3
2026-01-02,서흥포장 주식회사,PP7MPP7M10KG백색,295.87,49.9,불규칙,2025-09-23,101.7
2026-01-03,전주삼신산업,PP9MMPP9M／M10KG(황),87.51,76.1,안정,2025-12-12,22.3
2026-01-03,(주)아이마켓코리아,PP18MM*21kg 삼성 recycle2300M두께0.80mm단중8.8g Clear,5453.64,54.1,불규칙,2025-12-24,5.3
2026-01-04,KOMERI,"15.5 x 2,500M 0.55T15.5x2,500M0.55T황색",3054.07,73.5,안정,2025-11-23,42.5
2026-01-04,전주삼신산업,PE28mm 2kgPE28M／M(백)2KG,336.26,67.4,불규칙,2025-12-09,13.1
2026-01-04,KOMERI,15 x 100M 0.55T15x100M0.55T자색,456.65,73.5,안정,2025-11-23,42.5
2026-01-04,동원팩,PE28mm 2kgPE28M／M(황)2KG,163.43,54.4,불규칙,2025-11-14,17.9
2026-01-04,KOMERI,15 x 100M 0.55T15x100M0.55T백색,1263.28,73.5,안정,2025-11-23,42.5
2026-01-05,한남포장기계,PP12MPP12M／M9KG(황),907.77,74.6,안정,2025-12-16,20.3
2026-01-05,(주)아이마켓코리아,PP11MM*13.34KG삼성경량밴드2300m*두께0.84mm단중5.8g GRS,1290.94,63.1,불규칙,2025-12-24,4.0
2026-01-05,동원팩,PP6MM매달100롤 할인,0.0,66.6,불규칙,2025-11-04,31.2
2026-01-05,대상산업,PE28mm 2kgPE28M／M(백)2KG,369.19,70.4,안정,2025-12-31,5.2
2026-01-06,진송팩,"PE28mm, 6KGPE28M／M(백)6KG",119.62,59.8,불규칙,2025-12-02,35.0
2026-01-06,경인팩,PE28mm 2kgPE28M／M(백)2KG,635.98,59.7,불규칙,2025-12-30,7.3
2026-01-06,동원팩,PE28mm 2kgPE28M／M(백)2KG,217.41,61.9,불규칙,2025-12-29,4.5
2026-01-06,전주삼신산업,PP7MPP7M10KG백색,304.51,63.7,불규칙,2025-12-09,28.6
2026-01-07,주식회사 대원포장기계,PE28mm 2kgPE28M／M(백)2KG,505.26,79.2,안정,2025-12-01,37.3
2026-01-07,ANDERSON WHOLESALE PACKAGING PTY LTD.,PP 12MM12MMx1000Mx0.60MM Blue,0.0,46.2,불규칙,2025-09-08,121.5
2026-01-07,동원팩,PP12MPP12M／M10KG(황),165.03,61.5,불규칙,2025-12-20,18.7
2026-01-07,대상산업,"PE50mm, 6KGPE50M／M(백)6KG",178.46,71.8,안정,2025-12-22,16.6
2026-01-07,KOMERI,15 x 100M 0.55T15x100M0.55T적색,281.5,72.4,안정,2025-11-23,45.5
2026-01-07,KOMERI,15 x 100M 0.55T15x100M0.55T녹색,367.76,72.5,안정,2025-11-23,45.5
2026-01-07,(주)베스테크,도전성밴드7.7mm*900m,133.47,50.6,불규칙,2025-11-11,19.4
2026-01-07,KOMERI,"15 x 1,000M 0.55T Yellow15x1,000M0.55T 황색",2710.81,72.5,안정,2025-11-23,45.5
2026-01-07,주)대성씨앤씨,스트레치필름(일반 기계랩)20*500mm*1400m,26.49,84.6,안정,2025-12-09,29.5
2026-01-08,(주)아이마켓코리아,PP18MM*21kg 삼성 recycle2300M두께0.80mm단중8.8g Clear,5961.89,54.1,불규칙,2025-12-24,5.3
2026-01-08,대상산업,PE28mm 2kgPE28M／M(황)2KG,395.58,59.4,불규칙,2025-12-09,30.7
2026-01-08,주식회사 대한종합포장,PP12MPP12M／M10KG(백),454.18,76.7,안정,2025-11-24,45.1
2026-01-08,동원팩,운송료,1.86,58.2,불규칙,2025-12-23,16.9
2026-01-08,NZ SAFETY BLACKWOODS,"12 x 3,000M 0.60T12x3,000M0.60TCLEAR",2895.96,61.9,불규칙,2025-08-19,71.9
2026-01-08,(주)아이마켓코리아,"PP18MM x 21Kg 삼성 황색2300M 포장중량 21Kg, 1롤/1pcs 포장 (황색)",1438.27,53.3,불규칙,2025-12-24,15.2
2026-01-09,세움패키지(SEUMPKG),운송료,0.46,66.6,불규칙,2025-12-16,24.8
2026-01-09,대상산업,"PE28mm, 6KGPE28M／M(백)6KG",186.16,65.5,불규칙,2025-12-12,7.3
2026-01-09,대상산업,PP12MPP12M／M12.5KG (황),299.01,63.7,불규칙,2025-12-17,23.5
2026-01-09,경인팩,"PE28mm, 6KGPE28M／M(백)6KG",1038.37,66.0,불규칙,2025-12-30,10.2
2026-01-09,신광포장기계,PP12MPP12M／M10KG(황),401.33,63.5,불규칙,2025-12-29,11.2
2026-01-09,(주)아이마켓코리아,PP11MM*13.34KG삼성경량밴드2300m*두께0.84mm단중5.8g GRS,2211.02,63.1,불규칙,2025-12-24,4.0
2026-01-10,동원팩,PE28mm 2kgPE28M／M(백)2KG,237.37,61.9,불규칙,2025-12-29,4.5
2026-01-10,H.E. BAUMRUCKER COMPANY,"12 x 3,018M 0.58T White 230 CORE (9x8)12 x 3,018M 0.58T White 230 CORE (9x8)",0.0,45.2,불규칙,2025-09-27,105.2
2026-01-10,경인팩,PP6MMPP6M／M10KG(백),1518.58,59.4,불규칙,2026-01-05,5.3
2026-01-10,(주)낙원포장,PP6MMPP6M/M12.5KG(백),2703.83,69.8,불규칙,2025-12-23,18.5
2026-01-10,H.E. BAUMRUCKER COMPANY,"9 x 3,932M 0.61T9 x 3,932M 0.61T 백색",0.0,61.7,불규칙,2025-09-27,105.2
2026-01-10,호성수출포장,스트레치필름(일반 핸드랩 20)20*500mm*350m,105.59,78.1,안정,2025-10-31,71.6
2026-01-10,대상산업,PE28mm 2kgPE28M／M(백)2KG,374.61,70.4,안정,2025-12-31,5.2
2026-01-10,동원팩,PP6MMPP6M／M10KG(백),584.52,64.4,불규칙,2026-01-05,5.0
2026-01-10,경인팩,팔렛트일회용 플라스틱,2.41,59.9,불규칙,2026-01-05,5.5
2026-01-11,신광포장기계,"PE28mm, 6KGPE28M／M(백)6KG",0.0,62.4,불규칙,2025-11-04,34.6
2026-01-11,피앤비,PP12MPP12M／M10KG(백),559.14,85.0,안정,2025-11-06,66.8
2026-01-11,금산포장,PE28mm 2kgPE28M／M(백)2KG,79.17,68.7,불규칙,2025-12-22,20.1
2026-01-11,우선산업,"PE50mm, 4.5KGPE50M／M(백)4.5KG",0.0,66.8,불규칙,2025-12-24,18.1
2026-01-11,경인팩,운송료,3.27,56.4,불규칙,2026-01-05,6.2
2026-01-11,신광포장기계,PE28mm 2kgPE28M／M(백)2KG,148.37,63.5,불규칙,2025-12-18,12.8
2026-01-11,KOMERI,15 x 100M 0.55T15x100M 0.55T 황색,1969.8,58.5,불규칙,2025-11-23,49.0
2026-01-11,동원팩,"PE28mm, 6KGPE28M／M(백)6KG",380.34,70.1,안정,2026-01-05,6.4
2026-01-11,KOMERI,15 x 100M 0.55T15x100M0.55T청색,1595.81,58.5,불규칙,2025-11-23,49.0
2026-01-12,신광포장기계,PP15MPP15MM*10KG(황색),412.06,64.9,불규칙,2025-12-04,13.0
2026-01-12,진송팩,PE28mm 2kgPE28M／M(백)2KG,479.57,62.8,불규칙,2026-01-02,10.4
2026-01-12,대상산업,"PE50mm, 6KGPE50M／M(황)6KG",205.31,77.9,안정,2025-11-20,53.2
2026-01-13,(주)아이마켓코리아,PP11MM*13.34KG삼성경량밴드2300m*두께0.84mm단중5.8g GRS,2300.69,63.1,불규칙,2025-12-24,4.0
2026-01-13,합동포장기계,스트레치필름(일반 기계랩)20*500mm*1400m,1.12,65.9,불규칙,2025-12-01,43.0
2026-01-13,경인팩,PE28mm 2kgPE28M／M(백)2KG,679.77,59.7,불규칙,2025-12-30,7.3
2026-01-13,(주)아이마켓코리아,PP18MM*21kg 삼성 recycle2300M두께0.80mm단중8.8g Clear,4662.27,54.1,불규칙,2025-12-24,5.3
2026-01-13,주식회사 광림파워팩,PP12MPP12mm*0.72T*2800m 12.5KG(투명),0.0,60.1,불규칙,2025-10-29,76.8
2026-01-13,NZ SAFETY BLACKWOODS,PP19MPP19M／M*0.55T 1000M Blue,1853.84,77.1,안정,2025-11-02,72.2
2026-01-14,주식회사 대한종합포장,PP5MMx7000Mx0.5T 백색,40.9,71.2,안정,2025-11-10,65.3
2026-01-14,동원팩,PE28mm 2kgPE28M／M(백)2KG,205.69,61.9,불규칙,2025-12-29,4.5
2026-01-15,대상산업,PE28mm 2kgPE28M／M(백)2KG,387.21,70.4,안정,2025-12-31,5.2
2026-01-15,경인팩,팔렛트일회용 플라스틱,2.55,59.9,불규칙,2026-01-05,5.5
2026-01-15,동원팩,PP6MMPP6M／M10KG(백),598.0,64.4,불규칙,2026-01-05,5.0
2026-01-15,피앤비,PP7MPP7M10KG백색,541.59,79.2,안정,2025-11-06,70.9
2026-01-15,경인팩,PP6MMPP6M／M10KG(백),1681.81,59.4,불규칙,2026-01-05,5.3
2026-01-16,주신산업,운송료택배비,1.77,57.7,불규칙,2026-01-05,11.5
2026-01-16,주신산업,PE28mm 2kgPE28M／M(백)2KG,36.64,57.7,불규칙,2026-01-05,11.5
2026-01-16,신광포장기계,PP15MPP15M／M10KG(백색),571.48,66.3,불규칙,2025-11-19,29.8
2026-01-16,대상산업,"PE28mm, 6KGPE28M／M(백)6KG",203.12,65.5,불규칙,2025-12-12,7.3
2026-01-16,세림산업사,PP원료 (검정),0.0,54.8,불규칙,2025-10-14,94.0
2026-01-17,동원팩,"PE28mm, 6KGPE28M／M(백)6KG",402.8,70.1,안정,2026-01-05,6.4
2026-01-17,전주삼신산업,PE28mm 2kgPE28M／M(백)2KG,321.41,67.4,불규칙,2025-12-09,13.1
2026-01-17,경인팩,운송료,2.44,56.4,불규칙,2026-01-05,6.2
2026-01-17,신광포장기계(부산),운송료,15.44,66.7,불규칙,2025-11-04,74.6
2026-01-17,(주)아이마켓코리아,PP11MM*13.34KG삼성경량밴드2300m*두께0.84mm단중5.8g GRS,2289.93,63.1,불규칙,2025-12-24,4.0
2026-01-18,(주)아이마켓코리아,PP18MM*21kg 삼성 recycle2300M두께0.80mm단중8.8g Clear,6126.14,54.1,불규칙,2025-12-24,5.3
2026-01-18,동원팩,PE28mm 2kgPE28M／M(백)2KG,226.97,61.9,불규칙,2025-12-29,4.5
2026-01-18,동서포장종합상사,PE28mm 2kgPE28M／M(백)2KG,50.46,68.5,불규칙,2025-12-18,31.2
2026-01-18,제이케이머티리얼즈(주)/순성공장,PP18MPP18M／M10KG(황),444.67,80.0,안정,2025-12-26,23.9
2026-01-18,한국포장기계,PP6MMPP6M／M10KG(백),1842.29,75.1,안정,2025-12-29,20.1
2026-01-18,신한포장기계(주),PE28mm 2kgPE28M／M(백)2KG,0.05,73.4,안정,2025-11-10,69.8
2026-01-19,경인팩,"PE28mm, 6KGPE28M／M(백)6KG",1035.07,66.0,불규칙,2025-12-30,10.2
2026-01-19,태광오토팩,PE28mm 2kgPE28M／M(백)2KG,632.42,75.0,안정,2025-11-11,69.2
2026-01-19,한국포장기계,PE28mm 2kgPE28M／M(백)2KG,1572.85,75.6,안정,2025-12-29,21.3
2026-01-19,(주)낙원포장,PP12MPP12M／M10KG(황),1687.28,74.8,안정,2025-12-23,27.7
2026-01-20,신광포장기계,PP12MPP12M／M10KG(황),435.15,63.5,불규칙,2025-12-29,11.2
2026-01-20,대상산업,PE28mm 2kgPE28M／M(청)2KG,193.92,65.1,불규칙,2025-12-09,42.4
2026-01-20,경인팩,팔렛트일회용 플라스틱,1.93,59.9,불규칙,2026-01-05,5.5
2026-01-20,진송팩,PE28mm 2kgPE28M／M(적)2KG,46.84,55.3,불규칙,2025-11-19,62.5
2026-01-20,대상산업,PE28mm 2kgPE28M／M(백)2KG,373.33,70.4,안정,2025-12-31,5.2
2026-01-20,한남포장기계,PE28mm 2kgPE28M／M(백)2KG,1.57,69.2,불규칙,2025-10-10,102.7
2026-01-20,천일포장산업,PE28mm 2kgPE28M／M(백)2KG,1074.06,68.6,불규칙,2025-12-01,25.9
2026-01-20,경인팩,PP6MMPP6M／M10KG(백),1426.13,59.4,불규칙,2026-01-05,5.3
2026-01-20,동원팩,PP6MMPP6M／M10KG(백),640.34,64.4,불규칙,2026-01-05,5.0
2026-01-20,경인팩,PE28mm 2kgPE28M／M(백)2KG,784.9,59.7,불규칙,2025-12-30,7.3
2026-01-20,진송팩,PP18MPP18M／M10KG(황),110.71,57.5,불규칙,2025-10-24,44.9
2026-01-20,동원팩,PE28mm 2kgPE28M／M(청)2KG,44.5,59.6,불규칙,2025-12-16,35.0
2026-01-21,(주)아이마켓코리아,PP11MM*13.34KG삼성경량밴드2300m*두께0.84mm단중5.8g GRS,1518.02,63.1,불규칙,2025-12-24,4.0
2026-01-21,백암지관공업사,PP12MPP12M／M12.5KG (황),0.0,67.0,불규칙,2025-10-28,85.1
2026-01-21,하영종합상사,PE28mm 2kgPE28M／M(백)2KG,117.28,65.4,불규칙,2025-09-29,57.3
2026-01-21,동원팩,PE28mm 2kgPE28M／M(황)2KG,148.63,54.4,불규칙,2025-11-14,17.9
2026-01-21,신광포장기계,운송료,1.46,54.7,불규칙,2025-12-10,21.7
2026-01-22,동원팩,PE28mm 2kgPE28M／M(백)2KG,242.99,61.9,불규칙,2025-12-29,4.5
2026-01-22,주식회사 마크원테크,운송료,0.86,53.2,불규칙,2025-12-19,34.5
2026-01-22,진송팩,PE28mm 2kgPE28M／M(백)2KG,448.95,62.8,불규칙,2026-01-02,10.4
2026-01-22,서흥포장 주식회사,스트레치필름(특수기능형)15*500*400,56.47,90.3,안정,2025-12-10,43.0
2026-01-22,NZ SAFETY BLACKWOODS,PP19M HD BlackPP19M／M*1000M1.0TBlack,1998.15,59.4,불규칙,2025-11-02,81.2
2026-01-23,경인팩,운송료,3.25,56.4,불규칙,2026-01-05,6.2
2026-01-23,(주)아이마켓코리아,"PP18MM x 21Kg 삼성 황색2300M 포장중량 21Kg, 1롤/1pcs 포장 (황색)",2453.35,53.3,불규칙,2025-12-24,15.2
2026-01-23,민건 이에이,PP12MPP12M／M10KG(백),329.87,71.2,안정,2025-12-24,30.2
2026-01-23,동원팩,"PE28mm, 6KGPE28M／M(백)6KG",435.53,70.1,안정,2026-01-05,6.4
2026-01-23,경인산업,PP12MPP12M／M10KG(백),296.63,76.6,안정,2025-12-04,25.7
2026-01-23,대상산업,"PE28mm, 6KGPE28M／M(백)6KG",186.63,65.5,불규칙,2025-12-12,7.3
2026-01-23,(주)아이마켓코리아,PP18MM*21kg 삼성 recycle2300M두께0.80mm단중8.8g Clear,6103.06,54.1,불규칙,2025-12-24,5.3
2026-01-23,신광포장기계,PE28mm 2kgPE28M／M(백)2KG,147.02,63.5,불규칙,2025-12-18,12.8
2026-01-23,대상산업,"PE50mm, 6KGPE50M／M(백)6KG",159.78,71.8,안정,2025-12-22,16.6
2026-01-24,주식회사 광림파워팩,PP9MMPP9M／M10KG(황),817.91,65.6,불규칙,2025-12-31,24.7
2026-01-24,동원팩,운송료,1.99,58.2,불규칙,2025-12-23,16.9
2026-01-24,태광오토팩,PP8MPP8M／M9KG(백),452.09,65.8,불규칙,2025-12-01,54.5
2026-01-24,(주)낙원포장,PP10MPP10M／M10KG(백색),0.0,75.2,안정,2025-11-05,80.1
2026-01-25,대상산업,PE28mm 2kgPE28M／M(백)2KG,409.33,70.4,안정,2025-12-31,5.2
2026-01-25,전주삼신산업,PP9MMPP9M／M10KG(황),80.62,76.1,안정,2025-12-12,22.3
2026-01-25,동원팩,PP12MPP12M／M10KG(황),165.49,61.5,불규칙,2025-12-20,18.7
2026-01-25,전주삼신산업,PP6MMPP6M／M10KG(백),297.23,59.1,불규칙,2025-12-29,27.2
2026-01-25,신광포장기계,PP15MPP15MM*10KG(황색),403.08,64.9,불규칙,2025-12-04,13.0
2026-01-25,KOMERI,"15.5 x 2,500M 0.55T15.5x2,500M0.55T청색",4514.46,66.3,불규칙,2025-11-23,63.7
2026-01-25,경인팩,팔렛트일회용 플라스틱,2.4,59.9,불규칙,2026-01-05,5.5
2026-01-25,동원팩,PP6MMPP6M／M10KG(백),640.89,64.4,불규칙,2026-01-05,5.0
2026-01-25,한남포장기계,PP12MPP12M／M9KG(황),922.47,74.6,안정,2025-12-16,20.3
2026-01-25,(주)아이마켓코리아,PP11MM*13.34KG삼성경량밴드2300m*두께0.84mm단중5.8g GRS,2515.1,63.1,불규칙,2025-12-24,4.0
2026-01-25,신광포장기계,PP18MPP18M／M10KG 황색인쇄밴드,1651.14,77.6,안정,2025-12-02,27.5
2026-01-25,경인팩,PP6MMPP6M／M10KG(백),1509.94,59.4,불규칙,2026-01-05,5.3
2026-01-26,동원팩,PE28mm 2kgPE28M／M(백)2KG,213.48,61.9,불규칙,2025-12-29,4.5
2026-01-26,천일포장산업,PP6MMPP6M／M10KG(백),3051.97,72.3,안정,2025-12-01,28.0
2026-01-26,NZ SAFETY BLACKWOODS,"12 x 3,000M 0.60T12x3,000M0.60TBLUE",0.0,74.2,안정,2025-11-02,85.4
2026-01-26,주식회사 광림파워팩,PP12MPP12M／M12.5KG (황),292.31,80.5,안정,2025-12-31,26.8
2026-01-26,합동포장기계,PE28mm 2kgPE28M／M(백)2KG,915.6,77.7,안정,2026-01-05,21.6
2026-01-26,(주)베스테크,도전성밴드7.7mm*900m,117.98,50.6,불규칙,2025-11-11,19.4
2026-01-27,주신산업,PE28mm 2kgPE28M／M(백)2KG,41.18,57.7,불규칙,2026-01-05,11.5
2026-01-27,동방포장기자재,PP12MPP12M／M10KG(황),75.34,66.2,불규칙,2025-11-24,64.4
2026-01-27,주신산업,운송료택배비,1.85,57.7,불규칙,2026-01-05,11.5
2026-01-27,전주삼신산업,PP9MMPP9M／M10KG(투명),5.78,56.9,불규칙,2025-12-12,46.9
2026-01-27,경인팩,PE28mm 2kgPE28M／M(백)2KG,704.72,59.7,불규칙,2025-12-30,7.3
2026-01-27,신광포장기계,PP15MPP15MM*10KG(청색),259.29,80.3,안정,2025-11-26,62.4
2026-01-28,(주)낙원포장,PP6MMPP6M/M12.5KG(백),2699.41,69.8,불규칙,2025-12-23,18.5
2026-01-28,경인산업,PP7MPP7M10KG백색,0.0,82.4,안정,2025-10-31,89.0
2026-01-28,ANDERSON WHOLESALE PACKAGING PTY LTD.,"15 x 1,000M 0.50T Blue15x1,000M0.50T청색",1994.75,46.5,불규칙,2025-09-08,71.8
2026-01-28,합동포장기계,PP12MPP12M／M12.5KG (황),3264.45,78.1,안정,2026-01-05,23.7
2026-01-28,(주)아이마켓코리아,PP18MM*21kg 삼성 recycle2300M두께0.80mm단중8.8g Clear,6544.61,54.1,불규칙,2025-12-24,5.3
2026-01-29,(주)아이마켓코리아,PP11MM*13.34KG삼성경량밴드2300m*두께0.84mm단중5.8g GRS,2120.04,63.1,불규칙,2025-12-24,4.0
2026-01-29,동원팩,"PE28mm, 6KGPE28M／M(백)6KG",414.08,70.1,안정,2026-01-05,6.4
2026-01-29,서울상사,PP9MMPP9M／M10KG(황),2186.53,67.1,불규칙,2025-09-26,125.0
2026-01-29,우선산업,"PE50mm, 4.5KGPE50M／M(백)4.5KG",0.0,66.8,불규칙,2025-12-24,18.1
2026-01-29,경인팩,운송료,2.85,56.4,불규칙,2026-01-05,6.2
2026-01-29,경인팩,"PE28mm, 6KGPE28M／M(백)6KG",1004.47,66.0,불규칙,2025-12-30,10.2
2026-01-29,서울상사,PP12MPP12M／M10KG(황),507.09,61.8,불규칙,2025-12-19,41.7
2026-01-30,경인팩,팔렛트일회용 플라스틱,2.37,59.9,불규칙,2026-01-05,5.5
2026-01-30,CYKLOP PACKAGING SYSTEMS PTY LTD.,PP 12MM12MMx1000Mx0.55MM Blue,5650.1,55.9,불규칙,2025-09-18,67.4
2026-01-30,주식회사 동원피앤아이,"PE50mm, 4.7KGPE50M／M(황)4.7KG",475.99,82.7,안정,2025-12-17,44.6
2026-01-30,대상산업,PE28mm 2kgPE28M／M(백)2KG,427.55,70.4,안정,2025-12-31,5.2
2026-01-30,동원팩,PP6MMPP6M／M10KG(백),650.26,64.4,불규칙,2026-01-05,5.0
2026-01-30,경인팩,PP6MMPP6M／M10KG(백),1041.96,59.4,불규칙,2026-01-05,5.3
2026-01-30,합동포장기계,PP12MPP12mm*0.72T*2800m 12.5KG(투명),0.0,51.6,불규칙,2025-11-01,90.5
2026-01-30,전주삼신산업,PE28mm 2kgPE28M／M(백)2KG,314.72,67.4,불규칙,2025-12-09,13.1
2026-01-30,세화종합상사,PE28mm 2kgPE28M／M(백)2KG,0.17,78.8,안정,2025-11-24,67.2
2026-01-30,대상산업,"PE28mm, 6KGPE28M／M(백)6KG",211.57,65.5,불규칙,2025-12-12,7.3
2026-01-30,진송팩,PE28mm 2kgPE28M／M(청)2KG,0.0,61.9,불규칙,2025-12-22,39.4
2026-01-30,동원팩,PE28mm 2kgPE28M／M(백)2KG,269.68,61.9,불규칙,2025-12-29,4.5
2026-01-31,신광포장기계,PP12MPP12M／M10KG(황),426.59,63.5,불규칙,2025-12-29,11.2
2026-01-31,금산포장,PE28mm 2kgPE28M／M(백)2KG,99.41,68.7,불규칙,2025-12-22,20.1
2026-02-01,대상산업,PP12MPP12M／M12.5KG (황),294.16,63.7,불규칙,2025-12-17,23.5
2026-02-01,한길포장기계,PE28mm 2kgPE28M／M(백)2KG,205.91,77.0,안정,2026-01-05,27.2
2026-02-01,주식회사 대한종합포장,스트레치필름(일반 기계랩)20*500mm*1400m,65.49,60.5,불규칙,2025-11-19,37.3
2026-02-01,(주)스피드랩코리아,PP6MMPP6M／M10KG(백),554.61,75.5,안정,2026-01-05,27.1
2026-02-01,(주)낙원포장,PP15MPP15MM*10KG(황색),521.84,76.6,안정,2025-12-23,40.1
2026-02-01,진송팩,PE28mm 2kgPE28M／M(백)2KG,838.47,62.8,불규칙,2026-01-02,10.4
2026-02-02,(주)아이마켓코리아,PP18MM*21kg 삼성 recycle2300M두께0.80mm단중8.8g Clear,4693.31,54.1,불규칙,2025-12-24,5.3
2026-02-02,(주)아이마켓코리아,PP11MM*13.34KG삼성경량밴드2300m*두께0.84mm단중5.8g GRS,3182.26,63.1,불규칙,2025-12-24,4.0
2026-02-02,하영종합상사,운송료,0.0,72.4,불규칙,2025-09-29,63.7
2026-02-02,세움패키지(SEUMPKG),운송료,0.47,66.6,불규칙,2025-12-16,24.8
2026-02-03,합동포장기계,PP12MPP12M／M10KG(황),367.35,84.0,안정,2026-01-05,29.4
2026-02-03,동원팩,PE28mm 2kgPE28M／M(백)2KG,238.51,61.9,불규칙,2025-12-29,4.5
2026-02-03,전주삼신산업,PP7MPP7M10KG백색,225.86,63.7,불규칙,2025-12-09,28.6
2026-02-03,경인팩,PE28mm 2kgPE28M／M(백)2KG,862.97,59.7,불규칙,2025-12-30,7.3
2026-02-04,우선산업,PE28mm 2kgPE28M／M(백)2KG,22.55,75.3,안정,2025-12-26,40.4
2026-02-04,H.E. BAUMRUCKER COMPANY,Ocean FreightOcean Freight (선임),2.11,49.5,불규칙,2025-09-27,65.8
2026-02-04,경인팩,운송료,2.24,56.4,불규칙,2026-01-05,6.2
2026-02-04,동원팩,PP6MMPP6M／M10KG(백),460.64,64.4,불규칙,2026-01-05,5.0
2026-02-04,대상산업,PE28mm 2kgPE28M／M(백)2KG,336.47,70.4,안정,2025-12-31,5.2
2026-02-04,동원팩,"PE28mm, 6KGPE28M／M(백)6KG",305.24,70.1,안정,2026-01-05,6.4
2026-02-04,경인팩,팔렛트일회용 플라스틱,2.63,59.9,불규칙,2026-01-05,5.5
2026-02-04,신광포장기계,PE28mm 2kgPE28M／M(백)2KG,347.24,63.5,불규칙,2025-12-18,12.8
2026-02-04,H.E. BAUMRUCKER COMPANY,"9 x 3,932M 0.61T 백색 230 CORE (9*8)9 x 3,932M 0.61T 백색 230 CORE (9*8)",8093.77,49.5,불규칙,2025-09-27,65.8
2026-02-04,경인팩,PP6MMPP6M／M10KG(백),1353.88,59.4,불규칙,2026-01-05,5.3
2026-02-05,서흥포장 주식회사,PP12MPP12M／M10KG(황),88.21,74.9,안정,2025-12-10,57.3
2026-02-05,다금마대,마대,303.47,72.9,안정,2025-12-29,38.4
2026-02-05,한길포장기계,PP12MPP12M／M10KG(황),805.45,82.9,안정,2026-01-05,31.9
2026-02-05,주)대성씨앤씨,스트레치필름(일반 기계랩)20*500mm*1400m,24.7,84.6,안정,2025-12-09,29.5
2026-02-05,동원팩,PP6MM매달100롤 할인,0.0,59.9,불규칙,2025-11-04,31.2
2026-02-06,TIGERPAK PACKAGING,12 x 2800M 0.60T12 x 2800M 0.60T BLUE,5959.99,63.6,불규칙,2025-12-25,43.5
2026-02-06,주식회사 광림파워팩,PP12MPP12M／M10KG(황),381.64,69.5,불규칙,2025-12-31,37.9
2026-02-06,신광포장기계(부산),PE28mm 2kgPE28M／M(백)2KG,176.66,49.5,불규칙,2025-11-04,47.9
2026-02-06,(주)아이마켓코리아,PP11MM*13.34KG삼성경량밴드2300m*두께0.84mm단중5.8g GRS,2742.33,63.1,불규칙,2025-12-24,4.0
2026-02-06,대상산업,"PE28mm, 6KGPE28M／M(백)6KG",240.4,65.5,불규칙,2025-12-12,7.3
2026-02-06,(주)낙원포장,PP10.5MPP10.5M10KG투명,637.7,66.4,불규칙,2025-12-23,45.3
2026-02-07,대흥수출포장,PE28mm 2kgPE28M／M(백)2KG,106.71,60.7,불규칙,2026-01-05,33.2
2026-02-07,(주)영화수출포장,PE 결속끈PE#50 (백) 5500m 5KG,0.0,86.5,안정,2025-11-14,85.0
2026-02-07,신광포장기계,PP15MPP15MM*10KG(황색),394.7,64.9,불규칙,2025-12-04,13.0
2026-02-07,주신산업,운송료택배비,1.44,57.7,불규칙,2026-01-05,11.5
2026-02-07,동원팩,PE28mm 2kgPE28M／M(황)2KG,55.41,54.4,불규칙,2025-11-14,17.9
2026-02-07,주신산업,PE28mm 2kgPE28M／M(백)2KG,33.96,57.7,불규칙,2026-01-05,11.5
2026-02-07,(주)아이마켓코리아,PP18MM*21kg 삼성 recycle2300M두께0.80mm단중8.8g Clear,4645.14,54.1,불규칙,2025-12-24,5.3
2026-02-07,(주)아이마켓코리아,"PP18MM x 21Kg 삼성 황색2300M 포장중량 21Kg, 1롤/1pcs 포장 (황색)",5184.28,53.3,불규칙,2025-12-24,15.2
2026-02-07,한국포장기계,PP6MMPP6M／M10KG(백),2414.72,75.1,안정,2025-12-29,20.1
2026-02-07,대상산업,PE28mm 2kgPE28M／M(황)2KG,75.82,59.4,불규칙,2025-12-09,30.7
2026-02-07,동원팩,PE28mm 2kgPE28M／M(백)2KG,252.89,61.9,불규칙,2025-12-29,4.5
2026-02-08,경인팩,"PE28mm, 6KGPE28M／M(백)6KG",512.3,66.0,불규칙,2025-12-30,10.2
2026-02-08,한길포장기계,PP12MPP12M／M10KG(청),477.0,75.4,안정,2025-12-01,69.9
2026-02-08,연화수출포장,운송료,0.71,71.6,안정,2025-12-31,39.5
2026-02-08,대상산업,"PE50mm, 6KGPE50M／M(백)6KG",335.69,71.8,안정,2025-12-22,16.6
2026-02-09,경인팩,PP6MMPP6M／M10KG(백),1401.22,59.4,불규칙,2026-01-05,5.3
2026-02-09,대상산업,PE28mm 2kgPE28M／M(백)2KG,352.61,70.4,안정,2025-12-31,5.2
2026-02-09,동원팩,운송료,2.44,58.2,불규칙,2025-12-23,16.9
2026-02-09,한국포장기계,PE28mm 2kgPE28M／M(백)2KG,2107.48,75.6,안정,2025-12-29,21.3
2026-02-09,경인팩,팔렛트일회용 플라스틱,2.66,59.9,불규칙,2026-01-05,5.5
2026-02-09,동원팩,PP6MMPP6M／M10KG(백),484.24,64.4,불규칙,2026-01-05,5.0
2026-02-10,제이케이머티리얼즈(주)/순성공장,PP18MPP18M／M10KG(황),1813.96,80.0,안정,2025-12-26,23.9
2026-02-10,경인팩,운송료,3.52,56.4,불규칙,2026-01-05,6.2
2026-02-10,ANDERSON WHOLESALE PACKAGING PTY LTD.,PP19M Premium BlackPP19M／M*1000M 0.7T Black,0.0,69.7,불규칙,2025-12-14,58.7
2026-02-10,동원팩,"PE28mm, 6KGPE28M／M(백)6KG",284.47,70.1,안정,2026-01-05,6.4
2026-02-10,경인팩,PE28mm 2kgPE28M／M(백)2KG,781.82,59.7,불규칙,2025-12-30,7.3
2026-02-10,(주)아이마켓코리아,PP11MM*13.34KG삼성경량밴드2300m*두께0.84mm단중5.8g GRS,2258.88,63.1,불규칙,2025-12-24,4.0
2026-02-10,RLBUTTON,팔레트팔레트,28.51,78.8,안정,2025-12-16,56.8
2026-02-10,진송팩,"PE28mm, 6KGPE28M／M(백)6KG",228.69,59.8,불규칙,2025-12-02,35.0
2026-02-10,한길포장기계,PP12MPP12M／M10KG(백),741.6,84.2,안정,2026-01-05,36.7
2026-02-10,보우팩,"PE28mm, 6KGPE28M／M(백)6KG",0.0,45.6,불규칙,2025-08-06,188.3
2026-02-11,동원팩,PE28mm 2kgPE28M／M(백)2KG,250.81,61.9,불규칙,2025-12-29,4.5
2026-02-11,신광포장기계,운송료,1.42,54.7,불규칙,2025-12-10,21.7
2026-02-11,신광포장기계,PP12MPP12M／M10KG(황),573.86,63.5,불규칙,2025-12-29,11.2
2026-02-11,진송팩,PE28mm 2kgPE28M／M(백)2KG,833.34,62.8,불규칙,2026-01-02,10.4
2026-02-11,CYKLOP PACKAGING SYSTEMS PTY LTD.,"12 x 3,000M 0.65T12x3,000M0.65T BLUE",237.51,74.5,안정,2025-12-25,48.1
2026-02-12,(주)아이마켓코리아,PP18MM*21kg 삼성 recycle2300M두께0.80mm단중8.8g Clear,5041.29,54.1,불규칙,2025-12-24,5.3
2026-02-12,전주삼신산업,PE28mm 2kgPE28M／M(백)2KG,220.74,67.4,불규칙,2025-12-09,13.1
2026-02-12,합동포장기계,PP6MMPP6M／M10KG(백),360.17,80.1,안정,2026-01-05,38.8
2026-02-12,합동포장기계,PP15MPP15M／M13KG(황),232.35,67.7,불규칙,2026-01-05,38.6
2026-02-12,동원팩,PP12MPP12M／M10KG(황),167.38,61.5,불규칙,2025-12-20,18.7
2026-02-13,주신산업,PP12MPP12M／M10KG(황),569.16,67.7,불규칙,2025-12-31,44.6
2026-02-13,강원농협연합포장재가공사업소,PP12MPP12M／M12.5KG (황),109.97,61.2,불규칙,2025-11-17,44.5
2026-02-13,ANDERSON WHOLESALE PACKAGING PTY LTD.,"12 x 3,000M 0.60T12x3,000M0.60TCLEAR",3884.52,72.3,안정,2025-12-14,61.3
2026-02-13,ANDERSON WHOLESALE PACKAGING PTY LTD.,"12 x 3,000M 0.60T12x3,000M0.60TBLUE",7094.43,72.3,안정,2025-12-14,61.3
2026-02-13,현대테크,PP12MPP12M／M10KG(황),21.36,61.8,불규칙,2025-09-15,151.8
2026-02-13,주식회사 대원포장기계,PE28mm 2kgPE28M／M(백)2KG,252.63,79.2,안정,2025-12-01,37.3
2026-02-13,ANDERSON WHOLESALE PACKAGING PTY LTD.,Ocean FreightOcean Freight (선임),1.0,72.3,안정,2025-12-14,61.3
2026-02-13,그린포장,PE28mm 2kgPE28M／M(백)2KG,1.97,61.1,불규칙,2025-11-01,104.2
2026-02-13,ANDERSON WHOLESALE PACKAGING PTY LTD.,PP 12MM12MMx1000Mx0.50MM Blue,1229.72,72.3,안정,2025-12-14,61.3
2026-02-13,대상산업,"PE28mm, 6KGPE28M／M(백)6KG",244.5,65.5,불규칙,2025-12-12,7.3
2026-02-14,천일포장산업,PE28mm 2kgPE28M／M(백)2KG,595.86,68.6,불규칙,2025-12-01,25.9
2026-02-14,경인팩,팔렛트일회용 플라스틱,2.95,59.9,불규칙,2026-01-05,5.5
2026-02-14,(주)아이마켓코리아,PP11MM*13.34KG삼성경량밴드2300m*두께0.84mm단중5.8g GRS,2461.3,63.1,불규칙,2025-12-24,4.0
2026-02-14,대상산업,PE28mm 2kgPE28M／M(백)2KG,306.17,70.4,안정,2025-12-31,5.2
2026-02-14,신광포장기계,"PE28mm, 6KGPE28M／M(백)6KG",67.71,56.2,불규칙,2025-11-04,34.6
2026-02-14,신광포장기계,PP15MPP15M／M10KG(백색),378.03,66.3,불규칙,2025-11-19,29.8
2026-02-14,(주)베스테크,도전성밴드7.7mm*900m,196.01,45.5,불규칙,2025-11-11,19.4
2026-02-14,동원팩,PP6MMPP6M／M10KG(백),530.08,64.4,불규칙,2026-01-05,5.0
2026-02-14,경인팩,PP6MMPP6M／M10KG(백),1418.09,59.4,불규칙,2026-01-05,5.3
2026-02-14,한남포장기계,PP12MPP12M／M9KG(황),457.95,74.6,안정,2025-12-16,20.3
2026-02-15,KOMERI,15 x 100M 0.55T15x100M0.55T백색,685.98,73.5,안정,2025-11-23,42.5
2026-02-15,KOMERI,15 x 100M 0.55T15x100M0.55T자색,227.44,73.5,안정,2025-11-23,42.5
2026-02-15,(주)낙원포장,PP12MPP12M／M10KG(황),814.6,74.8,안정,2025-12-23,27.7
2026-02-15,KOMERI,"15.5 x 2,500M 0.55T15.5x2,500M0.55T황색",1513.64,73.5,안정,2025-11-23,42.5
2026-02-15,연화수출포장,PP15MPP15M／M10 (청색),218.08,68.7,불규칙,2025-09-24,48.5
2026-02-15,동원팩,PE28mm 2kgPE28M／M(백)2KG,203.5,61.9,불규칙,2025-12-29,4.5
2026-02-15,광림포장기계,PP12MPP12mm*0.72T*2800m 12.5KG(투명),0.0,49.0,불규칙,2025-08-21,178.0
2026-02-15,주식회사 진도종합상사,운송료,5.68,80.6,안정,2026-01-05,41.9
2026-02-15,(주)낙원포장,PP6MMPP6M/M12.5KG(백),4196.57,69.8,불규칙,2025-12-23,18.5
2026-02-15,에이원코리아,운송료운송료,0.0,83.9,안정,2025-12-29,48.7
2026-02-15,경인팩,PP15MPP15M／M9.5KG(적색),944.96,58.5,불규칙,2025-11-12,95.4
2026-02-15,주)대성씨앤씨,PP12MPP12M／M10KG(황),0.0,63.6,불규칙,2025-11-28,79.4
2026-02-16,경인팩,운송료,2.43,56.4,불규칙,2026-01-05,6.2
2026-02-16,동원팩,"PE28mm, 6KGPE28M／M(백)6KG",323.17,70.1,안정,2026-01-05,6.4
2026-02-16,우선산업,"PE50mm, 4.5KGPE50M／M(백)4.5KG",0.0,66.8,불규칙,2025-12-24,18.1
2026-02-16,(주)수현물산,PP15MPP15M／M9KG(황),15.21,79.5,안정,2025-11-24,84.6
2026-02-16,경인산업,PP12MPP12M／M10KG(황),0.0,71.6,안정,2025-11-14,47.3
2026-02-16,주식회사 진도종합상사,PE28mm 2kgPE28M／M(백)2KG,61.17,78.6,안정,2026-01-05,42.7
2026-02-16,신광포장기계,PE28mm 2kgPE28M／M(백)2KG,340.04,63.5,불규칙,2025-12-18,12.8
2026-02-16,(주)삼영피앤텍,PE28mm 2kgPE28M／M(백)2KG,74.5,68.0,안정,2025-11-06,51.8
2026-02-16,합동포장기계,PE28mm 2kgPE28M／M(백)2KG,678.75,77.7,안정,2026-01-05,21.6
2026-02-16,RLBUTTON,PP19MPP19M／M*0.55T 1000M Blue,8653.35,85.2,안정,2025-12-16,62.0
2026-02-16,ANDERSON WHOLESALE PACKAGING PTY LTD.,PP19M Premium Black w/paper corePP19M／M*1000M 0.7T Black w/paper core,0.0,70.1,안정,2025-12-14,64.8
2026-02-16,RLBUTTON,PP19M * 1000M HD BlackPP19MM*1000M*0.85T Black,8042.72,84.7,안정,2025-12-16,62.0
2026-02-16,전주삼신산업,PP9MMPP9M／M10KG(황),80.94,76.1,안정,2025-12-12,22.3
2026-02-17,주식회사 광림파워팩,PP9MMPP9M／M10KG(황),1210.12,65.6,불규칙,2025-12-31,24.7
2026-02-17,(주)아이마켓코리아,PP18MM*21kg 삼성 recycle2300M두께0.80mm단중8.8g Clear,5660.73,54.1,불규칙,2025-12-24,5.3
2026-02-17,경인팩,PE28mm 2kgPE28M／M(백)2KG,712.54,59.7,불규칙,2025-12-30,7.3
2026-02-17,ANDERSON WHOLESALE PACKAGING PTY LTD.,PP19M HD BlackPP19M／M*1000M1.0TBlack,0.0,46.1,불규칙,2025-09-08,81.0
2026-02-17,경인산업,PP12MPP12M／M10KG(백),539.7,76.6,안정,2025-12-04,25.7
2026-02-18,경인팩,"PE28mm, 6KGPE28M／M(백)6KG",461.93,66.0,불규칙,2025-12-30,10.2
2026-02-18,주신산업,PE28mm 2kgPE28M／M(백)2KG,33.49,57.7,불규칙,2026-01-05,11.5
2026-02-18,성신목재,부자재마대,0.0,60.5,불규칙,2025-09-05,166.3
2026-02-18,주신산업,운송료택배비,1.54,57.7,불규칙,2026-01-05,11.5
2026-02-18,동서포장종합상사,PE28mm 2kgPE28M／M(백)2KG,108.81,68.5,불규칙,2025-12-18,31.2
2026-02-18,(주)아이마켓코리아,PP11MM*13.34KG삼성경량밴드2300m*두께0.84mm단중5.8g GRS,2460.68,63.1,불규칙,2025-12-24,4.0
2026-02-19,동원팩,PP6MMPP6M／M10KG(백),533.99,64.4,불규칙,2026-01-05,5.0
2026-02-19,대상산업,PE28mm 2kgPE28M／M(백)2KG,327.21,70.4,안정,2025-12-31,5.2
2026-02-19,진송팩,PE28mm 2kgPE28M／M(황)2KG,62.45,70.3,안정,2025-12-11,70.8
2026-02-19,에이원코리아,PP12MPP12M／M12KG(황),993.16,87.9,안정,2025-12-29,52.5
2026-02-19,동원팩,PE28mm 2kgPE28M／M(백)2KG,238.36,61.9,불규칙,2025-12-29,4.5
2026-02-19,주식회사 광림파워팩,PP15MPP15MM*10KG(황색),476.48,62.4,불규칙,2025-12-31,50.6
2026-02-19,경인팩,PP6MMPP6M／M10KG(백),1482.78,59.4,불규칙,2026-01-05,5.3
2026-02-19,경인팩,팔렛트일회용 플라스틱,2.69,59.9,불규칙,2026-01-05,5.5
2026-02-20,금산포장,PE28mm 2kgPE28M／M(백)2KG,230.79,68.7,불규칙,2025-12-22,20.1
2026-02-20,신광포장기계,PP15MPP15MM*10KG(황색),412.57,64.9,불규칙,2025-12-04,13.0
2026-02-20,대상산업,"PE28mm, 6KGPE28M／M(백)6KG",226.61,65.5,불규칙,2025-12-12,7.3
2026-02-20,합동포장기계,PP12MPP12M／M12.5KG (황),1890.95,78.1,안정,2026-01-05,23.7
2026-02-21,진송팩,PE28mm 2kgPE28M／M(백)2KG,863.94,62.8,불규칙,2026-01-02,10.4
2026-02-21,KOMERI,15 x 100M 0.55T15x100M0.55T적색,154.14,72.4,안정,2025-11-23,45.5
2026-02-21,주식회사 광림파워팩,PP12MPP12M／M12.5KG (황),784.18,80.5,안정,2025-12-31,26.8
2026-02-21,KOMERI,"15 x 1,000M 0.55T Yellow15x1,000M0.55T 황색",1732.55,72.5,안정,2025-11-23,45.5
2026-02-21,KOMERI,15 x 100M 0.55T15x100M0.55T녹색,180.31,72.5,안정,2025-11-23,45.5
2026-02-21,신광포장기계,PP18MPP18M／M10KG 황색인쇄밴드,829.61,77.6,안정,2025-12-02,27.5
2026-02-21,전주삼신산업,PP6MMPP6M／M10KG(백),183.23,59.1,불규칙,2025-12-29,27.2
2026-02-21,TIGERPAK PACKAGING,"15 x 1,000M 0.50T Blue15x1,000M0.50T청색",2401.33,72.7,안정,2025-12-25,58.6
2026-02-22,동원팩,"PE28mm, 6KGPE28M／M(백)6KG",281.6,70.1,안정,2026-01-05,6.4
2026-02-22,민건 이에이,PP12MPP12M／M10KG(백),314.7,71.2,안정,2025-12-24,30.2
2026-02-22,주식회사 대한종합포장,PP12MPP12M／M10KG(백),238.22,76.7,안정,2025-11-24,45.1
2026-02-22,금산포장,PP12MPP12M／M10KG(투명),5.51,57.8,불규칙,2025-12-24,60.1
2026-02-22,합동포장기계,PP12MPP12M／M10KG(백),174.61,75.2,안정,2026-01-05,48.9
2026-02-22,신광포장기계,PP12MPP12M／M10KG(황),601.37,63.5,불규칙,2025-12-29,11.2
2026-02-22,경인팩,운송료,3.3,56.4,불규칙,2026-01-05,6.2
2026-02-22,주)대성씨앤씨,PP5MMx7000Mx0.5T 11.4kg 백색core 200x8T OD400 롤랩핑 400*200,0.0,70.4,안정,2025-11-03,111.8
2026-02-22,(주)금성칼라팩,PP7MPP7M10KG백색,1883.44,84.4,안정,2025-11-24,90.0
2026-02-22,(주)아이마켓코리아,"PP18MM x 21Kg 삼성 황색2300M 포장중량 21Kg, 1롤/1pcs 포장 (황색)",5265.55,53.3,불규칙,2025-12-24,15.2
2026-02-22,(주)아이마켓코리아,PP11MM*13.34KG삼성경량밴드2300m*두께0.84mm단중5.8g GRS,1662.0,63.1,불규칙,2025-12-24,4.0
2026-02-22,(주)아이마켓코리아,PP18MM*21kg 삼성 recycle2300M두께0.80mm단중8.8g Clear,5033.08,54.1,불규칙,2025-12-24,5.3
2026-02-23,동원팩,PE28mm 2kgPE28M／M(백)2KG,197.5,61.9,불규칙,2025-12-29,4.5
2026-02-23,천일포장산업,PP6MMPP6M／M10KG(백),1821.73,72.3,안정,2025-12-01,28.0
2026-02-23,평원산업,PP18MPP18M／M10KG(황),1372.95,47.1,불규칙,2025-10-24,122.4
2026-02-24,대상산업,"PE50mm, 6KGPE50M／M(백)6KG",337.99,71.8,안정,2025-12-22,16.6
2026-02-24,동원팩,PP6MMPP6M／M10KG(백),519.27,64.4,불규칙,2026-01-05,5.0
2026-02-24,대상산업,PP12MPP12M／M12.5KG (황),301.08,63.7,불규칙,2025-12-17,23.5
2026-02-24,H.E. BAUMRUCKER COMPANY,PP 12MM12MM 2195M 0.65MM Black (16x6),12852.25,48.4,불규칙,2025-09-27,75.2
2026-02-24,동원팩,PE28mm 2kgPE28M／M(황)2KG,63.22,49.0,불규칙,2025-11-14,17.9
2026-02-24,전주삼신산업,PP15MPP15MM*10KG(황색),154.81,72.8,안정,2025-12-12,74.2
2026-02-24,대상산업,PE28mm 2kgPE28M／M(백)2KG,306.22,70.4,안정,2025-12-31,5.2
2026-02-24,동원팩,PE28mm 2kgPE28M／M(청)2KG,1.17,59.6,불규칙,2025-12-16,35.0
2026-02-24,경인팩,PP6MMPP6M／M10KG(백),1388.16,59.4,불규칙,2026-01-05,5.3
2026-02-24,경인팩,팔렛트일회용 플라스틱,2.5,59.9,불규칙,2026-01-05,5.5
2026-02-24,경인팩,PE28mm 2kgPE28M／M(백)2KG,925.91,59.7,불규칙,2025-12-30,7.3
2026-02-25,주식회사 마크원테크,운송료,0.86,53.2,불규칙,2025-12-19,34.5
2026-02-25,합동포장기계,스트레치필름(일반 기계랩)20*500mm*1400m,43.9,65.9,불규칙,2025-12-01,43.0
2026-02-25,동원팩,운송료,2.56,58.2,불규칙,2025-12-23,16.9
2026-02-25,신광포장기계,PP9MMPP9M／M10KG(투명),0.0,84.4,안정,2026-01-05,51.3
2026-02-25,전주삼신산업,PE28mm 2kgPE28M／M(백)2KG,216.83,67.4,불규칙,2025-12-09,13.1
2026-02-26,천일포장산업,"PE28mm, 6KGPE28M／M(백)6KG",0.0,52.1,불규칙,2025-09-05,87.0
2026-02-26,TIGERPAK PACKAGING,PP 12MM12MMx1000Mx0.50MM Blue,3.69,71.9,안정,2025-12-25,63.9
2026-02-26,(주)아이마켓코리아,PP11MM*13.34KG삼성경량밴드2300m*두께0.84mm단중5.8g GRS,1902.43,63.1,불규칙,2025-12-24,4.0
2026-02-26,세움패키지(SEUMPKG),운송료,0.44,66.6,불규칙,2025-12-16,24.8
2026-02-26,세움패키지(SEUMPKG),PE28mm 2kgPE28M／M(백)2KG,0.0,63.2,안정,2025-11-03,115.4
2026-02-27,한국포장기계,PP6MMPP6M／M10KG(백),2483.79,75.1,안정,2025-12-29,20.1
2026-02-27,금산포장,"PE28mm, 6KGPE28M／M(백)6KG",0.0,73.3,안정,2025-12-22,67.8
2026-02-27,대상산업,"PE28mm, 6KGPE28M／M(백)6KG",228.89,65.5,불규칙,2025-12-12,7.3
2026-02-27,(주)아이마켓코리아,PP18MM*21kg 삼성 recycle2300M두께0.80mm단중8.8g Clear,5561.61,54.1,불규칙,2025-12-24,5.3
2026-02-27,동원팩,PE28mm 2kgPE28M／M(백)2KG,253.58,61.9,불규칙,2025-12-29,4.5
2026-02-28,경인팩,운송료,2.85,56.4,불규칙,2026-01-05,6.2
2026-02-28,삼원산업,PP12MPP12M／M12KG(황),33.39,69.0,불규칙,2025-12-02,88.0
2026-02-28,(주)스피드랩코리아,PP6MMPP6M／M10KG(백),539.63,75.5,안정,2026-01-05,27.1
2026-02-28,한길포장기계,PP9MMPP9M／M10KG(투명),0.0,69.4,불규칙,2026-01-05,54.3
2026-02-28,신광포장기계,PE28mm 2kgPE28M／M(백)2KG,315.88,63.5,불규칙,2025-12-18,12.8
2026-02-28,경인팩,"PE28mm, 6KGPE28M／M(백)6KG",418.0,66.0,불규칙,2025-12-30,10.2
2026-02-28,동원팩,"PE28mm, 6KGPE28M／M(백)6KG",286.14,70.1,안정,2026-01-05,6.4
2026-02-28,한길포장기계,PE28mm 2kgPE28M／M(백)2KG,186.96,77.0,안정,2026-01-05,27.2
2026-03-01,주신산업,PE28mm 2kgPE28M／M(백)2KG,19.1,57.7,불규칙,2026-01-05,11.5
2026-03-01,주신산업,운송료택배비,0.88,57.7,불규칙,2026-01-05,11.5
2026-03-01,(주)낙원포장,PP10.5MPP10.5M10KG(청),0.0,63.6,불규칙,2025-12-09,82.8
2026-03-01,KOMERI,15 x 100M 0.55T15x100M 0.55T 황색,980.8,52.6,불규칙,2025-11-23,49.0
2026-03-01,대상산업,PE28mm 2kgPE28M／M(백)2KG,365.33,70.4,안정,2025-12-31,5.2
2026-03-01,동원팩,PP6MMPP6M／M10KG(백),588.12,64.4,불규칙,2026-01-05,5.0
2026-03-01,KOMERI,15 x 100M 0.55T15x100M0.55T청색,732.31,52.6,불규칙,2025-11-23,49.0
2026-03-01,주식회사청아판지팩,PE28mm 2kgPE28M／M(백)2KG,1.9,58.3,불규칙,2025-09-25,157.5
2026-03-01,경인팩,팔렛트일회용 플라스틱,2.23,59.9,불규칙,2026-01-05,5.5
2026-03-01,NZ SAFETY BLACKWOODS,PP19M BUILDERSPP19M／M*300M 0.60T Blue,1781.49,68.1,안정,2025-11-02,119.6
2026-03-01,경인팩,PP6MMPP6M／M10KG(백),1083.65,59.4,불규칙,2026-01-05,5.3
2026-03-02,신광포장기계,PP12MPP12M／M10KG(백),270.43,72.5,안정,2026-01-05,56.0
2026-03-02,동원팩,PP12MPP12M／M10KG(황),123.0,61.5,불규칙,2025-12-20,18.7
2026-03-02,(주)더담패키지,PP7MPP7M10KG백색,0.0,62.9,불규칙,2025-11-13,109.6
2026-03-02,(주)탐스텍,"15 x 1,000M 1.0T H/D Yellow w/paper core15 x 1,000M 1.0T H/D Yellow w/paper core",7.7,55.5,불규칙,2025-09-16,167.0
2026-03-02,(주)아이마켓코리아,PP11MM*13.34KG삼성경량밴드2300m*두께0.84mm단중5.8g GRS,3087.69,63.1,불규칙,2025-12-24,4.0
2026-03-02,한국포장기계,PE28mm 2kgPE28M／M(백)2KG,1537.58,75.6,안정,2025-12-29,21.3
2026-03-03,대상산업,PE28mm 2kgPE28M／M(청)2KG,66.72,65.1,불규칙,2025-12-09,42.4
2026-03-03,진송팩,PE28mm 2kgPE28M／M(백)2KG,811.29,62.8,불규칙,2026-01-02,10.4
2026-03-03,전주삼신산업,PP7MPP7M10KG백색,15.09,63.7,불규칙,2025-12-09,28.6
2026-03-03,경인팩,PE28mm 2kgPE28M／M(백)2KG,519.51,59.7,불규칙,2025-12-30,7.3
2026-03-03,동원팩,PE28mm 2kgPE28M／M(백)2KG,240.03,61.9,불규칙,2025-12-29,4.5
2026-03-04,(주)아이마켓코리아,PP18MM*21kg 삼성 recycle2300M두께0.80mm단중8.8g Clear,5259.07,54.1,불규칙,2025-12-24,5.3
2026-03-04,신광포장기계,운송료,1.48,54.7,불규칙,2025-12-10,21.7
2026-03-04,합동포장기계,PP12MPP12M／M10KG(황),357.84,84.0,안정,2026-01-05,29.4
2026-03-04,경인팩,"PE50mm, 6KGPE50M／M(백)6KG",0.0,50.2,불규칙,2025-09-23,81.9
2026-03-05,진송팩,PP18MPP18M／M10KG(황),635.82,51.8,불규칙,2025-10-24,44.9
2026-03-05,(주)낙원포장,PP6MMPP6M/M12.5KG(백),2977.48,69.8,불규칙,2025-12-23,18.5
2026-03-05,(주)베스테크,도전성밴드7.7mm*900m,263.73,45.5,불규칙,2025-11-11,19.4
2026-03-05,신광포장기계,PP15MPP15MM*10KG(황색),620.01,58.4,불규칙,2025-12-04,13.0
2026-03-05,신광포장기계,PP12MPP12M／M10KG(황),330.75,63.5,불규칙,2025-12-29,11.2
2026-03-05,제이케이머티리얼즈(주)/순성공장,PP18MPP18M／M10KG(황),1378.94,80.0,안정,2025-12-26,23.9
2026-03-05,주식회사 광림파워팩,PP15MPP15M／M13KG(황),898.6,75.1,안정,2025-12-18,77.2
2026-03-06,서흥포장 주식회사,스트레치필름(특수기능형)15*500*400,56.47,90.3,안정,2025-12-10,43.0
2026-03-06,전주삼신산업,PP12MPP12M／M10KG(황),3.13,54.8,불규칙,2025-12-26,70.4
2026-03-06,동원팩,PP6MMPP6M／M10KG(백),599.5,64.4,불규칙,2026-01-05,5.0
2026-03-06,주)대성씨앤씨,스트레치필름(일반 기계랩)20*500mm*1400m,50.44,84.6,안정,2025-12-09,29.5
2026-03-06,대상산업,"PE50mm, 6KGPE50M／M(황)6KG",2.7,70.1,안정,2025-11-20,53.2
2026-03-06,동원팩,"PE28mm, 6KGPE28M／M(백)6KG",352.19,70.1,안정,2026-01-05,6.4
2026-03-06,우선산업,"PE50mm, 4.5KGPE50M／M(백)4.5KG",654.09,66.8,불규칙,2025-12-24,18.1
2026-03-06,대상산업,"PE28mm, 6KGPE28M／M(백)6KG",302.69,65.5,불규칙,2025-12-12,7.3
2026-03-06,경인팩,팔렛트일회용 플라스틱,2.3,59.9,불규칙,2026-01-05,5.5
2026-03-06,대상산업,PE28mm 2kgPE28M／M(백)2KG,343.95,70.4,안정,2025-12-31,5.2
2026-03-06,(주)아이마켓코리아,PP11MM*13.34KG삼성경량밴드2300m*두께0.84mm단중5.8g GRS,2070.2,63.1,불규칙,2025-12-24,4.0
2026-03-06,한남포장기계,PP12MPP12M／M9KG(황),464.61,74.6,안정,2025-12-16,20.3
2026-03-06,주식회사 광림파워팩,PP6MMPP6M／M10KG(백),0.25,40.5,불규칙,2025-08-08,70.4
2026-03-06,경인팩,운송료,1.96,56.4,불규칙,2026-01-05,6.2
2026-03-06,경인팩,PP6MMPP6M／M10KG(백),1169.28,59.4,불규칙,2026-01-05,5.3
2026-03-07,동원팩,PE28mm 2kgPE28M／M(백)2KG,256.21,61.9,불규칙,2025-12-29,4.5
2026-03-07,CYKLOP PACKAGING SYSTEMS PTY LTD.,PP19M HD BlackPP19M／M*1000M1.0TBlack,415.66,74.4,안정,2025-12-25,72.2
2026-03-08,한길포장기계,PP12MPP12M／M10KG(황),411.16,82.9,안정,2026-01-05,31.9
2026-03-08,경인팩,PP12MPP12M／M12.5KG (황),3.03,47.6,불규칙,2025-11-12,116.4
2026-03-08,동원팩,PP6MM매달100롤 할인,0.0,59.9,불규칙,2025-11-04,31.2
2026-03-08,"주식회사 오비아이(OBI co.,Ltd.)",PE28mm 2kgPE28M／M(백)2KG,0.0,58.1,불규칙,2025-11-04,124.2
2026-03-09,(주)아이마켓코리아,PP18MM*21kg 삼성 recycle2300M두께0.80mm단중8.8g Clear,5241.03,54.1,불규칙,2025-12-24,5.3
2026-03-09,대상산업,PE28mm 2kgPE28M／M(황)2KG,57.42,59.4,불규칙,2025-12-09,30.7
2026-03-09,합동포장기계,PE28mm 2kgPE28M／M(백)2KG,426.6,77.7,안정,2026-01-05,21.6
2026-03-09,(주)아이마켓코리아,"PP18MM x 21Kg 삼성 황색2300M 포장중량 21Kg, 1롤/1pcs 포장 (황색)",5402.74,53.3,불규칙,2025-12-24,15.2
2026-03-10,주식회사 대한종합포장,스트레치필름(일반 기계랩)20*500mm*1400m,65.86,54.4,불규칙,2025-11-19,37.3
2026-03-10,경인팩,PE28mm 2kgPE28M／M(백)2KG,489.9,59.7,불규칙,2025-12-30,7.3
2026-03-10,광림포장기계,PP12MPP12M／M10KG(황),806.61,75.9,안정,2025-12-31,69.8
2026-03-10,경인팩,"PE28mm, 6KGPE28M／M(백)6KG",649.3,66.0,불규칙,2025-12-30,10.2
2026-03-10,전주삼신산업,PP9MMPP9M／M10KG(황),73.67,76.1,안정,2025-12-12,22.3
2026-03-10,전주삼신산업,PE28mm 2kgPE28M／M(백)2KG,132.85,60.7,불규칙,2025-12-09,13.1
2026-03-10,한국포장기계,운송료,0.09,67.1,불규칙,2025-12-29,71.2
2026-03-10,대상산업,PP6MMPP6M／M10KG(황),0.0,69.8,안정,2025-12-09,91.0
2026-03-10,(주)아이마켓코리아,PP11MM*13.34KG삼성경량밴드2300m*두께0.84mm단중5.8g GRS,2086.06,63.1,불규칙,2025-12-24,4.0
2026-03-10,진송팩,PE28mm 2kgPE28M／M(청)2KG,491.93,61.9,불규칙,2025-12-22,39.4
2026-03-11,천일포장산업,PE28mm 2kgPE28M／M(백)2KG,1111.88,61.7,불규칙,2025-12-01,25.9
2026-03-11,연화수출포장,PP15MPP15M／M10KG(투명),0.0,52.3,불규칙,2025-12-31,70.0
2026-03-11,경인팩,팔렛트일회용 플라스틱,1.85,59.9,불규칙,2026-01-05,5.5
2026-03-11,상일교역상사,"12 x 3,017M 0.55T12x3,017M 0.55T 백색",54684.89,55.4,불규칙,2025-08-13,105.4
2026-03-11,경인팩,PP6MMPP6M／M10KG(백),1100.29,59.4,불규칙,2026-01-05,5.3
2026-03-11,대상산업,PE28mm 2kgPE28M／M(백)2KG,380.26,70.4,안정,2025-12-31,5.2
2026-03-11,동원팩,PP6MMPP6M／M10KG(백),577.74,64.4,불규칙,2026-01-05,5.0
2026-03-11,동원팩,PE28mm 2kgPE28M／M(백)2KG,257.74,61.9,불규칙,2025-12-29,4.5
2026-03-11,서울상사,PP12MPP12M／M10KG(황),0.0,61.8,불규칙,2025-12-19,41.7
2026-03-12,주신산업,운송료택배비,1.04,57.7,불규칙,2026-01-05,11.5
2026-03-12,대흥수출포장,PE28mm 2kgPE28M／M(백)2KG,0.0,60.7,불규칙,2026-01-05,33.2
2026-03-12,주신산업,PE28mm 2kgPE28M／M(백)2KG,17.72,57.7,불규칙,2026-01-05,11.5
2026-03-12,동원팩,"PE28mm, 6KGPE28M／M(백)6KG",323.9,70.1,안정,2026-01-05,6.4
2026-03-12,대상산업,"PE50mm, 6KGPE50M／M(백)6KG",161.67,71.8,안정,2025-12-22,16.6
2026-03-12,경인팩,운송료,2.08,56.4,불규칙,2026-01-05,6.2
2026-03-12,금산포장,PE28mm 2kgPE28M／M(백)2KG,84.17,68.7,불규칙,2025-12-22,20.1
2026-03-12,신광포장기계,PE28mm 2kgPE28M／M(백)2KG,252.13,63.5,불규칙,2025-12-18,12.8
2026-03-13,동원팩,PE28mm 2kgPE28M／M(황)2KG,80.2,49.0,불규칙,2025-11-14,17.9
2026-03-13,주식회사 광림파워팩,PP9MMPP9M／M10KG(황),825.38,65.6,불규칙,2025-12-31,24.7
2026-03-13,TIGERPAK PACKAGING,PP19M Premium BlackPP19M／M*1000M 0.7T Black,0.0,67.7,불규칙,2025-12-25,78.1
2026-03-13,동원팩,운송료,2.11,58.2,불규칙,2025-12-23,16.9
2026-03-13,(주)낙원포장,PP15MPP15MM*10KG(황색),543.33,76.6,안정,2025-12-23,40.1
2026-03-13,대상산업,"PE28mm, 6KGPE28M／M(백)6KG",310.64,59.0,불규칙,2025-12-12,7.3
2026-03-13,진송팩,PE28mm 2kgPE28M／M(백)2KG,802.78,62.8,불규칙,2026-01-02,10.4
2026-03-14,(주)낙원포장,PP12MPP12M／M10KG(황),411.87,74.8,안정,2025-12-23,27.7
2026-03-14,전주삼신산업,PP9MMPP9M／M10KG(투명),12.31,51.2,불규칙,2025-12-12,46.9
2026-03-14,(주)아이마켓코리아,PP11MM*13.34KG삼성경량밴드2300m*두께0.84mm단중5.8g GRS,3269.75,63.1,불규칙,2025-12-24,4.0
2026-03-14,경인산업,PP12MPP12M／M10KG(백),550.99,68.9,안정,2025-12-04,25.7
2026-03-14,(주)아이마켓코리아,PP18MM*21kg 삼성 recycle2300M두께0.80mm단중8.8g Clear,5604.86,54.1,불규칙,2025-12-24,5.3
2026-03-15,동원팩,PE28mm 2kgPE28M／M(백)2KG,229.26,61.9,불규칙,2025-12-29,4.5
2026-03-15,신광포장기계,PP15MPP15M／M10KG(백색),373.04,59.7,불규칙,2025-11-19,29.8
2026-03-15,주식회사 광림파워팩,PP12MPP12M／M10KG(황),446.32,69.5,불규칙,2025-12-31,37.9
2026-03-15,다금마대,마대,5.13,72.9,안정,2025-12-29,38.4
2026-03-15,합동포장기계,PP12MPP12M／M12.5KG (황),2101.69,78.1,안정,2026-01-05,23.7
2026-03-15,주식회사 동원피앤아이,"PE50mm, 4.7KGPE50M／M(황)4.7KG",0.0,82.7,안정,2025-12-17,44.6
2026-03-16,우선산업,PE28mm 2kgPE28M／M(백)2KG,749.95,75.3,안정,2025-12-26,40.4
2026-03-16,대상산업,PE28mm 2kgPE28M／M(백)2KG,375.49,70.4,안정,2025-12-31,5.2
2026-03-16,신광포장기계,PP12MPP12M／M10KG(황),346.29,63.5,불규칙,2025-12-29,11.2
2026-03-16,경인팩,PP6MMPP6M／M10KG(황),0.0,58.1,불규칙,2025-12-31,75.7
2026-03-16,경인팩,PP6MMPP6M／M10KG(백),1103.43,59.4,불규칙,2026-01-05,5.3
2026-03-16,동원팩,PP6MMPP6M／M10KG(백),674.48,64.4,불규칙,2026-01-05,5.0
2026-03-16,경인팩,팔렛트일회용 플라스틱,1.82,59.9,불규칙,2026-01-05,5.5
2026-03-17,경인팩,PE28mm 2kgPE28M／M(백)2KG,606.67,59.7,불규칙,2025-12-30,7.3
2026-03-17,진송팩,"PE28mm, 6KGPE28M／M(백)6KG",222.23,53.8,불규칙,2025-12-02,35.0
2026-03-17,승일제대 주식회사,PE28mm 2kgPE28M／M(백)2KG,0.0,40.5,불규칙,2025-09-02,196.5
2026-03-17,승일제대 주식회사,운송료택배비,0.0,40.5,불규칙,2025-09-02,196.5
2026-03-18,(주)아이마켓코리아,PP11MM*13.34KG삼성경량밴드2300m*두께0.84mm단중5.8g GRS,1660.35,63.1,불규칙,2025-12-24,4.0
2026-03-18,피앤비,PP12MPP12M／M10KG(백),1117.01,76.5,안정,2025-11-06,66.8
2026-03-18,신광포장기계,PP15MPP15MM*10KG(황색),595.01,58.4,불규칙,2025-12-04,13.0
2026-03-18,경인팩,운송료,2.66,56.4,불규칙,2026-01-05,6.2
2026-03-18,한길포장기계,PP12MPP12M／M10KG(백),356.37,84.2,안정,2026-01-05,36.7
2026-03-18,진송팩,PP6MMPP6M／M10KG(백),77.95,55.0,불규칙,2025-12-01,107.0
2026-03-18,동원팩,"PE28mm, 6KGPE28M／M(백)6KG",345.32,70.1,안정,2026-01-05,6.4
2026-03-19,연화수출포장,운송료,0.0,71.6,안정,2025-12-31,39.5
2026-03-19,하영종합상사,PE28mm 2kgPE28M／M(백)2KG,231.49,65.4,불규칙,2025-09-29,57.3
2026-03-19,태광오토팩,PP8MPP8M／M9KG(백),13.64,59.2,불규칙,2025-12-01,54.5
2026-03-19,대상산업,PP12MPP12M／M12.5KG (황),287.99,57.3,불규칙,2025-12-17,23.5
2026-03-19,주식회사 광림파워팩,PP12MPP12M／M12.5KG (황),290.56,80.5,안정,2025-12-31,26.8
2026-03-19,한국포장기계,PP6MMPP6M／M10KG(백),1952.14,75.1,안정,2025-12-29,20.1
2026-03-19,(주)아이마켓코리아,PP18MM*21kg 삼성 recycle2300M두께0.80mm단중8.8g Clear,5614.4,54.1,불규칙,2025-12-24,5.3
2026-03-19,동원팩,PE28mm 2kgPE28M／M(백)2KG,240.26,61.9,불규칙,2025-12-29,4.5
2026-03-20,전주삼신산업,PP6MMPP6M／M10KG(백),218.32,59.1,불규칙,2025-12-29,27.2
2026-03-20,주)대성씨앤씨,PP12MPP12M／M10KG(백),0.0,86.3,안정,2025-12-22,88.1
2026-03-20,신광포장기계,PP18MPP18M／M10KG 황색인쇄밴드,0.0,69.8,안정,2025-12-02,27.5
2026-03-20,주식회사 고양물산,마대,471.64,58.2,불규칙,2025-12-05,105.2
2026-03-20,경인팩,"PE28mm, 6KGPE28M／M(백)6KG",669.45,66.0,불규칙,2025-12-30,10.2
2026-03-20,동원팩,PP12MPP12M／M10KG(황),136.76,61.5,불규칙,2025-12-20,18.7
2026-03-20,한국포장기계,"PE28mm, 6KGPE28M／M(백)6KG",5.46,52.1,불규칙,2025-12-03,107.0
2026-03-20,ANDERSON WHOLESALE PACKAGING PTY LTD.,"15 x 1,000M 0.7T H/D Black15 x 1,000M 0.7T H/D Black",1619.75,60.8,불규칙,2025-12-14,96.3
2026-03-20,주식회사 대한종합포장,PP5MMx7000Mx0.5T 백색,41.87,64.1,안정,2025-11-10,65.3
2026-03-20,신광포장기계,"PE28mm, 6KGPE28M／M(백)6KG",213.68,56.2,불규칙,2025-11-04,34.6
2026-03-20,H.E. BAUMRUCKER COMPANY,"12 x 3,018M 0.58T White (8x8)12 x 3,018M 0.58T White (8x8)",0.0,55.2,불규칙,2025-09-27,87.7
2026-03-20,대상산업,"PE28mm, 6KGPE28M／M(백)6KG",318.33,59.0,불규칙,2025-12-12,7.3
2026-03-20,NZ SAFETY BLACKWOODS,"12 x 3,000M 0.60T12x3,000M0.60TCLEAR",5967.15,55.0,불규칙,2025-08-19,71.9
2026-03-21,WESTSIDE PACKAGING SYSTEMS AUSTRALIA,PP 05MM05MM x 7000 x 0.50MM White,219.53,58.3,불규칙,2025-11-27,114.5
2026-03-21,경인팩,PP6MMPP6M／M10KG(백),1007.17,59.4,불규칙,2026-01-05,5.3
2026-03-21,동원팩,PP6MMPP6M／M10KG(백),608.44,64.4,불규칙,2026-01-05,5.0
2026-03-21,TIGERPAK PACKAGING,12 x 2800M 0.60T12 x 2800M 0.60T BLUE,67.89,63.6,불규칙,2025-12-25,43.5
2026-03-21,동서포장종합상사,PE28mm 2kgPE28M／M(백)2KG,114.07,61.6,불규칙,2025-12-18,31.2
2026-03-21,경인팩,팔렛트일회용 플라스틱,2.04,59.9,불규칙,2026-01-05,5.5
2026-03-21,대상산업,PE28mm 2kgPE28M／M(백)2KG,353.65,70.4,안정,2025-12-31,5.2
2026-03-22,(주)아이마켓코리아,PP11MM*13.34KG삼성경량밴드2300m*두께0.84mm단중5.8g GRS,2169.09,63.1,불규칙,2025-12-24,4.0
2026-03-22,호성수출포장,스트레치필름(일반 핸드랩 20)20*500mm*350m,105.78,70.3,안정,2025-10-31,71.6
2026-03-22,합동포장기계,PP6MMPP6M／M10KG(백),178.58,80.1,안정,2026-01-05,38.8
2026-03-22,합동포장기계,PP15MPP15M／M13KG(황),234.73,67.7,불규칙,2026-01-05,38.6
2026-03-22,주식회사 대원포장기계,PE28mm 2kgPE28M／M(백)2KG,505.26,71.3,안정,2025-12-01,37.3
2026-03-22,세움패키지(SEUMPKG),운송료,0.97,59.9,불규칙,2025-12-16,24.8
2026-03-23,주신산업,운송료택배비,0.83,57.7,불규칙,2026-01-05,11.5
2026-03-23,한국포장기계,PE28mm 2kgPE28M／M(백)2KG,1587.04,75.6,안정,2025-12-29,21.3
2026-03-23,주신산업,PE28mm 2kgPE28M／M(백)2KG,20.71,57.7,불규칙,2026-01-05,11.5
2026-03-23,천일포장산업,PP6MMPP6M／M10KG(백),2935.08,65.1,안정,2025-12-01,28.0
2026-03-23,동원팩,PE28mm 2kgPE28M／M(백)2KG,253.29,61.9,불규칙,2025-12-29,4.5
2026-03-23,진송팩,PE28mm 2kgPE28M／M(적)2KG,4.19,49.8,불규칙,2025-11-19,62.5
2026-03-23,(주)낙원포장,PP10.5MPP10.5M10KG투명,611.26,66.4,불규칙,2025-12-23,45.3
2026-03-23,RLBUTTON,PP19M HD SilverPP19M／M*1000M1.0T Silver,0.0,47.5,불규칙,2025-12-16,97.4
2026-03-23,전주삼신산업,PE28mm 2kgPE28M／M(백)2KG,166.2,60.7,불규칙,2025-12-09,13.1
2026-03-23,(주)낙원포장,PP6MMPP6M/M12.5KG(백),2644.75,69.8,불규칙,2025-12-23,18.5
2026-03-23,진송팩,PE28mm 2kgPE28M／M(백)2KG,752.35,62.8,불규칙,2026-01-02,10.4
2026-03-23,CYKLOP PACKAGING SYSTEMS PTY LTD.,"15 x 1,000M 0.65T Blue15x1,000M0.65T청색",3624.22,66.8,불규칙,2025-12-25,88.1
2026-03-23,RLBUTTON,PP19M BUILDERSPP19M／M*300M 0.60T Blue,1002.38,61.7,불규칙,2025-12-16,97.4
2026-03-24,상일교역상사,"12 x 1,707M 0.78T12x1,707M 0.78T 백색",0.0,49.6,불규칙,2025-08-13,223.0
2026-03-24,경인팩,PE28mm 2kgPE28M／M(백)2KG,608.78,59.7,불규칙,2025-12-30,7.3
2026-03-24,경인팩,PP12MPP12M／M10KG(백),0.0,51.8,불규칙,2025-11-25,119.0
2026-03-24,경인팩,운송료,2.13,56.4,불규칙,2026-01-05,6.2
2026-03-24,(주)아이마켓코리아,PP18MM*21kg 삼성 recycle2300M두께0.80mm단중8.8g Clear,5487.2,54.1,불규칙,2025-12-24,5.3
2026-03-24,(주)아이마켓코리아,"PP18MM x 21Kg 삼성 황색2300M 포장중량 21Kg, 1롤/1pcs 포장 (황색)",5064.83,53.3,불규칙,2025-12-24,15.2
2026-03-24,민건 이에이,PP12MPP12M／M10KG(백),1060.95,71.2,안정,2025-12-24,30.2
2026-03-24,신광포장기계,PE28mm 2kgPE28M／M(백)2KG,261.44,57.2,불규칙,2025-12-18,12.8
2026-03-24,합동포장기계,PP12MPP12M／M9KG(황),5.94,56.2,불규칙,2026-01-05,78.3
2026-03-24,우선산업,"PE50mm, 4.5KGPE50M／M(백)4.5KG",626.94,66.8,불규칙,2025-12-24,18.1
2026-03-24,주식회사 광림파워팩,PP9MMPP9MMx9.2kg 황,29.67,58.2,불규칙,2025-12-01,113.0
2026-03-24,대상산업,PP5MMx7000Mx0.5T 백색,0.0,43.4,불규칙,2025-09-23,91.2
2026-03-24,동원팩,"PE28mm, 6KGPE28M／M(백)6KG",316.66,70.1,안정,2026-01-05,6.4
2026-03-24,(주)베스테크,도전성밴드7.7mm*900m,229.97,45.5,불규칙,2025-11-11,19.4
2026-03-25,신광포장기계,운송료,1.5,49.2,불규칙,2025-12-10,21.7
2026-03-25,(주)탐스텍,PP 12MM 2000M 0.80MM Blue12mm 2000m 0.80mm Blue,0.0,72.6,안정,2025-12-29,86.4
2026-03-25,신광포장기계(부산),PE28mm 2kgPE28M／M(백)2KG,520.99,49.5,불규칙,2025-11-04,47.9
2026-03-25,RLBUTTON,PP19M BUILDERSPP19M／M*300M 0.60T Blue Thermakraft print box,122.93,46.6,불규칙,2025-11-12,133.5
2026-03-26,경인팩,팔렛트일회용 플라스틱,1.68,59.9,불규칙,2026-01-05,5.5
2026-03-26,피앤비,PP7MPP7M10KG백색,535.51,71.3,안정,2025-11-06,70.9
2026-03-26,한남포장기계,PP12MPP12M／M9KG(황),470.67,67.1,안정,2025-12-16,20.3
2026-03-26,동원팩,PP6MMPP6M／M10KG(백),648.84,64.4,불규칙,2026-01-05,5.0
2026-03-26,NZ SAFETY BLACKWOODS,PP19MPP19M／M*0.55T 1000M Blue,3642.89,69.4,안정,2025-11-02,72.2
2026-03-26,(주)아이마켓코리아,PP11MM*13.34KG삼성경량밴드2300m*두께0.84mm단중5.8g GRS,1685.52,56.8,불규칙,2025-12-24,4.0
2026-03-26,대상산업,PE28mm 2kgPE28M／M(백)2KG,359.71,70.4,안정,2025-12-31,5.2
2026-03-26,경인팩,PP6MMPP6M／M10KG(백),1078.88,59.4,불규칙,2026-01-05,5.3
2026-03-27,동원팩,PE28mm 2kgPE28M／M(백)2KG,230.49,61.9,불규칙,2025-12-29,4.5
2026-03-27,한길포장기계,PE28mm 2kgPE28M／M(백)2KG,304.5,77.0,안정,2026-01-05,27.2
2026-03-27,신광포장기계,PP12MPP12M／M10KG(황),293.36,63.5,불규칙,2025-12-29,11.2
2026-03-27,대상산업,"PE28mm, 6KGPE28M／M(백)6KG",300.58,59.0,불규칙,2025-12-12,7.3
2026-03-27,(주)스피드랩코리아,PP6MMPP6M／M10KG(백),1121.37,75.5,안정,2026-01-05,27.1
2026-03-28,주식회사 진도종합상사,운송료,5.65,80.6,안정,2026-01-05,41.9
2026-03-28,신한포장기계(주),PE28mm 2kgPE28M／M(백)2KG,1201.07,66.1,안정,2025-11-10,69.8
2026-03-28,대상산업,"PE50mm, 6KGPE50M／M(백)6KG",157.27,64.6,안정,2025-12-22,16.6
2026-03-28,제이케이머티리얼즈(주)/순성공장,PP18MPP18M／M10KG(황),1350.99,72.0,안정,2025-12-26,23.9
2026-03-28,삼원산업,PP15MPP15MM*10KG(황색),1499.94,75.1,안정,2025-12-30,88.0
2026-03-29,KOMERI,"15.5 x 2,500M 0.55T15.5x2,500M0.55T황색",1505.75,66.2,안정,2025-11-23,42.5
2026-03-29,(주)아이마켓코리아,PP18MM*21kg 삼성 recycle2300M두께0.80mm단중8.8g Clear,5525.76,48.7,불규칙,2025-12-24,5.3
2026-03-29,주신산업,PP12MPP12M／M10KG(황),569.69,67.7,불규칙,2025-12-31,44.6
2026-03-29,동원팩,운송료,2.27,52.4,불규칙,2025-12-23,16.9
2026-03-29,KOMERI,"15.5 x 2,500M 0.55T15.5x2,500M0.55T청색",58.44,59.7,불규칙,2025-11-23,63.7
2026-03-29,KOMERI,15 x 100M 0.55T15x100M0.55T자색,227.74,66.2,안정,2025-11-23,42.5
2026-03-29,강원농협연합포장재가공사업소,PP12MPP12M／M12.5KG (황),0.0,55.1,불규칙,2025-11-17,44.5
2026-03-29,KOMERI,15 x 100M 0.55T15x100M0.55T백색,581.83,66.2,안정,2025-11-23,42.5
2026-03-29,태광오토팩,PE28mm 2kgPE28M／M(백)2KG,0.0,67.5,안정,2025-11-11,69.2
2026-03-30,주식회사 광림파워팩,PP12MPP12mm*0.72T*2800m 12.5KG(투명),1007.25,54.1,불규칙,2025-10-29,76.8
2026-03-30,동원팩,"PE28mm, 6KGPE28M／M(백)6KG",319.63,70.1,안정,2026-01-05,6.4
2026-03-30,주식회사 진도종합상사,PE28mm 2kgPE28M／M(백)2KG,61.18,78.6,안정,2026-01-05,42.7
2026-03-30,합동포장기계,PE28mm 2kgPE28M／M(백)2KG,440.06,77.7,안정,2026-01-05,21.6
2026-03-30,경인팩,운송료,2.7,56.4,불규칙,2026-01-05,6.2
2026-03-30,(주)아이마켓코리아,PP11MM*13.34KG삼성경량밴드2300m*두께0.84mm단중5.8g GRS,1781.95,56.8,불규칙,2025-12-24,4.0
2026-03-30,동원팩,PE28mm 2kgPE28M／M(황)2KG,65.31,49.0,불규칙,2025-11-14,17.9
2026-03-30,신광포장기계,PP15MPP15MM*10KG(청색),251.96,72.3,안정,2025-11-26,62.4
2026-03-30,경인팩,"PE28mm, 6KGPE28M／M(백)6KG",616.52,66.0,불규칙,2025-12-30,10.2
2026-03-30,호성수출포장,PE28mm 2kgPE28M／M(백)2KG,760.44,52.5,불규칙,2025-10-31,150.8
2026-03-31,경인팩,팔렛트일회용 플라스틱,2.08,59.9,불규칙,2026-01-05,5.5
2026-03-31,경인팩,PE28mm 2kgPE28M／M(백)2KG,524.25,53.7,불규칙,2025-12-30,7.3
2026-03-31,동원팩,PE28mm 2kgPE28M／M(백)2KG,226.85,55.7,불규칙,2025-12-29,4.5
2026-03-31,경인팩,PP6MMPP6M／M10KG(백),1191.46,59.4,불규칙,2026-01-05,5.3
2026-03-31,대상산업,PE28mm 2kgPE28M／M(백)2KG,348.54,70.4,안정,2025-12-31,5.2
2026-03-31,주식회사 마크원테크,운송료,0.0,47.9,불규칙,2025-12-19,34.5
2026-03-31,전주삼신산업,PP7MPP7M10KG백색,30.62,57.3,불규칙,2025-12-09,28.6
2026-03-31,CYKLOP PACKAGING SYSTEMS PTY LTD.,"12 x 3,000M 0.65T12x3,000M0.65T BLUE",9268.05,67.0,안정,2025-12-25,48.1
2026-03-31,동원팩,PE28mm 2kgPE28M／M(청)2KG,20.76,53.6,불규칙,2025-12-16,35.0
2026-03-31,동원팩,PP6MMPP6M／M10KG(백),627.81,64.4,불규칙,2026-01-05,5.0
2026-03-31,신광포장기계,PP15MPP15MM*10KG(황색),611.59,58.4,불규칙,2025-12-04,13.0
2026-04-01,삼원산업,PP12MPP12M／M12KG(투명),0.0,54.2,불규칙,2025-12-02,120.2
2026-04-01,신광포장기계(부산),운송료,7.45,60.0,불규칙,2025-11-04,74.6
2026-04-01,전주삼신산업,PP9MMPP9M／M10KG(황),127.58,68.5,안정,2025-12-12,22.3
2026-04-01,금산포장,PE28mm 2kgPE28M／M(백)2KG,383.62,61.8,불규칙,2025-12-22,20.1
2026-04-01,동방포장기자재,PP12MPP12M／M10KG(황),1184.81,59.6,불규칙,2025-11-24,64.4
2026-04-02,진송팩,PE28mm 2kgPE28M／M(백)2KG,415.96,62.8,불규칙,2026-01-02,10.4
2026-04-02,(주)신명코퍼레이션,PP18MM*21kg 삼성 recycle2300M두께0.80mm단중8.8g Clear,60.0,77.4,불규칙,2026-01-05,87.7
2026-04-02,합동포장기계,PP12MPP12M／M10KG(황),364.61,84.0,안정,2026-01-05,29.4
2026-04-03,(주)아이마켓코리아,PP18MM*21kg 삼성 recycle2300M두께0.80mm단중8.8g Clear,4048.88,48.7,불규칙,2025-12-24,5.3
2026-04-03,주신산업,PE28mm 2kgPE28M／M(백)2KG,52.41,57.7,불규칙,2026-01-05,11.5
2026-04-03,(주)아이마켓코리아,PP11MM*13.34KG삼성경량밴드2300m*두께0.84mm단중5.8g GRS,3130.36,56.8,불규칙,2025-12-24,4.0
2026-04-03,대상산업,"PE28mm, 6KGPE28M／M(백)6KG",219.61,59.0,불규칙,2025-12-12,7.3
2026-04-03,서흥포장 주식회사,PP12MPP12M／M10KG(황),80.72,67.4,안정,2025-12-10,57.3
2026-04-03,주신산업,운송료택배비,2.6,57.7,불규칙,2026-01-05,11.5
2026-04-04,주)대성씨앤씨,스트레치필름(일반 기계랩)20*500mm*1400m,52.89,76.1,안정,2025-12-09,29.5
2026-04-04,동원팩,PE28mm 2kgPE28M／M(백)2KG,266.36,55.7,불규칙,2025-12-29,4.5
2026-04-04,에이원코리아,운송료운송료,0.0,75.5,안정,2025-12-29,48.7
2026-04-04,연화수출포장,PP15MPP15M／M10 (청색),435.35,61.0,불규칙,2025-09-24,48.5
2026-04-04,경인산업,PP12MPP12M／M10KG(황),440.17,71.6,안정,2025-11-14,47.3
2026-04-05,신광포장기계,PE28mm 2kgPE28M／M(백)2KG,257.54,57.2,불규칙,2025-12-18,12.8
2026-04-05,대상산업,PE28mm 2kgPE28M／M(백)2KG,429.21,63.4,안정,2025-12-31,5.2
2026-04-05,경인팩,PP6MMPP6M／M10KG(백),1275.15,59.4,불규칙,2026-01-05,5.3
2026-04-05,천일포장산업,PE28mm 2kgPE28M／M(백)2KG,946.62,61.7,불규칙,2025-12-01,25.9
2026-04-05,전주삼신산업,PE28mm 2kgPE28M／M(백)2KG,334.31,60.7,불규칙,2025-12-09,13.1
2026-04-05,경인팩,운송료,2.98,56.4,불규칙,2026-01-05,6.2
2026-04-05,동원팩,PP6MMPP6M／M10KG(백),517.26,64.4,불규칙,2026-01-05,5.0
2026-04-05,동원팩,"PE28mm, 6KGPE28M／M(백)6KG",374.67,70.1,안정,2026-01-05,6.4
2026-04-05,경인팩,팔렛트일회용 플라스틱,2.08,59.9,불규칙,2026-01-05,5.5
2026-04-06,하영종합상사,운송료,7.12,64.3,불규칙,2025-09-29,63.7
2026-04-06,주식회사 광림파워팩,PP9MMPP9M／M10KG(황),384.33,59.0,불규칙,2025-12-31,24.7
2026-04-07,KOMERI,15 x 100M 0.55T15x100M0.55T녹색,181.16,65.2,안정,2025-11-23,45.5
2026-04-07,CYKLOP PACKAGING SYSTEMS PTY LTD.,PP 12MM12MMx1000Mx0.55MM Blue,5496.43,49.7,불규칙,2025-09-18,67.4
2026-04-07,RLBUTTON,팔레트팔레트,14.73,70.9,안정,2025-12-16,56.8
2026-04-07,KOMERI,"15 x 1,000M 0.55T Yellow15x1,000M0.55T 황색",1454.41,65.2,안정,2025-11-23,45.5
2026-04-07,합동포장기계,PP12MPP12M／M12.5KG (황),1316.18,70.3,안정,2026-01-05,23.7
2026-04-07,세화종합상사,PE28mm 2kgPE28M／M(백)2KG,92.69,70.9,안정,2025-11-24,67.2
2026-04-07,신광포장기계,PP12MPP12M／M10KG(황),485.82,57.2,불규칙,2025-12-29,11.2
2026-04-07,경인팩,PE28mm 2kgPE28M／M(백)2KG,674.71,53.7,불규칙,2025-12-30,7.3
2026-04-07,(주)아이마켓코리아,PP11MM*13.34KG삼성경량밴드2300m*두께0.84mm단중5.8g GRS,3497.94,56.8,불규칙,2025-12-24,4.0
2026-04-07,KOMERI,15 x 100M 0.55T15x100M0.55T적색,140.26,65.2,안정,2025-11-23,45.5
2026-04-07,동원팩,PP12MPP12M／M10KG(황),91.25,55.4,불규칙,2025-12-20,18.7
2026-04-08,(주)아이마켓코리아,"PP18MM x 21Kg 삼성 황색2300M 포장중량 21Kg, 1롤/1pcs 포장 (황색)",5395.95,48.0,불규칙,2025-12-24,15.2
2026-04-08,(주)아이마켓코리아,PP18MM*21kg 삼성 recycle2300M두께0.80mm단중8.8g Clear,3673.3,48.7,불규칙,2025-12-24,5.3
2026-04-08,(주)삼영피앤텍,PE28mm 2kgPE28M／M(백)2KG,39.29,68.0,안정,2025-11-06,51.8
2026-04-08,경인산업,PP12MPP12M／M10KG(백),573.22,68.9,안정,2025-12-04,25.7
2026-04-08,CYKLOP PACKAGING SYSTEMS PTY LTD.,PP 11.5MM 2000M 0.75MM BLACK11.5mm 2000m 0.75mm Black Core 406mm,0.0,53.3,불규칙,2025-09-18,101.2
2026-04-08,한길포장기계,PP12MPP12M／M10KG(황),814.61,74.6,안정,2026-01-05,31.9
2026-04-08,한국포장기계,PP6MMPP6M／M10KG(백),1803.36,67.6,안정,2025-12-29,20.1
2026-04-08,주식회사 대한종합포장,PP12MPP12M／M10KG(백),456.44,69.0,안정,2025-11-24,45.1
2026-04-08,동원팩,PE28mm 2kgPE28M／M(백)2KG,244.44,55.7,불규칙,2025-12-29,4.5
2026-04-08,동원팩,PP6MM매달100롤 할인,0.0,59.9,불규칙,2025-11-04,31.2
2026-04-08,대상산업,PE28mm 2kgPE28M／M(황)2KG,155.21,53.5,불규칙,2025-12-09,30.7
2026-04-09,ANDERSON WHOLESALE PACKAGING PTY LTD.,PP19M Premium BlackPP19M／M*1000M 0.7T Black,0.0,62.7,불규칙,2025-12-14,58.7
2026-04-09,ANDERSON WHOLESALE PACKAGING PTY LTD.,"15 x 1,000M 0.50T Blue15x1,000M0.50T청색",0.0,41.4,불규칙,2025-09-08,71.8
2026-04-09,경인팩,"PE28mm, 6KGPE28M／M(백)6KG",774.55,59.4,불규칙,2025-12-30,10.2
2026-04-09,합동포장기계,스트레치필름(일반 기계랩)20*500mm*1400m,46.31,59.3,불규칙,2025-12-01,43.0
2026-04-10,주식회사 광림파워팩,PP15MPP15MM*10KG(황색),3.09,56.2,불규칙,2025-12-31,50.6
2026-04-10,동원팩,PP6MMPP6M／M10KG(백),494.14,58.0,불규칙,2026-01-05,5.0
2026-04-10,경인팩,PP6MMPP6M／M10KG(백),1358.24,53.5,불규칙,2026-01-05,5.3
2026-04-10,경인팩,팔렛트일회용 플라스틱,2.3,53.9,불규칙,2026-01-05,5.5
2026-04-10,대상산업,PE28mm 2kgPE28M／M(백)2KG,425.46,63.4,안정,2025-12-31,5.2
2026-04-10,H.E. BAUMRUCKER COMPANY,"9 x 3,932M 0.61T 백색 230 CORE (9*8)9 x 3,932M 0.61T 백색 230 CORE (9*8)",15497.35,44.0,불규칙,2025-09-27,65.8
2026-04-10,(주)낙원포장,PP6MMPP6M/M12.5KG(백),5139.2,62.8,불규칙,2025-12-23,18.5
2026-04-10,H.E. BAUMRUCKER COMPANY,Ocean FreightOcean Freight (선임),4.26,44.0,불규칙,2025-09-27,65.8
2026-04-10,(주)낙원포장,PP12MPP12M／M10KG(황),1299.23,67.3,안정,2025-12-23,27.7
2026-04-10,대상산업,"PE28mm, 6KGPE28M／M(백)6KG",243.72,59.0,불규칙,2025-12-12,7.3
2026-04-11,경인팩,운송료,2.63,50.8,불규칙,2026-01-05,6.2
2026-04-11,대상산업,PP12MPP12M／M12.5KG (황),404.87,57.3,불규칙,2025-12-17,23.5
2026-04-11,합동포장기계,PP12MPP12M／M10KG(백),360.24,67.7,안정,2026-01-05,48.9
2026-04-11,우선산업,"PE50mm, 4.5KGPE50M／M(백)4.5KG",1291.89,60.1,불규칙,2025-12-24,18.1
2026-04-11,(주)아이마켓코리아,PP11MM*13.34KG삼성경량밴드2300m*두께0.84mm단중5.8g GRS,4103.71,56.8,불규칙,2025-12-24,4.0
2026-04-11,동원팩,"PE28mm, 6KGPE28M／M(백)6KG",363.66,63.1,안정,2026-01-05,6.4
2026-04-11,태광오토팩,PP7MPP7M10KG백색,0.0,65.7,불규칙,2025-12-01,131.2
2026-04-12,에이원코리아,PP12MPP12M／M12KG(황),1960.46,79.1,안정,2025-12-29,52.5
2026-04-12,(주)베스테크,도전성밴드7.7mm*900m,448.08,45.5,불규칙,2025-11-11,19.4
2026-04-12,진송팩,PE28mm 2kgPE28M／M(백)2KG,362.64,56.5,불규칙,2026-01-02,10.4
2026-04-12,동원팩,PE28mm 2kgPE28M／M(백)2KG,253.0,55.7,불규칙,2025-12-29,4.5
2026-04-13,NZ SAFETY BLACKWOODS,PP19M HD BlackPP19M／M*1000M1.0TBlack,0.0,53.5,불규칙,2025-11-02,81.2
2026-04-13,(주)아이마켓코리아,PP18MM*21kg 삼성 recycle2300M두께0.80mm단중8.8g Clear,3445.4,48.7,불규칙,2025-12-24,5.3
2026-04-13,대상산업,"PE50mm, 6KGPE50M／M(백)6KG",421.94,64.6,안정,2025-12-22,16.6
2026-04-13,KONZ TRADING LTD.,Ocean FreightOcean Freight (선임),0.0,61.4,불규칙,2025-11-12,152.5
2026-04-13,신광포장기계,PP15MPP15M／M10KG(백색),197.98,59.7,불규칙,2025-11-19,29.8
2026-04-13,서흥포장 주식회사,PP7MPP7M10KG백색,0.0,44.3,불규칙,2025-09-23,101.7
2026-04-13,한국포장기계,PE28mm 2kgPE28M／M(백)2KG,1441.55,68.0,안정,2025-12-29,21.3
2026-04-13,신광포장기계,PP15MPP15MM*10KG(황색),400.37,58.4,불규칙,2025-12-04,13.0
2026-04-13,KONZ TRADING LTD.,"15 x 2,500M 0.64T15 x 2,500M 0.64T 청색",0.0,61.4,불규칙,2025-11-12,152.5
2026-04-14,경인팩,PE28mm 2kgPE28M／M(백)2KG,752.42,53.7,불규칙,2025-12-30,7.3
2026-04-14,경인팩,PP6MMPP6M／M10KG(청),848.33,60.7,불규칙,2025-12-29,106.0
2026-04-14,대상산업,PE28mm 2kgPE28M／M(청)2KG,129.13,58.6,불규칙,2025-12-09,42.4
2026-04-14,주신산업,운송료택배비,2.37,51.9,불규칙,2026-01-05,11.5
2026-04-14,주식회사 광림파워팩,PP12MPP12M／M12.5KG (황),512.24,72.4,안정,2025-12-31,26.8
2026-04-14,대흥수출포장,PE28mm 2kgPE28M／M(백)2KG,105.66,54.6,불규칙,2026-01-05,33.2
2026-04-14,(주)낙원포장,PP10MPP10M／M10KG(백색),1500.0,67.7,안정,2025-11-05,80.1
2026-04-14,동원팩,운송료,3.39,52.4,불규칙,2025-12-23,16.9
2026-04-14,서울상사,PP9MMPP9M／M10KG(투명),0.0,58.9,불규칙,2025-12-19,116.4
2026-04-14,주신산업,PE28mm 2kgPE28M／M(백)2KG,47.15,51.9,불규칙,2026-01-05,11.5
2026-04-15,대상산업,PE28mm 2kgPE28M／M(백)2KG,428.41,63.4,안정,2025-12-31,5.2
2026-04-15,ANDERSON WHOLESALE PACKAGING PTY LTD.,Ocean FreightOcean Freight (선임),0.0,65.1,안정,2025-12-14,61.3
2026-04-15,신광포장기계,운송료,0.08,49.2,불규칙,2025-12-10,21.7
2026-04-15,ANDERSON WHOLESALE PACKAGING PTY LTD.,"12 x 3,000M 0.60T12x3,000M0.60TBLUE",192.63,65.1,안정,2025-12-14,61.3
2026-04-15,(주)아이마켓코리아,PP11MM*13.34KG삼성경량밴드2300m*두께0.84mm단중5.8g GRS,3732.66,56.8,불규칙,2025-12-24,4.0
2026-04-15,한남포장기계,PP12MPP12M／M9KG(황),921.88,67.1,안정,2025-12-16,20.3
2026-04-15,경인팩,PP6MMPP6M／M10KG(백),1345.72,53.5,불규칙,2026-01-05,5.3
2026-04-15,석종수출포장,PP7MPP7M10KG백색,0.47,54.0,불규칙,2025-10-10,187.3
2026-04-15,ANDERSON WHOLESALE PACKAGING PTY LTD.,"12 x 3,000M 0.60T12x3,000M0.60TCLEAR",0.0,65.1,안정,2025-12-14,61.3
2026-04-15,세움패키지(SEUMPKG),운송료,1.89,59.9,불규칙,2025-12-16,24.8
2026-04-15,동원팩,PP6MMPP6M／M10KG(백),490.9,58.0,불규칙,2026-01-05,5.0
2026-04-15,대상산업,PP12MPP12M／M10KG(황),191.43,59.0,불규칙,2026-01-02,103.0
2026-04-15,경인팩,팔렛트일회용 플라스틱,2.19,53.9,불규칙,2026-01-05,5.5
2026-04-15,ANDERSON WHOLESALE PACKAGING PTY LTD.,PP 12MM12MMx1000Mx0.50MM Blue,71.69,65.1,안정,2025-12-14,61.3
2026-04-16,전주삼신산업,PP6MMPP6M／M10KG(백),222.03,53.2,불규칙,2025-12-29,27.2
2026-04-16,주식회사 대한종합포장,스트레치필름(일반 기계랩)20*500mm*1400m,69.75,54.4,불규칙,2025-11-19,37.3
2026-04-16,동원팩,PE28mm 2kgPE28M／M(백)2KG,263.59,55.7,불규칙,2025-12-29,4.5
2026-04-16,백암지관공업사,PP12MPP12M／M12.5KG (황),380.76,60.3,불규칙,2025-10-28,85.1
2026-04-16,동원팩,PE28mm 2kgPE28M／M(황)2KG,39.91,49.0,불규칙,2025-11-14,17.9
2026-04-16,신광포장기계,PP18MPP18M／M10KG 황색인쇄밴드,816.62,69.8,안정,2025-12-02,27.5
2026-04-16,서울상사,PP15MPP15MM*10KG(황색),0.0,62.2,불규칙,2025-12-19,118.2
2026-04-17,대상산업,"PE28mm, 6KGPE28M／M(백)6KG",203.86,59.0,불규칙,2025-12-12,7.3
2026-04-17,동원팩,"PE28mm, 6KGPE28M／M(백)6KG",371.31,63.1,안정,2026-01-05,6.4
2026-04-17,경인팩,운송료,3.11,50.8,불규칙,2026-01-05,6.2
2026-04-17,신광포장기계,PP9MMPP9M／M10KG(투명),254.9,76.0,안정,2026-01-05,51.3
2026-04-17,신광포장기계,PE28mm 2kgPE28M／M(백)2KG,274.94,57.2,불규칙,2025-12-18,12.8
2026-04-18,전주삼신산업,PE28mm 2kgPE28M／M(백)2KG,327.5,60.7,불규칙,2025-12-09,13.1
2026-04-18,신광포장기계,PP12MPP12M／M10KG(황),494.58,57.2,불규칙,2025-12-29,11.2
2026-04-18,진송팩,PE28mm 2kgPE28M／M(청)2KG,256.88,55.7,불규칙,2025-12-22,39.4
2026-04-18,한길포장기계,PP12MPP12M／M10KG(청),449.15,67.9,안정,2025-12-01,69.9
2026-04-18,진송팩,PP18MPP18M／M10KG(황),5.35,51.8,불규칙,2025-10-24,44.9
2026-04-18,(주)아이마켓코리아,PP18MM*21kg 삼성 recycle2300M두께0.80mm단중8.8g Clear,4269.6,48.7,불규칙,2025-12-24,5.3
2026-04-18,매일농산,PP12MPP12M／M10KG(황),0.0,68.2,불규칙,2025-12-01,138.5
2026-04-18,서흥포장 주식회사,스트레치필름(특수기능형)15*500*400,56.47,81.3,안정,2025-12-10,43.0
2026-04-19,KOMERI,15 x 100M 0.55T15x100M 0.55T 황색,912.87,52.6,불규칙,2025-11-23,49.0
2026-04-19,KOMERI,15 x 100M 0.55T15x100M0.55T청색,833.55,52.6,불규칙,2025-11-23,49.0
2026-04-19,RLBUTTON,PP19MPP19M／M*0.55T 1000M Blue,4338.61,76.7,안정,2025-12-16,62.0
2026-04-19,경인팩,"PE28mm, 6KGPE28M／M(백)6KG",837.36,59.4,불규칙,2025-12-30,10.2
2026-04-19,RLBUTTON,PP19M * 1000M HD BlackPP19MM*1000M*0.85T Black,4201.79,76.2,안정,2025-12-16,62.0
2026-04-19,(주)아이마켓코리아,PP11MM*13.34KG삼성경량밴드2300m*두께0.84mm단중5.8g GRS,4513.68,56.8,불규칙,2025-12-24,4.0
2026-04-20,대상산업,PE28mm 2kgPE28M／M(백)2KG,418.24,63.4,안정,2025-12-31,5.2
2026-04-20,경인팩,팔렛트일회용 플라스틱,2.31,53.9,불규칙,2026-01-05,5.5
2026-04-20,동원팩,PP6MMPP6M／M10KG(백),475.6,58.0,불규칙,2026-01-05,5.0
2026-04-20,세림산업사,PP원료 (검정),14400.0,48.7,불규칙,2025-10-14,94.0
2026-04-20,천일포장산업,PP6MMPP6M／M10KG(백),819.91,65.1,안정,2025-12-01,28.0
2026-04-20,백암지관공업사,PP12MPP12M／M11KG(청),0.0,52.2,불규칙,2025-12-03,138.8
2026-04-20,TIGERPAK PACKAGING,"15 x 1,000M 0.50T Blue15x1,000M0.50T청색",2612.61,65.4,안정,2025-12-25,58.6
2026-04-20,동원팩,PE28mm 2kgPE28M／M(백)2KG,280.69,55.7,불규칙,2025-12-29,4.5
2026-04-20,제이케이머티리얼즈(주)/순성공장,PP18MPP18M／M10KG(황),464.65,72.0,안정,2025-12-26,23.9
2026-04-20,경인팩,PP6MMPP6M／M10KG(백),1336.95,53.5,불규칙,2026-01-05,5.3
2026-04-20,합동포장기계,PE28mm 2kgPE28M／M(백)2KG,472.77,69.9,안정,2026-01-05,21.6
2026-04-21,금산포장,PE28mm 2kgPE28M／M(백)2KG,380.46,61.8,불규칙,2025-12-22,20.1
2026-04-21,경인팩,PE28mm 2kgPE28M／M(백)2KG,704.5,53.7,불규칙,2025-12-30,7.3
2026-04-21,NZ SAFETY BLACKWOODS,"12 x 3,000M 0.60T12x3,000M0.60TBLUE",0.0,66.8,안정,2025-11-02,85.4
2026-04-21,주식회사 광림파워팩,PP12MPP12M／M10KG(황),836.25,62.6,불규칙,2025-12-31,37.9
2026-04-21,ANDERSON WHOLESALE PACKAGING PTY LTD.,PP19M Premium Black w/paper corePP19M／M*1000M 0.7T Black w/paper core,0.0,63.1,안정,2025-12-14,64.8
2026-04-21,TIGERPAK PACKAGING,"15 x 1,000M 0.7T H/D Black15 x 1,000M 0.7T H/D Black",52.86,58.8,불규칙,2025-12-25,117.2
2026-04-21,진송팩,"PE28mm, 6KGPE28M／M(백)6KG",124.75,53.8,불규칙,2025-12-02,35.0
2026-04-21,동서포장종합상사,PE28mm 2kgPE28M／M(백)2KG,113.4,61.6,불규칙,2025-12-18,31.2
2026-04-21,서울상사,PP12MPP12M／M10KG(황),405.14,55.6,불규칙,2025-12-19,41.7
2026-04-22,(주)낙원포장,PP15MPP15MM*10KG(황색),556.42,68.9,안정,2025-12-23,40.1
2026-04-22,진송팩,PE28mm 2kgPE28M／M(백)2KG,398.43,56.5,불규칙,2026-01-02,10.4
2026-04-22,다금마대,마대,301.67,65.6,안정,2025-12-29,38.4
2026-04-23,동원팩,"PE28mm, 6KGPE28M／M(백)6KG",354.19,63.1,안정,2026-01-05,6.4
2026-04-23,(주)아이마켓코리아,PP18MM*21kg 삼성 recycle2300M두께0.80mm단중8.8g Clear,3697.7,48.7,불규칙,2025-12-24,5.3
2026-04-23,민건 이에이,PP12MPP12M／M10KG(백),311.56,64.1,안정,2025-12-24,30.2
2026-04-23,(주)스피드랩코리아,PP6MMPP6M／M10KG(백),269.89,68.0,안정,2026-01-05,27.1
2026-04-23,경인팩,운송료,2.91,50.8,불규칙,2026-01-05,6.2
2026-04-23,(주)아이마켓코리아,PP11MM*13.34KG삼성경량밴드2300m*두께0.84mm단중5.8g GRS,3933.41,56.8,불규칙,2025-12-24,4.0
2026-04-23,금산포장,PP12MPP12M／M10KG(투명),196.46,52.0,불규칙,2025-12-24,60.1
2026-04-23,한길포장기계,PP9MMPP9M／M10KG(투명),178.47,62.5,불규칙,2026-01-05,54.3
2026-04-23,전주삼신산업,PP9MMPP9M／M10KG(황),131.3,68.5,안정,2025-12-12,22.3
2026-04-23,신광포장기계,"PE28mm, 6KGPE28M／M(백)6KG",68.03,56.2,불규칙,2025-11-04,34.6
2026-04-23,한길포장기계,PE28mm 2kgPE28M／M(백)2KG,203.76,69.3,안정,2026-01-05,27.2
2026-04-23,한길포장기계,PP12MPP12M／M10KG(백),781.58,75.8,안정,2026-01-05,36.7
2026-04-23,(주)아이마켓코리아,"PP18MM x 21Kg 삼성 황색2300M 포장중량 21Kg, 1롤/1pcs 포장 (황색)",4989.38,48.0,불규칙,2025-12-24,15.2
2026-04-24,CYKLOP PACKAGING SYSTEMS PTY LTD.,PP 05MM05MM x 7000 x 0.50MM Blue,111.26,59.0,불규칙,2025-12-25,120.3
2026-04-24,동원팩,PE28mm 2kgPE28M／M(백)2KG,315.08,55.7,불규칙,2025-12-29,4.5
2026-04-24,대상산업,"PE28mm, 6KGPE28M／M(백)6KG",222.77,59.0,불규칙,2025-12-12,7.3
2026-04-25,주신산업,PE28mm 2kgPE28M／M(백)2KG,51.56,51.9,불규칙,2026-01-05,11.5
2026-04-25,대상산업,PE28mm 2kgPE28M／M(백)2KG,464.37,63.4,안정,2025-12-31,5.2
2026-04-25,주신산업,운송료택배비,2.55,51.9,불규칙,2026-01-05,11.5
2026-04-25,경인팩,팔렛트일회용 플라스틱,2.32,53.9,불규칙,2026-01-05,5.5
2026-04-25,동원팩,PP12MPP12M／M10KG(황),77.6,55.4,불규칙,2025-12-20,18.7
2026-04-25,H.E. BAUMRUCKER COMPANY,"12 x 3,018M 0.58T White 230 CORE (9x8)12 x 3,018M 0.58T White 230 CORE (9x8)",4499.55,40.2,불규칙,2025-09-27,105.2
2026-04-25,WESTSIDE PACKAGING SYSTEMS AUSTRALIA,"15 x 2,300M 0.70T15 x 2,300M 0.70T 투명",0.0,56.9,불규칙,2025-09-17,220.0
2026-04-25,동원팩,PP6MMPP6M／M10KG(백),469.9,58.0,불규칙,2026-01-05,5.0
2026-04-25,경인팩,PP6MMPP6M／M10KG(백),1223.08,53.5,불규칙,2026-01-05,5.3
2026-04-25,우선산업,PE28mm 2kgPE28M／M(백)2KG,754.19,67.8,안정,2025-12-26,40.4
2026-04-25,H.E. BAUMRUCKER COMPANY,"9 x 3,932M 0.61T9 x 3,932M 0.61T 백색",8273.18,54.9,불규칙,2025-09-27,105.2
2026-04-26,신광포장기계,PP15MPP15MM*10KG(황색),410.68,58.4,불규칙,2025-12-04,13.0
2026-04-27,신광포장기계,PP12MPP12M／M10KG(백),286.38,65.2,안정,2026-01-05,56.0
2026-04-27,(주)아이마켓코리아,PP11MM*13.34KG삼성경량밴드2300m*두께0.84mm단중5.8g GRS,3491.35,56.8,불규칙,2025-12-24,4.0
2026-04-27,연화수출포장,운송료,1.41,64.4,안정,2025-12-31,39.5
2026-04-27,주식회사 되살림패키지,PP12MPP12M／M10KG(백),0.0,52.4,불규칙,2025-10-16,193.0
2026-04-27,경인산업,PP7MPP7M10KG백색,0.0,74.2,안정,2025-10-31,89.0
2026-04-28,WESTSIDE PACKAGING SYSTEMS AUSTRALIA,"12 x 3,000M 0.65T White w/Green Ararat Meat Exports EST.298 printed12 x 3,000M 0.65T White w/Green Ararat Meat Exports EST.298 printed",0.0,57.8,불규칙,2025-11-27,152.7
2026-04-28,주식회사 대원포장기계,PE28mm 2kgPE28M／M(백)2KG,505.26,71.3,안정,2025-12-01,37.3
2026-04-28,전주삼신산업,PP7MPP7M10KG백색,184.76,57.3,불규칙,2025-12-09,28.6
2026-04-28,(주)아이마켓코리아,PP18MM*21kg 삼성 recycle2300M두께0.80mm단중8.8g Clear,3196.25,48.7,불규칙,2025-12-24,5.3
2026-04-28,한국포장기계,PP6MMPP6M／M10KG(백),1978.16,67.6,안정,2025-12-29,20.1
2026-04-28,동원팩,PE28mm 2kgPE28M／M(백)2KG,255.05,55.7,불규칙,2025-12-29,4.5
2026-04-28,대상산업,"PE50mm, 6KGPE50M／M(황)6KG",205.87,70.1,안정,2025-11-20,53.2
2026-04-28,(주)낙원포장,PP6MMPP6M/M12.5KG(백),5070.95,62.8,불규칙,2025-12-23,18.5
2026-04-28,경인팩,PE28mm 2kgPE28M／M(백)2KG,642.85,53.7,불규칙,2025-12-30,7.3
2026-04-28,주식회사 동원피앤아이,"PE50mm, 4.7KGPE50M／M(황)4.7KG",904.79,74.4,안정,2025-12-17,44.6
2026-04-28,TIGERPAK PACKAGING,12 x 2800M 0.60T12 x 2800M 0.60T BLACK,0.0,52.6,불규칙,2025-10-24,186.5
2026-04-29,합동포장기계,PP15MPP15M／M13KG(황),245.14,60.9,불규칙,2026-01-05,38.6
2026-04-29,신광포장기계,PE28mm 2kgPE28M／M(백)2KG,259.14,57.2,불규칙,2025-12-18,12.8
2026-04-29,합동포장기계,PP6MMPP6M／M10KG(백),186.66,72.1,안정,2026-01-05,38.8
2026-04-29,경인팩,"PE28mm, 6KGPE28M／M(백)6KG",794.37,59.4,불규칙,2025-12-30,10.2
2026-04-29,경인팩,운송료,3.02,50.8,불규칙,2026-01-05,6.2
2026-04-29,대상산업,"PE50mm, 6KGPE50M／M(백)6KG",411.78,64.6,안정,2025-12-22,16.6
2026-04-29,우선산업,"PE50mm, 4.5KGPE50M／M(백)4.5KG",1289.94,60.1,불규칙,2025-12-24,18.1
2026-04-29,전주삼신산업,PP9MMPP9M／M10KG(투명),72.85,51.2,불규칙,2025-12-12,46.9
2026-04-29,동원팩,"PE28mm, 6KGPE28M／M(백)6KG",345.68,63.1,안정,2026-01-05,6.4
2026-04-29,(주)탐스텍,"15 x 2,000M 0.50T15 x 2,000M 0.50T 청색",0.0,55.9,불규칙,2025-12-29,121.0
2026-04-29,신광포장기계,PP12MPP12M／M10KG(황),526.21,57.2,불규칙,2025-12-29,11.2
2026-04-30,진송팩,PE28mm 2kgPE28M／M(황)2KG,0.0,63.3,안정,2025-12-11,70.8
2026-04-30,경인팩,PP6MMPP6M／M10KG(백),1460.74,53.5,불규칙,2026-01-05,5.3
2026-04-30,동원팩,PP6MMPP6M／M10KG(백),433.59,58.0,불규칙,2026-01-05,5.0
2026-04-30,TIGERPAK PACKAGING,PP 12MM12MMx1000Mx0.50MM Blue,0.0,64.7,안정,2025-12-25,63.9
2026-04-30,합동포장기계,PP12MPP12mm*0.72T*2800m 12.5KG(투명),272.74,46.4,불규칙,2025-11-01,90.5
2026-04-30,동원팩,운송료,3.39,52.4,불규칙,2025-12-23,16.9
2026-04-30,합동포장기계,PP12MPP12M／M12.5KG (황),1193.76,70.3,안정,2026-01-05,23.7
2026-04-30,천일포장산업,PE28mm 2kgPE28M／M(백)2KG,1051.96,61.7,불규칙,2025-12-01,25.9
2026-04-30,대상산업,PE28mm 2kgPE28M／M(백)2KG,421.58,63.4,안정,2025-12-31,5.2
2026-04-30,주식회사 광림파워팩,PP9MMPP9M／M10KG(황),392.13,59.0,불규칙,2025-12-31,24.7
2026-04-30,경인팩,팔렛트일회용 플라스틱,2.37,53.9,불규칙,2026-01-05,5.5
2026-05-01,(주)베스테크,도전성밴드7.7mm*900m,224.67,45.5,불규칙,2025-11-11,19.4
2026-05-01,합동포장기계,PP12MPP12M／M10KG(황),177.53,75.6,안정,2026-01-05,29.4
2026-05-01,(주)아이마켓코리아,PP11MM*13.34KG삼성경량밴드2300m*두께0.84mm단중5.8g GRS,5038.86,56.8,불규칙,2025-12-24,4.0
2026-05-01,대상산업,"PE28mm, 6KGPE28M／M(백)6KG",221.2,59.0,불규칙,2025-12-12,7.3
2026-05-01,(주)삼신,PE28mm 2kgPE28M／M(백)2KG,4000.0,69.1,안정,2025-12-15,137.8
2026-05-01,전주삼신산업,PE28mm 2kgPE28M／M(백)2KG,286.52,60.7,불규칙,2025-12-09,13.1
2026-05-02,동원팩,PE28mm 2kgPE28M／M(백)2KG,300.81,55.7,불규칙,2025-12-29,4.5
2026-05-02,진송팩,PE28mm 2kgPE28M／M(백)2KG,817.18,56.5,불규칙,2026-01-02,10.4
2026-05-02,한남포장기계,PE28mm 2kgPE28M／M(백)2KG,5.2,61.5,불규칙,2025-10-10,102.7
2026-05-03,동원팩,PE28mm 2kgPE28M／M(황)2KG,78.19,49.0,불규칙,2025-11-14,17.9
2026-05-03,주)대성씨앤씨,스트레치필름(일반 기계랩)20*500mm*1400m,51.4,76.1,안정,2025-12-09,29.5
2026-05-03,TIGERPAK PACKAGING,12 x 2800M 0.60T12 x 2800M 0.60T BLUE,6558.63,57.2,불규칙,2025-12-25,43.5
2026-05-03,(주)영화수출포장,PE 결속끈PE#50 (백) 5500m 5KG,800.0,77.9,안정,2025-11-14,85.0
2026-05-03,(주)아이마켓코리아,PP18MM*21kg 삼성 recycle2300M두께0.80mm단중8.8g Clear,4145.57,48.7,불규칙,2025-12-24,5.3
2026-05-03,경인산업,PP12MPP12M／M10KG(백),535.76,68.9,안정,2025-12-04,25.7
2026-05-04,대상산업,PP12MPP12M／M12.5KG (황),299.4,57.3,불규칙,2025-12-17,23.5
2026-05-04,주식회사 마크원테크,운송료,0.86,47.9,불규칙,2025-12-19,34.5
2026-05-04,한국포장기계,PE28mm 2kgPE28M／M(백)2KG,979.69,68.0,안정,2025-12-29,21.3
2026-05-05,동원팩,PE28mm 2kgPE28M／M(청)2KG,58.5,53.6,불규칙,2025-12-16,35.0
2026-05-05,동원팩,PP6MMPP6M／M10KG(백),566.47,58.0,불규칙,2026-01-05,5.0
2026-05-05,(주)아이마켓코리아,PP11MM*13.34KG삼성경량밴드2300m*두께0.84mm단중5.8g GRS,5259.32,56.8,불규칙,2025-12-24,4.0
2026-05-05,금산포장,"PE28mm, 6KGPE28M／M(백)6KG",0.0,66.0,안정,2025-12-22,67.8
2026-05-05,동원팩,"PE28mm, 6KGPE28M／M(백)6KG",220.62,63.1,안정,2026-01-05,6.4
2026-05-05,주)대성씨앤씨,PP12MPP12M／M10KG(황),1653.66,57.2,불규칙,2025-11-28,79.4
2026-05-05,경인팩,운송료,1.92,50.8,불규칙,2026-01-05,6.2
2026-05-05,경인팩,PE28mm 2kgPE28M／M(백)2KG,815.4,53.7,불규칙,2025-12-30,7.3
2026-05-05,경인팩,팔렛트일회용 플라스틱,2.75,53.9,불규칙,2026-01-05,5.5
2026-05-05,한남포장기계,PP12MPP12M／M9KG(황),904.4,67.1,안정,2025-12-16,20.3
2026-05-05,경인팩,PP6MMPP6M／M10KG(백),1200.12,53.5,불규칙,2026-01-05,5.3
2026-05-05,대상산업,PE28mm 2kgPE28M／M(백)2KG,315.08,63.4,안정,2025-12-31,5.2
2026-05-06,신광포장기계,운송료,1.05,49.2,불규칙,2025-12-10,21.7
2026-05-06,주신산업,운송료택배비,1.57,51.9,불규칙,2026-01-05,11.5
2026-05-06,라이커스,Y-130 (PP원료),40.42,58.0,불규칙,2025-12-29,128.6
2026-05-06,주신산업,PE28mm 2kgPE28M／M(백)2KG,37.93,51.9,불규칙,2026-01-05,11.5
2026-05-06,동원팩,PE28mm 2kgPE28M／M(백)2KG,275.92,55.7,불규칙,2025-12-29,4.5
2026-05-07,(주)낙원포장,PP10.5MPP10.5M10KG투명,637.58,59.8,불규칙,2025-12-23,45.3
2026-05-07,(주)낙원포장,PP12MPP12M／M10KG(황),838.51,67.3,안정,2025-12-23,27.7
2026-05-08,(주)아이마켓코리아,"PP18MM x 21Kg 삼성 황색2300M 포장중량 21Kg, 1롤/1pcs 포장 (황색)",6441.37,48.0,불규칙,2025-12-24,15.2
2026-05-08,(주)아이마켓코리아,PP18MM*21kg 삼성 recycle2300M두께0.80mm단중8.8g Clear,5026.67,48.7,불규칙,2025-12-24,5.3
2026-05-08,주식회사 진도종합상사,운송료,0.0,72.5,안정,2026-01-05,41.9
2026-05-08,대상산업,PE28mm 2kgPE28M／M(황)2KG,0.0,53.5,불규칙,2025-12-09,30.7
2026-05-08,대상산업,"PE28mm, 6KGPE28M／M(백)6KG",216.77,59.0,불규칙,2025-12-12,7.3
2026-05-08,ANDERSON WHOLESALE PACKAGING PTY LTD.,PP 12MM12MMx1000Mx0.60MM Blue,244.8,41.0,불규칙,2025-09-08,121.5
2026-05-09,세움패키지(SEUMPKG),운송료,0.0,59.9,불규칙,2025-12-16,24.8
2026-05-09,ANDERSON WHOLESALE PACKAGING PTY LTD.,PP19M HD BlackPP19M／M*1000M1.0TBlack,1652.76,41.0,불규칙,2025-09-08,81.0
2026-05-09,경인팩,"PE28mm, 6KGPE28M／M(백)6KG",885.24,59.4,불규칙,2025-12-30,10.2
2026-05-09,전주삼신산업,PP15MPP15MM*10KG(황색),164.85,65.5,안정,2025-12-12,74.2
2026-05-09,한길포장기계,PP12MPP12M／M10KG(황),1197.68,74.6,안정,2026-01-05,31.9
2026-05-09,동원팩,PP6MM매달100롤 할인,0.0,53.3,불규칙,2025-11-04,31.2
2026-05-09,신광포장기계,PP15MPP15MM*10KG(황색),314.09,58.4,불규칙,2025-12-04,13.0
2026-05-09,(주)아이마켓코리아,PP11MM*13.34KG삼성경량밴드2300m*두께0.84mm단중5.8g GRS,4295.22,56.8,불규칙,2025-12-24,4.0
2026-05-10,H.E. BAUMRUCKER COMPANY,PP 12MM12MM 2195M 0.65MM Black (16x6),25791.96,43.0,불규칙,2025-09-27,75.2
2026-05-10,경인팩,팔렛트일회용 플라스틱,2.73,53.9,불규칙,2026-01-05,5.5
2026-05-10,KOMERI,15 x 100M 0.55T15x100M0.55T백색,1177.96,66.2,안정,2025-11-23,42.5
2026-05-10,대상산업,PE28mm 2kgPE28M／M(백)2KG,347.98,63.4,안정,2025-12-31,5.2
2026-05-10,경인팩,PP6MMPP6M／M10KG(백),1212.78,53.5,불규칙,2026-01-05,5.3
2026-05-10,KOMERI,"15.5 x 2,500M 0.55T15.5x2,500M0.55T황색",3050.46,66.2,안정,2025-11-23,42.5
2026-05-10,동원팩,PE28mm 2kgPE28M／M(백)2KG,300.8,55.7,불규칙,2025-12-29,4.5
2026-05-10,동원팩,PP6MMPP6M／M10KG(백),614.42,58.0,불규칙,2026-01-05,5.0
2026-05-10,주식회사 광림파워팩,PP12MPP12M／M12.5KG (황),500.21,72.4,안정,2025-12-31,26.8
2026-05-10,신광포장기계,PP12MPP12M／M10KG(황),274.65,57.2,불규칙,2025-12-29,11.2
2026-05-10,KOMERI,15 x 100M 0.55T15x100M0.55T자색,440.92,66.2,안정,2025-11-23,42.5
2026-05-11,주식회사 진도종합상사,PE28mm 2kgPE28M／M(백)2KG,59.72,70.7,안정,2026-01-05,42.7
2026-05-11,경인팩,운송료,2.23,50.8,불규칙,2026-01-05,6.2
2026-05-11,금산포장,PE28mm 2kgPE28M／M(백)2KG,203.38,61.8,불규칙,2025-12-22,20.1
2026-05-11,동원팩,"PE28mm, 6KGPE28M／M(백)6KG",223.59,63.1,안정,2026-01-05,6.4
2026-05-11,합동포장기계,PE28mm 2kgPE28M／M(백)2KG,1365.85,69.9,안정,2026-01-05,21.6
2026-05-11,신광포장기계(부산),PE28mm 2kgPE28M／M(백)2KG,0.0,44.0,불규칙,2025-11-04,47.9
2026-05-11,(주)수현물산,PP15MPP15M／M9KG(황),0.0,71.6,안정,2025-11-24,84.6
2026-05-11,신광포장기계,PE28mm 2kgPE28M／M(백)2KG,386.37,57.2,불규칙,2025-12-18,12.8
2026-05-12,경인팩,PE28mm 2kgPE28M／M(백)2KG,754.11,53.7,불규칙,2025-12-30,7.3
2026-05-12,신광포장기계,PP15MPP15M／M10KG(백색),371.92,59.7,불규칙,2025-11-19,29.8
2026-05-12,진송팩,PE28mm 2kgPE28M／M(백)2KG,883.09,56.5,불규칙,2026-01-02,10.4
2026-05-12,태광오토팩,PP8MPP8M／M9KG(백),1405.1,59.2,불규칙,2025-12-01,54.5
2026-05-12,주신산업,PP12MPP12M／M10KG(황),0.0,60.9,불규칙,2025-12-31,44.6
2026-05-12,강원농협연합포장재가공사업소,PP12MPP12M／M12.5KG (황),129.31,55.1,불규칙,2025-11-17,44.5
2026-05-13,(주)아이마켓코리아,PP11MM*13.34KG삼성경량밴드2300m*두께0.84mm단중5.8g GRS,4961.31,56.8,불규칙,2025-12-24,4.0
2026-05-13,전주삼신산업,PP6MMPP6M／M10KG(백),229.17,53.2,불규칙,2025-12-29,27.2
2026-05-13,(주)아이마켓코리아,PP18MM*21kg 삼성 recycle2300M두께0.80mm단중8.8g Clear,5160.8,48.7,불규칙,2025-12-24,5.3
2026-05-13,신광포장기계,PP18MPP18M／M10KG 황색인쇄밴드,813.11,69.8,안정,2025-12-02,27.5
2026-05-13,동원팩,PP12MPP12M／M10KG(황),128.74,55.4,불규칙,2025-12-20,18.7
2026-05-13,제이케이머티리얼즈(주)/순성공장,PP18MPP18M／M10KG(황),936.5,72.0,안정,2025-12-26,23.9
2026-05-14,동원팩,PE28mm 2kgPE28M／M(백)2KG,300.96,55.7,불규칙,2025-12-29,4.5
2026-05-14,전주삼신산업,PE28mm 2kgPE28M／M(백)2KG,269.34,60.7,불규칙,2025-12-09,13.1
2026-05-15,CYKLOP PACKAGING SYSTEMS PTY LTD.,"15 x 2,500M 0.70T15 x 2,500M 0.70T 청색",8.39,64.4,안정,2025-12-25,141.0
2026-05-15,전주삼신산업,PP9MMPP9M／M10KG(황),126.33,68.5,안정,2025-12-12,22.3
2026-05-15,전주삼신산업,PP12MPP12M／M10KG(황),3.3,49.3,불규칙,2025-12-26,70.4
2026-05-15,경인팩,PP6MMPP6M／M10KG(백),1392.33,53.5,불규칙,2026-01-05,5.3
2026-05-15,하영종합상사,PE28mm 2kgPE28M／M(백)2KG,119.92,58.2,불규칙,2025-09-29,57.3
2026-05-15,대상산업,"PE28mm, 6KGPE28M／M(백)6KG",200.66,59.0,불규칙,2025-12-12,7.3
2026-05-15,경인팩,팔렛트일회용 플라스틱,2.35,53.9,불규칙,2026-01-05,5.5
2026-05-15,대상산업,PE28mm 2kgPE28M／M(백)2KG,327.93,63.4,안정,2025-12-31,5.2
2026-05-15,동원팩,PP6MMPP6M／M10KG(백),587.86,58.0,불규칙,2026-01-05,5.0
2026-05-15,주식회사 광림파워팩,PP6MMPP6M／M10KG(백),0.0,40.5,불규칙,2025-08-08,70.4
2026-05-15,대상산업,"PE50mm, 6KGPE50M／M(백)6KG",147.51,64.6,안정,2025-12-22,16.6
2026-05-16,동원팩,운송료,2.49,52.4,불규칙,2025-12-23,16.9
2026-05-16,(주)낙원포장,PP6MMPP6M/M12.5KG(백),3057.79,62.8,불규칙,2025-12-23,18.5
2026-05-17,대흥수출포장,PE28mm 2kgPE28M／M(백)2KG,53.51,54.6,불규칙,2026-01-05,33.2
2026-05-17,주신산업,PE28mm 2kgPE28M／M(백)2KG,38.51,51.9,불규칙,2026-01-05,11.5
2026-05-17,(주)아이마켓코리아,PP11MM*13.34KG삼성경량밴드2300m*두께0.84mm단중5.8g GRS,4871.94,56.8,불규칙,2025-12-24,4.0
2026-05-17,우선산업,"PE50mm, 4.5KGPE50M／M(백)4.5KG",647.39,60.1,불규칙,2025-12-24,18.1
2026-05-17,동원팩,"PE28mm, 6KGPE28M／M(백)6KG",247.71,63.1,안정,2026-01-05,6.4
2026-05-17,경인팩,운송료,2.42,50.8,불규칙,2026-01-05,6.2
2026-05-17,주신산업,운송료택배비,1.88,51.9,불규칙,2026-01-05,11.5
2026-05-18,(주)아이마켓코리아,PP18MM*21kg 삼성 recycle2300M두께0.80mm단중8.8g Clear,4151.22,48.7,불규칙,2025-12-24,5.3
2026-05-18,CYKLOP PACKAGING SYSTEMS PTY LTD.,PP19M HD BlackPP19M／M*1000M1.0TBlack,0.0,67.0,안정,2025-12-25,72.2
2026-05-18,광림포장기계,PP12MPP12M／M10KG(황),777.28,68.3,안정,2025-12-31,69.8
2026-05-18,CYKLOP PACKAGING SYSTEMS PTY LTD.,"12 x 3,000M 0.65T12x3,000M0.65T BLUE",106.35,67.0,안정,2025-12-25,48.1
2026-05-18,한국포장기계,PP6MMPP6M／M10KG(백),1067.94,67.6,안정,2025-12-29,20.1
2026-05-18,천일포장산업,PP6MMPP6M／M10KG(백),956.86,65.1,안정,2025-12-01,28.0
2026-05-18,동원팩,PE28mm 2kgPE28M／M(백)2KG,282.17,55.7,불규칙,2025-12-29,4.5
2026-05-19,경인팩,PE28mm 2kgPE28M／M(백)2KG,704.72,53.7,불규칙,2025-12-30,7.3
2026-05-19,경인팩,"PE28mm, 6KGPE28M／M(백)6KG",799.27,59.4,불규칙,2025-12-30,10.2
2026-05-19,(주)낙원포장,PE28mm 2kgPE28M／M(백)2KG,164.87,62.6,불규칙,2025-11-20,180.7
2026-05-20,경인팩,PP6MMPP6M／M10KG(백),1381.28,53.5,불규칙,2026-01-05,5.3
2026-05-20,연화수출포장,PP15MPP15M／M10KG(투명),1190.26,47.1,불규칙,2025-12-31,70.0
2026-05-20,경인팩,팔렛트일회용 플라스틱,2.42,53.9,불규칙,2026-01-05,5.5
2026-05-20,대상산업,PE28mm 2kgPE28M／M(백)2KG,318.52,63.4,안정,2025-12-31,5.2
2026-05-20,동원팩,PP6MMPP6M／M10KG(백),600.35,58.0,불규칙,2026-01-05,5.0
2026-05-20,(주)탐스텍,"12 x 3,000M 0.60T12x3,000M0.60TBLUE",0.0,59.7,불규칙,2025-12-29,142.2
2026-05-20,(주)베스테크,도전성밴드7.7mm*900m,244.31,40.5,불규칙,2025-11-11,19.4
2026-05-20,한국포장기계,운송료,2.72,60.4,불규칙,2025-12-29,71.2
2026-05-20,(주)스피드랩코리아,PP6MMPP6M／M10KG(백),563.25,68.0,안정,2026-01-05,27.1
2026-05-20,한길포장기계,PE28mm 2kgPE28M／M(백)2KG,205.53,69.3,안정,2026-01-05,27.2
2026-05-20,동원팩,PE28mm 2kgPE28M／M(황)2KG,76.41,43.5,불규칙,2025-11-14,17.9
2026-05-21,신광포장기계,PP12MPP12M／M10KG(황),241.15,57.2,불규칙,2025-12-29,11.2
2026-05-21,(주)아이마켓코리아,PP11MM*13.34KG삼성경량밴드2300m*두께0.84mm단중5.8g GRS,5489.26,56.8,불규칙,2025-12-24,4.0
2026-05-21,주식회사 광림파워팩,PP15MPP15M／M13KG(황),464.08,67.6,안정,2025-12-18,77.2
2026-05-21,삼원산업,PP12MPP12M／M10KG(황),0.0,66.8,불규칙,2025-12-31,141.8
2026-05-21,경인팩,PP15MPP15M／M9.5KG(적색),2.72,52.0,불규칙,2025-11-12,95.4
2026-05-21,경인산업,PP12MPP12M／M10KG(황),868.27,63.7,안정,2025-11-14,47.3
2026-05-22,합동포장기계,스트레치필름(일반 기계랩)20*500mm*1400m,43.35,59.3,불규칙,2025-12-01,43.0
2026-05-22,KOMERI,15 x 100M 0.55T15x100M0.55T녹색,358.89,65.2,안정,2025-11-23,45.5
2026-05-22,KOMERI,15 x 100M 0.55T15x100M0.55T적색,293.43,65.2,안정,2025-11-23,45.5
2026-05-22,진송팩,PE28mm 2kgPE28M／M(백)2KG,885.34,56.5,불규칙,2026-01-02,10.4
2026-05-22,에이원코리아,운송료운송료,0.0,75.5,안정,2025-12-29,48.7
2026-05-22,대상산업,"PE28mm, 6KGPE28M／M(백)6KG",182.68,59.0,불규칙,2025-12-12,7.3
2026-05-22,KOMERI,"15 x 1,000M 0.55T Yellow15x1,000M0.55T 황색",3020.57,65.2,안정,2025-11-23,45.5
2026-05-22,(주)낙원포장,PP10.5MPP10.5M10KG(청),0.0,57.2,불규칙,2025-12-09,82.8
2026-05-22,신광포장기계,PP15MPP15MM*10KG(황색),331.93,58.4,불규칙,2025-12-04,13.0
2026-05-22,동서포장종합상사,PE28mm 2kgPE28M／M(백)2KG,57.88,61.6,불규칙,2025-12-18,31.2
2026-05-22,연화수출포장,PP15MPP15M／M10 (청색),438.85,61.0,불규칙,2025-09-24,48.5
2026-05-22,동원팩,PE28mm 2kgPE28M／M(백)2KG,294.75,55.7,불규칙,2025-12-29,4.5
2026-05-23,(주)아이마켓코리아,"PP18MM x 21Kg 삼성 황색2300M 포장중량 21Kg, 1롤/1pcs 포장 (황색)",6601.16,48.0,불규칙,2025-12-24,15.2
2026-05-23,(주)아이마켓코리아,PP18MM*21kg 삼성 recycle2300M두께0.80mm단중8.8g Clear,5009.56,48.7,불규칙,2025-12-24,5.3
2026-05-23,(주)금성칼라팩,PP7MPP7M10KG백색,1886.41,76.0,안정,2025-11-24,90.0
2026-05-23,동원팩,"PE28mm, 6KGPE28M／M(백)6KG",223.1,63.1,안정,2026-01-05,6.4
2026-05-23,민건 이에이,PP12MPP12M／M10KG(백),1047.97,64.1,안정,2025-12-24,30.2
2026-05-23,신광포장기계,PE28mm 2kgPE28M／M(백)2KG,396.02,57.2,불규칙,2025-12-18,12.8
2026-05-23,피앤비,PP12MPP12M／M10KG(백),551.4,68.0,안정,2025-11-06,66.8
2026-05-23,주식회사 대한종합포장,PP12MPP12M／M10KG(백),0.0,69.0,안정,2025-11-24,45.1
2026-05-23,경인팩,운송료,2.06,50.8,불규칙,2026-01-05,6.2
2026-05-23,주식회사 대한종합포장,스트레치필름(일반 기계랩)20*500mm*1400m,31.2,48.4,불규칙,2025-11-19,37.3
2026-05-23,합동포장기계,PP12MPP12M／M12.5KG (황),1881.32,70.3,안정,2026-01-05,23.7
2026-05-24,천일포장산업,"PE28mm, 6KGPE28M／M(백)6KG",0.0,46.3,불규칙,2025-09-05,87.0
2026-05-24,경인팩,"PE50mm, 6KGPE50M／M(백)6KG",28.79,44.6,불규칙,2025-09-23,81.9
2026-05-24,주식회사 대한종합포장,PP5MMx7000Mx0.5T 백색,0.44,57.0,안정,2025-11-10,65.3
2026-05-24,진송팩,PE28mm 2kgPE28M／M(적)2KG,47.73,44.2,불규칙,2025-11-19,62.5
2026-05-24,주식회사 광림파워팩,PP9MMPP9M／M10KG(황),1693.06,59.0,불규칙,2025-12-31,24.7
2026-05-25,동원팩,PP6MMPP6M／M10KG(백),511.55,58.0,불규칙,2026-01-05,5.0
2026-05-25,천일포장산업,PE28mm 2kgPE28M／M(백)2KG,50.54,61.7,불규칙,2025-12-01,25.9
2026-05-25,(주)아이마켓코리아,PP11MM*13.34KG삼성경량밴드2300m*두께0.84mm단중5.8g GRS,4958.7,56.8,불규칙,2025-12-24,4.0
2026-05-25,경인팩,PP6MMPP6M／M10KG(백),1282.05,53.5,불규칙,2026-01-05,5.3
2026-05-25,경인팩,팔렛트일회용 플라스틱,2.28,53.9,불규칙,2026-01-05,5.5
2026-05-25,한남포장기계,PP12MPP12M／M9KG(황),915.41,67.1,안정,2025-12-16,20.3
2026-05-25,한국포장기계,PE28mm 2kgPE28M／M(백)2KG,1108.56,68.0,안정,2025-12-29,21.3
2026-05-25,대상산업,PE28mm 2kgPE28M／M(백)2KG,294.46,63.4,안정,2025-12-31,5.2
2026-05-26,경인팩,PE28mm 2kgPE28M／M(백)2KG,810.64,53.7,불규칙,2025-12-30,7.3
2026-05-26,대상산업,PE28mm 2kgPE28M／M(청)2KG,0.0,58.6,불규칙,2025-12-09,42.4
2026-05-26,전주삼신산업,PP7MPP7M10KG백색,207.5,57.3,불규칙,2025-12-09,28.6
2026-05-26,동원팩,PE28mm 2kgPE28M／M(백)2KG,307.08,55.7,불규칙,2025-12-29,4.5
2026-05-26,진송팩,"PE28mm, 6KGPE28M／M(백)6KG",121.49,53.8,불규칙,2025-12-02,35.0
2026-05-27,대상산업,PP12MPP12M／M12.5KG (황),293.49,57.3,불규칙,2025-12-17,23.5
2026-05-27,신광포장기계,운송료,1.06,49.2,불규칙,2025-12-10,21.7
2026-05-27,전주삼신산업,PE28mm 2kgPE28M／M(백)2KG,258.5,60.7,불규칙,2025-12-09,13.1
2026-05-27,삼원산업,PP12MPP12M／M12KG(황),35.69,62.1,불규칙,2025-12-02,88.0
2026-05-27,진송팩,PE28mm 2kgPE28M／M(청)2KG,503.14,55.7,불규칙,2025-12-22,39.4
2026-05-27,신광포장기계,"PE28mm, 6KGPE28M／M(백)6KG",219.55,49.9,불규칙,2025-11-04,34.6
2026-05-28,경인산업,PP12MPP12M／M10KG(백),567.12,68.9,안정,2025-12-04,25.7
2026-05-28,그린포장,PE28mm 2kgPE28M／M(백)2KG,4.14,54.3,불규칙,2025-11-01,104.2
2026-05-28,주신산업,운송료택배비,2.03,51.9,불규칙,2026-01-05,11.5
2026-05-28,(주)아이마켓코리아,PP18MM*21kg 삼성 recycle2300M두께0.80mm단중8.8g Clear,5774.65,48.7,불규칙,2025-12-24,5.3
2026-05-28,주신산업,PE28mm 2kgPE28M／M(백)2KG,35.97,51.9,불규칙,2026-01-05,11.5
2026-05-28,주식회사 광림파워팩,PP12MPP12M／M10KG(황),1266.51,62.6,불규칙,2025-12-31,37.9
2026-05-29,한길포장기계,PP12MPP12M／M10KG(백),392.85,75.8,안정,2026-01-05,36.7
2026-05-29,(주)아이마켓코리아,PP11MM*13.34KG삼성경량밴드2300m*두께0.84mm단중5.8g GRS,5020.02,56.8,불규칙,2025-12-24,4.0
2026-05-29,경인팩,"PE28mm, 6KGPE28M／M(백)6KG",832.17,59.4,불규칙,2025-12-30,10.2
2026-05-29,합동포장기계,PP12MPP12M／M10KG(백),368.37,67.7,안정,2026-01-05,48.9
2026-05-29,대상산업,"PE28mm, 6KGPE28M／M(백)6KG",204.88,59.0,불규칙,2025-12-12,7.3
2026-05-29,경인팩,운송료,2.62,50.8,불규칙,2026-01-05,6.2
2026-05-29,(주)삼영피앤텍,PE28mm 2kgPE28M／M(백)2KG,74.51,60.4,안정,2025-11-06,51.8
2026-05-29,동원팩,"PE28mm, 6KGPE28M／M(백)6KG",248.62,63.1,안정,2026-01-05,6.4
2026-05-30,주식회사 광림파워팩,PP15MPP15MM*10KG(황색),973.36,56.2,불규칙,2025-12-31,50.6
2026-05-30,합동포장기계,PP12MPP12M／M10KG(황),175.77,75.6,안정,2026-01-05,29.4
2026-05-30,TIGERPAK PACKAGING,PP19M Premium BlackPP19M／M*1000M 0.7T Black,3972.59,60.9,불규칙,2025-12-25,78.1
2026-05-30,동원팩,PE28mm 2kgPE28M／M(백)2KG,307.01,55.7,불규칙,2025-12-29,4.5
2026-05-30,서흥포장 주식회사,PP12MPP12M／M10KG(황),84.6,67.4,안정,2025-12-10,57.3
2026-05-30,경인팩,PP6MMPP6M／M10KG(백),1450.65,53.5,불규칙,2026-01-05,5.3
2026-05-30,다금마대,마대,296.88,65.6,안정,2025-12-29,38.4
2026-05-30,경인팩,팔렛트일회용 플라스틱,2.42,53.9,불규칙,2026-01-05,5.5
2026-05-30,NZ SAFETY BLACKWOODS,"12 x 3,000M 0.60T12x3,000M0.60TCLEAR",5975.43,55.0,불규칙,2025-08-19,71.9
2026-05-30,대상산업,PE28mm 2kgPE28M／M(백)2KG,342.52,63.4,안정,2025-12-31,5.2
2026-05-30,동원팩,PP6MMPP6M／M10KG(백),587.86,58.0,불규칙,2026-01-05,5.0
2026-05-30,경인팩,PP6MMPP6M／M10KG(황),1201.11,52.3,불규칙,2025-12-31,75.7
2026-05-31,신광포장기계,PP15MPP15MM*10KG(청색),259.4,64.2,안정,2025-11-26,62.4
2026-05-31,주)대성씨앤씨,PP9MMPP9M／M9.5KG(백색),0.0,60.5,불규칙,2025-11-17,195.7
2026-05-31,금산포장,PE28mm 2kgPE28M／M(백)2KG,178.11,61.8,불규칙,2025-12-22,20.1
2026-05-31,서흥포장 주식회사,스트레치필름(특수기능형)15*500*400,28.24,81.3,안정,2025-12-10,43.0
2026-05-31,대상산업,"PE50mm, 6KGPE50M／M(백)6KG",160.86,64.6,안정,2025-12-22,16.6
2026-05-31,동원팩,PP12MPP12M／M10KG(황),113.47,55.4,불규칙,2025-12-20,18.7
2026-05-31,KOMERI,"15.5 x 2,500M 0.55T15.5x2,500M0.55T청색",2196.74,53.0,불규칙,2025-11-23,63.7
2026-06-01,서울상사,PP12MPP12M／M10KG(황),1394.45,55.6,불규칙,2025-12-19,41.7
2026-06-01,주)대성씨앤씨,스트레치필름(일반 기계랩)20*500mm*1400m,50.79,76.1,안정,2025-12-09,29.5
2026-06-01,신광포장기계,PP12MPP12M／M10KG(황),431.8,57.2,불규칙,2025-12-29,11.2
2026-06-01,동원팩,운송료,2.08,52.4,불규칙,2025-12-23,16.9
2026-06-01,합동포장기계,PE28mm 2kgPE28M／M(백)2KG,449.62,69.9,안정,2026-01-05,21.6
2026-06-01,호성수출포장,스트레치필름(일반 핸드랩 20)20*500mm*350m,0.0,62.5,안정,2025-10-31,71.6
2026-06-01,(주)낙원포장,PP15MPP15MM*10KG(황색),518.66,68.9,안정,2025-12-23,40.1
2026-06-01,진송팩,PE28mm 2kgPE28M／M(백)2KG,875.94,56.5,불규칙,2026-01-02,10.4
2026-06-01,진송팩,PP18MPP18M／M10KG(황),462.96,46.0,불규칙,2025-10-24,44.9
2026-06-02,(주)아이마켓코리아,PP18MM*21kg 삼성 recycle2300M두께0.80mm단중8.8g Clear,1942.81,48.7,불규칙,2025-12-24,5.3
2026-06-02,세움패키지(SEUMPKG),운송료,1.42,59.9,불규칙,2025-12-16,24.8
2026-06-02,경인팩,PE28mm 2kgPE28M／M(백)2KG,643.16,53.7,불규칙,2025-12-30,7.3
2026-06-02,(주)아이마켓코리아,PP11MM*13.34KG삼성경량밴드2300m*두께0.84mm단중5.8g GRS,4022.49,56.8,불규칙,2025-12-24,4.0
2026-06-02,RLBUTTON,팔레트팔레트,14.33,70.9,안정,2025-12-16,56.8
2026-06-03,(주)낙원포장,PP6MMPP6M/M12.5KG(백),2715.11,62.8,불규칙,2025-12-23,18.5
2026-06-03,에이원코리아,PP12MPP12M／M12KG(황),1013.68,79.1,안정,2025-12-29,52.5
2026-06-03,서울상사,PP9MMPP9M／M10KG(황),1.1,59.7,불규칙,2025-09-26,125.0
2026-06-03,(주)낙원포장,PP12MPP12M／M10KG(황),848.56,67.3,안정,2025-12-23,27.7
2026-06-03,동원팩,PE28mm 2kgPE28M／M(백)2KG,153.01,55.7,불규칙,2025-12-29,4.5
2026-06-04,신광포장기계,PP15MPP15MM*10KG(황색),421.99,51.9,불규칙,2025-12-04,13.0
2026-06-04,우선산업,PE28mm 2kgPE28M／M(백)2KG,776.97,67.8,안정,2025-12-26,40.4
2026-06-04,경인팩,팔렛트일회용 플라스틱,2.39,53.9,불규칙,2026-01-05,5.5
2026-06-04,주식회사 대원포장기계,PE28mm 2kgPE28M／M(백)2KG,505.26,63.4,안정,2025-12-01,37.3
2026-06-04,피앤비,PP7MPP7M10KG백색,1106.3,63.4,안정,2025-11-06,70.9
2026-06-04,동원팩,PP6MMPP6M／M10KG(백),605.6,58.0,불규칙,2026-01-05,5.0
2026-06-04,신광포장기계,PE28mm 2kgPE28M／M(백)2KG,383.45,57.2,불규칙,2025-12-18,12.8
2026-06-04,대상산업,PE28mm 2kgPE28M／M(백)2KG,372.91,63.4,안정,2025-12-31,5.2
2026-06-04,동방포장기자재,PP12MPP12M／M10KG(황),0.0,53.0,불규칙,2025-11-24,64.4
2026-06-04,경인팩,운송료,2.4,50.8,불규칙,2026-01-05,6.2
2026-06-04,우선산업,"PE50mm, 4.5KGPE50M／M(백)4.5KG",1284.28,60.1,불규칙,2025-12-24,18.1
2026-06-04,경인팩,PP6MMPP6M／M10KG(백),1221.86,53.5,불규칙,2026-01-05,5.3
2026-06-04,동원팩,"PE28mm, 6KGPE28M／M(백)6KG",273.6,63.1,안정,2026-01-05,6.4
2026-06-05,신한포장기계(주),PE28mm 2kgPE28M／M(백)2KG,1200.91,58.7,안정,2025-11-10,69.8
2026-06-05,주식회사 광림파워팩,PP12MPP12M／M12.5KG (황),793.94,72.4,안정,2025-12-31,26.8
2026-06-05,연화수출포장,운송료,1.41,64.4,안정,2025-12-31,39.5
2026-06-05,제이케이머티리얼즈(주)/순성공장,PP18MPP18M／M10KG(황),1881.51,72.0,안정,2025-12-26,23.9
2026-06-05,대상산업,"PE28mm, 6KGPE28M／M(백)6KG",230.75,59.0,불규칙,2025-12-12,7.3
2026-06-06,태광오토팩,PE28mm 2kgPE28M／M(백)2KG,584.7,60.0,안정,2025-11-11,69.2
2026-06-06,합동포장기계,PP6MMPP6M／M10KG(백),158.41,72.1,안정,2026-01-05,38.8
2026-06-06,전주삼신산업,PP9MMPP9M／M10KG(황),120.17,68.5,안정,2025-12-12,22.3
2026-06-06,NZ SAFETY BLACKWOODS,PP19MPP19M／M*0.55T 1000M Blue,40.7,61.7,안정,2025-11-02,72.2
2026-06-06,동원팩,PE28mm 2kgPE28M／M(황)2KG,85.8,43.5,불규칙,2025-11-14,17.9
2026-06-06,(주)아이마켓코리아,PP11MM*13.34KG삼성경량밴드2300m*두께0.84mm단중5.8g GRS,2837.87,56.8,불규칙,2025-12-24,4.0
2026-06-06,ANDERSON WHOLESALE PACKAGING PTY LTD.,PP19M Premium BlackPP19M／M*1000M 0.7T Black,0.0,62.7,불규칙,2025-12-14,58.7
2026-06-06,합동포장기계,PP15MPP15M／M13KG(황),128.84,60.9,불규칙,2026-01-05,38.6
2026-06-07,주식회사 마크원테크,운송료,0.0,47.9,불규칙,2025-12-19,34.5
2026-06-07,한국포장기계,PP6MMPP6M／M10KG(백),1407.31,67.6,안정,2025-12-29,20.1
2026-06-07,(주)아이마켓코리아,PP18MM*21kg 삼성 recycle2300M두께0.80mm단중8.8g Clear,2938.35,48.7,불규칙,2025-12-24,5.3
2026-06-07,신광포장기계,PP9MMPP9M／M10KG(투명),519.03,76.0,안정,2026-01-05,51.3
2026-06-07,(주)아이마켓코리아,"PP18MM x 21Kg 삼성 황색2300M 포장중량 21Kg, 1롤/1pcs 포장 (황색)",0.0,48.0,불규칙,2025-12-24,15.2
2026-06-07,동원팩,PE28mm 2kgPE28M／M(백)2KG,193.23,55.7,불규칙,2025-12-29,4.5
2026-06-07,KOMERI,15 x 100M 0.55T15x100M 0.55T 황색,1948.04,46.8,불규칙,2025-11-23,49.0
2026-06-07,대상산업,PE28mm 2kgPE28M／M(황)2KG,229.66,53.5,불규칙,2025-12-09,30.7
2026-06-07,KOMERI,15 x 100M 0.55T15x100M0.55T청색,1518.88,46.8,불규칙,2025-11-23,49.0
2026-06-07,금산포장,PP15MPP15M／M10KG(백색),0.0,53.2,불규칙,2026-01-05,153.8
2026-06-08,주신산업,운송료택배비,1.45,51.9,불규칙,2026-01-05,11.5
2026-06-08,경인팩,"PE28mm, 6KGPE28M／M(백)6KG",574.3,59.4,불규칙,2025-12-30,10.2
2026-06-08,(주)베스테크,도전성밴드7.7mm*900m,450.06,40.5,불규칙,2025-11-11,19.4
2026-06-08,주신산업,PE28mm 2kgPE28M／M(백)2KG,26.06,51.9,불규칙,2026-01-05,11.5
2026-06-08,하영종합상사,운송료,7.4,64.3,불규칙,2025-09-29,63.7
2026-06-09,경인팩,PE28mm 2kgPE28M／M(백)2KG,673.1,53.7,불규칙,2025-12-30,7.3
2026-06-09,한길포장기계,PP12MPP12M／M10KG(황),471.14,74.6,안정,2026-01-05,31.9
2026-06-09,동원팩,PP6MMPP6M／M10KG(백),571.3,58.0,불규칙,2026-01-05,5.0
2026-06-09,신광포장기계,PP18MPP18M／M10KG 황색인쇄밴드,801.6,62.1,안정,2025-12-02,27.5
2026-06-09,경인팩,팔렛트일회용 플라스틱,2.48,53.9,불규칙,2026-01-05,5.5
2026-06-09,대상산업,PE28mm 2kgPE28M／M(백)2KG,394.19,63.4,안정,2025-12-31,5.2
2026-06-09,경인팩,PP6MMPP6M／M10KG(백),1495.7,53.5,불규칙,2026-01-05,5.3
2026-06-09,동원팩,PE28mm 2kgPE28M／M(청)2KG,24.1,53.6,불규칙,2025-12-16,35.0
2026-06-09,전주삼신산업,PE28mm 2kgPE28M／M(백)2KG,250.58,53.9,불규칙,2025-12-09,13.1
2026-06-09,동원팩,PP6MM매달100롤 할인,0.0,53.3,불규칙,2025-11-04,31.2
2026-06-09,전주삼신산업,PP6MMPP6M／M10KG(백),102.12,53.2,불규칙,2025-12-29,27.2
2026-06-09,대상산업,PP6MMPP6M／M10KG(황),0.0,62.1,안정,2025-12-09,91.0
2026-06-10,합동포장기계,PP12MPP12M／M9KG(황),3.79,50.6,불규칙,2026-01-05,78.3
2026-06-10,신광포장기계,PP15MPP15M／M10KG(백색),200.41,53.0,불규칙,2025-11-19,29.8
2026-06-10,(주)아이마켓코리아,PP11MM*13.34KG삼성경량밴드2300m*두께0.84mm단중5.8g GRS,2429.01,56.8,불규칙,2025-12-24,4.0
2026-06-10,경인팩,운송료,2.2,50.8,불규칙,2026-01-05,6.2
2026-06-10,동원팩,"PE28mm, 6KGPE28M／M(백)6KG",270.27,63.1,안정,2026-01-05,6.4
2026-06-11,동원팩,PE28mm 2kgPE28M／M(백)2KG,246.64,55.7,불규칙,2025-12-29,4.5
2026-06-11,진송팩,PE28mm 2kgPE28M／M(백)2KG,854.64,56.5,불규칙,2026-01-02,10.4
2026-06-11,주식회사 동원피앤아이,"PE50mm, 4.7KGPE50M／M(황)4.7KG",47.84,74.4,안정,2025-12-17,44.6
2026-06-12,신광포장기계,PP12MPP12M／M10KG(황),464.87,57.2,불규칙,2025-12-29,11.2
2026-06-12,대상산업,"PE28mm, 6KGPE28M／M(백)6KG",225.13,52.4,불규칙,2025-12-12,7.3
2026-06-12,(주)아이마켓코리아,PP18MM*21kg 삼성 recycle2300M두께0.80mm단중8.8g Clear,2817.81,48.7,불규칙,2025-12-24,5.3
2026-06-13,주)대성씨앤씨,PP5MMx7000Mx0.5T 11.4kg 백색core 200x8T OD400 롤랩핑 400*200,0.51,62.6,안정,2025-11-03,111.8
2026-06-13,세화종합상사,PE28mm 2kgPE28M／M(백)2KG,0.0,63.0,안정,2025-11-24,67.2
2026-06-13,CYKLOP PACKAGING SYSTEMS PTY LTD.,PP 12MM12MMx1000Mx0.55MM Blue,2679.05,49.7,불규칙,2025-09-18,67.4
2026-06-14,동원팩,PP6MMPP6M／M10KG(백),578.66,58.0,불규칙,2026-01-05,5.0
2026-06-14,(주)아이마켓코리아,PP11MM*13.34KG삼성경량밴드2300m*두께0.84mm단중5.8g GRS,2936.51,56.8,불규칙,2025-12-24,4.0
2026-06-14,신광포장기계(부산),운송료,0.41,53.4,불규칙,2025-11-04,74.6
2026-06-14,주식회사 광림파워팩,PP12MPP12mm*0.72T*2800m 12.5KG(투명),4.31,48.1,불규칙,2025-10-29,76.8
2026-06-14,H.E. BAUMRUCKER COMPANY,"9 x 3,932M 0.61T 백색 230 CORE (9*8)9 x 3,932M 0.61T 백색 230 CORE (9*8)",287.48,44.0,불규칙,2025-09-27,65.8
2026-06-14,한남포장기계,PP12MPP12M／M9KG(황),447.83,67.1,안정,2025-12-16,20.3
2026-06-14,대상산업,PE28mm 2kgPE28M／M(백)2KG,400.63,63.4,안정,2025-12-31,5.2
2026-06-14,경인팩,팔렛트일회용 플라스틱,2.45,53.9,불규칙,2026-01-05,5.5
2026-06-14,전주삼신산업,PP9MMPP9M／M10KG(투명),2.96,45.5,불규칙,2025-12-12,46.9
2026-06-14,경인팩,PP6MMPP6M／M10KG(백),1201.63,53.5,불규칙,2026-01-05,5.3
2026-06-14,H.E. BAUMRUCKER COMPANY,Ocean FreightOcean Freight (선임),0.0,44.0,불규칙,2025-09-27,65.8
2026-06-15,한국포장기계,PE28mm 2kgPE28M／M(백)2KG,930.81,68.0,안정,2025-12-29,21.3
2026-06-15,ANDERSON WHOLESALE PACKAGING PTY LTD.,"12 x 3,000M 0.60T12x3,000M0.60TBLUE",0.0,57.8,안정,2025-12-14,61.3
2026-06-15,합동포장기계,PP12MPP12M／M12.5KG (황),1377.01,70.3,안정,2026-01-05,23.7
2026-06-15,ANDERSON WHOLESALE PACKAGING PTY LTD.,"12 x 3,000M 0.60T12x3,000M0.60TCLEAR",0.0,57.8,안정,2025-12-14,61.3
2026-06-15,H.E. BAUMRUCKER COMPANY,"12 x 3,018M 0.58T White (8x8)12 x 3,018M 0.58T White (8x8)",58.79,49.0,불규칙,2025-09-27,87.7
2026-06-15,천일포장산업,PP6MMPP6M／M10KG(백),2812.63,57.8,안정,2025-12-01,28.0
2026-06-15,ANDERSON WHOLESALE PACKAGING PTY LTD.,Ocean FreightOcean Freight (선임),0.0,57.8,안정,2025-12-14,61.3
2026-06-15,TIGERPAK PACKAGING,12 x 2800M 0.60T12 x 2800M 0.60T BLUE,0.0,57.2,불규칙,2025-12-25,43.5
2026-06-15,ANDERSON WHOLESALE PACKAGING PTY LTD.,PP 12MM12MMx1000Mx0.50MM Blue,0.0,57.8,안정,2025-12-14,61.3
2026-06-15,동원팩,PE28mm 2kgPE28M／M(백)2KG,198.25,55.7,불규칙,2025-12-29,4.5
2026-06-16,한길포장기계,PP9MMPP9M／M10KG(투명),1.18,62.5,불규칙,2026-01-05,54.3
2026-06-16,경인팩,운송료,2.76,50.8,불규칙,2026-01-05,6.2
2026-06-16,신광포장기계,PE28mm 2kgPE28M／M(백)2KG,392.05,57.2,불규칙,2025-12-18,12.8
2026-06-16,경인팩,PE28mm 2kgPE28M／M(백)2KG,718.2,53.7,불규칙,2025-12-30,7.3
2026-06-16,(주)스피드랩코리아,PP6MMPP6M／M10KG(백),577.2,68.0,안정,2026-01-05,27.1
2026-06-16,한길포장기계,PE28mm 2kgPE28M／M(백)2KG,101.18,69.3,안정,2026-01-05,27.2
2026-06-16,동원팩,"PE28mm, 6KGPE28M／M(백)6KG",253.61,63.1,안정,2026-01-05,6.4
2026-06-16,주)대성씨앤씨,PP12MPP12M／M10KG(백),622.11,77.7,안정,2025-12-22,88.1
2026-06-16,대상산업,"PE50mm, 6KGPE50M／M(백)6KG",324.76,64.6,안정,2025-12-22,16.6
2026-06-17,TIGERPAK PACKAGING,"15 x 1,000M 0.50T Blue15x1,000M0.50T청색",0.0,65.4,안정,2025-12-25,58.6
2026-06-17,신광포장기계,PP15MPP15MM*10KG(황색),415.92,51.9,불규칙,2025-12-04,13.0
2026-06-17,주식회사 광림파워팩,PP9MMPP9M／M10KG(황),1232.93,59.0,불규칙,2025-12-31,24.7
2026-06-17,신광포장기계,운송료,2.48,43.8,불규칙,2025-12-10,21.7
2026-06-17,(주)아이마켓코리아,PP18MM*21kg 삼성 recycle2300M두께0.80mm단중8.8g Clear,1866.19,48.7,불규칙,2025-12-24,5.3
2026-06-17,동원팩,운송료,2.16,52.4,불규칙,2025-12-23,16.9
2026-06-18,경인팩,"PE28mm, 6KGPE28M／M(백)6KG",451.95,59.4,불규칙,2025-12-30,10.2
2026-06-18,(주)아이마켓코리아,PP11MM*13.34KG삼성경량밴드2300m*두께0.84mm단중5.8g GRS,2830.98,56.8,불규칙,2025-12-24,4.0
2026-06-18,동원팩,PP12MPP12M／M10KG(황),170.05,55.4,불규칙,2025-12-20,18.7
2026-06-18,NZ SAFETY BLACKWOODS,PP 12MM12MMx1000Mx0.55MM Blue,0.0,58.0,불규칙,2025-11-02,228.0
2026-06-18,주식회사 진도종합상사,운송료,5.69,72.5,안정,2026-01-05,41.9
2026-06-19,대흥수출포장,PE28mm 2kgPE28M／M(백)2KG,54.04,54.6,불규칙,2026-01-05,33.2
2026-06-19,천일포장산업,PE28mm 2kgPE28M／M(백)2KG,1389.9,54.9,불규칙,2025-12-01,25.9
2026-06-19,대상산업,PE28mm 2kgPE28M／M(백)2KG,390.26,63.4,안정,2025-12-31,5.2
2026-06-19,경인팩,PP6MMPP6M／M10KG(백),1257.26,53.5,불규칙,2026-01-05,5.3
2026-06-19,동원팩,PE28mm 2kgPE28M／M(백)2KG,206.13,55.7,불규칙,2025-12-29,4.5
2026-06-19,(주)더담패키지,PP7MPP7M10KG백색,0.0,55.9,불규칙,2025-11-13,109.6
2026-06-19,주신산업,PE28mm 2kgPE28M／M(백)2KG,24.18,51.9,불규칙,2026-01-05,11.5
2026-06-19,대상산업,"PE28mm, 6KGPE28M／M(백)6KG",231.73,52.4,불규칙,2025-12-12,7.3
2026-06-19,주신산업,운송료택배비,1.23,51.9,불규칙,2026-01-05,11.5
2026-06-19,대상산업,PP12MPP12M／M12.5KG (황),223.3,51.0,불규칙,2025-12-17,23.5
2026-06-19,동원팩,PP6MMPP6M／M10KG(백),583.23,58.0,불규칙,2026-01-05,5.0
2026-06-19,ANDERSON WHOLESALE PACKAGING PTY LTD.,"15 x 1,000M 0.50T Blue15x1,000M0.50T청색",0.0,41.4,불규칙,2025-09-08,71.8
2026-06-19,경인팩,팔렛트일회용 플라스틱,2.36,53.9,불규칙,2026-01-05,5.5
2026-06-19,(주)탐스텍,PP 12MM 2000M 0.80MM Blue12mm 2000m 0.80mm Blue,7231.69,65.3,안정,2025-12-29,86.4
2026-06-19,CYKLOP PACKAGING SYSTEMS PTY LTD.,"15 x 1,000M 0.65T Blue15x1,000M0.65T청색",7168.64,60.1,불규칙,2025-12-25,88.1
2026-06-20,금산포장,PE28mm 2kgPE28M／M(백)2KG,263.93,61.8,불규칙,2025-12-22,20.1
2026-06-20,대상산업,"PE50mm, 6KGPE50M／M(황)6KG",217.84,62.3,안정,2025-11-20,53.2
2026-06-20,RLBUTTON,PP19M * 1000M HD BlackPP19MM*1000M*0.85T Black,4204.69,67.8,안정,2025-12-16,62.0
2026-06-20,RLBUTTON,PP19MPP19M／M*0.55T 1000M Blue,4237.9,68.2,안정,2025-12-16,62.0
2026-06-21,진송팩,PE28mm 2kgPE28M／M(백)2KG,924.93,56.5,불규칙,2026-01-02,10.4
2026-06-21,(주)낙원포장,PP6MMPP6M/M12.5KG(백),3145.69,62.8,불규칙,2025-12-23,18.5
2026-06-21,KOMERI,15 x 100M 0.55T15x100M0.55T백색,1217.09,58.8,안정,2025-11-23,42.5
2026-06-21,(주)낙원포장,PP10.5MPP10.5M10KG투명,614.03,59.8,불규칙,2025-12-23,45.3
2026-06-21,KOMERI,"15.5 x 2,500M 0.55T15.5x2,500M0.55T황색",3044.83,58.8,안정,2025-11-23,42.5
2026-06-21,KOMERI,15 x 100M 0.55T15x100M0.55T자색,445.18,58.8,안정,2025-11-23,42.5
2026-06-21,윤스북,PP12MPP12M／M10KG(황),1.74,42.0,불규칙,2025-11-14,219.7
2026-06-21,세움패키지(SEUMPKG),PE28mm 2kgPE28M／M(백)2KG,2399.65,56.2,안정,2025-11-03,115.4
2026-06-22,민건 이에이,PP12MPP12M／M10KG(백),1023.36,64.1,안정,2025-12-24,30.2
2026-06-22,금산포장,PP12MPP12M／M10KG(투명),204.39,52.0,불규칙,2025-12-24,60.1
2026-06-22,주식회사 진도종합상사,PE28mm 2kgPE28M／M(백)2KG,123.02,70.7,안정,2026-01-05,42.7
2026-06-22,신광포장기계,PP12MPP12M／M10KG(백),570.9,65.2,안정,2026-01-05,56.0
2026-06-22,합동포장기계,PE28mm 2kgPE28M／M(백)2KG,488.2,69.9,안정,2026-01-05,21.6
2026-06-22,전주삼신산업,PE28mm 2kgPE28M／M(백)2KG,242.86,53.9,불규칙,2025-12-09,13.1
2026-06-22,경인산업,PP12MPP12M／M10KG(백),832.58,61.3,안정,2025-12-04,25.7
2026-06-22,(주)아이마켓코리아,PP18MM*21kg 삼성 recycle2300M두께0.80mm단중8.8g Clear,2337.42,48.7,불규칙,2025-12-24,5.3
2026-06-22,(주)아이마켓코리아,"PP18MM x 21Kg 삼성 황색2300M 포장중량 21Kg, 1롤/1pcs 포장 (황색)",0.0,48.0,불규칙,2025-12-24,15.2
2026-06-22,동서포장종합상사,PE28mm 2kgPE28M／M(백)2KG,54.89,54.8,불규칙,2025-12-18,31.2
2026-06-22,우선산업,"PE50mm, 4.5KGPE50M／M(백)4.5KG",1309.45,60.1,불규칙,2025-12-24,18.1
2026-06-22,경인팩,운송료,2.34,50.8,불규칙,2026-01-05,6.2
2026-06-22,동원팩,"PE28mm, 6KGPE28M／M(백)6KG",274.32,63.1,안정,2026-01-05,6.4
2026-06-22,(주)아이마켓코리아,PP11MM*13.34KG삼성경량밴드2300m*두께0.84mm단중5.8g GRS,2854.96,56.8,불규칙,2025-12-24,4.0
2026-06-23,신광포장기계,PP12MPP12M／M10KG(황),402.42,57.2,불규칙,2025-12-29,11.2
2026-06-23,동원팩,PE28mm 2kgPE28M／M(황)2KG,67.88,43.5,불규칙,2025-11-14,17.9
2026-06-23,동원팩,PE28mm 2kgPE28M／M(백)2KG,197.96,55.7,불규칙,2025-12-29,4.5
2026-06-23,전주삼신산업,PP7MPP7M10KG백색,200.66,51.0,불규칙,2025-12-09,28.6
2026-06-23,경인팩,PE28mm 2kgPE28M／M(백)2KG,715.36,53.7,불규칙,2025-12-30,7.3
2026-06-23,대상산업,PP5MMx7000Mx0.5T 백색,0.0,43.4,불규칙,2025-09-23,91.2
2026-06-24,대상산업,PE28mm 2kgPE28M／M(백)2KG,387.64,63.4,안정,2025-12-31,5.2
2026-06-24,ANDERSON WHOLESALE PACKAGING PTY LTD.,"15 x 1,000M 0.7T H/D Black15 x 1,000M 0.7T H/D Black",0.0,54.1,불규칙,2025-12-14,96.3
2026-06-24,경인팩,팔렛트일회용 플라스틱,2.46,53.9,불규칙,2026-01-05,5.5
2026-06-24,동원팩,PP6MMPP6M／M10KG(백),566.59,58.0,불규칙,2026-01-05,5.0
2026-06-24,삼원산업,PP15MPP15MM*10KG(황색),1503.95,67.6,안정,2025-12-30,88.0
2026-06-24,상일교역상사,"12 x 3,017M 0.55T12x3,017M 0.55T 백색",0.0,55.4,불규칙,2025-08-13,105.4
2026-06-24,ANDERSON WHOLESALE PACKAGING PTY LTD.,PP19M Premium Black w/paper corePP19M／M*1000M 0.7T Black w/paper core,100.0,56.1,안정,2025-12-14,64.8
2026-06-24,경인팩,PP6MMPP6M／M10KG(백),1408.41,53.5,불규칙,2026-01-05,5.3
2026-06-25,강원농협연합포장재가공사업소,PP12MPP12M／M12.5KG (황),5826.28,49.0,불규칙,2025-11-17,44.5
2026-06-25,주신산업,PP12MPP12M／M10KG(황),573.03,60.9,불규칙,2025-12-31,44.6
2026-06-25,평원산업,PP18MPP18M／M10KG(황),1337.42,41.8,불규칙,2025-10-24,122.4
2026-06-26,세움패키지(SEUMPKG),운송료,1.43,53.3,불규칙,2025-12-16,24.8
2026-06-26,(주)아이마켓코리아,PP11MM*13.34KG삼성경량밴드2300m*두께0.84mm단중5.8g GRS,2928.51,50.5,불규칙,2025-12-24,4.0
2026-06-26,한길포장기계,PP12MPP12M／M10KG(청),0.0,60.3,안정,2025-12-01,69.9
2026-06-26,대상산업,"PE28mm, 6KGPE28M／M(백)6KG",228.84,52.4,불규칙,2025-12-12,7.3
2026-06-27,(주)아이마켓코리아,PP18MM*21kg 삼성 recycle2300M두께0.80mm단중8.8g Clear,2804.29,43.3,불규칙,2025-12-24,5.3
2026-06-27,신광포장기계(부산),PE28mm 2kgPE28M／M(백)2KG,8.07,44.0,불규칙,2025-11-04,47.9
2026-06-27,한국포장기계,PP6MMPP6M／M10KG(백),1193.29,67.6,안정,2025-12-29,20.1
2026-06-27,동원팩,PE28mm 2kgPE28M／M(백)2KG,191.32,55.7,불규칙,2025-12-29,4.5
2026-06-27,(주)베스테크,도전성밴드7.7mm*900m,455.19,40.5,불규칙,2025-11-11,19.4
2026-06-28,전주삼신산업,PP9MMPP9M／M10KG(황),129.0,60.9,안정,2025-12-12,22.3
2026-06-28,NZ SAFETY BLACKWOODS,PP19M BUILDERSPP19M／M*300M 0.60T Blue,0.0,60.6,안정,2025-11-02,119.6
2026-06-28,신광포장기계,PE28mm 2kgPE28M／M(백)2KG,431.57,50.8,불규칙,2025-12-18,12.8
2026-06-28,RLBUTTON,PP19M HD SilverPP19M／M*1000M1.0T Silver,0.0,42.2,불규칙,2025-12-16,97.4
2026-06-28,RLBUTTON,PP19M BUILDERSPP19M／M*300M 0.60T Blue,990.39,54.9,불규칙,2025-12-16,97.4
2026-06-28,합동포장기계,PP12MPP12M／M10KG(황),530.45,75.6,안정,2026-01-05,29.4
2026-06-28,경인팩,"PE28mm, 6KGPE28M／M(백)6KG",543.27,59.4,불규칙,2025-12-30,10.2
2026-06-28,제이케이머티리얼즈(주)/순성공장,PP18MPP18M／M10KG(황),1828.27,64.0,안정,2025-12-26,23.9
2026-06-28,경인팩,운송료,3.08,50.8,불규칙,2026-01-05,6.2
2026-06-28,(주)신명코퍼레이션,PP18MM*21kg 삼성 recycle2300M두께0.80mm단중8.8g Clear,0.0,69.7,불규칙,2026-01-05,87.7
2026-06-28,동원팩,"PE28mm, 6KGPE28M／M(백)6KG",305.27,63.1,안정,2026-01-05,6.4
2026-06-29,주식회사 대한종합포장,스트레치필름(일반 기계랩)20*500mm*1400m,32.37,48.4,불규칙,2025-11-19,37.3
2026-06-29,경인팩,팔렛트일회용 플라스틱,2.5,53.9,불규칙,2026-01-05,5.5
2026-06-29,경인팩,PP6MMPP6M／M10KG(백),1413.05,53.5,불규칙,2026-01-05,5.3
2026-06-29,대상산업,PE28mm 2kgPE28M／M(백)2KG,388.87,63.4,안정,2025-12-31,5.2
2026-06-29,동원팩,PP6MMPP6M／M10KG(백),544.57,58.0,불규칙,2026-01-05,5.0
2026-06-30,경인팩,PE28mm 2kgPE28M／M(백)2KG,666.75,47.8,불규칙,2025-12-30,7.3
2026-06-30,신광포장기계,PP15MPP15MM*10KG(황색),440.05,51.9,불규칙,2025-12-04,13.0
2026-06-30,(주)낙원포장,PP12MPP12M／M10KG(황),866.53,59.8,안정,2025-12-23,27.7
2026-06-30,(주)아이마켓코리아,PP11MM*13.34KG삼성경량밴드2300m*두께0.84mm단중5.8g GRS,3418.01,50.5,불규칙,2025-12-24,4.0
2026-06-30,신광포장기계,"PE28mm, 6KGPE28M／M(백)6KG",68.02,49.9,불규칙,2025-11-04,34.6
2026-06-30,주)대성씨앤씨,스트레치필름(일반 기계랩)20*500mm*1400m,50.88,67.7,안정,2025-12-09,29.5
2026-06-30,주신산업,PE28mm 2kgPE28M／M(백)2KG,19.0,51.9,불규칙,2026-01-05,11.5
2026-06-30,주신산업,운송료택배비,1.15,51.9,불규칙,2026-01-05,11.5
2026-06-30,진송팩,"PE28mm, 6KGPE28M／M(백)6KG",8.99,47.8,불규칙,2025-12-02,35.0
2026-07-01,동원팩,PE28mm 2kgPE28M／M(백)2KG,295.18,49.5,불규칙,2025-12-29,4.5
2026-07-01,주식회사 광림파워팩,PP12MPP12M／M12.5KG (황),811.06,64.4,안정,2025-12-31,26.8
2026-07-01,합동포장기계,운송료,0.0,56.2,불규칙,2025-11-28,215.5
2026-07-01,진송팩,PE28mm 2kgPE28M／M(백)2KG,1152.87,56.5,불규칙,2026-01-02,10.4
2026-07-02,대상산업,"PE50mm, 6KGPE50M／M(백)6KG",330.15,57.4,안정,2025-12-22,16.6
2026-07-02,(주)아이마켓코리아,PP18MM*21kg 삼성 recycle2300M두께0.80mm단중8.8g Clear,7864.17,43.3,불규칙,2025-12-24,5.3
2026-07-02,TIGERPAK PACKAGING,PP 12MM12MMx1000Mx0.50MM Blue,2013.4,57.5,안정,2025-12-25,63.9
2026-07-02,경인팩,PP12MPP12M／M12.5KG (황),0.0,42.3,불규칙,2025-11-12,116.4
2026-07-03,주식회사 고양물산,마대,470.62,51.8,불규칙,2025-12-05,105.2
2026-07-03,대상산업,"PE28mm, 6KGPE28M／M(백)6KG",268.27,52.4,불규칙,2025-12-12,7.3
2026-07-03,진송팩,PP6MMPP6M／M10KG(백),0.0,48.9,불규칙,2025-12-01,107.0
2026-07-03,(주)낙원포장,PP10MPP10M／M10KG(백색),1500.0,60.2,안정,2025-11-05,80.1
2026-07-03,NZ SAFETY BLACKWOODS,PP19M HD BlackPP19M／M*1000M1.0TBlack,1956.43,47.5,불규칙,2025-11-02,81.2
2026-07-03,동원팩,운송료,1.89,46.6,불규칙,2025-12-23,16.9
2026-07-04,경인팩,PP6MMPP6M／M10KG(백),1657.47,53.5,불규칙,2026-01-05,5.3
2026-07-04,동원팩,PP6MMPP6M／M10KG(백),518.44,58.0,불규칙,2026-01-05,5.0
2026-07-04,대상산업,PE28mm 2kgPE28M／M(백)2KG,323.24,56.3,안정,2025-12-31,5.2
2026-07-04,한길포장기계,PP12MPP12M／M10KG(백),771.59,75.8,안정,2026-01-05,36.7
2026-07-04,합동포장기계,스트레치필름(일반 기계랩)20*500mm*1400m,44.21,52.7,불규칙,2025-12-01,43.0
2026-07-04,경인팩,운송료,3.58,50.8,불규칙,2026-01-05,6.2
2026-07-04,(주)아이마켓코리아,PP11MM*13.34KG삼성경량밴드2300m*두께0.84mm단중5.8g GRS,3814.09,50.5,불규칙,2025-12-24,4.0
2026-07-04,주식회사 광림파워팩,PP12MPP12M／M10KG(황),830.27,55.6,불규칙,2025-12-31,37.9
2026-07-04,동원팩,"PE28mm, 6KGPE28M／M(백)6KG",314.23,63.1,안정,2026-01-05,6.4
2026-07-04,신광포장기계,PP12MPP12M／M10KG(황),513.91,50.8,불규칙,2025-12-29,11.2
2026-07-04,한남포장기계,PP12MPP12M／M9KG(황),461.19,59.7,안정,2025-12-16,20.3
2026-07-04,경인팩,팔렛트일회용 플라스틱,3.13,53.9,불규칙,2026-01-05,5.5
2026-07-05,한국포장기계,"PE28mm, 6KGPE28M／M(백)6KG",1566.06,46.3,불규칙,2025-12-03,107.0
2026-07-05,CYKLOP PACKAGING SYSTEMS PTY LTD.,"12 x 3,000M 0.65T12x3,000M0.65T BLUE",4121.23,59.6,안정,2025-12-25,48.1
2026-07-05,전주삼신산업,PE28mm 2kgPE28M／M(백)2KG,237.54,53.9,불규칙,2025-12-09,13.1
2026-07-05,진송팩,PE28mm 2kgPE28M／M(청)2KG,237.34,49.5,불규칙,2025-12-22,39.4
2026-07-05,동원팩,PE28mm 2kgPE28M／M(백)2KG,295.61,49.5,불규칙,2025-12-29,4.5
2026-07-05,태광오토팩,PP8MPP8M／M9KG(백),15.36,52.6,불규칙,2025-12-01,54.5
2026-07-06,한국포장기계,PE28mm 2kgPE28M／M(백)2KG,1051.37,60.5,안정,2025-12-29,21.3
2026-07-06,KOMERI,"15 x 1,000M 0.55T Yellow15x1,000M0.55T 황색",189.48,58.0,안정,2025-11-23,45.5
2026-07-06,신광포장기계,PP18MPP18M／M10KG 황색인쇄밴드,799.45,62.1,안정,2025-12-02,27.5
2026-07-06,전주삼신산업,PP6MMPP6M／M10KG(백),84.91,47.3,불규칙,2025-12-29,27.2
2026-07-06,동원팩,PP12MPP12M／M10KG(황),83.73,49.2,불규칙,2025-12-20,18.7
2026-07-06,KOMERI,15 x 100M 0.55T15x100M0.55T적색,150.66,57.9,안정,2025-11-23,45.5
2026-07-06,KOMERI,15 x 100M 0.55T15x100M0.55T녹색,0.0,58.0,안정,2025-11-23,45.5
2026-07-07,대상산업,PE28mm 2kgPE28M／M(황)2KG,77.67,47.5,불규칙,2025-12-09,30.7
2026-07-07,주식회사 대한종합포장,PP12MPP12M／M10KG(백),456.58,61.4,안정,2025-11-24,45.1
2026-07-07,경인산업,PP12MPP12M／M10KG(황),847.58,63.7,안정,2025-11-14,47.3
2026-07-07,다금마대,마대,296.67,58.3,안정,2025-12-29,38.4
2026-07-07,경인팩,PE28mm 2kgPE28M／M(백)2KG,1395.37,47.8,불규칙,2025-12-30,7.3
2026-07-07,(주)아이마켓코리아,PP18MM*21kg 삼성 recycle2300M두께0.80mm단중8.8g Clear,6496.73,43.3,불규칙,2025-12-24,5.3
2026-07-07,대상산업,PE28mm 2kgPE28M／M(청)2KG,132.73,52.1,불규칙,2025-12-09,42.4
2026-07-07,(주)아이마켓코리아,"PP18MM x 21Kg 삼성 황색2300M 포장중량 21Kg, 1롤/1pcs 포장 (황색)",5576.77,42.6,불규칙,2025-12-24,15.2
2026-07-08,합동포장기계,PP12MPP12M／M12.5KG (황),1234.44,62.5,안정,2026-01-05,23.7
2026-07-08,(주)아이마켓코리아,PP11MM*13.34KG삼성경량밴드2300m*두께0.84mm단중5.8g GRS,4903.57,50.5,불규칙,2025-12-24,4.0
2026-07-08,신광포장기계,운송료,0.42,43.8,불규칙,2025-12-10,21.7
2026-07-08,경인팩,"PE28mm, 6KGPE28M／M(백)6KG",933.09,52.8,불규칙,2025-12-30,10.2
2026-07-09,신광포장기계,PP15MPP15M／M10KG(백색),530.97,53.0,불규칙,2025-11-19,29.8
2026-07-09,대상산업,PE28mm 2kgPE28M／M(백)2KG,285.44,56.3,안정,2025-12-31,5.2
2026-07-09,경인팩,PP6MMPP6M／M10KG(백),1695.57,47.5,불규칙,2026-01-05,5.3
2026-07-09,연화수출포장,PP15MPP15M／M10 (청색),436.08,61.0,불규칙,2025-09-24,48.5
2026-07-09,(주)낙원포장,PP6MMPP6M/M12.5KG(백),2559.14,55.8,불규칙,2025-12-23,18.5
2026-07-09,에이원코리아,운송료운송료,0.0,67.1,안정,2025-12-29,48.7
2026-07-09,진송팩,PE28mm 2kgPE28M／M(황)2KG,0.0,56.2,안정,2025-12-11,70.8
2026-07-09,동원팩,PP6MMPP6M／M10KG(백),499.39,51.5,불규칙,2026-01-05,5.0
2026-07-09,동원팩,PE28mm 2kgPE28M／M(백)2KG,323.08,49.5,불규칙,2025-12-29,4.5
2026-07-09,경인팩,팔렛트일회용 플라스틱,3.23,47.9,불규칙,2026-01-05,5.5
2026-07-10,동원팩,"PE28mm, 6KGPE28M／M(백)6KG",333.5,56.1,안정,2026-01-05,6.4
2026-07-10,백암지관공업사,PP12MPP12M／M12.5KG (황),0.0,53.6,불규칙,2025-10-28,85.1
2026-07-10,한길포장기계,PP12MPP12M／M10KG(황),379.77,66.3,안정,2026-01-05,31.9
2026-07-10,동원팩,PE28mm 2kgPE28M／M(황)2KG,131.28,43.5,불규칙,2025-11-14,17.9
2026-07-10,대상산업,"PE28mm, 6KGPE28M／M(백)6KG",298.75,52.4,불규칙,2025-12-12,7.3
2026-07-10,우선산업,"PE50mm, 4.5KGPE50M／M(백)4.5KG",1262.04,53.4,불규칙,2025-12-24,18.1
2026-07-10,금산포장,PE28mm 2kgPE28M／M(백)2KG,307.53,55.0,불규칙,2025-12-22,20.1
2026-07-10,"주식회사 오비아이(OBI co.,Ltd.)",PE28mm 2kgPE28M／M(백)2KG,0.0,51.7,불규칙,2025-11-04,124.2
2026-07-10,동원팩,PP6MM매달100롤 할인,0.0,53.3,불규칙,2025-11-04,31.2
2026-07-10,경인팩,운송료,3.92,45.1,불규칙,2026-01-05,6.2
2026-07-10,신광포장기계,PE28mm 2kgPE28M／M(백)2KG,112.18,50.8,불규칙,2025-12-18,12.8
2026-07-11,금산포장,"PE28mm, 6KGPE28M／M(백)6KG",32.0,58.6,안정,2025-12-22,67.8
2026-07-11,하영종합상사,PE28mm 2kgPE28M／M(백)2KG,120.91,58.2,불규칙,2025-09-29,57.3
2026-07-11,진송팩,PE28mm 2kgPE28M／M(백)2KG,1116.89,50.2,불규칙,2026-01-02,10.4
2026-07-11,주식회사 마크원테크,운송료,0.86,42.6,불규칙,2025-12-19,34.5
2026-07-11,주식회사 광림파워팩,PP9MMPP9M／M10KG(황),834.37,52.5,불규칙,2025-12-31,24.7
2026-07-11,주식회사 대원포장기계,PE28mm 2kgPE28M／M(백)2KG,505.26,63.4,안정,2025-12-01,37.3
2026-07-11,(주)낙원포장,PP15MPP15MM*10KG(황색),549.26,61.3,안정,2025-12-23,40.1
2026-07-11,주신산업,PE28mm 2kgPE28M／M(백)2KG,28.37,46.2,불규칙,2026-01-05,11.5
2026-07-11,주신산업,운송료택배비,1.17,46.2,불규칙,2026-01-05,11.5
2026-07-12,서울상사,PP12MPP12M／M10KG(황),956.73,49.4,불규칙,2025-12-19,41.7
2026-07-12,(주)아이마켓코리아,PP18MM*21kg 삼성 recycle2300M두께0.80mm단중8.8g Clear,6544.55,43.3,불규칙,2025-12-24,5.3
2026-07-12,(주)아이마켓코리아,PP11MM*13.34KG삼성경량밴드2300m*두께0.84mm단중5.8g GRS,4544.99,50.5,불규칙,2025-12-24,4.0
2026-07-12,대상산업,PP12MPP12M／M12.5KG (황),92.87,51.0,불규칙,2025-12-17,23.5
2026-07-13,(주)스피드랩코리아,PP6MMPP6M／M10KG(백),600.08,60.4,안정,2026-01-05,27.1
2026-07-13,WESTSIDE PACKAGING SYSTEMS AUSTRALIA,PP 05MM05MM x 7000 x 0.50MM White,10070.17,51.8,불규칙,2025-11-27,114.5
2026-07-13,서흥포장 주식회사,스트레치필름(특수기능형)15*500*400,28.24,72.2,안정,2025-12-10,43.0
2026-07-13,합동포장기계,PE28mm 2kgPE28M／M(백)2KG,657.47,62.2,안정,2026-01-05,21.6
2026-07-13,신광포장기계,PP15MPP15MM*10KG(황색),519.17,51.9,불규칙,2025-12-04,13.0
2026-07-13,천일포장산업,PP6MMPP6M／M10KG(백),4030.78,57.8,안정,2025-12-01,28.0
2026-07-13,한길포장기계,PE28mm 2kgPE28M／M(백)2KG,293.29,61.6,안정,2026-01-05,27.2
2026-07-13,동원팩,PE28mm 2kgPE28M／M(백)2KG,340.54,49.5,불규칙,2025-12-29,4.5
2026-07-14,경인팩,팔렛트일회용 플라스틱,3.14,47.9,불규칙,2026-01-05,5.5
2026-07-14,대상산업,PE28mm 2kgPE28M／M(백)2KG,257.78,56.3,안정,2025-12-31,5.2
2026-07-14,천일포장산업,PE28mm 2kgPE28M／M(백)2KG,1118.97,54.9,불규칙,2025-12-01,25.9
2026-07-14,경인팩,PP6MMPP6M／M10KG(백),1690.24,47.5,불규칙,2026-01-05,5.3
2026-07-14,합동포장기계,PP15MPP15M／M13KG(황),108.01,54.2,불규칙,2026-01-05,38.6
2026-07-14,동원팩,PP6MMPP6M／M10KG(백),562.96,51.5,불규칙,2026-01-05,5.0
2026-07-14,우선산업,PE28mm 2kgPE28M／M(백)2KG,757.34,60.2,안정,2025-12-26,40.4
2026-07-14,경인팩,PE28mm 2kgPE28M／M(백)2KG,1418.48,47.8,불규칙,2025-12-30,7.3
2026-07-14,현대테크,PP12MPP12M／M10KG(황),0.0,55.0,불규칙,2025-09-15,151.8
2026-07-14,연화수출포장,운송료,1.41,57.3,안정,2025-12-31,39.5
2026-07-14,합동포장기계,PP6MMPP6M／M10KG(백),360.72,64.1,안정,2026-01-05,38.8
2026-07-14,WESTSIDE PACKAGING SYSTEMS AUSTRALIA,PP19M Premium Black w/paper corePP19M／M*1000M 0.7T Black w/paper core,9737.9,46.9,불규칙,2025-11-27,229.0
2026-07-14,동원팩,PE28mm 2kgPE28M／M(청)2KG,3.86,47.7,불규칙,2025-12-16,35.0
2026-07-15,진송팩,PP18MPP18M／M10KG(황),179.36,46.0,불규칙,2025-10-24,44.9
2026-07-15,신광포장기계,PP12MPP12M／M10KG(황),525.64,50.8,불규칙,2025-12-29,11.2
2026-07-15,NZ SAFETY BLACKWOODS,"12 x 3,000M 0.60T12x3,000M0.60TBLUE",2026.24,59.4,안정,2025-11-02,85.4
2026-07-15,주식회사 광림파워팩,PP9MMPP9MMx9.2kg 황,1591.79,51.8,불규칙,2025-12-01,113.0
2026-07-16,(주)베스테크,도전성밴드7.7mm*900m,193.84,40.5,불규칙,2025-11-11,19.4
2026-07-16,경인팩,운송료,3.42,45.1,불규칙,2026-01-05,6.2
2026-07-16,동원팩,"PE28mm, 6KGPE28M／M(백)6KG",332.21,56.1,안정,2026-01-05,6.4
2026-07-16,(주)아이마켓코리아,PP11MM*13.34KG삼성경량밴드2300m*두께0.84mm단중5.8g GRS,4205.76,50.5,불규칙,2025-12-24,4.0
2026-07-16,합동포장기계,PP12MPP12M／M10KG(백),11.18,60.2,안정,2026-01-05,48.9
2026-07-17,대상산업,"PE28mm, 6KGPE28M／M(백)6KG",314.5,52.4,불규칙,2025-12-12,7.3
2026-07-17,한국포장기계,PP6MMPP6M／M10KG(백),1810.91,60.1,안정,2025-12-29,20.1
2026-07-17,(주)아이마켓코리아,PP18MM*21kg 삼성 recycle2300M두께0.80mm단중8.8g Clear,7398.23,43.3,불규칙,2025-12-24,5.3
2026-07-17,경인산업,PP12MPP12M／M10KG(백),837.91,61.3,안정,2025-12-04,25.7
2026-07-17,동원팩,PE28mm 2kgPE28M／M(백)2KG,325.05,49.5,불규칙,2025-12-29,4.5
2026-07-18,전주삼신산업,PE28mm 2kgPE28M／M(백)2KG,228.47,53.9,불규칙,2025-12-09,13.1
2026-07-18,대상산업,"PE50mm, 6KGPE50M／M(백)6KG",334.29,57.4,안정,2025-12-22,16.6
2026-07-18,CYKLOP PACKAGING SYSTEMS PTY LTD.,PP 11.5MM 2000M 0.75MM BLACK11.5mm 2000m 0.75mm Black Core 406mm,65.38,53.3,불규칙,2025-09-18,101.2
2026-07-18,경인팩,"PE28mm, 6KGPE28M／M(백)6KG",925.34,52.8,불규칙,2025-12-30,10.2
2026-07-19,경인팩,팔렛트일회용 플라스틱,3.21,47.9,불규칙,2026-01-05,5.5
2026-07-19,주식회사 광림파워팩,PP15MPP15MM*10KG(황색),495.46,49.9,불규칙,2025-12-31,50.6
2026-07-19,경인팩,PP6MMPP6M／M10KG(백),1750.82,47.5,불규칙,2026-01-05,5.3
2026-07-19,동원팩,PP6MMPP6M／M10KG(백),522.72,51.5,불규칙,2026-01-05,5.0
2026-07-19,대상산업,PE28mm 2kgPE28M／M(백)2KG,289.92,56.3,안정,2025-12-31,5.2
2026-07-19,동원팩,운송료,2.01,46.6,불규칙,2025-12-23,16.9
2026-07-19,(주)삼영피앤텍,PE28mm 2kgPE28M／M(백)2KG,0.0,60.4,안정,2025-11-06,51.8
2026-07-20,(주)아이마켓코리아,PP11MM*13.34KG삼성경량밴드2300m*두께0.84mm단중5.8g GRS,4568.25,50.5,불규칙,2025-12-24,4.0
2026-07-20,세움패키지(SEUMPKG),운송료,1.43,53.3,불규칙,2025-12-16,24.8
2026-07-20,전주삼신산업,PP9MMPP9M／M10KG(황),88.63,60.9,안정,2025-12-12,22.3
2026-07-21,이록기업사,PP7MPP7M10KG백색,0.0,62.3,불규칙,2026-01-05,197.5
2026-07-21,전주삼신산업,PP7MPP7M10KG백색,224.99,51.0,불규칙,2025-12-09,28.6
2026-07-21,이록기업사,운송료,0.0,62.3,불규칙,2026-01-05,197.5
2026-07-21,동원팩,PE28mm 2kgPE28M／M(백)2KG,330.92,49.5,불규칙,2025-12-29,4.5
2026-07-21,제이케이머티리얼즈(주)/순성공장,PP18MPP18M／M10KG(황),1389.14,64.0,안정,2025-12-26,23.9
2026-07-21,진송팩,PE28mm 2kgPE28M／M(백)2KG,1065.39,50.2,불규칙,2026-01-02,10.4
2026-07-21,경인팩,PE28mm 2kgPE28M／M(백)2KG,1321.73,47.8,불규칙,2025-12-30,7.3
2026-07-21,경인팩,PP12MPP12M／M10KG(백),464.07,46.1,불규칙,2025-11-25,119.0
2026-07-22,(주)아이마켓코리아,PP18MM*21kg 삼성 recycle2300M두께0.80mm단중8.8g Clear,7952.25,43.3,불규칙,2025-12-24,5.3
2026-07-22,주신산업,운송료택배비,1.23,46.2,불규칙,2026-01-05,11.5
2026-07-22,PARAMOUNT PAPER MERCHANTS PTY LTD.,팔레트팔레트,0.0,52.6,불규칙,2025-11-02,262.0
2026-07-22,전주삼신산업,PP15MPP15MM*10KG(황색),11.15,58.2,안정,2025-12-12,74.2
2026-07-22,PARAMOUNT PAPER MERCHANTS PTY LTD.,Ocean FreightOcean Freight (선임),0.0,52.6,불규칙,2025-11-02,262.0
2026-07-22,PARAMOUNT PAPER MERCHANTS PTY LTD.,"12 x 3,000M 0.65T12x3,000M0.65T BLUE",3.45,52.6,불규칙,2025-11-02,262.0
2026-07-22,주신산업,PE28mm 2kgPE28M／M(백)2KG,25.92,46.2,불규칙,2026-01-05,11.5
2026-07-22,PARAMOUNT PAPER MERCHANTS PTY LTD.,"12 x 3,000M 0.55T12 x 3,000M 0.55T 청색",0.0,52.6,불규칙,2025-11-02,262.0
2026-07-22,동원팩,"PE28mm, 6KGPE28M／M(백)6KG",334.9,56.1,안정,2026-01-05,6.4
2026-07-22,민건 이에이,PP12MPP12M／M10KG(백),1426.58,57.0,안정,2025-12-24,30.2
2026-07-22,신광포장기계,PE28mm 2kgPE28M／M(백)2KG,108.67,50.8,불규칙,2025-12-18,12.8
2026-07-22,대흥수출포장,PE28mm 2kgPE28M／M(백)2KG,107.97,48.6,불규칙,2026-01-05,33.2
2026-07-22,(주)아이마켓코리아,"PP18MM x 21Kg 삼성 황색2300M 포장중량 21Kg, 1롤/1pcs 포장 (황색)",5027.24,42.6,불규칙,2025-12-24,15.2
2026-07-22,경인팩,운송료,3.38,45.1,불규칙,2026-01-05,6.2
2026-07-23,서흥포장 주식회사,PP7MPP7M10KG백색,0.0,44.3,불규칙,2025-09-23,101.7
2026-07-23,동서포장종합상사,PE28mm 2kgPE28M／M(백)2KG,166.6,54.8,불규칙,2025-12-18,31.2
2026-07-23,주)대성씨앤씨,PP12MPP12M／M10KG(황),1653.8,50.9,불규칙,2025-11-28,79.4
2026-07-23,세림산업사,PP원료 (검정),0.0,48.7,불규칙,2025-10-14,94.0
2026-07-24,대상산업,"PE28mm, 6KGPE28M／M(백)6KG",284.93,52.4,불규칙,2025-12-12,7.3
2026-07-24,동원팩,PP6MMPP6M／M10KG(백),488.7,51.5,불규칙,2026-01-05,5.0
2026-07-24,H.E. BAUMRUCKER COMPANY,PP 12MM12MM 2195M 0.65MM Black (16x6),13206.17,43.0,불규칙,2025-09-27,75.2
2026-07-24,동원팩,PP12MPP12M／M10KG(황),77.8,49.2,불규칙,2025-12-20,18.7
2026-07-24,경인팩,PP6MMPP6M／M10KG(백),1727.76,47.5,불규칙,2026-01-05,5.3
2026-07-24,주식회사 광림파워팩,PP6MMPP6M／M10KG(백),1944.4,40.5,불규칙,2025-08-08,70.4
2026-07-24,대상산업,PE28mm 2kgPE28M／M(백)2KG,283.6,56.3,안정,2025-12-31,5.2
2026-07-24,경인팩,팔렛트일회용 플라스틱,3.04,47.9,불규칙,2026-01-05,5.5
2026-07-24,전주삼신산업,PP12MPP12M／M10KG(황),0.0,43.8,불규칙,2025-12-26,70.4
2026-07-24,(주)아이마켓코리아,PP11MM*13.34KG삼성경량밴드2300m*두께0.84mm단중5.8g GRS,2796.38,50.5,불규칙,2025-12-24,4.0
2026-07-24,한남포장기계,PP12MPP12M／M9KG(황),480.12,59.7,안정,2025-12-16,20.3
2026-07-25,주식회사 동원피앤아이,"PE50mm, 4.7KGPE50M／M(황)4.7KG",917.73,66.2,안정,2025-12-17,44.6
2026-07-25,주식회사 삼우텍,운송료,0.14,53.4,불규칙,2025-12-04,233.3
2026-07-25,경인산업,PP7MPP7M10KG백색,0.0,65.9,안정,2025-10-31,89.0
2026-07-25,에이원코리아,PP12MPP12M／M12KG(황),996.44,70.3,안정,2025-12-29,52.5
2026-07-25,진송팩,PE28mm 2kgPE28M／M(적)2KG,38.59,44.2,불규칙,2025-11-19,62.5
2026-07-25,동원팩,PE28mm 2kgPE28M／M(백)2KG,317.77,49.5,불규칙,2025-12-29,4.5
2026-07-26,신광포장기계,PP12MPP12M／M10KG(황),497.42,50.8,불규칙,2025-12-29,11.2
2026-07-26,KOMERI,15 x 100M 0.55T15x100M 0.55T 황색,0.0,46.8,불규칙,2025-11-23,49.0
2026-07-26,신광포장기계,PP15MPP15MM*10KG(황색),528.53,51.9,불규칙,2025-12-04,13.0
2026-07-26,KOMERI,15 x 100M 0.55T15x100M0.55T청색,0.0,46.8,불규칙,2025-11-23,49.0
2026-07-26,광림포장기계,PP12MPP12M／M10KG(황),756.7,60.7,안정,2025-12-31,69.8
2026-07-26,서흥포장 주식회사,PP12MPP12M／M10KG(황),0.63,59.9,안정,2025-12-10,57.3
2026-07-27,(주)아이마켓코리아,PP18MM*21kg 삼성 recycle2300M두께0.80mm단중8.8g Clear,6571.89,43.3,불규칙,2025-12-24,5.3
2026-07-27,합동포장기계,PP12MPP12M／M10KG(황),367.53,67.2,안정,2026-01-05,29.4
2026-07-27,(주)영화수출포장,PE 결속끈PE#50 (백) 5500m 5KG,0.0,69.2,안정,2025-11-14,85.0
2026-07-27,동원팩,PE28mm 2kgPE28M／M(황)2KG,134.04,43.5,불규칙,2025-11-14,17.9
2026-07-27,주식회사 광림파워팩,PP12MPP12M／M12.5KG (황),808.29,64.4,안정,2025-12-31,26.8
2026-07-27,(주)낙원포장,PP6MMPP6M/M12.5KG(백),2615.37,55.8,불규칙,2025-12-23,18.5
2026-07-27,(주)낙원포장,PP12MPP12M／M10KG(황),410.47,59.8,안정,2025-12-23,27.7
2026-07-27,한국포장기계,PE28mm 2kgPE28M／M(백)2KG,1081.97,60.5,안정,2025-12-29,21.3
2026-07-27,대상산업,PP12MPP12M／M10KG(황),4.72,52.4,불규칙,2026-01-02,103.0
2026-07-28,TIGERPAK PACKAGING,12 x 2800M 0.60T12 x 2800M 0.60T BLUE,12401.89,50.9,불규칙,2025-12-25,43.5
2026-07-28,경인팩,"PE28mm, 6KGPE28M／M(백)6KG",889.01,52.8,불규칙,2025-12-30,10.2
2026-07-28,신광포장기계,PP9MMPP9M／M10KG(투명),260.52,67.5,안정,2026-01-05,51.3
2026-07-28,RLBUTTON,팔레트팔레트,0.0,63.0,안정,2025-12-16,56.8
2026-07-28,(주)아이마켓코리아,PP11MM*13.34KG삼성경량밴드2300m*두께0.84mm단중5.8g GRS,3865.7,50.5,불규칙,2025-12-24,4.0
2026-07-28,피앤비,PP12MPP12M／M10KG(백),558.08,68.0,안정,2025-11-06,66.8
2026-07-28,경인팩,운송료,3.39,45.1,불규칙,2026-01-05,6.2
2026-07-28,주식회사 대한종합포장,PP5MMx7000Mx0.5T 백색,41.71,57.0,안정,2025-11-10,65.3
2026-07-28,동원팩,"PE28mm, 6KGPE28M／M(백)6KG",308.29,56.1,안정,2026-01-05,6.4
2026-07-28,경인팩,PE28mm 2kgPE28M／M(백)2KG,1337.82,47.8,불규칙,2025-12-30,7.3
2026-07-28,우선산업,"PE50mm, 4.5KGPE50M／M(백)4.5KG",1287.67,53.4,불규칙,2025-12-24,18.1
2026-07-29,대상산업,PE28mm 2kgPE28M／M(백)2KG,296.05,56.3,안정,2025-12-31,5.2
2026-07-29,동원팩,PE28mm 2kgPE28M／M(백)2KG,328.56,49.5,불규칙,2025-12-29,4.5
2026-07-29,주식회사 진도종합상사,운송료,5.75,64.5,안정,2026-01-05,41.9
2026-07-29,합동포장기계,PP12MPP12mm*0.72T*2800m 12.5KG(투명),0.0,41.3,불규칙,2025-11-01,90.5
2026-07-29,경인팩,PP6MMPP6M／M10KG(백),1698.58,47.5,불규칙,2026-01-05,5.3
2026-07-29,ANDERSON WHOLESALE PACKAGING PTY LTD.,PP19M HD BlackPP19M／M*1000M1.0TBlack,1687.19,41.0,불규칙,2025-09-08,81.0
2026-07-29,경인팩,PP6MMPP6M／M10KG(청),0.0,53.9,불규칙,2025-12-29,106.0
2026-07-29,연화수출포장,PP15MPP15M／M10KG(투명),13.34,41.8,불규칙,2025-12-31,70.0
2026-07-29,주)대성씨앤씨,스트레치필름(일반 기계랩)20*500mm*1400m,50.15,67.7,안정,2025-12-09,29.5
2026-07-29,신광포장기계,운송료,0.45,43.8,불규칙,2025-12-10,21.7
2026-07-29,CYKLOP PACKAGING SYSTEMS PTY LTD.,PP19M HD BlackPP19M／M*1000M1.0TBlack,4256.64,59.5,안정,2025-12-25,72.2
2026-07-29,동원팩,PP6MMPP6M／M10KG(백),547.43,51.5,불규칙,2026-01-05,5.0
2026-07-29,경인팩,팔렛트일회용 플라스틱,3.06,47.9,불규칙,2026-01-05,5.5
2026-07-30,전주삼신산업,PP9MMPP9M／M10KG(투명),148.52,45.5,불규칙,2025-12-12,46.9
2026-07-30,금산포장,PE28mm 2kgPE28M／M(백)2KG,336.42,55.0,불규칙,2025-12-22,20.1
2026-07-30,삼원산업,PP12MPP12M／M12KG(투명),0.0,48.2,불규칙,2025-12-02,120.2
2026-07-30,한국포장기계,운송료,0.01,53.7,불규칙,2025-12-29,71.2
2026-07-31,전주삼신산업,PE28mm 2kgPE28M／M(백)2KG,225.27,53.9,불규칙,2025-12-09,13.1
2026-07-31,진송팩,PE28mm 2kgPE28M／M(백)2KG,1092.59,50.2,불규칙,2026-01-02,10.4
2026-07-31,대상산업,"PE28mm, 6KGPE28M／M(백)6KG",278.8,52.4,불규칙,2025-12-12,7.3
2026-07-31,합동포장기계,PP12MPP12M／M12.5KG (황),1329.07,62.5,안정,2026-01-05,23.7
2026-08-01,신광포장기계,PP15MPP15MM*10KG(청색),269.25,64.2,안정,2025-11-26,62.4
2026-08-01,(주)아이마켓코리아,PP11MM*13.34KG삼성경량밴드2300m*두께0.84mm단중5.8g GRS,5376.92,50.5,불규칙,2025-12-24,4.0
2026-08-01,(주)아이마켓코리아,PP18MM*21kg 삼성 recycle2300M두께0.80mm단중8.8g Clear,5161.97,43.3,불규칙,2025-12-24,5.3
2026-08-02,주신산업,운송료택배비,1.5,46.2,불규칙,2026-01-05,11.5
2026-08-02,주신산업,PE28mm 2kgPE28M／M(백)2KG,30.8,46.2,불규칙,2026-01-05,11.5
2026-08-02,KOMERI,"15.5 x 2,500M 0.55T15.5x2,500M0.55T황색",2837.71,58.8,안정,2025-11-23,42.5
2026-08-02,KOMERI,"15.5 x 2,500M 0.55T15.5x2,500M0.55T청색",4340.87,53.0,불규칙,2025-11-23,63.7
2026-08-02,주식회사 삼성종합포장,PE28mm 2kgPE28M／M(백)2KG,7.58,56.5,불규칙,2025-12-18,227.3
2026-08-02,신광포장기계,PP18MPP18M／M10KG 황색인쇄밴드,839.84,62.1,안정,2025-12-02,27.5
2026-08-02,동원팩,PE28mm 2kgPE28M／M(백)2KG,237.82,49.5,불규칙,2025-12-29,4.5
2026-08-02,전주삼신산업,PP6MMPP6M／M10KG(백),110.68,47.3,불규칙,2025-12-29,27.2
2026-08-02,KOMERI,15 x 100M 0.55T15x100M0.55T자색,456.26,58.8,안정,2025-11-23,42.5
2026-08-02,KOMERI,15 x 100M 0.55T15x100M0.55T백색,1207.47,58.8,안정,2025-11-23,42.5
2026-08-03,주식회사 진도종합상사,PE28mm 2kgPE28M／M(백)2KG,62.22,62.9,안정,2026-01-05,42.7
2026-08-03,동원팩,"PE28mm, 6KGPE28M／M(백)6KG",376.86,56.1,안정,2026-01-05,6.4
2026-08-03,경인팩,PP6MMPP6M／M10KG(백),1254.86,47.5,불규칙,2026-01-05,5.3
2026-08-03,ANDERSON WHOLESALE PACKAGING PTY LTD.,PP19M Premium BlackPP19M／M*1000M 0.7T Black,9810.26,55.8,불규칙,2025-12-14,58.7
2026-08-03,대상산업,"PE50mm, 6KGPE50M／M(백)6KG",247.4,57.4,안정,2025-12-22,16.6
2026-08-03,신광포장기계,PE28mm 2kgPE28M／M(백)2KG,437.01,50.8,불규칙,2025-12-18,12.8
2026-08-03,대상산업,PE28mm 2kgPE28M／M(백)2KG,491.78,56.3,안정,2025-12-31,5.2
2026-08-03,동원팩,PP6MMPP6M／M10KG(백),539.26,51.5,불규칙,2026-01-05,5.0
2026-08-03,성신목재,부자재마대,0.0,53.8,불규칙,2025-09-05,166.3
2026-08-03,합동포장기계,PE28mm 2kgPE28M／M(백)2KG,465.51,62.2,안정,2026-01-05,21.6
2026-08-03,신광포장기계,"PE28mm, 6KGPE28M／M(백)6KG",69.99,49.9,불규칙,2025-11-04,34.6
2026-08-03,경인팩,팔렛트일회용 플라스틱,2.59,47.9,불규칙,2026-01-05,5.5
2026-08-03,경인팩,운송료,2.03,45.1,불규칙,2026-01-05,6.2
2026-08-03,(주)수현물산,PP15MPP15M／M9KG(황),0.0,63.6,안정,2025-11-24,84.6
2026-08-04,동원팩,운송료,2.46,46.6,불규칙,2025-12-23,16.9
2026-08-04,경인팩,PE28mm 2kgPE28M／M(백)2KG,742.58,47.8,불규칙,2025-12-30,7.3
2026-08-04,(주)베스테크,도전성밴드7.7mm*900m,136.64,40.5,불규칙,2025-11-11,19.4
2026-08-04,진송팩,"PE28mm, 6KGPE28M／M(백)6KG",110.67,47.8,불규칙,2025-12-02,35.0
2026-08-04,주식회사 광림파워팩,PP9MMPP9M／M10KG(황),1276.66,52.5,불규칙,2025-12-31,24.7
2026-08-04,대상산업,PP12MPP12M／M12.5KG (황),295.73,51.0,불규칙,2025-12-17,23.5
2026-08-05,(주)아이마켓코리아,PP11MM*13.34KG삼성경량밴드2300m*두께0.84mm단중5.8g GRS,3948.33,50.5,불규칙,2025-12-24,4.0
2026-08-05,RLBUTTON,PP19M BUILDERSPP19M／M*300M 0.60T Blue Thermakraft print box,117.94,41.4,불규칙,2025-11-12,133.5
2026-08-05,주식회사청아판지팩,PE28mm 2kgPE28M／M(백)2KG,0.0,51.8,불규칙,2025-09-25,157.5
2026-08-05,(주)낙원포장,PP10.5MPP10.5M10KG투명,687.37,53.1,불규칙,2025-12-23,45.3
2026-08-05,주식회사 대한종합포장,스트레치필름(일반 기계랩)20*500mm*1400m,31.6,48.4,불규칙,2025-11-19,37.3
2026-08-06,주식회사 광림파워팩,PP15MPP15M／M13KG(황),886.46,60.1,안정,2025-12-18,77.2
2026-08-06,대상산업,PE28mm 2kgPE28M／M(황)2KG,246.34,47.5,불규칙,2025-12-09,30.7
2026-08-06,(주)아이마켓코리아,PP18MM*21kg 삼성 recycle2300M두께0.80mm단중8.8g Clear,4679.43,43.3,불규칙,2025-12-24,5.3
2026-08-06,(주)아이마켓코리아,"PP18MM x 21Kg 삼성 황색2300M 포장중량 21Kg, 1롤/1pcs 포장 (황색)",2265.85,42.6,불규칙,2025-12-24,15.2
2026-08-06,신광포장기계,PP12MPP12M／M10KG(황),167.44,50.8,불규칙,2025-12-29,11.2
2026-08-06,동원팩,PE28mm 2kgPE28M／M(백)2KG,206.32,49.5,불규칙,2025-12-29,4.5
2026-08-06,한국포장기계,PP6MMPP6M／M10KG(백),1854.4,60.1,안정,2025-12-29,20.1
2026-08-07,경인팩,"PE28mm, 6KGPE28M／M(백)6KG",971.39,52.8,불규칙,2025-12-30,10.2
2026-08-07,신광포장기계,PP15MPP15M／M10KG(백색),367.94,53.0,불규칙,2025-11-19,29.8
2026-08-07,동방포장기자재,PP12MPP12M／M10KG(황),17.47,53.0,불규칙,2025-11-24,64.4
2026-08-07,대상산업,"PE28mm, 6KGPE28M／M(백)6KG",200.17,52.4,불규칙,2025-12-12,7.3
2026-08-08,서울상사,PP9MMPP9M／M10KG(투명),0.0,52.3,불규칙,2025-12-19,116.4
2026-08-08,천일포장산업,PE28mm 2kgPE28M／M(백)2KG,1029.13,54.9,불규칙,2025-12-01,25.9
2026-08-08,H.E. BAUMRUCKER COMPANY,"12 x 3,018M 0.58T White 230 CORE (9x8)12 x 3,018M 0.58T White 230 CORE (9x8)",58.87,40.2,불규칙,2025-09-27,105.2
2026-08-08,경인팩,팔렛트일회용 플라스틱,2.45,47.9,불규칙,2026-01-05,5.5
2026-08-08,대상산업,PE28mm 2kgPE28M／M(백)2KG,489.28,56.3,안정,2025-12-31,5.2
2026-08-08,동원팩,PP6MMPP6M／M10KG(백),519.32,51.5,불규칙,2026-01-05,5.0
2026-08-08,신광포장기계,PP15MPP15MM*10KG(황색),497.61,51.9,불규칙,2025-12-04,13.0
2026-08-08,경인팩,PP6MMPP6M／M10KG(백),1251.42,47.5,불규칙,2026-01-05,5.3
2026-08-08,강원농협연합포장재가공사업소,PP12MPP12M／M12.5KG (황),5946.3,49.0,불규칙,2025-11-17,44.5
2026-08-08,주신산업,PP12MPP12M／M10KG(황),570.94,54.2,불규칙,2025-12-31,44.6
2026-08-08,H.E. BAUMRUCKER COMPANY,"9 x 3,932M 0.61T9 x 3,932M 0.61T 백색",0.0,54.9,불규칙,2025-09-27,105.2
2026-08-09,한길포장기계,PP9MMPP9M／M10KG(투명),366.61,55.5,불규칙,2026-01-05,54.3
2026-08-09,경인팩,운송료,2.02,45.1,불규칙,2026-01-05,6.2
2026-08-09,한길포장기계,PE28mm 2kgPE28M／M(백)2KG,203.27,61.6,안정,2026-01-05,27.2
2026-08-09,동원팩,"PE28mm, 6KGPE28M／M(백)6KG",400.18,56.1,안정,2026-01-05,6.4
2026-08-09,(주)스피드랩코리아,PP6MMPP6M／M10KG(백),512.39,60.4,안정,2026-01-05,27.1
2026-08-09,한길포장기계,PP12MPP12M／M10KG(백),756.98,67.4,안정,2026-01-05,36.7
2026-08-09,(주)아이마켓코리아,PP11MM*13.34KG삼성경량밴드2300m*두께0.84mm단중5.8g GRS,3902.02,50.5,불규칙,2025-12-24,4.0
2026-08-09,NZ SAFETY BLACKWOODS,"12 x 3,000M 0.60T12x3,000M0.60TCLEAR",6040.65,55.0,불규칙,2025-08-19,71.9
2026-08-10,동원팩,PP6MM매달100롤 할인,0.0,53.3,불규칙,2025-11-04,31.2
2026-08-10,한길포장기계,PP12MPP12M／M10KG(황),802.87,66.3,안정,2026-01-05,31.9
2026-08-10,하영종합상사,운송료,0.0,64.3,불규칙,2025-09-29,63.7
2026-08-10,주식회사 광림파워팩,PP12MPP12M／M10KG(황),871.57,55.6,불규칙,2025-12-31,37.9
2026-08-10,천일포장산업,PP6MMPP6M／M10KG(백),1780.87,57.8,안정,2025-12-01,28.0
2026-08-10,진송팩,PE28mm 2kgPE28M／M(백)2KG,469.7,50.2,불규칙,2026-01-02,10.4
2026-08-10,동원팩,PE28mm 2kgPE28M／M(백)2KG,208.79,49.5,불규칙,2025-12-29,4.5
2026-08-11,호성수출포장,스트레치필름(일반 핸드랩 20)20*500mm*350m,1.34,62.5,안정,2025-10-31,71.6
2026-08-11,경인산업,PP12MPP12M／M10KG(백),561.84,61.3,안정,2025-12-04,25.7
2026-08-11,(주)아이마켓코리아,PP18MM*21kg 삼성 recycle2300M두께0.80mm단중8.8g Clear,4940.63,43.3,불규칙,2025-12-24,5.3
2026-08-11,동원팩,PP12MPP12M／M10KG(황),121.92,49.2,불규칙,2025-12-20,18.7
2026-08-11,경인팩,PE28mm 2kgPE28M／M(백)2KG,823.68,47.8,불규칙,2025-12-30,7.3
2026-08-11,전주삼신산업,PP9MMPP9M／M10KG(황),124.23,60.9,안정,2025-12-12,22.3
2026-08-12,대상산업,"PE50mm, 6KGPE50M／M(황)6KG",204.24,62.3,안정,2025-11-20,53.2
2026-08-12,한남포장기계,PE28mm 2kgPE28M／M(백)2KG,1394.69,61.5,불규칙,2025-10-10,102.7
2026-08-12,서울상사,PP15MPP15MM*10KG(황색),1005.96,55.3,불규칙,2025-12-19,118.2
2026-08-12,광림포장기계,PP12MPP12mm*0.72T*2800m 12.5KG(투명),7978.67,43.5,불규칙,2025-08-21,178.0
2026-08-12,(주)낙원포장,PP10.5MPP10.5M10KG(청),0.0,50.9,불규칙,2025-12-09,82.8
2026-08-13,세움패키지(SEUMPKG),운송료,0.95,53.3,불규칙,2025-12-16,24.8
2026-08-13,경인팩,팔렛트일회용 플라스틱,2.45,47.9,불규칙,2026-01-05,5.5
2026-08-13,주신산업,PE28mm 2kgPE28M／M(백)2KG,30.62,46.2,불규칙,2026-01-05,11.5
2026-08-13,전주삼신산업,PE28mm 2kgPE28M／M(백)2KG,221.66,53.9,불규칙,2025-12-09,13.1
2026-08-13,동원팩,PP6MMPP6M／M10KG(백),550.9,51.5,불규칙,2026-01-05,5.0
2026-08-13,진송팩,PE28mm 2kgPE28M／M(청)2KG,272.58,49.5,불규칙,2025-12-22,39.4
2026-08-13,경인팩,PP6MMPP6M／M10KG(황),1225.91,46.5,불규칙,2025-12-31,75.7
2026-08-13,피앤비,PP7MPP7M10KG백색,0.0,63.4,안정,2025-11-06,70.9
2026-08-13,주신산업,운송료택배비,1.71,46.2,불규칙,2026-01-05,11.5
2026-08-13,대상산업,PE28mm 2kgPE28M／M(백)2KG,448.43,56.3,안정,2025-12-31,5.2
2026-08-13,경인팩,PP6MMPP6M／M10KG(백),1180.05,47.5,불규칙,2026-01-05,5.3
2026-08-13,제이케이머티리얼즈(주)/순성공장,PP18MPP18M／M10KG(황),1404.91,64.0,안정,2025-12-26,23.9
2026-08-13,경인팩,"PE50mm, 6KGPE50M／M(백)6KG",12.8,44.6,불규칙,2025-09-23,81.9
2026-08-13,신한포장기계(주),PE28mm 2kgPE28M／M(백)2KG,1201.05,58.7,안정,2025-11-10,69.8
2026-08-13,동원팩,PE28mm 2kgPE28M／M(황)2KG,21.73,43.5,불규칙,2025-11-14,17.9
2026-08-13,한남포장기계,PP12MPP12M／M9KG(황),483.74,59.7,안정,2025-12-16,20.3
2026-08-13,(주)아이마켓코리아,PP11MM*13.34KG삼성경량밴드2300m*두께0.84mm단중5.8g GRS,3897.75,50.5,불규칙,2025-12-24,4.0
2026-08-13,신광포장기계(부산),PE28mm 2kgPE28M／M(백)2KG,337.32,44.0,불규칙,2025-11-04,47.9
2026-08-14,동원팩,PE28mm 2kgPE28M／M(백)2KG,254.64,49.5,불규칙,2025-12-29,4.5
2026-08-14,(주)낙원포장,PP6MMPP6M/M12.5KG(백),2754.01,55.8,불규칙,2025-12-23,18.5
2026-08-14,TIGERPAK PACKAGING,"15 x 1,000M 0.50T Blue15x1,000M0.50T청색",2494.7,58.2,안정,2025-12-25,58.6
2026-08-14,태광오토팩,PE28mm 2kgPE28M／M(백)2KG,572.63,60.0,안정,2025-11-11,69.2
2026-08-14,주식회사 마크원테크,운송료,0.86,42.6,불규칙,2025-12-19,34.5
2026-08-14,대상산업,"PE28mm, 6KGPE28M／M(백)6KG",192.09,52.4,불규칙,2025-12-12,7.3
2026-08-14,다금마대,마대,448.68,58.3,안정,2025-12-29,38.4
2026-08-15,우선산업,"PE50mm, 4.5KGPE50M／M(백)4.5KG",2.7,53.4,불규칙,2025-12-24,18.1
2026-08-15,경인팩,운송료,1.88,45.1,불규칙,2026-01-05,6.2
2026-08-15,ANDERSON WHOLESALE PACKAGING PTY LTD.,"12 x 3,000M 0.60T12x3,000M0.60TCLEAR",7792.58,57.8,안정,2025-12-14,61.3
2026-08-15,ANDERSON WHOLESALE PACKAGING PTY LTD.,Ocean FreightOcean Freight (선임),2.0,57.8,안정,2025-12-14,61.3
2026-08-15,동원팩,"PE28mm, 6KGPE28M／M(백)6KG",357.06,56.1,안정,2026-01-05,6.4
2026-08-15,ANDERSON WHOLESALE PACKAGING PTY LTD.,"12 x 3,000M 0.60T12x3,000M0.60TBLUE",13723.99,57.8,안정,2025-12-14,61.3
2026-08-15,ANDERSON WHOLESALE PACKAGING PTY LTD.,PP 12MM12MMx1000Mx0.50MM Blue,2271.68,57.8,안정,2025-12-14,61.3
2026-08-15,신광포장기계,PE28mm 2kgPE28M／M(백)2KG,393.48,50.8,불규칙,2025-12-18,12.8
2026-08-16,(주)아이마켓코리아,PP18MM*21kg 삼성 recycle2300M두께0.80mm단중8.8g Clear,4501.45,43.3,불규칙,2025-12-24,5.3
2026-08-16,TIGERPAK PACKAGING,"15 x 1,000M 0.7T H/D Black15 x 1,000M 0.7T H/D Black",2316.16,52.2,불규칙,2025-12-25,117.2
2026-08-16,합동포장기계,스트레치필름(일반 기계랩)20*500mm*1400m,2.21,52.7,불규칙,2025-12-01,43.0
2026-08-16,TIGERPAK PACKAGING,PP19M Premium BlackPP19M／M*1000M 0.7T Black,0.0,54.2,불규칙,2025-12-25,78.1
2026-08-16,(주)탐스텍,"15 x 1,000M 1.0T H/D Yellow w/paper core15 x 1,000M 1.0T H/D Yellow w/paper core",20.71,49.4,불규칙,2025-09-16,167.0
2026-08-17,경인팩,"PE28mm, 6KGPE28M／M(백)6KG",1072.96,52.8,불규칙,2025-12-30,10.2
2026-08-17,신광포장기계,PP12MPP12M／M10KG(황),174.26,50.8,불규칙,2025-12-29,11.2
2026-08-17,주식회사 대원포장기계,PE28mm 2kgPE28M／M(백)2KG,757.89,63.4,안정,2025-12-01,37.3
2026-08-17,NZ SAFETY BLACKWOODS,PP19MPP19M／M*0.55T 1000M Blue,3597.88,61.7,안정,2025-11-02,72.2
2026-08-17,(주)아이마켓코리아,PP11MM*13.34KG삼성경량밴드2300m*두께0.84mm단중5.8g GRS,4516.65,50.5,불규칙,2025-12-24,4.0
2026-08-17,신광포장기계,PP12MPP12M／M10KG(백),270.2,58.0,안정,2026-01-05,56.0
2026-08-17,한국포장기계,PE28mm 2kgPE28M／M(백)2KG,952.07,60.5,안정,2025-12-29,21.3
2026-08-17,보우팩,"PE28mm, 6KGPE28M／M(백)6KG",1468.86,45.6,불규칙,2025-08-06,188.3
2026-08-18,경인팩,PE28mm 2kgPE28M／M(백)2KG,772.08,47.8,불규칙,2025-12-30,7.3
2026-08-18,대상산업,PE28mm 2kgPE28M／M(청)2KG,131.83,52.1,불규칙,2025-12-09,42.4
2026-08-18,동원팩,PE28mm 2kgPE28M／M(청)2KG,43.09,47.7,불규칙,2025-12-16,35.0
2026-08-18,전주삼신산업,PP7MPP7M10KG백색,316.71,51.0,불규칙,2025-12-09,28.6
2026-08-18,경인팩,PP6MMPP6M／M10KG(백),1427.12,47.5,불규칙,2026-01-05,5.3
2026-08-18,경인팩,팔렛트일회용 플라스틱,2.29,47.9,불규칙,2026-01-05,5.5
2026-08-18,동원팩,PE28mm 2kgPE28M／M(백)2KG,217.04,49.5,불규칙,2025-12-29,4.5
2026-08-18,H.E. BAUMRUCKER COMPANY,"9 x 3,932M 0.61T 백색 230 CORE (9*8)9 x 3,932M 0.61T 백색 230 CORE (9*8)",0.0,44.0,불규칙,2025-09-27,65.8
2026-08-18,H.E. BAUMRUCKER COMPANY,Ocean FreightOcean Freight (선임),0.01,44.0,불규칙,2025-09-27,65.8
2026-08-18,대상산업,PE28mm 2kgPE28M／M(백)2KG,481.53,56.3,안정,2025-12-31,5.2
2026-08-18,동원팩,PP6MMPP6M／M10KG(백),539.95,51.5,불규칙,2026-01-05,5.0
2026-08-19,신광포장기계,운송료,1.48,43.8,불규칙,2025-12-10,21.7
2026-08-19,천일포장산업,"PE28mm, 6KGPE28M／M(백)6KG",6.75,46.3,불규칙,2025-09-05,87.0
2026-08-19,대상산업,"PE50mm, 6KGPE50M／M(백)6KG",258.02,57.4,안정,2025-12-22,16.6
2026-08-19,금산포장,PE28mm 2kgPE28M／M(백)2KG,287.7,55.0,불규칙,2025-12-22,20.1
2026-08-19,세화종합상사,PE28mm 2kgPE28M／M(백)2KG,92.11,63.0,안정,2025-11-24,67.2
2026-08-19,CYKLOP PACKAGING SYSTEMS PTY LTD.,PP 12MM12MMx1000Mx0.55MM Blue,2589.07,49.7,불규칙,2025-09-18,67.4
2026-08-20,KOMERI,15 x 100M 0.55T15x100M0.55T적색,143.55,57.9,안정,2025-11-23,45.5
2026-08-20,동원팩,운송료,2.74,46.6,불규칙,2025-12-23,16.9
2026-08-20,태광오토팩,PP7MPP7M10KG백색,0.0,58.4,불규칙,2025-12-01,131.2
2026-08-20,(주)낙원포장,PP15MPP15MM*10KG(황색),533.75,61.3,안정,2025-12-23,40.1
2026-08-20,진송팩,PE28mm 2kgPE28M／M(백)2KG,373.32,50.2,불규칙,2026-01-02,10.4
2026-08-20,KOMERI,15 x 100M 0.55T15x100M0.55T녹색,357.97,58.0,안정,2025-11-23,45.5
2026-08-20,KOMERI,"15 x 1,000M 0.55T Yellow15x1,000M0.55T 황색",3277.23,58.0,안정,2025-11-23,45.5
2026-08-21,경인팩,운송료,2.16,45.1,불규칙,2026-01-05,6.2
2026-08-21,RLBUTTON,PP19M * 1000M HD BlackPP19MM*1000M*0.85T Black,4237.88,67.8,안정,2025-12-16,62.0
2026-08-21,(주)아이마켓코리아,PP18MM*21kg 삼성 recycle2300M두께0.80mm단중8.8g Clear,4124.96,43.3,불규칙,2025-12-24,5.3
2026-08-21,민건 이에이,PP12MPP12M／M10KG(백),731.96,57.0,안정,2025-12-24,30.2
2026-08-21,동원팩,"PE28mm, 6KGPE28M／M(백)6KG",340.93,56.1,안정,2026-01-05,6.4
2026-08-21,금산포장,PP12MPP12M／M10KG(투명),7.12,46.2,불규칙,2025-12-24,60.1
2026-08-21,(주)아이마켓코리아,"PP18MM x 21Kg 삼성 황색2300M 포장중량 21Kg, 1롤/1pcs 포장 (황색)",2158.07,42.6,불규칙,2025-12-24,15.2
2026-08-21,신광포장기계,PP15MPP15MM*10KG(황색),502.12,51.9,불규칙,2025-12-04,13.0
2026-08-21,주식회사 대한종합포장,PP12MPP12M／M10KG(백),228.77,61.4,안정,2025-11-24,45.1
2026-08-21,(주)아이마켓코리아,PP11MM*13.34KG삼성경량밴드2300m*두께0.84mm단중5.8g GRS,3819.72,50.5,불규칙,2025-12-24,4.0
2026-08-21,합동포장기계,PP15MPP15M／M13KG(황),122.53,54.2,불규칙,2026-01-05,38.6
2026-08-21,합동포장기계,PP6MMPP6M／M10KG(백),338.8,64.1,안정,2026-01-05,38.8
2026-08-21,RLBUTTON,PP19MPP19M／M*0.55T 1000M Blue,4052.99,68.2,안정,2025-12-16,62.0
2026-08-21,대상산업,"PE28mm, 6KGPE28M／M(백)6KG",200.72,52.4,불규칙,2025-12-12,7.3
2026-08-21,(주)금성칼라팩,PP7MPP7M10KG백색,2.04,67.5,안정,2025-11-24,90.0
2026-08-22,연화수출포장,운송료,0.71,57.3,안정,2025-12-31,39.5
2026-08-22,동원팩,PE28mm 2kgPE28M／M(백)2KG,200.05,49.5,불규칙,2025-12-29,4.5
2026-08-22,주식회사 광림파워팩,PP12MPP12M／M12.5KG (황),578.84,64.4,안정,2025-12-31,26.8
2026-08-22,CYKLOP PACKAGING SYSTEMS PTY LTD.,PP 05MM05MM x 7000 x 0.50MM Blue,48.45,52.4,불규칙,2025-12-25,120.3
2026-08-22,CYKLOP PACKAGING SYSTEMS PTY LTD.,"12 x 3,000M 0.65T12x3,000M0.65T BLUE",4708.48,59.6,안정,2025-12-25,48.1
2026-08-22,서울상사,PP12MPP12M／M10KG(황),904.17,49.4,불규칙,2025-12-19,41.7
2026-08-23,경인팩,PP6MMPP6M／M10KG(백),1413.79,47.5,불규칙,2026-01-05,5.3
2026-08-23,경인산업,PP12MPP12M／M10KG(황),399.44,63.7,안정,2025-11-14,47.3
2026-08-23,경인팩,팔렛트일회용 플라스틱,2.43,47.9,불규칙,2026-01-05,5.5
2026-08-23,(주)베스테크,도전성밴드7.7mm*900m,93.06,40.5,불규칙,2025-11-11,19.4
2026-08-23,대상산업,PE28mm 2kgPE28M／M(백)2KG,468.18,56.3,안정,2025-12-31,5.2
2026-08-23,(주)낙원포장,PP12MPP12M／M10KG(황),402.74,59.8,안정,2025-12-23,27.7
2026-08-23,동서포장종합상사,PE28mm 2kgPE28M／M(백)2KG,52.8,54.8,불규칙,2025-12-18,31.2
2026-08-23,합동포장기계,PP12MPP12M／M12.5KG (황),2055.97,62.5,안정,2026-01-05,23.7
2026-08-23,우선산업,PE28mm 2kgPE28M／M(백)2KG,766.51,60.2,안정,2025-12-26,40.4
2026-08-23,동원팩,PP6MMPP6M／M10KG(백),545.45,51.5,불규칙,2026-01-05,5.0
2026-08-23,삼원산업,PP12MPP12M／M12KG(황),1196.05,55.2,불규칙,2025-12-02,88.0
2026-08-24,주신산업,운송료택배비,1.48,46.2,불규칙,2026-01-05,11.5
2026-08-24,주신산업,PE28mm 2kgPE28M／M(백)2KG,31.55,46.2,불규칙,2026-01-05,11.5
2026-08-24,대흥수출포장,PE28mm 2kgPE28M／M(백)2KG,54.01,48.6,불규칙,2026-01-05,33.2
2026-08-24,합동포장기계,PE28mm 2kgPE28M／M(백)2KG,454.67,62.2,안정,2026-01-05,21.6
2026-08-24,경인팩,PP15MPP15M／M9.5KG(적색),2.71,52.0,불규칙,2025-11-12,95.4
2026-08-25,(주)아이마켓코리아,PP11MM*13.34KG삼성경량밴드2300m*두께0.84mm단중5.8g GRS,3904.47,50.5,불규칙,2025-12-24,4.0
2026-08-25,경인팩,PE28mm 2kgPE28M／M(백)2KG,841.82,47.8,불규칙,2025-12-30,7.3
2026-08-25,합동포장기계,PP12MPP12M／M10KG(황),370.76,67.2,안정,2026-01-05,29.4
2026-08-25,서흥포장 주식회사,스트레치필름(특수기능형)15*500*400,28.24,72.2,안정,2025-12-10,43.0
2026-08-26,한국포장기계,PP6MMPP6M／M10KG(백),1808.62,60.1,안정,2025-12-29,20.1
2026-08-26,(주)아이마켓코리아,PP18MM*21kg 삼성 recycle2300M두께0.80mm단중8.8g Clear,4069.1,43.3,불규칙,2025-12-24,5.3
2026-08-26,연화수출포장,PP15MPP15M／M10 (청색),220.08,61.0,불규칙,2025-09-24,48.5
2026-08-26,동원팩,PE28mm 2kgPE28M／M(백)2KG,257.48,49.5,불규칙,2025-12-29,4.5
2026-08-26,에이원코리아,운송료운송료,0.0,67.1,안정,2025-12-29,48.7
2026-08-26,전주삼신산업,PE28mm 2kgPE28M／M(백)2KG,215.43,53.9,불규칙,2025-12-09,13.1
2026-08-27,경인팩,"PE28mm, 6KGPE28M／M(백)6KG",1022.06,52.8,불규칙,2025-12-30,10.2
2026-08-27,경인팩,운송료,2.16,45.1,불규칙,2026-01-05,6.2
2026-08-27,합동포장기계,PP12MPP12M／M9KG(황),1039.88,45.0,불규칙,2026-01-05,78.3
2026-08-27,대상산업,PP12MPP12M／M12.5KG (황),302.08,51.0,불규칙,2025-12-17,23.5
2026-08-27,ANDERSON WHOLESALE PACKAGING PTY LTD.,PP19M Premium Black w/paper corePP19M／M*1000M 0.7T Black w/paper core,3137.43,56.1,안정,2025-12-14,64.8
2026-08-27,호성수출포장,PE28mm 2kgPE28M／M(백)2KG,782.0,46.6,불규칙,2025-10-31,150.8
2026-08-27,신광포장기계(부산),운송료,8.0,53.4,불규칙,2025-11-04,74.6
2026-08-27,동원팩,"PE28mm, 6KGPE28M／M(백)6KG",359.84,56.1,안정,2026-01-05,6.4
2026-08-27,신광포장기계,PE28mm 2kgPE28M／M(백)2KG,388.56,50.8,불규칙,2025-12-18,12.8
2026-08-27,주)대성씨앤씨,스트레치필름(일반 기계랩)20*500mm*1400m,78.47,67.7,안정,2025-12-09,29.5
2026-08-28,주식회사 광림파워팩,PP9MMPP9M／M10KG(황),1232.57,52.5,불규칙,2025-12-31,24.7
2026-08-28,대상산업,PE28mm 2kgPE28M／M(백)2KG,526.39,56.3,안정,2025-12-31,5.2
2026-08-28,경인팩,팔렛트일회용 플라스틱,2.5,47.9,불규칙,2026-01-05,5.5
2026-08-28,신광포장기계,PP12MPP12M／M10KG(황),157.62,50.8,불규칙,2025-12-29,11.2
2026-08-28,진송팩,PP18MPP18M／M10KG(황),164.72,46.0,불규칙,2025-10-24,44.9
2026-08-28,태광오토팩,PP8MPP8M／M9KG(백),466.11,52.6,불규칙,2025-12-01,54.5
2026-08-28,대상산업,"PE28mm, 6KGPE28M／M(백)6KG",182.63,52.4,불규칙,2025-12-12,7.3
2026-08-28,동원팩,PP6MMPP6M／M10KG(백),561.45,51.5,불규칙,2026-01-05,5.0
2026-08-28,경인팩,PP6MMPP6M／M10KG(백),1371.44,47.5,불규칙,2026-01-05,5.3
2026-08-28,(주)탐스텍,"15 x 2,000M 0.50T15 x 2,000M 0.50T 청색",0.72,49.7,불규칙,2025-12-29,121.0
2026-08-29,(주)아이마켓코리아,PP11MM*13.34KG삼성경량밴드2300m*두께0.84mm단중5.8g GRS,4512.17,50.5,불규칙,2025-12-24,4.0
2026-08-29,동원팩,PP12MPP12M／M10KG(황),130.13,49.2,불규칙,2025-12-20,18.7
2026-08-29,전주삼신산업,PP6MMPP6M／M10KG(백),124.59,47.3,불규칙,2025-12-29,27.2
2026-08-29,주식회사 광림파워팩,PP12MPP12mm*0.72T*2800m 12.5KG(투명),977.75,48.1,불규칙,2025-10-29,76.8
2026-08-29,신광포장기계,PP18MPP18M／M10KG 황색인쇄밴드,857.08,62.1,안정,2025-12-02,27.5
2026-08-29,ANDERSON WHOLESALE PACKAGING PTY LTD.,"15 x 1,000M 0.50T Blue15x1,000M0.50T청색",2127.71,41.4,불규칙,2025-09-08,71.8
2026-08-30,진송팩,PE28mm 2kgPE28M／M(백)2KG,471.33,50.2,불규칙,2026-01-02,10.4
2026-08-30,동원팩,PE28mm 2kgPE28M／M(황)2KG,21.62,43.5,불규칙,2025-11-14,17.9
2026-08-30,동원팩,PE28mm 2kgPE28M／M(백)2KG,233.03,49.5,불규칙,2025-12-29,4.5
2026-08-31,(주)아이마켓코리아,PP18MM*21kg 삼성 recycle2300M두께0.80mm단중8.8g Clear,4846.53,43.3,불규칙,2025-12-24,5.3
2026-09-01,경인팩,PE28mm 2kgPE28M／M(백)2KG,814.44,47.8,불규칙,2025-12-30,7.3
2026-09-01,(주)낙원포장,PP6MMPP6M/M12.5KG(백),2990.03,55.8,불규칙,2025-12-23,18.5
2026-09-02,경인팩,팔렛트일회용 플라스틱,2.52,47.9,불규칙,2026-01-05,5.5
2026-09-02,경인팩,PP6MMPP6M／M10KG(백),1130.08,47.5,불규칙,2026-01-05,5.3
2026-09-02,동원팩,"PE28mm, 6KGPE28M／M(백)6KG",336.94,56.1,안정,2026-01-05,6.4
2026-09-02,동원팩,PP6MMPP6M／M10KG(백),547.34,51.5,불규칙,2026-01-05,5.0
2026-09-02,(주)아이마켓코리아,PP11MM*13.34KG삼성경량밴드2300m*두께0.84mm단중5.8g GRS,3587.65,50.5,불규칙,2025-12-24,4.0
2026-09-02,합동포장기계,PP12MPP12M／M10KG(백),350.42,60.2,안정,2026-01-05,48.9
2026-09-02,대상산업,PE28mm 2kgPE28M／M(백)2KG,401.77,56.3,안정,2025-12-31,5.2
2026-09-02,천일포장산업,PE28mm 2kgPE28M／M(백)2KG,407.82,54.9,불규칙,2025-12-01,25.9
2026-09-02,한남포장기계,PP12MPP12M／M9KG(황),1361.18,59.7,안정,2025-12-16,20.3
2026-09-02,경인팩,운송료,2.23,45.1,불규칙,2026-01-05,6.2
2026-09-02,전주삼신산업,PP9MMPP9M／M10KG(황),126.62,60.9,안정,2025-12-12,22.3
2026-09-02,우선산업,"PE50mm, 4.5KGPE50M／M(백)4.5KG",1267.42,53.4,불규칙,2025-12-24,18.1
2026-09-03,신광포장기계,PP15MPP15MM*10KG(황색),524.88,51.9,불규칙,2025-12-04,13.0
2026-09-03,매일농산,PP12MPP12M／M10KG(황),0.0,60.6,불규칙,2025-12-01,138.5
2026-09-03,동원팩,PE28mm 2kgPE28M／M(백)2KG,228.88,49.5,불규칙,2025-12-29,4.5
2026-09-03,TIGERPAK PACKAGING,PP 12MM12MMx1000Mx0.50MM Blue,4007.69,57.5,안정,2025-12-25,63.9
2026-09-03,한길포장기계,PP12MPP12M／M10KG(청),464.33,60.3,안정,2025-12-01,69.9
2026-09-04,주신산업,PE28mm 2kgPE28M／M(백)2KG,32.09,46.2,불규칙,2026-01-05,11.5
2026-09-04,대상산업,"PE28mm, 6KGPE28M／M(백)6KG",124.36,52.4,불규칙,2025-12-12,7.3
2026-09-04,주신산업,운송료택배비,1.32,46.2,불규칙,2026-01-05,11.5
2026-09-04,대상산업,"PE50mm, 6KGPE50M／M(백)6KG",481.43,57.4,안정,2025-12-22,16.6
2026-09-05,제이케이머티리얼즈(주)/순성공장,PP18MPP18M／M10KG(황),478.35,64.0,안정,2025-12-26,23.9
2026-09-05,(주)스피드랩코리아,PP6MMPP6M／M10KG(백),558.9,60.4,안정,2026-01-05,27.1
2026-09-05,(주)아이마켓코리아,PP18MM*21kg 삼성 recycle2300M두께0.80mm단중8.8g Clear,5086.24,43.3,불규칙,2025-12-24,5.3
2026-09-05,한길포장기계,PE28mm 2kgPE28M／M(백)2KG,311.92,61.6,안정,2026-01-05,27.2
2026-09-05,경인산업,PP12MPP12M／M10KG(백),548.82,61.3,안정,2025-12-04,25.7
2026-09-05,동원팩,운송료,2.58,46.6,불규칙,2025-12-23,16.9
2026-09-05,(주)아이마켓코리아,"PP18MM x 21Kg 삼성 황색2300M 포장중량 21Kg, 1롤/1pcs 포장 (황색)",3962.57,42.6,불규칙,2025-12-24,15.2
2026-09-05,백암지관공업사,PP12MPP12M／M11KG(청),0.27,46.4,불규칙,2025-12-03,138.8
2026-09-05,신광포장기계,PP15MPP15M／M10KG(백색),576.26,53.0,불규칙,2025-11-19,29.8
2026-09-05,대상산업,PE28mm 2kgPE28M／M(황)2KG,165.75,47.5,불규칙,2025-12-09,30.7
2026-09-06,(주)아이마켓코리아,PP11MM*13.34KG삼성경량밴드2300m*두께0.84mm단중5.8g GRS,3814.34,50.5,불규칙,2025-12-24,4.0
2026-09-06,ANDERSON WHOLESALE PACKAGING PTY LTD.,PP 12MM12MMx1000Mx0.60MM Blue,244.8,41.0,불규칙,2025-09-08,121.5
2026-09-06,하영종합상사,PE28mm 2kgPE28M／M(백)2KG,359.21,58.2,불규칙,2025-09-29,57.3
2026-09-06,경인팩,"PE28mm, 6KGPE28M／M(백)6KG",700.44,52.8,불규칙,2025-12-30,10.2
2026-09-06,세움패키지(SEUMPKG),운송료,0.96,53.3,불규칙,2025-12-16,24.8
2026-09-06,신광포장기계,"PE28mm, 6KGPE28M／M(백)6KG",72.19,49.9,불규칙,2025-11-04,34.6
2026-09-07,경인팩,PP6MMPP6M／M10KG(백),1344.05,47.5,불규칙,2026-01-05,5.3
2026-09-07,동원팩,PE28mm 2kgPE28M／M(백)2KG,245.98,49.5,불규칙,2025-12-29,4.5
2026-09-07,한국포장기계,PE28mm 2kgPE28M／M(백)2KG,1092.48,60.5,안정,2025-12-29,21.3
2026-09-07,경인팩,팔렛트일회용 플라스틱,2.46,47.9,불규칙,2026-01-05,5.5
2026-09-07,천일포장산업,PP6MMPP6M／M10KG(백),1202.32,57.8,안정,2025-12-01,28.0
2026-09-07,주식회사 동원피앤아이,"PE50mm, 4.7KGPE50M／M(황)4.7KG",956.87,66.2,안정,2025-12-17,44.6
2026-09-07,주식회사 광림파워팩,PP15MPP15MM*10KG(황색),964.05,49.9,불규칙,2025-12-31,50.6
2026-09-07,동원팩,PP6MMPP6M／M10KG(백),604.51,51.5,불규칙,2026-01-05,5.0
2026-09-07,대상산업,PE28mm 2kgPE28M／M(백)2KG,409.05,56.3,안정,2025-12-31,5.2
2026-09-08,경인팩,PE28mm 2kgPE28M／M(백)2KG,804.65,47.8,불규칙,2025-12-30,7.3
2026-09-08,신광포장기계,PE28mm 2kgPE28M／M(백)2KG,337.77,50.8,불규칙,2025-12-18,12.8
2026-09-08,동원팩,"PE28mm, 6KGPE28M／M(백)6KG",319.74,56.1,안정,2026-01-05,6.4
2026-09-08,금산포장,PE28mm 2kgPE28M／M(백)2KG,382.25,55.0,불규칙,2025-12-22,20.1
2026-09-08,주식회사 진도종합상사,운송료,5.65,64.5,안정,2026-01-05,41.9
2026-09-08,(주)삼영피앤텍,PE28mm 2kgPE28M／M(백)2KG,39.93,60.4,안정,2025-11-06,51.8
2026-09-08,전주삼신산업,PE28mm 2kgPE28M／M(백)2KG,237.16,53.9,불규칙,2025-12-09,13.1
2026-09-08,진송팩,"PE28mm, 6KGPE28M／M(백)6KG",214.57,47.8,불규칙,2025-12-02,35.0
2026-09-08,경인팩,운송료,2.18,45.1,불규칙,2026-01-05,6.2
2026-09-08,대상산업,PP6MMPP6M／M10KG(황),400.0,62.1,안정,2025-12-09,91.0
2026-09-08,신광포장기계,PP12MPP12M／M10KG(황),663.36,50.8,불규칙,2025-12-29,11.2
2026-09-09,TIGERPAK PACKAGING,12 x 2800M 0.60T12 x 2800M 0.60T BLUE,12449.23,50.9,불규칙,2025-12-25,43.5
2026-09-09,진송팩,PE28mm 2kgPE28M／M(백)2KG,602.41,50.2,불규칙,2026-01-02,10.4
2026-09-09,그린포장,PE28mm 2kgPE28M／M(백)2KG,584.5,54.3,불규칙,2025-11-01,104.2
2026-09-09,신광포장기계,운송료,2.38,43.8,불규칙,2025-12-10,21.7
2026-09-10,한길포장기계,PP12MPP12M／M10KG(황),1230.09,66.3,안정,2026-01-05,31.9
2026-09-10,동원팩,PP6MM매달100롤 할인,0.0,53.3,불규칙,2025-11-04,31.2
2026-09-10,H.E. BAUMRUCKER COMPANY,"12 x 3,018M 0.58T White (8x8)12 x 3,018M 0.58T White (8x8)",5654.14,49.0,불규칙,2025-09-27,87.7
2026-09-10,(주)아이마켓코리아,PP11MM*13.34KG삼성경량밴드2300m*두께0.84mm단중5.8g GRS,4002.37,50.5,불규칙,2025-12-24,4.0
2026-09-10,(주)아이마켓코리아,PP18MM*21kg 삼성 recycle2300M두께0.80mm단중8.8g Clear,5281.82,43.3,불규칙,2025-12-24,5.3
2026-09-11,대상산업,"PE28mm, 6KGPE28M／M(백)6KG",135.1,52.4,불규칙,2025-12-12,7.3
2026-09-11,동원팩,PE28mm 2kgPE28M／M(백)2KG,206.75,49.5,불규칙,2025-12-29,4.5
2026-09-11,라이커스,Y-130 (PP원료),0.0,51.5,불규칙,2025-12-29,128.6
2026-09-11,(주)베스테크,도전성밴드7.7mm*900m,340.77,40.5,불규칙,2025-11-11,19.4
2026-09-11,주식회사 대한종합포장,스트레치필름(일반 기계랩)20*500mm*1400m,68.17,48.4,불규칙,2025-11-19,37.3
2026-09-12,동원팩,PP6MMPP6M／M10KG(백),621.52,51.5,불규칙,2026-01-05,5.0
2026-09-12,주)대성씨앤씨,PP12MPP12M／M10KG(백),0.0,69.0,안정,2025-12-22,88.1
2026-09-12,경인팩,PP6MMPP6M／M10KG(백),1118.88,47.5,불규칙,2026-01-05,5.3
2026-09-12,대상산업,PE28mm 2kgPE28M／M(백)2KG,408.59,56.3,안정,2025-12-31,5.2
2026-09-12,경인팩,팔렛트일회용 플라스틱,2.12,47.9,불규칙,2026-01-05,5.5
2026-09-12,KONZ TRADING LTD.,"15 x 2,500M 0.64T15 x 2,500M 0.64T 청색",18060.0,54.6,불규칙,2025-11-12,152.5
2026-09-12,KONZ TRADING LTD.,Ocean FreightOcean Freight (선임),2.4,54.6,불규칙,2025-11-12,152.5
2026-09-13,KOMERI,15 x 100M 0.55T15x100M0.55T자색,438.81,58.8,안정,2025-11-23,42.5
2026-09-13,KOMERI,15 x 100M 0.55T15x100M0.55T백색,1328.61,58.8,안정,2025-11-23,42.5
2026-09-13,KOMERI,"15.5 x 2,500M 0.55T15.5x2,500M0.55T황색",3043.46,58.8,안정,2025-11-23,42.5
2026-09-13,KOMERI,15 x 100M 0.55T15x100M 0.55T 황색,1970.42,46.8,불규칙,2025-11-23,49.0
2026-09-13,KOMERI,15 x 100M 0.55T15x100M0.55T청색,1575.18,46.8,불규칙,2025-11-23,49.0
2026-09-13,(주)탐스텍,PP 12MM 2000M 0.80MM Blue12mm 2000m 0.80mm Blue,3563.27,58.1,안정,2025-12-29,86.4
2026-09-14,한길포장기계,PP12MPP12M／M10KG(백),771.56,67.4,안정,2026-01-05,36.7
2026-09-14,주식회사 진도종합상사,PE28mm 2kgPE28M／M(백)2KG,60.96,62.9,안정,2026-01-05,42.7
2026-09-14,(주)아이마켓코리아,PP11MM*13.34KG삼성경량밴드2300m*두께0.84mm단중5.8g GRS,3560.5,50.5,불규칙,2025-12-24,4.0
2026-09-14,경인팩,운송료,2.6,45.1,불규칙,2026-01-05,6.2
2026-09-14,동원팩,"PE28mm, 6KGPE28M／M(백)6KG",304.92,56.1,안정,2026-01-05,6.4
2026-09-14,합동포장기계,PE28mm 2kgPE28M／M(백)2KG,689.14,62.2,안정,2026-01-05,21.6
2026-09-14,전주삼신산업,PP9MMPP9M／M10KG(투명),5.01,45.5,불규칙,2025-12-12,46.9
2026-09-15,주신산업,운송료택배비,1.73,46.2,불규칙,2026-01-05,11.5
2026-09-15,CYKLOP PACKAGING SYSTEMS PTY LTD.,"15 x 1,000M 0.65T Blue15x1,000M0.65T청색",3608.82,53.4,불규칙,2025-12-25,88.1
2026-09-15,합동포장기계,PP12MPP12M／M12.5KG (황),1923.5,62.5,안정,2026-01-05,23.7
2026-09-15,에이원코리아,PP12MPP12M／M12KG(황),997.76,70.3,안정,2025-12-29,52.5
2026-09-15,전주삼신산업,PP7MPP7M10KG백색,137.12,51.0,불규칙,2025-12-09,28.6
2026-09-15,한국포장기계,PP6MMPP6M／M10KG(백),1244.75,60.1,안정,2025-12-29,20.1
2026-09-15,주신산업,PE28mm 2kgPE28M／M(백)2KG,32.16,46.2,불규칙,2026-01-05,11.5
2026-09-15,동원팩,PE28mm 2kgPE28M／M(백)2KG,279.39,49.5,불규칙,2025-12-29,4.5
2026-09-15,(주)아이마켓코리아,PP18MM*21kg 삼성 recycle2300M두께0.80mm단중8.8g Clear,4884.98,43.3,불규칙,2025-12-24,5.3
2026-09-15,경인팩,PE28mm 2kgPE28M／M(백)2KG,785.7,47.8,불규칙,2025-12-30,7.3
2026-09-15,(주)삼신,PE28mm 2kgPE28M／M(백)2KG,0.0,61.4,안정,2025-12-15,137.8
2026-09-16,금산포장,"PE28mm, 6KGPE28M／M(백)6KG",0.0,58.6,안정,2025-12-22,67.8
2026-09-16,동원팩,PP12MPP12M／M10KG(황),69.62,49.2,불규칙,2025-12-20,18.7
2026-09-16,신광포장기계,PP15MPP15MM*10KG(황색),490.74,51.9,불규칙,2025-12-04,13.0
2026-09-16,주식회사 광림파워팩,PP12MPP12M／M10KG(황),461.56,55.6,불규칙,2025-12-31,37.9
2026-09-16,경인팩,"PE28mm, 6KGPE28M／M(백)6KG",636.08,52.8,불규칙,2025-12-30,10.2
2026-09-16,동원팩,PE28mm 2kgPE28M／M(황)2KG,47.52,43.5,불규칙,2025-11-14,17.9
2026-09-17,대상산업,PE28mm 2kgPE28M／M(백)2KG,382.37,56.3,안정,2025-12-31,5.2
2026-09-17,경인팩,팔렛트일회용 플라스틱,2.15,47.9,불규칙,2026-01-05,5.5
2026-09-17,주식회사 마크원테크,운송료,2.57,42.6,불규칙,2025-12-19,34.5
2026-09-17,주식회사 광림파워팩,PP12MPP12M／M12.5KG (황),800.52,64.4,안정,2025-12-31,26.8
2026-09-17,경인팩,PP6MMPP6M／M10KG(백),1195.34,47.5,불규칙,2026-01-05,5.3
2026-09-17,진송팩,PE28mm 2kgPE28M／M(황)2KG,5.3,56.2,안정,2025-12-11,70.8
2026-09-17,신광포장기계,PP9MMPP9M／M10KG(투명),513.28,67.5,안정,2026-01-05,51.3
2026-09-17,동원팩,PP6MMPP6M／M10KG(백),573.25,51.5,불규칙,2026-01-05,5.0
2026-09-18,대상산업,"PE28mm, 6KGPE28M／M(백)6KG",147.65,52.4,불규칙,2025-12-12,7.3
2026-09-18,(주)아이마켓코리아,PP11MM*13.34KG삼성경량밴드2300m*두께0.84mm단중5.8g GRS,3372.44,50.5,불규칙,2025-12-24,4.0
2026-09-19,(주)낙원포장,PP12MPP12M／M10KG(황),874.83,59.8,안정,2025-12-23,27.7
2026-09-19,(주)낙원포장,PP10.5MPP10.5M10KG투명,660.84,53.1,불규칙,2025-12-23,45.3
2026-09-19,대상산업,PP12MPP12M／M12.5KG (황),84.77,51.0,불규칙,2025-12-17,23.5
2026-09-19,(주)낙원포장,PP6MMPP6M/M12.5KG(백),2589.63,55.8,불규칙,2025-12-23,18.5
2026-09-19,신광포장기계,PP12MPP12M／M10KG(황),687.62,50.8,불규칙,2025-12-29,11.2
2026-09-19,동원팩,PE28mm 2kgPE28M／M(백)2KG,232.36,49.5,불규칙,2025-12-29,4.5
2026-09-19,진송팩,PE28mm 2kgPE28M／M(백)2KG,575.89,50.2,불규칙,2026-01-02,10.4
2026-09-20,삼원산업,PP15MPP15MM*10KG(황색),0.0,60.1,안정,2025-12-30,88.0
2026-09-20,신광포장기계,PE28mm 2kgPE28M／M(백)2KG,339.32,50.8,불규칙,2025-12-18,12.8
2026-09-20,(주)아이마켓코리아,"PP18MM x 21Kg 삼성 황색2300M 포장중량 21Kg, 1롤/1pcs 포장 (황색)",3993.45,42.6,불규칙,2025-12-24,15.2
2026-09-20,대상산업,"PE50mm, 6KGPE50M／M(백)6KG",476.42,57.4,안정,2025-12-22,16.6
2026-09-20,경인팩,운송료,2.18,45.1,불규칙,2026-01-05,6.2
2026-09-20,동원팩,"PE28mm, 6KGPE28M／M(백)6KG",306.31,56.1,안정,2026-01-05,6.4
2026-09-20,민건 이에이,PP12MPP12M／M10KG(백),343.92,57.0,안정,2025-12-24,30.2
2026-09-20,우선산업,"PE50mm, 4.5KGPE50M／M(백)4.5KG",1308.69,53.4,불규칙,2025-12-24,18.1
2026-09-20,(주)아이마켓코리아,PP18MM*21kg 삼성 recycle2300M두께0.80mm단중8.8g Clear,5692.61,43.3,불규칙,2025-12-24,5.3
2026-09-21,동원팩,운송료,3.0,46.6,불규칙,2025-12-23,16.9
2026-09-21,강원농협연합포장재가공사업소,PP12MPP12M／M12.5KG (황),5835.87,49.0,불규칙,2025-11-17,44.5
2026-09-21,진송팩,PE28mm 2kgPE28M／M(청)2KG,499.75,49.5,불규칙,2025-12-22,39.4
2026-09-21,서흥포장 주식회사,PP12MPP12M／M10KG(황),177.86,59.9,안정,2025-12-10,57.3
2026-09-21,다금마대,마대,3.79,58.3,안정,2025-12-29,38.4
2026-09-21,주신산업,PP12MPP12M／M10KG(황),573.61,54.2,불규칙,2025-12-31,44.6
2026-09-21,주식회사 광림파워팩,PP9MMPP9M／M10KG(황),441.39,52.5,불규칙,2025-12-31,24.7
2026-09-21,(주)낙원포장,PP10MPP10M／M10KG(백색),1500.0,60.2,안정,2025-11-05,80.1
2026-09-21,전주삼신산업,PE28mm 2kgPE28M／M(백)2KG,225.98,53.9,불규칙,2025-12-09,13.1
2026-09-22,대상산업,PP5MMx7000Mx0.5T 백색,230.94,43.4,불규칙,2025-09-23,91.2
2026-09-22,(주)아이마켓코리아,PP11MM*13.34KG삼성경량밴드2300m*두께0.84mm단중5.8g GRS,4339.8,50.5,불규칙,2025-12-24,4.0
2026-09-22,동원팩,PE28mm 2kgPE28M／M(청)2KG,82.0,47.7,불규칙,2025-12-16,35.0
2026-09-22,동원팩,PP6MMPP6M／M10KG(백),627.11,51.5,불규칙,2026-01-05,5.0
2026-09-22,경인팩,팔렛트일회용 플라스틱,2.31,47.9,불규칙,2026-01-05,5.5
2026-09-22,대상산업,PE28mm 2kgPE28M／M(백)2KG,397.67,56.3,안정,2025-12-31,5.2
2026-09-22,NZ SAFETY BLACKWOODS,PP19M HD BlackPP19M／M*1000M1.0TBlack,155.17,47.5,불규칙,2025-11-02,81.2
2026-09-22,RLBUTTON,팔레트팔레트,28.82,63.0,안정,2025-12-16,56.8
2026-09-22,경인팩,PP6MMPP6M／M10KG(백),1232.49,47.5,불규칙,2026-01-05,5.3
2026-09-22,경인팩,PE28mm 2kgPE28M／M(백)2KG,773.69,47.8,불규칙,2025-12-30,7.3
2026-09-22,한남포장기계,PP12MPP12M／M9KG(황),1396.83,59.7,안정,2025-12-16,20.3
2026-09-23,동원팩,PE28mm 2kgPE28M／M(백)2KG,233.83,49.5,불규칙,2025-12-29,4.5
2026-09-23,(주)신명코퍼레이션,PP18MM*21kg 삼성 recycle2300M두께0.80mm단중8.8g Clear,0.0,61.9,불규칙,2026-01-05,87.7
2026-09-23,주식회사 대원포장기계,PE28mm 2kgPE28M／M(백)2KG,0.0,63.4,안정,2025-12-01,37.3
2026-09-23,합동포장기계,PP12MPP12M／M10KG(황),371.72,67.2,안정,2026-01-05,29.4
2026-09-23,동서포장종합상사,PE28mm 2kgPE28M／M(백)2KG,277.95,54.8,불규칙,2025-12-18,31.2
2026-09-24,전주삼신산업,PP9MMPP9M／M10KG(황),129.0,60.9,안정,2025-12-12,22.3
2026-09-25,(주)아이마켓코리아,PP18MM*21kg 삼성 recycle2300M두께0.80mm단중8.8g Clear,5108.17,43.3,불규칙,2025-12-24,5.3
2026-09-25,전주삼신산업,PP6MMPP6M／M10KG(백),303.86,47.3,불규칙,2025-12-29,27.2
2026-09-25,주)대성씨앤씨,스트레치필름(일반 기계랩)20*500mm*1400m,77.04,67.7,안정,2025-12-09,29.5
2026-09-25,신광포장기계,PP18MPP18M／M10KG 황색인쇄밴드,802.79,62.1,안정,2025-12-02,27.5
2026-09-25,대상산업,"PE28mm, 6KGPE28M／M(백)6KG",139.05,52.4,불규칙,2025-12-12,7.3
2026-09-25,진송팩,PE28mm 2kgPE28M／M(적)2KG,0.27,44.2,불규칙,2025-11-19,62.5
2026-09-26,경인팩,운송료,2.41,45.1,불규칙,2026-01-05,6.2
2026-09-26,경인팩,"PE28mm, 6KGPE28M／M(백)6KG",638.06,52.8,불규칙,2025-12-30,10.2
2026-09-26,(주)아이마켓코리아,PP11MM*13.34KG삼성경량밴드2300m*두께0.84mm단중5.8g GRS,4306.88,50.5,불규칙,2025-12-24,4.0
2026-09-26,대흥수출포장,PE28mm 2kgPE28M／M(백)2KG,159.29,48.6,불규칙,2026-01-05,33.2
2026-09-26,동원팩,"PE28mm, 6KGPE28M／M(백)6KG",317.26,56.1,안정,2026-01-05,6.4
2026-09-26,주신산업,운송료택배비,1.56,46.2,불규칙,2026-01-05,11.5
2026-09-26,주신산업,PE28mm 2kgPE28M／M(백)2KG,33.53,46.2,불규칙,2026-01-05,11.5
2026-09-27,경인팩,PP6MMPP6M／M10KG(백),1361.23,47.5,불규칙,2026-01-05,5.3
2026-09-27,동원팩,PP6MMPP6M／M10KG(백),599.64,51.5,불규칙,2026-01-05,5.0
2026-09-27,경인팩,팔렛트일회용 플라스틱,2.66,47.9,불규칙,2026-01-05,5.5
2026-09-27,천일포장산업,PE28mm 2kgPE28M／M(백)2KG,314.09,54.9,불규칙,2025-12-01,25.9
2026-09-27,대상산업,PE28mm 2kgPE28M／M(백)2KG,384.65,56.3,안정,2025-12-31,5.2
2026-09-27,동원팩,PE28mm 2kgPE28M／M(백)2KG,231.84,49.5,불규칙,2025-12-29,4.5
2026-09-27,WESTSIDE PACKAGING SYSTEMS AUSTRALIA,"12 x 3,000M 0.65T White w/Green Ararat Meat Exports EST.298 printed12 x 3,000M 0.65T White w/Green Ararat Meat Exports EST.298 printed",97.12,51.4,불규칙,2025-11-27,152.7
2026-09-28,제이케이머티리얼즈(주)/순성공장,PP18MPP18M／M10KG(황),441.3,64.0,안정,2025-12-26,23.9
2026-09-28,ANDERSON WHOLESALE PACKAGING PTY LTD.,"15 x 1,000M 0.7T H/D Black15 x 1,000M 0.7T H/D Black",1579.26,54.1,불규칙,2025-12-14,96.3
2026-09-28,합동포장기계,PP6MMPP6M／M10KG(백),137.95,64.1,안정,2026-01-05,38.8
2026-09-28,한국포장기계,PE28mm 2kgPE28M／M(백)2KG,1037.13,60.5,안정,2025-12-29,21.3
2026-09-28,합동포장기계,PP15MPP15M／M13KG(황),95.93,54.2,불규칙,2026-01-05,38.6
2026-09-28,합동포장기계,스트레치필름(일반 기계랩)20*500mm*1400m,44.96,52.7,불규칙,2025-12-01,43.0
2026-09-28,금산포장,PE28mm 2kgPE28M／M(백)2KG,381.53,55.0,불규칙,2025-12-22,20.1
2026-09-29,대상산업,PE28mm 2kgPE28M／M(청)2KG,0.0,52.1,불규칙,2025-12-09,42.4
2026-09-29,경인팩,PE28mm 2kgPE28M／M(백)2KG,789.21,47.8,불규칙,2025-12-30,7.3
2026-09-29,진송팩,PE28mm 2kgPE28M／M(백)2KG,631.61,50.2,불규칙,2026-01-02,10.4
2026-09-29,승일제대 주식회사,운송료택배비,8.0,40.5,불규칙,2025-09-02,196.5
2026-09-29,신광포장기계,PP15MPP15MM*10KG(황색),515.56,51.9,불규칙,2025-12-04,13.0
2026-09-29,승일제대 주식회사,PE28mm 2kgPE28M／M(백)2KG,160.0,40.5,불규칙,2025-09-02,196.5
2026-09-29,신광포장기계(부산),PE28mm 2kgPE28M／M(백)2KG,0.0,44.0,불규칙,2025-11-04,47.9
2026-09-29,(주)낙원포장,PP15MPP15MM*10KG(황색),1022.45,61.3,안정,2025-12-23,40.1
2026-09-30,세움패키지(SEUMPKG),운송료,0.95,53.3,불규칙,2025-12-16,24.8
2026-09-30,연화수출포장,운송료,1.41,57.3,안정,2025-12-31,39.5
2026-09-30,(주)베스테크,도전성밴드7.7mm*900m,317.64,40.5,불규칙,2025-11-11,19.4
2026-09-30,신광포장기계,운송료,2.47,43.8,불규칙,2025-12-10,21.7
2026-09-30,경인산업,PP12MPP12M／M10KG(백),545.62,61.3,안정,2025-12-04,25.7
2026-09-30,(주)아이마켓코리아,PP18MM*21kg 삼성 recycle2300M두께0.80mm단중8.8g Clear,4492.52,43.3,불규칙,2025-12-24,5.3
2026-09-30,ANDERSON WHOLESALE PACKAGING PTY LTD.,PP19M Premium BlackPP19M／M*1000M 0.7T Black,4943.03,55.8,불규칙,2025-12-14,58.7
2026-09-30,(주)아이마켓코리아,PP11MM*13.34KG삼성경량밴드2300m*두께0.84mm단중5.8g GRS,4077.61,50.5,불규칙,2025-12-24,4.0
2026-09-30,신광포장기계,PP12MPP12M／M10KG(황),677.86,50.8,불규칙,2025-12-29,11.2
2026-10-01,동원팩,PE28mm 2kgPE28M／M(백)2KG,301.13,49.5,불규칙,2025-12-29,4.5
2026-10-01,주식회사 대한종합포장,PP5MMx7000Mx0.5T 백색,0.38,57.0,안정,2025-11-10,65.3
2026-10-02,(주)스피드랩코리아,PP6MMPP6M／M10KG(백),518.67,60.4,안정,2026-01-05,27.1
2026-10-02,대상산업,PE28mm 2kgPE28M／M(백)2KG,434.26,56.3,안정,2025-12-31,5.2
2026-10-02,경인팩,PP6MMPP6M／M10KG(백),1525.54,47.5,불규칙,2026-01-05,5.3
2026-10-02,한길포장기계,PP9MMPP9M／M10KG(투명),183.31,55.5,불규칙,2026-01-05,54.3
2026-10-02,한길포장기계,PE28mm 2kgPE28M／M(백)2KG,204.08,61.6,안정,2026-01-05,27.2
2026-10-02,경인팩,운송료,2.05,45.1,불규칙,2026-01-05,6.2
2026-10-02,신광포장기계,PE28mm 2kgPE28M／M(백)2KG,348.01,50.8,불규칙,2025-12-18,12.8
2026-10-02,피앤비,PP12MPP12M／M10KG(백),0.0,68.0,안정,2025-11-06,66.8
2026-10-02,서울상사,PP12MPP12M／M10KG(황),473.2,49.4,불규칙,2025-12-19,41.7
2026-10-02,신광포장기계,PP15MPP15MM*10KG(청색),238.02,64.2,안정,2025-11-26,62.4
2026-10-02,경인팩,팔렛트일회용 플라스틱,2.79,47.9,불규칙,2026-01-05,5.5
2026-10-02,대상산업,"PE28mm, 6KGPE28M／M(백)6KG",250.44,52.4,불규칙,2025-12-12,7.3
2026-10-02,동원팩,"PE28mm, 6KGPE28M／M(백)6KG",270.03,56.1,안정,2026-01-05,6.4
2026-10-02,전주삼신산업,PP12MPP12M／M10KG(황),3.0,43.8,불규칙,2025-12-26,70.4
2026-10-02,우선산업,PE28mm 2kgPE28M／M(백)2KG,1480.65,60.2,안정,2025-12-26,40.4
2026-10-02,주식회사 광림파워팩,PP6MMPP6M／M10KG(백),942.33,40.5,불규칙,2025-08-08,70.4
2026-10-02,동원팩,PP6MMPP6M／M10KG(백),527.96,51.5,불규칙,2026-01-05,5.0
2026-10-02,주)대성씨앤씨,PP5MMx7000Mx0.5T 11.4kg 백색core 200x8T OD400 롤랩핑 400*200,0.0,62.6,안정,2025-11-03,111.8
2026-10-03,동원팩,PE28mm 2kgPE28M／M(황)2KG,148.4,43.5,불규칙,2025-11-14,17.9
2026-10-03,광림포장기계,PP12MPP12M／M10KG(황),756.17,60.7,안정,2025-12-31,69.8
2026-10-03,RLBUTTON,PP19M BUILDERSPP19M／M*300M 0.60T Blue,4.25,54.9,불규칙,2025-12-16,97.4
2026-10-03,RLBUTTON,PP19M HD SilverPP19M／M*1000M1.0T Silver,51.21,42.2,불규칙,2025-12-16,97.4
2026-10-03,백암지관공업사,PP12MPP12M／M12.5KG (황),394.26,53.6,불규칙,2025-10-28,85.1
2026-10-03,CYKLOP PACKAGING SYSTEMS PTY LTD.,"15 x 2,500M 0.70T15 x 2,500M 0.70T 청색",0.0,57.3,안정,2025-12-25,141.0
2026-10-04,KOMERI,15 x 100M 0.55T15x100M0.55T녹색,178.33,58.0,안정,2025-11-23,45.5
2026-10-04,KOMERI,"15 x 1,000M 0.55T Yellow15x1,000M0.55T 황색",1499.78,58.0,안정,2025-11-23,45.5
2026-10-04,(주)아이마켓코리아,PP11MM*13.34KG삼성경량밴드2300m*두께0.84mm단중5.8g GRS,3521.75,50.5,불규칙,2025-12-24,4.0
2026-10-04,동원팩,PP12MPP12M／M10KG(황),254.06,49.2,불규칙,2025-12-20,18.7
2026-10-04,전주삼신산업,PP15MPP15MM*10KG(황색),3.56,58.2,안정,2025-12-12,74.2
2026-10-04,KOMERI,15 x 100M 0.55T15x100M0.55T적색,146.95,57.9,안정,2025-11-23,45.5
2026-10-04,KOMERI,"15.5 x 2,500M 0.55T15.5x2,500M0.55T청색",0.0,53.0,불규칙,2025-11-23,63.7
2026-10-04,대상산업,"PE50mm, 6KGPE50M／M(황)6KG",421.12,62.3,안정,2025-11-20,53.2
2026-10-04,신광포장기계,PP15MPP15M／M10KG(백색),359.65,53.0,불규칙,2025-11-19,29.8
2026-10-04,전주삼신산업,PE28mm 2kgPE28M／M(백)2KG,207.31,53.9,불규칙,2025-12-09,13.1
2026-10-05,대상산업,PE28mm 2kgPE28M／M(황)2KG,90.0,47.5,불규칙,2025-12-09,30.7
2026-10-05,동원팩,PE28mm 2kgPE28M／M(백)2KG,335.92,49.5,불규칙,2025-12-29,4.5
2026-10-05,주식회사 대한종합포장,PP12MPP12M／M10KG(백),219.37,61.4,안정,2025-11-24,45.1
2026-10-05,(주)아이마켓코리아,"PP18MM x 21Kg 삼성 황색2300M 포장중량 21Kg, 1롤/1pcs 포장 (황색)",5749.83,42.6,불규칙,2025-12-24,15.2
2026-10-05,한국포장기계,PP6MMPP6M／M10KG(백),1881.83,60.1,안정,2025-12-29,20.1
2026-10-05,(주)아이마켓코리아,PP18MM*21kg 삼성 recycle2300M두께0.80mm단중8.8g Clear,5497.39,43.3,불규칙,2025-12-24,5.3
2026-10-05,천일포장산업,PP6MMPP6M／M10KG(백),1762.48,57.8,안정,2025-12-01,28.0
2026-10-05,합동포장기계,PE28mm 2kgPE28M／M(백)2KG,490.46,62.2,안정,2026-01-05,21.6
2026-10-06,경인팩,"PE28mm, 6KGPE28M／M(백)6KG",1005.54,52.8,불규칙,2025-12-30,10.2
2026-10-06,서울상사,PP9MMPP9M／M10KG(황),1088.01,59.7,불규칙,2025-09-26,125.0
2026-10-06,(주)더담패키지,PP7MPP7M10KG백색,0.0,55.9,불규칙,2025-11-13,109.6
2026-10-06,경인팩,PE28mm 2kgPE28M／M(백)2KG,650.93,47.8,불규칙,2025-12-30,7.3
2026-10-06,대상산업,"PE50mm, 6KGPE50M／M(백)6KG",244.5,57.4,안정,2025-12-22,16.6
2026-10-07,대상산업,PE28mm 2kgPE28M／M(백)2KG,383.07,56.3,안정,2025-12-31,5.2
2026-10-07,주신산업,PE28mm 2kgPE28M／M(백)2KG,42.97,46.2,불규칙,2026-01-05,11.5
2026-10-07,(주)낙원포장,PP6MMPP6M/M12.5KG(백),1606.29,55.8,불규칙,2025-12-23,18.5
2026-10-07,서흥포장 주식회사,스트레치필름(특수기능형)15*500*400,28.24,72.2,안정,2025-12-10,43.0
2026-10-07,H.E. BAUMRUCKER COMPANY,PP 12MM12MM 2195M 0.65MM Black (16x6),36.04,43.0,불규칙,2025-09-27,75.2
2026-10-07,동원팩,운송료,1.37,46.6,불규칙,2025-12-23,16.9
2026-10-07,동원팩,PP6MMPP6M／M10KG(백),520.97,51.5,불규칙,2026-01-05,5.0
2026-10-07,경인팩,팔렛트일회용 플라스틱,2.82,47.9,불규칙,2026-01-05,5.5
2026-10-07,주신산업,운송료택배비,2.08,46.2,불규칙,2026-01-05,11.5
2026-10-07,연화수출포장,PP15MPP15M／M10KG(투명),0.79,41.8,불규칙,2025-12-31,70.0
2026-10-07,경인팩,PP6MMPP6M／M10KG(백),1395.44,47.5,불규칙,2026-01-05,5.3
2026-10-07,상일교역상사,"12 x 3,017M 0.55T12x3,017M 0.55T 백색",0.0,55.4,불규칙,2025-08-13,105.4
2026-10-08,(주)아이마켓코리아,PP11MM*13.34KG삼성경량밴드2300m*두께0.84mm단중5.8g GRS,4713.44,50.5,불규칙,2025-12-24,4.0
2026-10-08,동원팩,"PE28mm, 6KGPE28M／M(백)6KG",263.07,56.1,안정,2026-01-05,6.4
2026-10-08,우선산업,"PE50mm, 4.5KGPE50M／M(백)4.5KG",1281.55,53.4,불규칙,2025-12-24,18.1
2026-10-08,합동포장기계,PP12MPP12M／M12.5KG (황),1288.47,62.5,안정,2026-01-05,23.7
2026-10-08,NZ SAFETY BLACKWOODS,"12 x 3,000M 0.60T12x3,000M0.60TBLUE",0.0,59.4,안정,2025-11-02,85.4
2026-10-08,경인팩,운송료,1.49,45.1,불규칙,2026-01-05,6.2
2026-10-09,한국포장기계,운송료,2.72,53.7,불규칙,2025-12-29,71.2
2026-10-09,CYKLOP PACKAGING SYSTEMS PTY LTD.,"12 x 3,000M 0.65T12x3,000M0.65T BLUE",5070.69,59.6,안정,2025-12-25,48.1
2026-10-09,대상산업,"PE28mm, 6KGPE28M／M(백)6KG",251.43,52.4,불규칙,2025-12-12,7.3
2026-10-09,진송팩,PE28mm 2kgPE28M／M(백)2KG,843.44,50.2,불규칙,2026-01-02,10.4
2026-10-09,경인산업,PP12MPP12M／M10KG(황),439.47,63.7,안정,2025-11-14,47.3
2026-10-09,삼원산업,PP12MPP12M／M10KG(황),1200.0,59.4,불규칙,2025-12-31,141.8
2026-10-09,CYKLOP PACKAGING SYSTEMS PTY LTD.,PP19M HD BlackPP19M／M*1000M1.0TBlack,4312.85,59.5,안정,2025-12-25,72.2
2026-10-09,동원팩,PE28mm 2kgPE28M／M(백)2KG,334.07,49.5,불규칙,2025-12-29,4.5
2026-10-09,(주)탐스텍,"12 x 3,000M 0.60T12x3,000M0.60TBLUE",29.15,53.0,불규칙,2025-12-29,142.2
2026-10-10,동방포장기자재,PP12MPP12M／M10KG(황),1231.1,53.0,불규칙,2025-11-24,64.4
2026-10-10,신광포장기계,"PE28mm, 6KGPE28M／M(백)6KG",210.89,49.9,불규칙,2025-11-04,34.6
2026-10-10,(주)아이마켓코리아,PP18MM*21kg 삼성 recycle2300M두께0.80mm단중8.8g Clear,5069.02,43.3,불규칙,2025-12-24,5.3
2026-10-10,주)대성씨앤씨,PP12MPP12M／M10KG(황),0.0,50.9,불규칙,2025-11-28,79.4
2026-10-11,한길포장기계,PP12MPP12M／M10KG(황),821.53,66.3,안정,2026-01-05,31.9
2026-10-11,동원팩,PP6MM매달100롤 할인,0.0,53.3,불규칙,2025-11-04,31.2
2026-10-11,진송팩,PP18MPP18M／M10KG(황),121.0,46.0,불규칙,2025-10-24,44.9
2026-10-11,TIGERPAK PACKAGING,"15 x 1,000M 0.50T Blue15x1,000M0.50T청색",5134.0,58.2,안정,2025-12-25,58.6
2026-10-11,신광포장기계,PP12MPP12M／M10KG(황),512.18,50.8,불규칙,2025-12-29,11.2
2026-10-12,대상산업,PP12MPP12M／M12.5KG (황),99.92,51.0,불규칙,2025-12-17,23.5
2026-10-12,동원팩,PP6MMPP6M／M10KG(백),564.53,51.5,불규칙,2026-01-05,5.0
2026-10-12,한남포장기계,PP12MPP12M／M9KG(황),474.04,59.7,안정,2025-12-16,20.3
2026-10-12,경인팩,팔렛트일회용 플라스틱,2.77,47.9,불규칙,2026-01-05,5.5
2026-10-12,신광포장기계,PP12MPP12M／M10KG(백),299.04,58.0,안정,2026-01-05,56.0
2026-10-12,(주)아이마켓코리아,PP11MM*13.34KG삼성경량밴드2300m*두께0.84mm단중5.8g GRS,4530.25,50.5,불규칙,2025-12-24,4.0
2026-10-12,대상산업,PE28mm 2kgPE28M／M(백)2KG,459.1,56.3,안정,2025-12-31,5.2
2026-10-12,하영종합상사,운송료,7.04,64.3,불규칙,2025-09-29,63.7
2026-10-12,경인팩,PP6MMPP6M／M10KG(백),1545.06,47.5,불규칙,2026-01-05,5.3
2026-10-12,신광포장기계,PP15MPP15MM*10KG(황색),427.51,51.9,불규칙,2025-12-04,13.0
2026-10-13,주식회사 광림파워팩,PP12MPP12M／M12.5KG (황),798.99,64.4,안정,2025-12-31,26.8
2026-10-13,동원팩,PE28mm 2kgPE28M／M(백)2KG,302.26,49.5,불규칙,2025-12-29,4.5
2026-10-13,진송팩,"PE28mm, 6KGPE28M／M(백)6KG",119.13,47.8,불규칙,2025-12-02,35.0
2026-10-13,에이원코리아,운송료운송료,0.0,67.1,안정,2025-12-29,48.7
2026-10-13,경인팩,PE28mm 2kgPE28M／M(백)2KG,690.59,47.8,불규칙,2025-12-30,7.3
2026-10-13,전주삼신산업,PP7MPP7M10KG백색,346.01,51.0,불규칙,2025-12-09,28.6
2026-10-13,연화수출포장,PP15MPP15M／M10 (청색),213.47,61.0,불규칙,2025-09-24,48.5
2026-10-14,동원팩,"PE28mm, 6KGPE28M／M(백)6KG",248.98,56.1,안정,2026-01-05,6.4
2026-10-14,세움패키지(SEUMPKG),PE28mm 2kgPE28M／M(백)2KG,8.49,56.2,안정,2025-11-03,115.4
2026-10-14,경인팩,운송료,2.49,45.1,불규칙,2026-01-05,6.2
2026-10-14,신광포장기계,PE28mm 2kgPE28M／M(백)2KG,327.24,50.8,불규칙,2025-12-18,12.8
2026-10-15,주식회사 광림파워팩,PP9MMPP9M／M10KG(황),819.93,52.5,불규칙,2025-12-31,24.7
2026-10-15,(주)아이마켓코리아,PP18MM*21kg 삼성 recycle2300M두께0.80mm단중8.8g Clear,4752.77,43.3,불규칙,2025-12-24,5.3
2026-10-15,ANDERSON WHOLESALE PACKAGING PTY LTD.,"12 x 3,000M 0.60T12x3,000M0.60TBLUE",0.0,57.8,안정,2025-12-14,61.3
2026-10-15,ANDERSON WHOLESALE PACKAGING PTY LTD.,PP 12MM12MMx1000Mx0.50MM Blue,10.15,57.8,안정,2025-12-14,61.3
2026-10-15,ANDERSON WHOLESALE PACKAGING PTY LTD.,Ocean FreightOcean Freight (선임),0.0,57.8,안정,2025-12-14,61.3
2026-10-15,ANDERSON WHOLESALE PACKAGING PTY LTD.,"12 x 3,000M 0.60T12x3,000M0.60TCLEAR",0.0,57.8,안정,2025-12-14,61.3
2026-10-16,경인팩,"PE28mm, 6KGPE28M／M(백)6KG",1061.14,52.8,불규칙,2025-12-30,10.2
2026-10-16,주식회사 고양물산,마대,474.99,51.8,불규칙,2025-12-05,105.2
2026-10-16,(주)아이마켓코리아,PP11MM*13.34KG삼성경량밴드2300m*두께0.84mm단중5.8g GRS,4570.43,50.5,불규칙,2025-12-24,4.0
2026-10-16,대상산업,"PE28mm, 6KGPE28M／M(백)6KG",244.87,52.4,불규칙,2025-12-12,7.3
2026-10-16,전주삼신산업,PP9MMPP9M／M10KG(황),84.27,60.9,안정,2025-12-12,22.3
2026-10-16,(주)낙원포장,PP12MPP12M／M10KG(황),1247.03,59.8,안정,2025-12-23,27.7
2026-10-17,경인팩,PP6MMPP6M／M10KG(백),1448.24,47.5,불규칙,2026-01-05,5.3
2026-10-17,동원팩,PE28mm 2kgPE28M／M(백)2KG,293.85,49.5,불규칙,2025-12-29,4.5
2026-10-17,동원팩,PP6MMPP6M／M10KG(백),480.22,51.5,불규칙,2026-01-05,5.0
2026-10-17,대상산업,PE28mm 2kgPE28M／M(백)2KG,407.0,56.3,안정,2025-12-31,5.2
2026-10-17,전주삼신산업,PE28mm 2kgPE28M／M(백)2KG,232.76,53.9,불규칙,2025-12-09,13.1
2026-10-17,경인팩,팔렛트일회용 플라스틱,2.89,47.9,불규칙,2026-01-05,5.5
2026-10-18,주식회사 대한종합포장,스트레치필름(일반 기계랩)20*500mm*1400m,97.76,48.4,불규칙,2025-11-19,37.3
2026-10-18,금산포장,PE28mm 2kgPE28M／M(백)2KG,271.75,55.0,불규칙,2025-12-22,20.1
2026-10-18,ANDERSON WHOLESALE PACKAGING PTY LTD.,PP19M HD BlackPP19M／M*1000M1.0TBlack,0.0,41.0,불규칙,2025-09-08,81.0
2026-10-18,주신산업,PE28mm 2kgPE28M／M(백)2KG,47.09,46.2,불규칙,2026-01-05,11.5
2026-10-18,진송팩,PP6MMPP6M／M10KG(백),1703.72,48.9,불규칙,2025-12-01,107.0
2026-10-18,주신산업,운송료택배비,1.97,46.2,불규칙,2026-01-05,11.5
2026-10-19,한국포장기계,PE28mm 2kgPE28M／M(백)2KG,1574.8,60.5,안정,2025-12-29,21.3
2026-10-19,진송팩,PE28mm 2kgPE28M／M(백)2KG,877.28,50.2,불규칙,2026-01-02,10.4
2026-10-19,주식회사 진도종합상사,운송료,5.63,64.5,안정,2026-01-05,41.9
2026-10-19,NZ SAFETY BLACKWOODS,"12 x 3,000M 0.60T12x3,000M0.60TCLEAR",0.0,55.0,불규칙,2025-08-19,71.9
2026-10-19,석종수출포장,PP7MPP7M10KG백색,1469.87,54.0,불규칙,2025-10-10,187.3
2026-10-19,(주)베스테크,도전성밴드7.7mm*900m,533.68,40.5,불규칙,2025-11-11,19.4
2026-10-20,(주)아이마켓코리아,PP18MM*21kg 삼성 recycle2300M두께0.80mm단중8.8g Clear,5208.34,43.3,불규칙,2025-12-24,5.3
2026-10-20,민건 이에이,PP12MPP12M／M10KG(백),339.79,57.0,안정,2025-12-24,30.2
2026-10-20,금산포장,PP12MPP12M／M10KG(투명),0.0,46.2,불규칙,2025-12-24,60.1
2026-10-20,한국포장기계,"PE28mm, 6KGPE28M／M(백)6KG",3137.02,46.3,불규칙,2025-12-03,107.0
2026-10-20,(주)영화수출포장,PE 결속끈PE#50 (백) 5500m 5KG,0.0,69.2,안정,2025-11-14,85.0
2026-10-20,(주)아이마켓코리아,"PP18MM x 21Kg 삼성 황색2300M 포장중량 21Kg, 1롤/1pcs 포장 (황색)",5566.68,42.6,불규칙,2025-12-24,15.2
2026-10-20,합동포장기계,PP12MPP12M／M10KG(백),172.67,60.2,안정,2026-01-05,48.9
2026-10-20,경인팩,운송료,1.76,45.1,불규칙,2026-01-05,6.2
2026-10-20,(주)아이마켓코리아,PP11MM*13.34KG삼성경량밴드2300m*두께0.84mm단중5.8g GRS,4245.33,50.5,불규칙,2025-12-24,4.0
2026-10-20,동원팩,"PE28mm, 6KGPE28M／M(백)6KG",204.87,56.1,안정,2026-01-05,6.4
2026-10-20,경인팩,PE28mm 2kgPE28M／M(백)2KG,719.33,47.8,불규칙,2025-12-30,7.3
2026-10-20,한길포장기계,PP12MPP12M／M10KG(백),384.03,67.4,안정,2026-01-05,36.7
2026-10-20,동원팩,PE28mm 2kgPE28M／M(황)2KG,165.28,43.5,불규칙,2025-11-14,17.9
2026-10-21,주식회사 동원피앤아이,"PE50mm, 4.7KGPE50M／M(황)4.7KG",473.21,66.2,안정,2025-12-17,44.6
2026-10-21,주식회사 마크원테크,운송료,1.71,42.6,불규칙,2025-12-19,34.5
2026-10-21,신한포장기계(주),PE28mm 2kgPE28M／M(백)2KG,1201.55,58.7,안정,2025-11-10,69.8
2026-10-21,신광포장기계,운송료,0.45,43.8,불규칙,2025-12-10,21.7
2026-10-21,태광오토팩,PP8MPP8M／M9KG(백),479.8,52.6,불규칙,2025-12-01,54.5
2026-10-21,제이케이머티리얼즈(주)/순성공장,PP18MPP18M／M10KG(황),1400.72,64.0,안정,2025-12-26,23.9
2026-10-21,호성수출포장,스트레치필름(일반 핸드랩 20)20*500mm*350m,107.95,62.5,안정,2025-10-31,71.6
2026-10-21,동원팩,PE28mm 2kgPE28M／M(백)2KG,292.79,49.5,불규칙,2025-12-29,4.5
2026-10-22,경인팩,PP6MMPP6M／M10KG(백),1399.14,47.5,불규칙,2026-01-05,5.3
2026-10-22,합동포장기계,PP12MPP12M／M10KG(황),373.09,67.2,안정,2026-01-05,29.4
2026-10-22,동원팩,PP6MMPP6M／M10KG(백),509.57,51.5,불규칙,2026-01-05,5.0
2026-10-22,대상산업,PE28mm 2kgPE28M／M(백)2KG,430.86,56.3,안정,2025-12-31,5.2
2026-10-22,경인팩,팔렛트일회용 플라스틱,2.83,47.9,불규칙,2026-01-05,5.5
2026-10-22,태광오토팩,PE28mm 2kgPE28M／M(백)2KG,0.0,60.0,안정,2025-11-11,69.2
2026-10-22,신광포장기계,PP12MPP12M／M10KG(황),512.98,50.8,불규칙,2025-12-29,11.2
2026-10-22,동원팩,PP12MPP12M／M10KG(황),253.5,49.2,불규칙,2025-12-20,18.7
2026-10-22,전주삼신산업,PP6MMPP6M／M10KG(백),312.67,47.3,불규칙,2025-12-29,27.2
2026-10-22,경인산업,PP7MPP7M10KG백색,960.0,65.9,안정,2025-10-31,89.0
2026-10-22,신광포장기계,PP18MPP18M／M10KG 황색인쇄밴드,803.31,62.1,안정,2025-12-02,27.5
2026-10-22,천일포장산업,PE28mm 2kgPE28M／M(백)2KG,1008.72,54.9,불규칙,2025-12-01,25.9
2026-10-22,TIGERPAK PACKAGING,12 x 2800M 0.60T12 x 2800M 0.60T BLUE,12306.73,50.9,불규칙,2025-12-25,43.5
2026-10-22,주식회사 광림파워팩,PP15MPP15M／M13KG(황),882.43,60.1,안정,2025-12-18,77.2
2026-10-22,피앤비,PP7MPP7M10KG백색,16.34,63.4,안정,2025-11-06,70.9
2026-10-22,대상산업,"PE50mm, 6KGPE50M／M(백)6KG",249.37,57.4,안정,2025-12-22,16.6
2026-10-22,H.E. BAUMRUCKER COMPANY,Ocean FreightOcean Freight (선임),0.0,44.0,불규칙,2025-09-27,65.8
2026-10-22,RLBUTTON,PP19M * 1000M HD BlackPP19MM*1000M*0.85T Black,36.61,67.8,안정,2025-12-16,62.0
2026-10-22,H.E. BAUMRUCKER COMPANY,"9 x 3,932M 0.61T 백색 230 CORE (9*8)9 x 3,932M 0.61T 백색 230 CORE (9*8)",0.0,44.0,불규칙,2025-09-27,65.8
2026-10-22,RLBUTTON,PP19MPP19M／M*0.55T 1000M Blue,21.2,68.2,안정,2025-12-16,62.0
2026-10-23,동원팩,운송료,1.42,46.6,불규칙,2025-12-23,16.9
2026-10-23,대상산업,"PE28mm, 6KGPE28M／M(백)6KG",277.28,52.4,불규칙,2025-12-12,7.3
2026-10-23,주식회사 광림파워팩,PP12MPP12M／M10KG(황),6.47,55.6,불규칙,2025-12-31,37.9
2026-10-24,세움패키지(SEUMPKG),운송료,0.52,53.3,불규칙,2025-12-16,24.8
2026-10-24,동서포장종합상사,PE28mm 2kgPE28M／M(백)2KG,56.31,54.8,불규칙,2025-12-18,31.2
2026-10-24,주)대성씨앤씨,스트레치필름(일반 기계랩)20*500mm*1400m,50.17,67.7,안정,2025-12-09,29.5
2026-10-24,(주)아이마켓코리아,PP11MM*13.34KG삼성경량밴드2300m*두께0.84mm단중5.8g GRS,3972.51,50.5,불규칙,2025-12-24,4.0
2026-10-25,동원팩,PE28mm 2kgPE28M／M(백)2KG,283.56,49.5,불규칙,2025-12-29,4.5
2026-10-25,신광포장기계,PP15MPP15MM*10KG(황색),431.23,51.9,불규칙,2025-12-04,13.0
2026-10-25,KOMERI,"15.5 x 2,500M 0.55T15.5x2,500M0.55T황색",1496.09,58.8,안정,2025-11-23,42.5
2026-10-25,KOMERI,15 x 100M 0.55T15x100M0.55T자색,254.37,58.8,안정,2025-11-23,42.5
2026-10-25,KOMERI,15 x 100M 0.55T15x100M0.55T백색,655.37,58.8,안정,2025-11-23,42.5
2026-10-25,경인산업,PP12MPP12M／M10KG(백),826.75,61.3,안정,2025-12-04,25.7
2026-10-25,세림산업사,PP원료 (검정),14400.0,48.7,불규칙,2025-10-14,94.0
2026-10-25,NZ SAFETY BLACKWOODS,PP19M BUILDERSPP19M／M*300M 0.60T Blue,0.0,60.6,안정,2025-11-02,119.6
2026-10-25,(주)아이마켓코리아,PP18MM*21kg 삼성 recycle2300M두께0.80mm단중8.8g Clear,5930.22,43.3,불규칙,2025-12-24,5.3
2026-10-25,세화종합상사,PE28mm 2kgPE28M／M(백)2KG,0.0,63.0,안정,2025-11-24,67.2
2026-10-25,(주)낙원포장,PP6MMPP6M/M12.5KG(백),1974.0,55.8,불규칙,2025-12-23,18.5
2026-10-25,평원산업,PP18MPP18M／M10KG(황),1373.17,41.8,불규칙,2025-10-24,122.4
2026-10-25,한국포장기계,PP6MMPP6M／M10KG(백),1931.45,60.1,안정,2025-12-29,20.1
2026-10-25,CYKLOP PACKAGING SYSTEMS PTY LTD.,PP 12MM12MMx1000Mx0.55MM Blue,2926.13,49.7,불규칙,2025-09-18,67.4
2026-10-26,신광포장기계,PE28mm 2kgPE28M／M(백)2KG,347.15,50.8,불규칙,2025-12-18,12.8
2026-10-26,경인팩,PP12MPP12M／M12.5KG (황),410.05,42.3,불규칙,2025-11-12,116.4
2026-10-26,경인팩,"PE28mm, 6KGPE28M／M(백)6KG",1078.75,52.8,불규칙,2025-12-30,10.2
2026-10-26,주식회사 진도종합상사,PE28mm 2kgPE28M／M(백)2KG,62.22,62.9,안정,2026-01-05,42.7
2026-10-26,동원팩,"PE28mm, 6KGPE28M／M(백)6KG",281.03,56.1,안정,2026-01-05,6.4
2026-10-26,경인팩,운송료,1.24,45.1,불규칙,2026-01-05,6.2
2026-10-26,합동포장기계,PE28mm 2kgPE28M／M(백)2KG,464.3,62.2,안정,2026-01-05,21.6
2026-10-26,(주)수현물산,PP15MPP15M／M9KG(황),15.19,63.6,안정,2025-11-24,84.6
2026-10-26,우선산업,"PE50mm, 4.5KGPE50M／M(백)4.5KG",1269.74,53.4,불규칙,2025-12-24,18.1
2026-10-27,경인팩,PP6MMPP6M／M10KG(황),8.35,46.5,불규칙,2025-12-31,75.7
2026-10-27,경인팩,PE28mm 2kgPE28M／M(백)2KG,642.75,47.8,불규칙,2025-12-30,7.3
2026-10-27,동원팩,PE28mm 2kgPE28M／M(청)2KG,65.08,47.7,불규칙,2025-12-16,35.0
2026-10-27,주식회사 광림파워팩,PP15MPP15MM*10KG(황색),0.0,49.9,불규칙,2025-12-31,50.6
2026-10-27,대상산업,PE28mm 2kgPE28M／M(백)2KG,445.2,56.3,안정,2025-12-31,5.2
2026-10-27,CYKLOP PACKAGING SYSTEMS PTY LTD.,PP 11.5MM 2000M 0.75MM BLACK11.5mm 2000m 0.75mm Black Core 406mm,2895.33,53.3,불규칙,2025-09-18,101.2
2026-10-27,경인팩,팔렛트일회용 플라스틱,2.68,47.9,불규칙,2026-01-05,5.5
2026-10-27,경인팩,PP6MMPP6M／M10KG(백),1426.74,47.5,불규칙,2026-01-05,5.3
2026-10-27,합동포장기계,PP12MPP12mm*0.72T*2800m 12.5KG(투명),268.85,41.3,불규칙,2025-11-01,90.5
2026-10-27,동원팩,PP6MMPP6M／M10KG(백),493.26,51.5,불규칙,2026-01-05,5.0
2026-10-28,NZ SAFETY BLACKWOODS,PP19MPP19M／M*0.55T 1000M Blue,0.0,61.7,안정,2025-11-02,72.2
2026-10-28,(주)아이마켓코리아,PP11MM*13.34KG삼성경량밴드2300m*두께0.84mm단중5.8g GRS,4882.68,50.5,불규칙,2025-12-24,4.0
2026-10-29,(주)삼영피앤텍,PE28mm 2kgPE28M／M(백)2KG,37.18,60.4,안정,2025-11-06,51.8
2026-10-29,주신산업,PE28mm 2kgPE28M／M(백)2KG,43.32,46.2,불규칙,2026-01-05,11.5
2026-10-29,다금마대,마대,1.99,58.3,안정,2025-12-29,38.4
2026-10-29,동원팩,PE28mm 2kgPE28M／M(백)2KG,343.72,49.5,불규칙,2025-12-29,4.5
2026-10-29,한길포장기계,PE28mm 2kgPE28M／M(백)2KG,200.08,61.6,안정,2026-01-05,27.2
2026-10-29,주신산업,운송료택배비,2.37,46.2,불규칙,2026-01-05,11.5
2026-10-29,(주)스피드랩코리아,PP6MMPP6M／M10KG(백),562.23,60.4,안정,2026-01-05,27.1
2026-10-29,진송팩,PE28mm 2kgPE28M／M(백)2KG,877.02,50.2,불규칙,2026-01-02,10.4
2026-10-29,대흥수출포장,PE28mm 2kgPE28M／M(백)2KG,159.71,48.6,불규칙,2026-01-05,33.2
2026-10-30,주식회사 대원포장기계,PE28mm 2kgPE28M／M(백)2KG,505.26,63.4,안정,2025-12-01,37.3
2026-10-30,대상산업,"PE28mm, 6KGPE28M／M(백)6KG",245.07,52.4,불규칙,2025-12-12,7.3
2026-10-30,전주삼신산업,PP9MMPP9M／M10KG(투명),2.41,45.5,불규칙,2025-12-12,46.9
2026-10-30,(주)아이마켓코리아,PP18MM*21kg 삼성 recycle2300M두께0.80mm단중8.8g Clear,6358.48,43.3,불규칙,2025-12-24,5.3
2026-10-30,ANDERSON WHOLESALE PACKAGING PTY LTD.,PP19M Premium Black w/paper corePP19M／M*1000M 0.7T Black w/paper core,0.0,56.1,안정,2025-12-14,64.8
2026-10-30,진송팩,PE28mm 2kgPE28M／M(청)2KG,237.98,49.5,불규칙,2025-12-22,39.4
2026-10-30,전주삼신산업,PE28mm 2kgPE28M／M(백)2KG,211.69,53.9,불규칙,2025-12-09,13.1
2026-10-31,TIGERPAK PACKAGING,12 x 2800M 0.60T12 x 2800M 0.60T BLACK,61353.81,52.6,불규칙,2025-10-24,186.5
2026-10-31,합동포장기계,PP12MPP12M／M12.5KG (황),1409.81,62.5,안정,2026-01-05,23.7
2026-11-01,동원팩,"PE28mm, 6KGPE28M／M(백)6KG",328.39,56.1,안정,2026-01-05,6.4
2026-11-01,한남포장기계,PP12MPP12M／M9KG(황),1809.37,59.7,안정,2025-12-16,20.3
2026-11-01,KOMERI,15 x 100M 0.55T15x100M0.55T청색,759.9,46.8,불규칙,2025-11-23,49.0
2026-11-01,KOMERI,15 x 100M 0.55T15x100M 0.55T 황색,1073.55,46.8,불규칙,2025-11-23,49.0
2026-11-01,(주)아이마켓코리아,PP11MM*13.34KG삼성경량밴드2300m*두께0.84mm단중5.8g GRS,3903.9,50.5,불규칙,2025-12-24,4.0
2026-11-01,경인팩,팔렛트일회용 플라스틱,2.05,47.9,불규칙,2026-01-05,5.5
2026-11-01,대상산업,PE28mm 2kgPE28M／M(백)2KG,316.45,56.3,안정,2025-12-31,5.2
2026-11-01,경인팩,PP6MMPP6M／M10KG(백),1210.92,47.5,불규칙,2026-01-05,5.3
2026-11-01,서흥포장 주식회사,PP7MPP7M10KG백색,0.0,44.3,불규칙,2025-09-23,101.7
2026-11-01,경인팩,운송료,1.31,45.1,불규칙,2026-01-05,6.2
2026-11-01,동원팩,PP6MMPP6M／M10KG(백),408.96,51.5,불규칙,2026-01-05,5.0
2026-11-02,동원팩,PE28mm 2kgPE28M／M(백)2KG,247.35,49.5,불규칙,2025-12-29,4.5
2026-11-02,상일교역상사,"12 x 1,707M 0.78T12x1,707M 0.78T 백색",6558.72,49.6,불규칙,2025-08-13,223.0
2026-11-02,신광포장기계,PP12MPP12M／M10KG(황),490.86,50.8,불규칙,2025-12-29,11.2
2026-11-02,하영종합상사,PE28mm 2kgPE28M／M(백)2KG,0.0,58.2,불규칙,2025-09-29,57.3
2026-11-02,TIGERPAK PACKAGING,PP19M Premium BlackPP19M／M*1000M 0.7T Black,8616.1,54.2,불규칙,2025-12-25,78.1
2026-11-02,천일포장산업,PP6MMPP6M／M10KG(백),2009.79,57.8,안정,2025-12-01,28.0
2026-11-02,경인팩,"PE50mm, 6KGPE50M／M(백)6KG",0.0,44.6,불규칙,2025-09-23,81.9
2026-11-02,(주)낙원포장,PP10.5MPP10.5M10KG(청),1000.0,50.9,불규칙,2025-12-09,82.8
2026-11-02,신광포장기계,PP15MPP15M／M10KG(백색),368.22,53.0,불규칙,2025-11-19,29.8
2026-11-03,(주)낙원포장,PP10.5MPP10.5M10KG투명,1268.75,53.1,불규칙,2025-12-23,45.3
2026-11-03,경인팩,PE28mm 2kgPE28M／M(백)2KG,905.93,47.8,불규칙,2025-12-30,7.3
2026-11-04,(주)아이마켓코리아,"PP18MM x 21Kg 삼성 황색2300M 포장중량 21Kg, 1롤/1pcs 포장 (황색)",3297.29,42.6,불규칙,2025-12-24,15.2
2026-11-04,대상산업,PE28mm 2kgPE28M／M(황)2KG,164.87,47.5,불규칙,2025-12-09,30.7
2026-11-04,대상산업,PP12MPP12M／M12.5KG (황),396.03,51.0,불규칙,2025-12-17,23.5
2026-11-04,(주)아이마켓코리아,PP18MM*21kg 삼성 recycle2300M두께0.80mm단중8.8g Clear,4234.97,43.3,불규칙,2025-12-24,5.3
2026-11-04,WESTSIDE PACKAGING SYSTEMS AUSTRALIA,PP 05MM05MM x 7000 x 0.50MM White,10019.83,51.8,불규칙,2025-11-27,114.5
2026-11-04,주신산업,PP12MPP12M／M10KG(황),572.99,54.2,불규칙,2025-12-31,44.6
2026-11-04,강원농협연합포장재가공사업소,PP12MPP12M／M12.5KG (황),5772.06,49.0,불규칙,2025-11-17,44.5
2026-11-05,TIGERPAK PACKAGING,PP 12MM12MMx1000Mx0.50MM Blue,1957.52,57.5,안정,2025-12-25,63.9
2026-11-05,합동포장기계,PP15MPP15M／M13KG(황),112.24,54.2,불규칙,2026-01-05,38.6
2026-11-05,합동포장기계,PP6MMPP6M／M10KG(백),376.79,64.1,안정,2026-01-05,38.8
2026-11-05,(주)아이마켓코리아,PP11MM*13.34KG삼성경량밴드2300m*두께0.84mm단중5.8g GRS,3347.87,50.5,불규칙,2025-12-24,4.0
2026-11-05,경인팩,"PE28mm, 6KGPE28M／M(백)6KG",863.46,52.8,불규칙,2025-12-30,10.2
2026-11-05,주식회사 대한불소,PP15MPP15M／M10KG(은),0.0,61.0,불규칙,2025-12-03,337.0
2026-11-05,주식회사 광림파워팩,PP9MMPP9MMx9.2kg 황,0.0,51.8,불규칙,2025-12-01,113.0
2026-11-06,주식회사 되살림패키지,PP12MPP12M／M10KG(백),0.0,52.4,불규칙,2025-10-16,193.0
2026-11-06,동원팩,PP6MMPP6M／M10KG(백),418.54,51.5,불규칙,2026-01-05,5.0
2026-11-06,동원팩,PE28mm 2kgPE28M／M(백)2KG,225.46,49.5,불규칙,2025-12-29,4.5
2026-11-06,동원팩,PE28mm 2kgPE28M／M(황)2KG,138.91,43.5,불규칙,2025-11-14,17.9
2026-11-06,대상산업,PE28mm 2kgPE28M／M(백)2KG,314.22,56.3,안정,2025-12-31,5.2
2026-11-06,대상산업,"PE28mm, 6KGPE28M／M(백)6KG",271.45,52.4,불규칙,2025-12-12,7.3
2026-11-06,경인팩,PP6MMPP6M／M10KG(백),1221.12,47.5,불규칙,2026-01-05,5.3
2026-11-06,경인팩,팔렛트일회용 플라스틱,2.23,47.9,불규칙,2026-01-05,5.5
2026-11-06,에이원코리아,PP12MPP12M／M12KG(황),2009.2,70.3,안정,2025-12-29,52.5
2026-11-07,금산포장,PE28mm 2kgPE28M／M(백)2KG,396.53,55.0,불규칙,2025-12-22,20.1
2026-11-07,대상산업,PP12MPP12M／M10KG(황),394.23,52.4,불규칙,2026-01-02,103.0
2026-11-07,전주삼신산업,PP9MMPP9M／M10KG(황),164.5,60.9,안정,2025-12-12,22.3
2026-11-07,금산포장,PP15MPP15M／M10KG(백색),1200.0,47.3,불규칙,2026-01-05,153.8
2026-11-07,신광포장기계,PP9MMPP9M／M10KG(투명),513.53,67.5,안정,2026-01-05,51.3
2026-11-07,신광포장기계,PP15MPP15MM*10KG(황색),565.39,51.9,불규칙,2025-12-04,13.0
2026-11-07,경인팩,운송료,1.58,45.1,불규칙,2026-01-05,6.2
2026-11-07,대상산업,"PE50mm, 6KGPE50M／M(백)6KG",164.14,57.4,안정,2025-12-22,16.6
2026-11-07,동원팩,"PE28mm, 6KGPE28M／M(백)6KG",344.84,56.1,안정,2026-01-05,6.4
2026-11-07,신광포장기계,PE28mm 2kgPE28M／M(백)2KG,331.39,50.8,불규칙,2025-12-18,12.8
2026-11-07,(주)베스테크,도전성밴드7.7mm*900m,333.02,40.5,불규칙,2025-11-11,19.4
2026-11-08,(주)낙원포장,PP15MPP15MM*10KG(황색),1612.58,61.3,안정,2025-12-23,40.1
2026-11-08,연화수출포장,운송료,0.0,57.3,안정,2025-12-31,39.5
2026-11-08,동원팩,운송료,1.17,46.6,불규칙,2025-12-23,16.9
2026-11-08,주식회사 광림파워팩,PP9MMPP9M／M10KG(황),790.77,52.5,불규칙,2025-12-31,24.7
2026-11-08,진송팩,PE28mm 2kgPE28M／M(백)2KG,298.72,50.2,불규칙,2026-01-02,10.4
2026-11-08,ANDERSON WHOLESALE PACKAGING PTY LTD.,"15 x 1,000M 0.50T Blue15x1,000M0.50T청색",2040.31,41.4,불규칙,2025-09-08,71.8
2026-11-08,주식회사 광림파워팩,PP12MPP12M／M12.5KG (황),527.97,64.4,안정,2025-12-31,26.8
2026-11-09,주신산업,운송료택배비,1.84,46.2,불규칙,2026-01-05,11.5
2026-11-09,주신산업,PE28mm 2kgPE28M／M(백)2KG,36.58,46.2,불규칙,2026-01-05,11.5
2026-11-09,동원팩,PP12MPP12M／M10KG(황),81.26,49.2,불규칙,2025-12-20,18.7
2026-11-09,신광포장기계(부산),운송료,7.89,53.4,불규칙,2025-11-04,74.6
2026-11-09,한국포장기계,PE28mm 2kgPE28M／M(백)2KG,1601.71,60.5,안정,2025-12-29,21.3
2026-11-09,(주)아이마켓코리아,PP18MM*21kg 삼성 recycle2300M두께0.80mm단중8.8g Clear,4166.72,43.3,불규칙,2025-12-24,5.3
2026-11-09,(주)아이마켓코리아,PP11MM*13.34KG삼성경량밴드2300m*두께0.84mm단중5.8g GRS,3804.8,50.5,불규칙,2025-12-24,4.0
2026-11-10,합동포장기계,스트레치필름(일반 기계랩)20*500mm*1400m,86.37,52.7,불규칙,2025-12-01,43.0
2026-11-10,경인팩,PE28mm 2kgPE28M／M(백)2KG,988.11,47.8,불규칙,2025-12-30,7.3
2026-11-10,전주삼신산업,PP7MPP7M10KG백색,318.62,51.0,불규칙,2025-12-09,28.6
2026-11-10,동원팩,PE28mm 2kgPE28M／M(백)2KG,237.51,49.5,불규칙,2025-12-29,4.5
2026-11-10,대상산업,PE28mm 2kgPE28M／M(청)2KG,131.94,52.1,불규칙,2025-12-09,42.4
2026-11-11,"주식회사 오비아이(OBI co.,Ltd.)",PE28mm 2kgPE28M／M(백)2KG,480.0,51.7,불규칙,2025-11-04,124.2
2026-11-11,동원팩,PP6MM매달100롤 할인,0.0,53.3,불규칙,2025-11-04,31.2
2026-11-11,동원팩,PP6MMPP6M／M10KG(백),368.6,51.5,불규칙,2026-01-05,5.0
2026-11-11,경인팩,PP6MMPP6M／M10KG(백),1175.29,47.5,불규칙,2026-01-05,5.3
2026-11-11,신광포장기계,운송료,1.57,43.8,불규칙,2025-12-10,21.7
2026-11-11,한길포장기계,PP12MPP12M／M10KG(청),447.13,60.3,안정,2025-12-01,69.9
2026-11-11,경인팩,팔렛트일회용 플라스틱,1.95,47.9,불규칙,2026-01-05,5.5
2026-11-11,대상산업,PE28mm 2kgPE28M／M(백)2KG,334.16,56.3,안정,2025-12-31,5.2
2026-11-11,우선산업,PE28mm 2kgPE28M／M(백)2KG,0.0,60.2,안정,2025-12-26,40.4
2026-11-11,한길포장기계,PP12MPP12M／M10KG(황),843.03,66.3,안정,2026-01-05,31.9
2026-11-12,(주)낙원포장,PP6MMPP6M/M12.5KG(백),2743.5,55.8,불규칙,2025-12-23,18.5
2026-11-12,경인팩,PP6MMPP6M／M10KG(청),0.0,53.9,불규칙,2025-12-29,106.0
2026-11-12,(주)낙원포장,PP12MPP12M／M10KG(황),1250.52,59.8,안정,2025-12-23,27.7
2026-11-12,서울상사,PP12MPP12M／M10KG(황),457.63,49.4,불규칙,2025-12-19,41.7
2026-11-12,전주삼신산업,PE28mm 2kgPE28M／M(백)2KG,328.21,53.9,불규칙,2025-12-09,13.1
2026-11-13,경인팩,운송료,1.61,45.1,불규칙,2026-01-05,6.2
2026-11-13,대상산업,"PE28mm, 6KGPE28M／M(백)6KG",244.56,52.4,불규칙,2025-12-12,7.3
2026-11-13,주식회사 광림파워팩,PP12MPP12mm*0.72T*2800m 12.5KG(투명),0.0,48.1,불규칙,2025-10-29,76.8
2026-11-13,동원팩,"PE28mm, 6KGPE28M／M(백)6KG",293.5,56.1,안정,2026-01-05,6.4
2026-11-13,제이케이머티리얼즈(주)/순성공장,PP18MPP18M／M10KG(황),960.55,64.0,안정,2025-12-26,23.9
2026-11-13,신광포장기계,"PE28mm, 6KGPE28M／M(백)6KG",69.84,49.9,불규칙,2025-11-04,34.6
2026-11-13,신광포장기계,PP12MPP12M／M10KG(황),450.93,50.8,불규칙,2025-12-29,11.2
2026-11-13,우선산업,"PE50mm, 4.5KGPE50M／M(백)4.5KG",1295.25,53.4,불규칙,2025-12-24,18.1
2026-11-13,합동포장기계,PP12MPP12M／M9KG(황),0.0,45.0,불규칙,2026-01-05,78.3
2026-11-13,(주)아이마켓코리아,PP11MM*13.34KG삼성경량밴드2300m*두께0.84mm단중5.8g GRS,4660.48,50.5,불규칙,2025-12-24,4.0
2026-11-14,한국포장기계,PP6MMPP6M／M10KG(백),1734.18,60.1,안정,2025-12-29,20.1
2026-11-14,천일포장산업,"PE28mm, 6KGPE28M／M(백)6KG",330.7,46.3,불규칙,2025-09-05,87.0
2026-11-14,동원팩,PE28mm 2kgPE28M／M(백)2KG,206.68,49.5,불규칙,2025-12-29,4.5
2026-11-14,(주)아이마켓코리아,PP18MM*21kg 삼성 recycle2300M두께0.80mm단중8.8g Clear,4579.56,43.3,불규칙,2025-12-24,5.3
2026-11-14,어드밴스,"12 x 3,017M 0.55T12x3,017M(투명)",0.0,57.1,불규칙,2025-12-17,332.5
2026-11-14,어드밴스,운반임40택배비,0.0,57.1,불규칙,2025-12-17,332.5
2026-11-15,(주)낙원포장,PE28mm 2kgPE28M／M(백)2KG,328.83,55.6,불규칙,2025-11-20,180.7
2026-11-15,경인팩,"PE28mm, 6KGPE28M／M(백)6KG",791.58,52.8,불규칙,2025-12-30,10.2
2026-11-15,신광포장기계(부산),PE28mm 2kgPE28M／M(백)2KG,184.9,44.0,불규칙,2025-11-04,47.9
2026-11-16,동원팩,PP6MMPP6M／M10KG(백),375.52,51.5,불규칙,2026-01-05,5.0
2026-11-16,경인팩,팔렛트일회용 플라스틱,1.89,47.9,불규칙,2026-01-05,5.5
2026-11-16,합동포장기계,PE28mm 2kgPE28M／M(백)2KG,471.41,62.2,안정,2026-01-05,21.6
2026-11-16,대상산업,PE28mm 2kgPE28M／M(백)2KG,369.91,56.3,안정,2025-12-31,5.2
2026-11-16,천일포장산업,PE28mm 2kgPE28M／M(백)2KG,657.62,54.9,불규칙,2025-12-01,25.9
2026-11-16,경인팩,PP6MMPP6M／M10KG(백),1346.29,47.5,불규칙,2026-01-05,5.3
2026-11-17,RLBUTTON,팔레트팔레트,28.03,63.0,안정,2025-12-16,56.8
2026-11-17,진송팩,"PE28mm, 6KGPE28M／M(백)6KG",233.34,47.8,불규칙,2025-12-02,35.0
2026-11-17,세움패키지(SEUMPKG),운송료,2.38,53.3,불규칙,2025-12-16,24.8
2026-11-17,서흥포장 주식회사,PP12MPP12M／M10KG(황),86.92,59.9,안정,2025-12-10,57.3
2026-11-17,(주)아이마켓코리아,PP11MM*13.34KG삼성경량밴드2300m*두께0.84mm단중5.8g GRS,3371.49,50.5,불규칙,2025-12-24,4.0
2026-11-17,경인팩,PP12MPP12M／M10KG(백),922.99,46.1,불규칙,2025-11-25,119.0
2026-11-17,경인팩,PE28mm 2kgPE28M／M(백)2KG,966.63,47.8,불규칙,2025-12-30,7.3
2026-11-18,KOMERI,"15 x 1,000M 0.55T Yellow15x1,000M0.55T 황색",1633.52,58.0,안정,2025-11-23,45.5
2026-11-18,KOMERI,15 x 100M 0.55T15x100M0.55T적색,162.08,57.9,안정,2025-11-23,45.5
2026-11-18,전주삼신산업,PP6MMPP6M／M10KG(백),337.23,47.3,불규칙,2025-12-29,27.2
2026-11-18,진송팩,PE28mm 2kgPE28M／M(백)2KG,365.11,50.2,불규칙,2026-01-02,10.4
2026-11-18,KOMERI,15 x 100M 0.55T15x100M0.55T녹색,164.66,58.0,안정,2025-11-23,45.5
2026-11-18,신광포장기계,PP18MPP18M／M10KG 황색인쇄밴드,2424.7,62.1,안정,2025-12-02,27.5
2026-11-18,동원팩,PE28mm 2kgPE28M／M(백)2KG,242.65,49.5,불규칙,2025-12-29,4.5
2026-11-19,(주)아이마켓코리아,"PP18MM x 21Kg 삼성 황색2300M 포장중량 21Kg, 1롤/1pcs 포장 (황색)",3671.37,42.6,불규칙,2025-12-24,15.2
2026-11-19,동원팩,"PE28mm, 6KGPE28M／M(백)6KG",314.79,56.1,안정,2026-01-05,6.4
2026-11-19,(주)금성칼라팩,PP7MPP7M10KG백색,3790.38,67.5,안정,2025-11-24,90.0
2026-11-19,(주)아이마켓코리아,PP18MM*21kg 삼성 recycle2300M두께0.80mm단중8.8g Clear,4299.3,43.3,불규칙,2025-12-24,5.3
2026-11-19,주식회사 대한종합포장,PP12MPP12M／M10KG(백),461.66,61.4,안정,2025-11-24,45.1
2026-11-19,서흥포장 주식회사,스트레치필름(특수기능형)15*500*400,56.47,72.2,안정,2025-12-10,43.0
2026-11-19,삼원산업,PP12MPP12M／M12KG(황),1230.19,55.2,불규칙,2025-12-02,88.0
2026-11-19,경인팩,운송료,2.03,45.1,불규칙,2026-01-05,6.2
2026-11-19,민건 이에이,PP12MPP12M／M10KG(백),700.56,57.0,안정,2025-12-24,30.2
2026-11-19,경인산업,PP12MPP12M／M10KG(백),533.75,61.3,안정,2025-12-04,25.7
2026-11-19,신광포장기계,PE28mm 2kgPE28M／M(백)2KG,312.99,50.8,불규칙,2025-12-18,12.8
2026-11-20,주신산업,운송료택배비,1.71,46.2,불규칙,2026-01-05,11.5
2026-11-20,대상산업,"PE28mm, 6KGPE28M／M(백)6KG",248.62,52.4,불규칙,2025-12-12,7.3
2026-11-20,신광포장기계,PP15MPP15MM*10KG(황색),511.51,51.9,불규칙,2025-12-04,13.0
2026-11-20,주신산업,PE28mm 2kgPE28M／M(백)2KG,40.96,46.2,불규칙,2026-01-05,11.5
2026-11-20,합동포장기계,PP12MPP12M／M10KG(황),370.68,67.2,안정,2026-01-05,29.4
2026-11-21,(주)아이마켓코리아,PP11MM*13.34KG삼성경량밴드2300m*두께0.84mm단중5.8g GRS,3911.16,50.5,불규칙,2025-12-24,4.0
2026-11-21,경인팩,PP6MMPP6M／M10KG(백),1320.5,47.5,불규칙,2026-01-05,5.3
2026-11-21,H.E. BAUMRUCKER COMPANY,"9 x 3,932M 0.61T9 x 3,932M 0.61T 백색",8384.02,54.9,불규칙,2025-09-27,105.2
2026-11-21,경인팩,팔렛트일회용 플라스틱,1.78,47.9,불규칙,2026-01-05,5.5
2026-11-21,대상산업,PE28mm 2kgPE28M／M(백)2KG,328.06,56.3,안정,2025-12-31,5.2
2026-11-21,동원팩,PP6MMPP6M／M10KG(백),434.09,51.5,불규칙,2026-01-05,5.0
2026-11-21,한남포장기계,PP12MPP12M／M9KG(황),1829.57,59.7,안정,2025-12-16,20.3
2026-11-21,H.E. BAUMRUCKER COMPANY,"12 x 3,018M 0.58T White 230 CORE (9x8)12 x 3,018M 0.58T White 230 CORE (9x8)",4598.87,40.2,불규칙,2025-09-27,105.2
2026-11-22,주)대성씨앤씨,스트레치필름(일반 기계랩)20*500mm*1400m,52.59,67.7,안정,2025-12-09,29.5
2026-11-22,한남포장기계,PE28mm 2kgPE28M／M(백)2KG,0.0,61.5,불규칙,2025-10-10,102.7
2026-11-22,동원팩,PE28mm 2kgPE28M／M(백)2KG,239.3,49.5,불규칙,2025-12-29,4.5
2026-11-22,금산포장,"PE28mm, 6KGPE28M／M(백)6KG",32.0,58.6,안정,2025-12-22,67.8
2026-11-23,동원팩,PE28mm 2kgPE28M／M(황)2KG,124.97,43.5,불규칙,2025-11-14,17.9
2026-11-23,대상산업,"PE50mm, 6KGPE50M／M(백)6KG",176.94,57.4,안정,2025-12-22,16.6
2026-11-23,합동포장기계,PP12MPP12M／M12.5KG (황),1266.09,62.5,안정,2026-01-05,23.7
2026-11-24,(주)아이마켓코리아,PP18MM*21kg 삼성 recycle2300M두께0.80mm단중8.8g Clear,4345.09,43.3,불규칙,2025-12-24,5.3
2026-11-24,경인팩,PE28mm 2kgPE28M／M(백)2KG,997.5,47.8,불규칙,2025-12-30,7.3
2026-11-24,신광포장기계,PP12MPP12M／M10KG(황),532.93,50.8,불규칙,2025-12-29,11.2
2026-11-24,동서포장종합상사,PE28mm 2kgPE28M／M(백)2KG,109.94,54.8,불규칙,2025-12-18,31.2
2026-11-24,동원팩,운송료,1.45,46.6,불규칙,2025-12-23,16.9
2026-11-24,주식회사 대한종합포장,스트레치필름(일반 기계랩)20*500mm*1400m,69.01,48.4,불규칙,2025-11-19,37.3
2026-11-24,주식회사 마크원테크,운송료,1.71,42.6,불규칙,2025-12-19,34.5
2026-11-24,진송팩,PP18MPP18M／M10KG(황),142.3,46.0,불규칙,2025-10-24,44.9
2026-11-25,경인팩,운송료,1.79,45.1,불규칙,2026-01-05,6.2
2026-11-25,동원팩,"PE28mm, 6KGPE28M／M(백)6KG",327.0,56.1,안정,2026-01-05,6.4
2026-11-25,(주)스피드랩코리아,PP6MMPP6M／M10KG(백),789.32,60.4,안정,2026-01-05,27.1
2026-11-25,경인팩,"PE28mm, 6KGPE28M／M(백)6KG",854.11,52.8,불규칙,2025-12-30,10.2
2026-11-25,한길포장기계,PE28mm 2kgPE28M／M(백)2KG,203.56,61.6,안정,2026-01-05,27.2
2026-11-25,경인산업,PP12MPP12M／M10KG(황),868.77,63.7,안정,2025-11-14,47.3
2026-11-25,한길포장기계,PP12MPP12M／M10KG(백),719.25,67.4,안정,2026-01-05,36.7
2026-11-25,전주삼신산업,PE28mm 2kgPE28M／M(백)2KG,338.31,53.9,불규칙,2025-12-09,13.1
2026-11-25,(주)아이마켓코리아,PP11MM*13.34KG삼성경량밴드2300m*두께0.84mm단중5.8g GRS,3554.94,50.5,불규칙,2025-12-24,4.0
2026-11-25,한길포장기계,PP9MMPP9M／M10KG(투명),358.19,55.5,불규칙,2026-01-05,54.3
2026-11-26,동원팩,PP6MMPP6M／M10KG(백),422.97,51.5,불규칙,2026-01-05,5.0
2026-11-26,동원팩,PE28mm 2kgPE28M／M(백)2KG,199.47,49.5,불규칙,2025-12-29,4.5
2026-11-26,대상산업,"PE50mm, 6KGPE50M／M(황)6KG",208.8,62.3,안정,2025-11-20,53.2
2026-11-26,(주)베스테크,도전성밴드7.7mm*900m,338.71,40.5,불규칙,2025-11-11,19.4
2026-11-26,진송팩,PE28mm 2kgPE28M／M(적)2KG,90.44,44.2,불규칙,2025-11-19,62.5
2026-11-26,진송팩,PE28mm 2kgPE28M／M(황)2KG,74.19,56.2,안정,2025-12-11,70.8
2026-11-26,경인팩,PP6MMPP6M／M10KG(백),1271.57,47.5,불규칙,2026-01-05,5.3
2026-11-26,CYKLOP PACKAGING SYSTEMS PTY LTD.,"12 x 3,000M 0.65T12x3,000M0.65T BLUE",4154.8,59.6,안정,2025-12-25,48.1
2026-11-26,경인팩,팔렛트일회용 플라스틱,2.25,47.9,불규칙,2026-01-05,5.5
2026-11-26,대상산업,PE28mm 2kgPE28M／M(백)2KG,331.42,56.3,안정,2025-12-31,5.2
2026-11-27,금산포장,PE28mm 2kgPE28M／M(백)2KG,387.29,55.0,불규칙,2025-12-22,20.1
2026-11-27,삼원산업,PP12MPP12M／M12KG(투명),1440.0,48.2,불규칙,2025-12-02,120.2
2026-11-27,ANDERSON WHOLESALE PACKAGING PTY LTD.,PP19M Premium BlackPP19M／M*1000M 0.7T Black,5074.41,55.8,불규칙,2025-12-14,58.7
2026-11-27,대상산업,PP12MPP12M／M12.5KG (황),407.15,51.0,불규칙,2025-12-17,23.5
2026-11-27,경인팩,PP15MPP15M／M9.5KG(적색),1854.8,52.0,불규칙,2025-11-12,95.4
2026-11-27,동원팩,PP12MPP12M／M10KG(황),76.35,49.2,불규칙,2025-12-20,18.7
2026-11-27,대상산업,"PE28mm, 6KGPE28M／M(백)6KG",286.28,52.4,불규칙,2025-12-12,7.3
2026-11-28,진송팩,PE28mm 2kgPE28M／M(백)2KG,417.29,50.2,불규칙,2026-01-02,10.4
2026-11-29,주식회사 진도종합상사,운송료,0.1,64.5,안정,2026-01-05,41.9
2026-11-29,전주삼신산업,PP9MMPP9M／M10KG(황),161.33,60.9,안정,2025-12-12,22.3
2026-11-29,(주)아이마켓코리아,PP11MM*13.34KG삼성경량밴드2300m*두께0.84mm단중5.8g GRS,3508.7,50.5,불규칙,2025-12-24,4.0
2026-11-29,주식회사 광림파워팩,PP12MPP12M／M10KG(황),825.3,55.6,불규칙,2025-12-31,37.9
2026-11-29,(주)아이마켓코리아,PP18MM*21kg 삼성 recycle2300M두께0.80mm단중8.8g Clear,4449.33,43.3,불규칙,2025-12-24,5.3
2026-11-30,천일포장산업,PP6MMPP6M／M10KG(백),2090.82,57.8,안정,2025-12-01,28.0
2026-11-30,에이원코리아,운송료운송료,0.0,67.1,안정,2025-12-29,48.7
2026-11-30,한국포장기계,PE28mm 2kgPE28M／M(백)2KG,1482.02,60.5,안정,2025-12-29,21.3
2026-11-30,동원팩,PE28mm 2kgPE28M／M(백)2KG,236.36,49.5,불규칙,2025-12-29,4.5
2026-11-30,연화수출포장,PP15MPP15M／M10 (청색),1.43,61.0,불규칙,2025-09-24,48.5
2026-11-30,(주)낙원포장,PP6MMPP6M/M12.5KG(백),2816.19,55.8,불규칙,2025-12-23,18.5
2026-12-01,동원팩,"PE28mm, 6KGPE28M／M(백)6KG",326.8,56.1,안정,2026-01-05,6.4
2026-12-01,동원팩,PE28mm 2kgPE28M／M(청)2KG,63.5,47.7,불규칙,2025-12-16,35.0
2026-12-01,동원팩,PP6MMPP6M／M10KG(백),509.63,51.5,불규칙,2026-01-05,5.0
2026-12-01,대흥수출포장,PE28mm 2kgPE28M／M(백)2KG,105.77,48.6,불규칙,2026-01-05,33.2
2026-12-01,WESTSIDE PACKAGING SYSTEMS AUSTRALIA,"15 x 2,300M 0.70T15 x 2,300M 0.70T 투명",46.21,56.9,불규칙,2025-09-17,220.0
2026-12-01,대상산업,PE28mm 2kgPE28M／M(백)2KG,414.91,56.3,안정,2025-12-31,5.2
2026-12-01,경인팩,운송료,2.79,45.1,불규칙,2026-01-05,6.2
2026-12-01,경인팩,팔렛트일회용 플라스틱,3.06,47.9,불규칙,2026-01-05,5.5
2026-12-01,경인팩,PE28mm 2kgPE28M／M(백)2KG,948.58,47.8,불규칙,2025-12-30,7.3
2026-12-01,주신산업,PE28mm 2kgPE28M／M(백)2KG,36.74,46.2,불규칙,2026-01-05,11.5
2026-12-01,신광포장기계,PP15MPP15M／M10KG(백색),192.95,53.0,불규칙,2025-11-19,29.8
2026-12-01,신광포장기계,PE28mm 2kgPE28M／M(백)2KG,268.86,50.8,불규칙,2025-12-18,12.8
2026-12-01,주신산업,운송료택배비,1.55,46.2,불규칙,2026-01-05,11.5
2026-12-01,경인팩,PP6MMPP6M／M10KG(백),1982.43,47.5,불규칙,2026-01-05,5.3
2026-12-01,우선산업,"PE50mm, 4.5KGPE50M／M(백)4.5KG",1267.36,53.4,불규칙,2025-12-24,18.1
2026-12-02,서울상사,PP9MMPP9M／M10KG(투명),1376.09,52.3,불규칙,2025-12-19,116.4
2026-12-02,신광포장기계,운송료,1.97,43.8,불규칙,2025-12-10,21.7
2026-12-02,주식회사 광림파워팩,PP9MMPP9M／M10KG(황),1985.14,52.5,불규칙,2025-12-31,24.7
2026-12-03,신광포장기계,PP15MPP15MM*10KG(청색),2.0,64.2,안정,2025-11-26,62.4
2026-12-03,신광포장기계,PP15MPP15MM*10KG(황색),628.63,51.9,불규칙,2025-12-04,13.0
2026-12-03,(주)아이마켓코리아,PP11MM*13.34KG삼성경량밴드2300m*두께0.84mm단중5.8g GRS,3212.02,50.5,불규칙,2025-12-24,4.0
2026-12-04,동원팩,PE28mm 2kgPE28M／M(백)2KG,277.43,49.5,불규칙,2025-12-29,4.5
2026-12-04,한국포장기계,PP6MMPP6M／M10KG(백),3645.03,60.1,안정,2025-12-29,20.1
2026-12-04,TIGERPAK PACKAGING,12 x 2800M 0.60T12 x 2800M 0.60T BLUE,5567.22,50.9,불규칙,2025-12-25,43.5
2026-12-04,주식회사 동원피앤아이,"PE50mm, 4.7KGPE50M／M(황)4.7KG",897.8,66.2,안정,2025-12-17,44.6
2026-12-04,대상산업,"PE28mm, 6KGPE28M／M(백)6KG",246.06,52.4,불규칙,2025-12-12,7.3
2026-12-04,주식회사 광림파워팩,PP12MPP12M／M12.5KG (황),506.65,64.4,안정,2025-12-31,26.8
2026-12-04,대상산업,PE28mm 2kgPE28M／M(황)2KG,244.84,47.5,불규칙,2025-12-09,30.7
2026-12-04,(주)아이마켓코리아,"PP18MM x 21Kg 삼성 황색2300M 포장중량 21Kg, 1롤/1pcs 포장 (황색)",3746.84,42.6,불규칙,2025-12-24,15.2
2026-12-04,(주)아이마켓코리아,PP18MM*21kg 삼성 recycle2300M두께0.80mm단중8.8g Clear,4309.89,43.3,불규칙,2025-12-24,5.3
2026-12-05,신광포장기계,PP12MPP12M／M10KG(황),641.24,50.8,불규칙,2025-12-29,11.2
2026-12-05,주식회사 대한종합포장,PP5MMx7000Mx0.5T 백색,1.17,57.0,안정,2025-11-10,65.3
2026-12-05,경인팩,"PE28mm, 6KGPE28M／M(백)6KG",876.26,52.8,불규칙,2025-12-30,10.2
2026-12-06,대상산업,PE28mm 2kgPE28M／M(백)2KG,437.57,56.3,안정,2025-12-31,5.2
2026-12-06,KOMERI,"15.5 x 2,500M 0.55T15.5x2,500M0.55T황색",144.01,58.8,안정,2025-11-23,42.5
2026-12-06,KOMERI,"15.5 x 2,500M 0.55T15.5x2,500M0.55T청색",27.68,53.0,불규칙,2025-11-23,63.7
2026-12-06,다금마대,마대,298.15,58.3,안정,2025-12-29,38.4
2026-12-06,KOMERI,15 x 100M 0.55T15x100M0.55T자색,0.0,58.8,안정,2025-11-23,42.5
2026-12-06,제이케이머티리얼즈(주)/순성공장,PP18MPP18M／M10KG(황),1382.24,64.0,안정,2025-12-26,23.9
2026-12-06,KOMERI,15 x 100M 0.55T15x100M0.55T백색,0.0,58.8,안정,2025-11-23,42.5
2026-12-06,경인팩,팔렛트일회용 플라스틱,3.0,47.9,불규칙,2026-01-05,5.5
2026-12-06,동원팩,PP6MMPP6M／M10KG(백),516.95,51.5,불규칙,2026-01-05,5.0
2026-12-06,주식회사 대원포장기계,PE28mm 2kgPE28M／M(백)2KG,505.26,63.4,안정,2025-12-01,37.3
2026-12-06,경인팩,PP6MMPP6M／M10KG(백),1619.43,47.5,불규칙,2026-01-05,5.3
2026-12-06,H.E. BAUMRUCKER COMPANY,"12 x 3,018M 0.58T White (8x8)12 x 3,018M 0.58T White (8x8)",21.97,49.0,불규칙,2025-09-27,87.7
2026-12-07,합동포장기계,PE28mm 2kgPE28M／M(백)2KG,908.81,62.2,안정,2026-01-05,21.6
2026-12-07,동원팩,"PE28mm, 6KGPE28M／M(백)6KG",320.96,56.1,안정,2026-01-05,6.4
2026-12-07,경인팩,운송료,3.14,45.1,불규칙,2026-01-05,6.2
2026-12-07,(주)아이마켓코리아,PP11MM*13.34KG삼성경량밴드2300m*두께0.84mm단중5.8g GRS,3857.18,50.5,불규칙,2025-12-24,4.0
2026-12-07,신광포장기계,PP12MPP12M／M10KG(백),282.85,58.0,안정,2026-01-05,56.0
2026-12-07,합동포장기계,PP12MPP12M／M10KG(백),373.19,60.2,안정,2026-01-05,48.9
2026-12-07,주식회사 진도종합상사,PE28mm 2kgPE28M／M(백)2KG,124.58,62.9,안정,2026-01-05,42.7
2026-12-07,피앤비,PP12MPP12M／M10KG(백),3.18,68.0,안정,2025-11-06,66.8
2026-12-08,(주)탐스텍,PP 12MM 2000M 0.80MM Blue12mm 2000m 0.80mm Blue,3729.83,58.1,안정,2025-12-29,86.4
2026-12-08,진송팩,PE28mm 2kgPE28M／M(백)2KG,1050.85,50.2,불규칙,2026-01-02,10.4
2026-12-08,전주삼신산업,PP7MPP7M10KG백색,193.15,51.0,불규칙,2025-12-09,28.6
2026-12-08,진송팩,PE28mm 2kgPE28M／M(청)2KG,741.43,49.5,불규칙,2025-12-22,39.4
2026-12-08,대상산업,PP6MMPP6M／M10KG(황),400.0,62.1,안정,2025-12-09,91.0
2026-12-08,전주삼신산업,PE28mm 2kgPE28M／M(백)2KG,214.68,53.9,불규칙,2025-12-09,13.1
2026-12-08,TIGERPAK PACKAGING,"15 x 1,000M 0.50T Blue15x1,000M0.50T청색",2536.66,58.2,안정,2025-12-25,58.6
2026-12-08,경인팩,PE28mm 2kgPE28M／M(백)2KG,827.6,47.8,불규칙,2025-12-30,7.3
2026-12-08,서울상사,PP15MPP15MM*10KG(황색),1000.81,55.3,불규칙,2025-12-19,118.2
2026-12-08,동원팩,PE28mm 2kgPE28M／M(백)2KG,263.49,49.5,불규칙,2025-12-29,4.5
2026-12-09,대상산업,"PE50mm, 6KGPE50M／M(백)6KG",481.67,57.4,안정,2025-12-22,16.6
2026-12-09,주)대성씨앤씨,PP12MPP12M／M10KG(백),625.67,69.0,안정,2025-12-22,88.1
2026-12-09,(주)아이마켓코리아,PP18MM*21kg 삼성 recycle2300M두께0.80mm단중8.8g Clear,4602.58,43.3,불규칙,2025-12-24,5.3
2026-12-09,(주)낙원포장,PP12MPP12M／M10KG(황),1274.56,59.8,안정,2025-12-23,27.7
2026-12-10,동원팩,PE28mm 2kgPE28M／M(황)2KG,24.5,43.5,불규칙,2025-11-14,17.9
2026-12-10,동원팩,운송료,3.32,46.6,불규칙,2025-12-23,16.9
2026-12-10,(주)낙원포장,PP10MPP10M／M10KG(백색),1500.0,60.2,안정,2025-11-05,80.1
2026-12-11,대상산업,PE28mm 2kgPE28M／M(백)2KG,441.41,56.3,안정,2025-12-31,5.2
2026-12-11,주식회사 광림파워팩,PP6MMPP6M／M10KG(백),978.72,40.5,불규칙,2025-08-08,70.4
2026-12-11,전주삼신산업,PP12MPP12M／M10KG(황),180.74,43.8,불규칙,2025-12-26,70.4
2026-12-11,한남포장기계,PP12MPP12M／M9KG(황),1358.01,59.7,안정,2025-12-16,20.3
2026-12-11,(주)아이마켓코리아,PP11MM*13.34KG삼성경량밴드2300m*두께0.84mm단중5.8g GRS,3598.58,50.5,불규칙,2025-12-24,4.0
2026-12-11,TIGERPAK PACKAGING,"15 x 1,000M 0.7T H/D Black15 x 1,000M 0.7T H/D Black",2344.13,52.2,불규칙,2025-12-25,117.2
2026-12-11,광림포장기계,PP12MPP12M／M10KG(황),775.89,60.7,안정,2025-12-31,69.8
2026-12-11,경인팩,PP6MMPP6M／M10KG(백),1593.14,47.5,불규칙,2026-01-05,5.3
2026-12-11,경인팩,팔렛트일회용 플라스틱,3.02,47.9,불규칙,2026-01-05,5.5
2026-12-11,세움패키지(SEUMPKG),운송료,0.92,53.3,불규칙,2025-12-16,24.8
2026-12-11,동원팩,PP6MMPP6M／M10KG(백),525.18,51.5,불규칙,2026-01-05,5.0
2026-12-11,대상산업,"PE28mm, 6KGPE28M／M(백)6KG",261.39,52.4,불규칙,2025-12-12,7.3
2026-12-11,천일포장산업,PE28mm 2kgPE28M／M(백)2KG,362.73,54.9,불규칙,2025-12-01,25.9
2026-12-12,주신산업,PE28mm 2kgPE28M／M(백)2KG,31.3,46.2,불규칙,2026-01-05,11.5
2026-12-12,동원팩,PP6MM매달100롤 할인,0.0,53.3,불규칙,2025-11-04,31.2
2026-12-12,주신산업,운송료택배비,1.64,46.2,불규칙,2026-01-05,11.5
2026-12-12,NZ SAFETY BLACKWOODS,PP19M HD BlackPP19M／M*1000M1.0TBlack,0.0,47.5,불규칙,2025-11-02,81.2
2026-12-12,주)대성씨앤씨,PP9MMPP9M／M9.5KG(백색),0.0,60.5,불규칙,2025-11-17,195.7
2026-12-12,CYKLOP PACKAGING SYSTEMS PTY LTD.,"15 x 1,000M 0.65T Blue15x1,000M0.65T청색",3831.22,53.4,불규칙,2025-12-25,88.1
2026-12-12,동원팩,PE28mm 2kgPE28M／M(백)2KG,301.28,49.5,불규칙,2025-12-29,4.5
2026-12-12,한길포장기계,PP12MPP12M／M10KG(황),825.64,66.3,안정,2026-01-05,31.9
2026-12-12,현대테크,PP12MPP12M／M10KG(황),5.55,55.0,불규칙,2025-09-15,151.8
2026-12-13,신광포장기계,PE28mm 2kgPE28M／M(백)2KG,272.03,50.8,불규칙,2025-12-18,12.8
2026-12-13,동원팩,"PE28mm, 6KGPE28M／M(백)6KG",344.78,56.1,안정,2026-01-05,6.4
2026-12-13,경인팩,운송료,2.82,45.1,불규칙,2026-01-05,6.2
2026-12-13,동방포장기자재,PP12MPP12M／M10KG(황),1185.52,53.0,불규칙,2025-11-24,64.4
2026-12-13,합동포장기계,PP6MMPP6M／M10KG(백),151.9,64.1,안정,2026-01-05,38.8
2026-12-13,합동포장기계,PP15MPP15M／M13KG(황),123.08,54.2,불규칙,2026-01-05,38.6
2026-12-14,경인산업,PP12MPP12M／M10KG(백),818.76,61.3,안정,2025-12-04,25.7
2026-12-14,하영종합상사,운송료,0.0,64.3,불규칙,2025-09-29,63.7
2026-12-14,태광오토팩,PP8MPP8M／M9KG(백),475.5,52.6,불규칙,2025-12-01,54.5
2026-12-14,(주)아이마켓코리아,PP18MM*21kg 삼성 recycle2300M두께0.80mm단중8.8g Clear,4926.15,43.3,불규칙,2025-12-24,5.3
2026-12-15,경인팩,"PE28mm, 6KGPE28M／M(백)6KG",865.91,52.8,불규칙,2025-12-30,10.2
2026-12-15,경인팩,PE28mm 2kgPE28M／M(백)2KG,878.62,47.8,불규칙,2025-12-30,7.3
2026-12-15,(주)베스테크,도전성밴드7.7mm*900m,96.8,40.5,불규칙,2025-11-11,19.4
2026-12-15,전주삼신산업,PP9MMPP9M／M10KG(투명),233.34,45.5,불규칙,2025-12-12,46.9
2026-12-15,전주삼신산업,PP6MMPP6M／M10KG(백),409.32,47.3,불규칙,2025-12-29,27.2
2026-12-15,ANDERSON WHOLESALE PACKAGING PTY LTD.,PP 12MM12MMx1000Mx0.50MM Blue,1351.16,57.8,안정,2025-12-14,61.3
2026-12-15,동원팩,PP12MPP12M／M10KG(황),174.68,49.2,불규칙,2025-12-20,18.7
2026-12-15,ANDERSON WHOLESALE PACKAGING PTY LTD.,Ocean FreightOcean Freight (선임),1.0,57.8,안정,2025-12-14,61.3
2026-12-15,ANDERSON WHOLESALE PACKAGING PTY LTD.,"12 x 3,000M 0.60T12x3,000M0.60TCLEAR",3882.97,57.8,안정,2025-12-14,61.3
2026-12-15,ANDERSON WHOLESALE PACKAGING PTY LTD.,"12 x 3,000M 0.60T12x3,000M0.60TBLUE",6842.45,57.8,안정,2025-12-14,61.3
2026-12-15,신광포장기계,PP18MPP18M／M10KG 황색인쇄밴드,1604.82,62.1,안정,2025-12-02,27.5
2026-12-15,(주)아이마켓코리아,PP11MM*13.34KG삼성경량밴드2300m*두께0.84mm단중5.8g GRS,4219.41,50.5,불규칙,2025-12-24,4.0
2026-12-16,신광포장기계,PP12MPP12M／M10KG(황),616.96,50.8,불규칙,2025-12-29,11.2
2026-12-16,주식회사 광림파워팩,PP15MPP15MM*10KG(황색),967.78,49.9,불규칙,2025-12-31,50.6
2026-12-16,연화수출포장,PP15MPP15M／M10KG(투명),1040.51,41.8,불규칙,2025-12-31,70.0
2026-12-16,신광포장기계,PP15MPP15MM*10KG(황색),617.31,51.9,불규칙,2025-12-04,13.0
2026-12-16,동원팩,PP6MMPP6M／M10KG(백),514.98,51.5,불규칙,2026-01-05,5.0
2026-12-16,경인팩,PP6MMPP6M／M10KG(백),1740.99,47.5,불규칙,2026-01-05,5.3
2026-12-16,합동포장기계,PP12MPP12M／M12.5KG (황),1231.84,62.5,안정,2026-01-05,23.7
2026-12-16,동원팩,PE28mm 2kgPE28M／M(백)2KG,272.81,49.5,불규칙,2025-12-29,4.5
2026-12-16,RLBUTTON,PP19M BUILDERSPP19M／M*300M 0.60T Blue Thermakraft print box,54.07,41.4,불규칙,2025-11-12,133.5
2026-12-16,대상산업,PE28mm 2kgPE28M／M(백)2KG,429.83,56.3,안정,2025-12-31,5.2
2026-12-16,경인팩,팔렛트일회용 플라스틱,2.89,47.9,불규칙,2026-01-05,5.5
2026-12-17,신광포장기계,"PE28mm, 6KGPE28M／M(백)6KG",143.63,49.9,불규칙,2025-11-04,34.6
2026-12-17,삼원산업,PP15MPP15MM*10KG(황색),1484.26,60.1,안정,2025-12-30,88.0
2026-12-17,연화수출포장,운송료,1.41,57.3,안정,2025-12-31,39.5
2026-12-17,전주삼신산업,PP15MPP15MM*10KG(황색),149.42,58.2,안정,2025-12-12,74.2
2026-12-17,금산포장,PE28mm 2kgPE28M／M(백)2KG,285.72,55.0,불규칙,2025-12-22,20.1
2026-12-18,(주)낙원포장,PP6MMPP6M/M12.5KG(백),4675.2,55.8,불규칙,2025-12-23,18.5
2026-12-18,(주)낙원포장,PP15MPP15MM*10KG(황색),1641.55,61.3,안정,2025-12-23,40.1
2026-12-18,(주)낙원포장,PP10.5MPP10.5M10KG투명,1270.99,53.1,불규칙,2025-12-23,45.3
2026-12-18,강원농협연합포장재가공사업소,PP12MPP12M／M12.5KG (황),0.0,49.0,불규칙,2025-11-17,44.5
2026-12-18,대상산업,"PE28mm, 6KGPE28M／M(백)6KG",269.6,52.4,불규칙,2025-12-12,7.3
2026-12-18,주신산업,PP12MPP12M／M10KG(황),1145.27,54.2,불규칙,2025-12-31,44.6
2026-12-18,진송팩,PE28mm 2kgPE28M／M(백)2KG,1108.29,50.2,불규칙,2026-01-02,10.4
2026-12-19,합동포장기계,PP12MPP12M／M10KG(황),368.91,67.2,안정,2026-01-05,29.4
2026-12-19,민건 이에이,PP12MPP12M／M10KG(백),707.71,57.0,안정,2025-12-24,30.2
2026-12-19,한국포장기계,운송료,5.43,53.7,불규칙,2025-12-29,71.2
2026-12-19,금산포장,PP12MPP12M／M10KG(투명),204.07,46.2,불규칙,2025-12-24,60.1
2026-12-19,(주)신명코퍼레이션,PP18MM*21kg 삼성 recycle2300M두께0.80mm단중8.8g Clear,0.0,61.9,불규칙,2026-01-05,87.7
2026-12-19,우선산업,"PE50mm, 4.5KGPE50M／M(백)4.5KG",1292.0,53.4,불규칙,2025-12-24,18.1
2026-12-19,(주)삼영피앤텍,PE28mm 2kgPE28M／M(백)2KG,0.0,60.4,안정,2025-11-06,51.8
2026-12-19,(주)아이마켓코리아,PP18MM*21kg 삼성 recycle2300M두께0.80mm단중8.8g Clear,4742.07,43.3,불규칙,2025-12-24,5.3
2026-12-19,경인팩,운송료,2.35,45.1,불규칙,2026-01-05,6.2
2026-12-19,동원팩,"PE28mm, 6KGPE28M／M(백)6KG",360.08,56.1,안정,2026-01-05,6.4
2026-12-19,(주)아이마켓코리아,PP11MM*13.34KG삼성경량밴드2300m*두께0.84mm단중5.8g GRS,4622.07,50.5,불규칙,2025-12-24,4.0
2026-12-19,(주)아이마켓코리아,"PP18MM x 21Kg 삼성 황색2300M 포장중량 21Kg, 1롤/1pcs 포장 (황색)",4222.04,42.6,불규칙,2025-12-24,15.2
2026-12-20,대상산업,PP12MPP12M／M12.5KG (황),308.78,51.0,불규칙,2025-12-17,23.5
2026-12-20,KOMERI,15 x 100M 0.55T15x100M0.55T청색,0.0,46.8,불규칙,2025-11-23,49.0
2026-12-20,CYKLOP PACKAGING SYSTEMS PTY LTD.,PP 05MM05MM x 7000 x 0.50MM Blue,3979.46,52.4,불규칙,2025-12-25,120.3
2026-12-20,동원팩,PE28mm 2kgPE28M／M(백)2KG,304.09,49.5,불규칙,2025-12-29,4.5
2026-12-20,KOMERI,15 x 100M 0.55T15x100M 0.55T 황색,0.0,46.8,불규칙,2025-11-23,49.0
2026-12-20,CYKLOP PACKAGING SYSTEMS PTY LTD.,PP19M HD BlackPP19M／M*1000M1.0TBlack,3875.61,59.5,안정,2025-12-25,72.2
2026-12-21,전주삼신산업,PP9MMPP9M／M10KG(황),119.4,60.9,안정,2025-12-12,22.3
2026-12-21,경인팩,PP6MMPP6M／M10KG(백),1623.15,47.5,불규칙,2026-01-05,5.3
2026-12-21,한국포장기계,PE28mm 2kgPE28M／M(백)2KG,3183.42,60.5,안정,2025-12-29,21.3
2026-12-21,H.E. BAUMRUCKER COMPANY,PP 12MM12MM 2195M 0.65MM Black (16x6),43.64,43.0,불규칙,2025-09-27,75.2
2026-12-21,경인팩,팔렛트일회용 플라스틱,3.12,47.9,불규칙,2026-01-05,5.5
2026-12-21,우선산업,PE28mm 2kgPE28M／M(백)2KG,753.09,60.2,안정,2025-12-26,40.4
2026-12-21,대상산업,PE28mm 2kgPE28M／M(백)2KG,416.76,56.3,안정,2025-12-31,5.2
2026-12-21,전주삼신산업,PE28mm 2kgPE28M／M(백)2KG,221.5,53.9,불규칙,2025-12-09,13.1
2026-12-21,동원팩,PP6MMPP6M／M10KG(백),573.78,51.5,불규칙,2026-01-05,5.0
2026-12-21,주)대성씨앤씨,스트레치필름(일반 기계랩)20*500mm*1400m,52.4,67.7,안정,2025-12-09,29.5
2026-12-22,진송팩,"PE28mm, 6KGPE28M／M(백)6KG",384.53,47.8,불규칙,2025-12-02,35.0
2026-12-22,경인팩,PE28mm 2kgPE28M／M(백)2KG,918.38,47.8,불규칙,2025-12-30,7.3
2026-12-22,대상산업,PP5MMx7000Mx0.5T 백색,0.0,43.4,불규칙,2025-09-23,91.2
2026-12-22,한길포장기계,PE28mm 2kgPE28M／M(백)2KG,202.57,61.6,안정,2026-01-05,27.2
2026-12-22,(주)스피드랩코리아,PP6MMPP6M／M10KG(백),824.19,60.4,안정,2026-01-05,27.1
2026-12-22,대상산업,PE28mm 2kgPE28M／M(청)2KG,134.09,52.1,불규칙,2025-12-09,42.4
2026-12-22,그린포장,PE28mm 2kgPE28M／M(백)2KG,0.0,54.3,불규칙,2025-11-01,104.2
2026-12-23,합동포장기계,스트레치필름(일반 기계랩)20*500mm*1400m,41.04,52.7,불규칙,2025-12-01,43.0
2026-12-23,(주)아이마켓코리아,PP11MM*13.34KG삼성경량밴드2300m*두께0.84mm단중5.8g GRS,5555.34,50.5,불규칙,2025-12-24,4.0
2026-12-23,서울상사,PP12MPP12M／M10KG(황),911.82,49.4,불규칙,2025-12-19,41.7
2026-12-23,신광포장기계,운송료,1.79,43.8,불규칙,2025-12-10,21.7
2026-12-23,RLBUTTON,PP19MPP19M／M*0.55T 1000M Blue,8665.4,68.2,안정,2025-12-16,62.0
2026-12-23,RLBUTTON,PP19M * 1000M HD BlackPP19MM*1000M*0.85T Black,8349.68,67.8,안정,2025-12-16,62.0
2026-12-23,주신산업,PE28mm 2kgPE28M／M(백)2KG,30.05,46.2,불규칙,2026-01-05,11.5
2026-12-23,주신산업,운송료택배비,1.55,46.2,불규칙,2026-01-05,11.5
2026-12-24,(주)아이마켓코리아,PP18MM*21kg 삼성 recycle2300M두께0.80mm단중8.8g Clear,4300.07,43.3,불규칙,2025-12-24,5.3
2026-12-24,한국포장기계,PP6MMPP6M／M10KG(백),3690.99,60.1,안정,2025-12-29,20.1
2026-12-24,동원팩,PE28mm 2kgPE28M／M(백)2KG,285.65,49.5,불규칙,2025-12-29,4.5
2026-12-25,신광포장기계,PE28mm 2kgPE28M／M(백)2KG,215.96,50.8,불규칙,2025-12-18,12.8
2026-12-25,대상산업,"PE28mm, 6KGPE28M／M(백)6KG",261.65,52.4,불규칙,2025-12-12,7.3
2026-12-25,동원팩,"PE28mm, 6KGPE28M／M(백)6KG",318.84,56.1,안정,2026-01-05,6.4
2026-12-25,동서포장종합상사,PE28mm 2kgPE28M／M(백)2KG,114.94,54.8,불규칙,2025-12-18,31.2
2026-12-25,경인팩,운송료,3.15,45.1,불규칙,2026-01-05,6.2
2026-12-25,경인팩,"PE28mm, 6KGPE28M／M(백)6KG",651.66,52.8,불규칙,2025-12-30,10.2
2026-12-25,대상산업,"PE50mm, 6KGPE50M／M(백)6KG",500.29,57.4,안정,2025-12-22,16.6
2026-12-26,경인팩,PP6MMPP6M／M10KG(백),1740.55,47.5,불규칙,2026-01-05,5.3
2026-12-26,경인팩,팔렛트일회용 플라스틱,2.94,47.9,불규칙,2026-01-05,5.5
2026-12-26,대상산업,PE28mm 2kgPE28M／M(백)2KG,416.89,56.3,안정,2025-12-31,5.2
2026-12-26,주식회사 광림파워팩,PP9MMPP9M／M10KG(황),2046.5,52.5,불규칙,2025-12-31,24.7
2026-12-26,H.E. BAUMRUCKER COMPANY,"9 x 3,932M 0.61T 백색 230 CORE (9*8)9 x 3,932M 0.61T 백색 230 CORE (9*8)",0.0,44.0,불규칙,2025-09-27,65.8
2026-12-26,동원팩,운송료,3.29,46.6,불규칙,2025-12-23,16.9
2026-12-26,동원팩,PP6MMPP6M／M10KG(백),540.42,51.5,불규칙,2026-01-05,5.0
2026-12-26,H.E. BAUMRUCKER COMPANY,Ocean FreightOcean Freight (선임),0.01,44.0,불규칙,2025-09-27,65.8
2026-12-27,(주)탐스텍,"15 x 2,000M 0.50T15 x 2,000M 0.50T 청색",2032.03,49.7,불규칙,2025-12-29,121.0
2026-12-27,백암지관공업사,PP12MPP12M／M12.5KG (황),390.88,53.6,불규칙,2025-10-28,85.1
2026-12-27,(주)아이마켓코리아,PP11MM*13.34KG삼성경량밴드2300m*두께0.84mm단중5.8g GRS,4419.51,50.5,불규칙,2025-12-24,4.0
2026-12-27,동원팩,PE28mm 2kgPE28M／M(황)2KG,25.84,43.5,불규칙,2025-11-14,17.9
2026-12-27,신광포장기계,PP12MPP12M／M10KG(황),664.41,50.8,불규칙,2025-12-29,11.2
2026-12-28,신광포장기계,PP9MMPP9M／M10KG(투명),1.83,67.5,안정,2026-01-05,51.3
2026-12-28,에이원코리아,PP12MPP12M／M12KG(황),996.02,70.3,안정,2025-12-29,52.5
2026-12-28,천일포장산업,PP6MMPP6M／M10KG(백),1920.28,57.8,안정,2025-12-01,28.0
2026-12-28,주)대성씨앤씨,PP12MPP12M／M10KG(황),0.38,50.9,불규칙,2025-11-28,79.4
2026-12-28,진송팩,PE28mm 2kgPE28M／M(백)2KG,1107.53,50.2,불규칙,2026-01-02,10.4
2026-12-28,주식회사 마크원테크,운송료,1.71,42.6,불규칙,2025-12-19,34.5
2026-12-28,합동포장기계,PE28mm 2kgPE28M／M(백)2KG,934.7,62.2,안정,2026-01-05,21.6
2026-12-28,동원팩,PE28mm 2kgPE28M／M(백)2KG,291.52,49.5,불규칙,2025-12-29,4.5
2026-12-29,신한포장기계(주),PE28mm 2kgPE28M／M(백)2KG,1201.56,58.7,안정,2025-11-10,69.8
2026-12-29,경인팩,PE28mm 2kgPE28M／M(백)2KG,954.4,47.8,불규칙,2025-12-30,7.3
2026-12-29,신광포장기계,PP15MPP15MM*10KG(황색),603.14,51.9,불규칙,2025-12-04,13.0
2026-12-29,태광오토팩,PP7MPP7M10KG백색,1200.0,58.4,불규칙,2025-12-01,131.2
2026-12-29,(주)아이마켓코리아,PP18MM*21kg 삼성 recycle2300M두께0.80mm단중8.8g Clear,5272.56,43.3,불규칙,2025-12-24,5.3
2026-12-29,하영종합상사,PE28mm 2kgPE28M／M(백)2KG,0.79,58.2,불규칙,2025-09-29,57.3
2026-12-29,NZ SAFETY BLACKWOODS,"12 x 3,000M 0.60T12x3,000M0.60TCLEAR",3040.35,55.0,불규칙,2025-08-19,71.9
2026-12-29,제이케이머티리얼즈(주)/순성공장,PP18MPP18M／M10KG(황),1399.84,64.0,안정,2025-12-26,23.9
2026-12-30,태광오토팩,PE28mm 2kgPE28M／M(백)2KG,0.0,60.0,안정,2025-11-11,69.2
2026-12-30,주식회사 광림파워팩,PP12MPP12M／M12.5KG (황),510.86,64.4,안정,2025-12-31,26.8
2026-12-30,신광포장기계,PP15MPP15M／M10KG(백색),195.22,53.0,불규칙,2025-11-19,29.8
2026-12-31,주식회사 대한종합포장,스트레치필름(일반 기계랩)20*500mm*1400m,2.33,48.4,불규칙,2025-11-19,37.3
2026-12-31,피앤비,PP7MPP7M10KG백색,1.01,63.4,안정,2025-11-06,70.9
2026-12-31,세화종합상사,PE28mm 2kgPE28M／M(백)2KG,0.0,63.0,안정,2025-11-24,67.2
2026-12-31,동원팩,PP6MMPP6M／M10KG(백),622.03,51.5,불규칙,2026-01-05,5.0
2026-12-31,동원팩,"PE28mm, 6KGPE28M／M(백)6KG",346.54,56.1,안정,2026-01-05,6.4
2026-12-31,CYKLOP PACKAGING SYSTEMS PTY LTD.,PP 12MM12MMx1000Mx0.55MM Blue,0.0,49.7,불규칙,2025-09-18,67.4
2026-12-31,대상산업,PE28mm 2kgPE28M／M(백)2KG,438.16,56.3,안정,2025-12-31,5.2
2026-12-31,한길포장기계,PP12MPP12M／M10KG(백),754.48,67.4,안정,2026-01-05,36.7
2026-12-31,경인팩,팔렛트일회용 플라스틱,2.69,47.9,불규칙,2026-01-05,5.5
2026-12-31,경인팩,운송료,3.09,45.1,불규칙,2026-01-05,6.2
2026-12-31,경인팩,PP6MMPP6M／M10KG(백),1844.3,47.5,불규칙,2026-01-05,5.3
2026-12-31,한남포장기계,PP12MPP12M／M9KG(황),1371.02,59.7,안정,2025-12-16,20.3
2026-12-31,(주)아이마켓코리아,PP11MM*13.34KG삼성경량밴드2300m*두께0.84mm단중5.8g GRS,4809.46,50.5,불규칙,2025-12-24,4.0
2026-12-31,호성수출포장,스트레치필름(일반 핸드랩 20)20*500mm*350m,0.74,62.5,안정,2025-10-31,71.6
