예상주문일,연,월,일,거래처명,최근거래일,평균주기(일),품목,예상수량(kg),예상금액
2026-01-01,2026,1,1,동방포장기자재,2025-11-24,39.0,PP12MPP12M／M10KG(황),845.0,1647750.0
2026-01-01,2026,1,1,주식회사 대한종합포장,2025-11-24,20.0,"PP12MPP12M／M10KG(백), PP15MPP15MM*10KG(황색), PP5MMx7000Mx0.5T 백색 외 1개",3945.0,10935000.0
2026-01-01,2026,1,1,주식회사 에이씨티,2016-01-20,2.0,".PP18MMx 15kg 삼성.11650M두께0.9mm단중8.56g, 0PP18MMx 21kg 삼성.22300M두께0.80mm단중8.8g, PP18MMx .121kg 삼성.32300M두께0.85mm단중8.8g 외 38개",19759.0,40668339.0
2026-01-02,2026,1,2,(주)아이마켓코리아,2025-12-24,4.0,"PP11MM*13.34KG삼성경량밴드(황색)2300m*두께0.84mm단중5.8g GRS, PP11MM*13.34KG삼성경량밴드2300m*두께0.84mm단중5.8g GRS, PP18MM x 21Kg 삼성 황색2300M 포장중량 21Kg, 1롤/1pcs 포장 (황색) 외 1개",3843.0,7805629.0
2026-01-02,2026,1,2,광림파워팩,2021-11-04,9.0,"PE28mm 2kgPE28M／M(백)2KG, PE28mm 2kgPE28M／M(적)2KG, PE28mm 2kgPE28M／M(청)2KG 외 46개",21773.0,37841336.0
2026-01-03,2026,1,3,(주)지엔에스트레이딩,2014-06-05,3.0,".02PP18MMx 21kg 삼성.022300M두께0.9mm단중9.1g, .PP18MMx 21kg 삼성.12300M두께0.9mm단중8.8g, .PP18MMx 21kg 삼성.32300M두께0.9mm단중8.8g 외 48개",19327.0,39698211.0
2026-01-03,2026,1,3,주)대성씨앤씨,2025-12-22,13.0,"PP12MPP12M／M10KG(백), PP12MPP12M／M10KG(황), PP5MMx7000Mx0.5T 11.4kg 백색core 200x8T OD400 롤랩핑 400*200 외 2개",1470.0,6867600.0
2026-01-03,2026,1,3,주식회사 에이씨티,2016-01-20,2.0,".PP18MMx 15kg 삼성.11650M두께0.9mm단중8.56g, 0PP18MMx 21kg 삼성.22300M두께0.80mm단중8.8g, PP18MMx .121kg 삼성.32300M두께0.85mm단중8.8g 외 38개",19759.0,40668339.0
2026-01-03,2026,1,3,파워엠팩,2025-07-23,4.0,"15M/M (수축밴드)15M/M * 10KG, 18MMx 15kg 삼성1650M두께0.9mm단중8.56g, PE28mm 2kgPE 28M／M (백) 2KG 외 150개",83676.0,146265423.0
2026-01-03,2026,1,3,한국전자금융(주),2018-12-17,22.0,"무인쇄 11mm x 0.70T x 1000m화폐밴딩끈 지관200x190, 스트레치필름(Baby Roll)20*100mm*150m (Plastic Handle), 스트레치필름(일반 핸드랩)15*500mm*400m 외 1개",176.0,665812.0
2026-01-04,2026,1,4,광림포장기계컨베이어,2011-05-03,9.0,"PE28mm 2kgPE 28M／M (백) 2KG, PE28mm 2kgPE28M／M(백)2KG, PE28mm 2kgPE28M／M(적)2KG 외 26개",20880.0,34859790.0
2026-01-04,2026,1,4,한서포장,2021-07-29,18.0,"PE28mm 2kg.1PE28M／M(백)2KG, PE28mm 2kg.2PE28M／M(백)2KG, PE28mm 2kgPE 28M／M (백) 2KG 외 19개",7208.0,15354014.0
2026-01-05,2026,1,5,(주)아이마켓코리아,2025-12-24,4.0,"PP11MM*13.34KG삼성경량밴드(황색)2300m*두께0.84mm단중5.8g GRS, PP11MM*13.34KG삼성경량밴드2300m*두께0.84mm단중5.8g GRS, PP18MM x 21Kg 삼성 황색2300M 포장중량 21Kg, 1롤/1pcs 포장 (황색) 외 1개",3843.0,7805629.0
2026-01-05,2026,1,5,"SANYU CO.,LTD",2020-03-02,62.0,"15 x 100M 0.55T15 x 100M 0.55T 황색, 15 x 100M 0.55T15x100M0.55T황색, 15 x 170M 0.55T15x170M0.55T녹색 외 20개",333470.0,39286732.0
2026-01-05,2026,1,5,제일산업(주)(화성),2014-03-19,10.0,"PP12MPP 12M／M 9KG, PP12MPP12M／M10KG(황), PP12MPP12M／M9KG 외 21개",7048.0,14479062.0
2026-01-05,2026,1,5,주식회사 에이씨티,2016-01-20,2.0,".PP18MMx 15kg 삼성.11650M두께0.9mm단중8.56g, 0PP18MMx 21kg 삼성.22300M두께0.80mm단중8.8g, PP18MMx .121kg 삼성.32300M두께0.85mm단중8.8g 외 38개",19759.0,40668339.0
2026-01-05,2026,1,5,한솔포장,2020-03-27,11.0,"PE28mm 2kgPE28M／M(녹)2KG, PE28mm 2kgPE28M／M(백)2KG, PE28mm 2kgPE28M／M(적)2KG 외 6개",2203.0,5624915.0
2026-01-06,2026,1,6,(주)지엔에스트레이딩,2014-06-05,3.0,".02PP18MMx 21kg 삼성.022300M두께0.9mm단중9.1g, .PP18MMx 21kg 삼성.12300M두께0.9mm단중8.8g, .PP18MMx 21kg 삼성.32300M두께0.9mm단중8.8g 외 48개",19327.0,39698211.0
2026-01-06,2026,1,6,대상산업,2026-01-02,5.0,"PE28mm 2kgPE28M／M(백)2KG, PE28mm 2kgPE28M／M(청)2KG, PE28mm 2kgPE28M／M(황)2KG 외 7개",2026.0,5153024.0
2026-01-07,2026,1,7,경인팩,2026-01-05,2.0,"PE28mm 2kgPE28M／M(백)2KG, PE28mm 2kgPE28M／M(적)2KG, PE28mm 2kgPE28M／M(황)2KG 외 11개",4721.0,11768386.0
2026-01-07,2026,1,7,주식회사 에이씨티,2016-01-20,2.0,".PP18MMx 15kg 삼성.11650M두께0.9mm단중8.56g, 0PP18MMx 21kg 삼성.22300M두께0.80mm단중8.8g, PP18MMx .121kg 삼성.32300M두께0.85mm단중8.8g 외 38개",19759.0,40668339.0
2026-01-07,2026,1,7,파워엠팩,2025-07-23,4.0,"15M/M (수축밴드)15M/M * 10KG, 18MMx 15kg 삼성1650M두께0.9mm단중8.56g, PE28mm 2kgPE 28M／M (백) 2KG 외 150개",83676.0,146265423.0
2026-01-08,2026,1,8,(주)아이마켓코리아,2025-12-24,4.0,"PP11MM*13.34KG삼성경량밴드(황색)2300m*두께0.84mm단중5.8g GRS, PP11MM*13.34KG삼성경량밴드2300m*두께0.84mm단중5.8g GRS, PP18MM x 21Kg 삼성 황색2300M 포장중량 21Kg, 1롤/1pcs 포장 (황색) 외 1개",3843.0,7805629.0
2026-01-08,2026,1,8,NORTH SHORE,2024-10-25,110.0,"12 x 2,500M 0.50T12 x 2,500M 0.50T BLUE, 12 x 2,591M 0.61T12x2,591M 0.61T 검정, 12 x 2,620M 0.61T White (8x8)12 x 2,620M 0.61T White 외 82개",147487.0,326131427.0
2026-01-08,2026,1,8,상일교역상사,2025-08-13,75.0,"12 x 1,707M 0.78T12x1,707M 0.78T 백색, 12 x 3,017M 0.55T12x3,017M 0.55T 검정, 12 x 3,017M 0.55T12x3,017M 0.55T 녹색 외 20개",49231.0,112608367.0
2026-01-09,2026,1,9,(주)지엔에스트레이딩,2014-06-05,3.0,".02PP18MMx 21kg 삼성.022300M두께0.9mm단중9.1g, .PP18MMx 21kg 삼성.12300M두께0.9mm단중8.8g, .PP18MMx 21kg 삼성.32300M두께0.9mm단중8.8g 외 48개",19327.0,39698211.0
2026-01-09,2026,1,9,경인팩,2026-01-05,2.0,"PE28mm 2kgPE28M／M(백)2KG, PE28mm 2kgPE28M／M(적)2KG, PE28mm 2kgPE28M／M(황)2KG 외 11개",4721.0,11768386.0
2026-01-09,2026,1,9,동원팩,2026-01-05,4.0,"PE28mm 2kgPE28M／M(녹)2KG, PE28mm 2kgPE28M／M(백)2KG, PE28mm 2kgPE28M／M(청)2KG 외 6개",101.0,2608157.0
2026-01-09,2026,1,9,주식회사 에이씨티,2016-01-20,2.0,".PP18MMx 15kg 삼성.11650M두께0.9mm단중8.56g, 0PP18MMx 21kg 삼성.22300M두께0.80mm단중8.8g, PP18MMx .121kg 삼성.32300M두께0.85mm단중8.8g 외 38개",19759.0,40668339.0
2026-01-10,2026,1,10,광림파워팩,2021-11-04,9.0,"PE28mm 2kgPE28M／M(백)2KG, PE28mm 2kgPE28M／M(적)2KG, PE28mm 2kgPE28M／M(청)2KG 외 46개",21773.0,37841336.0
2026-01-10,2026,1,10,대상산업,2026-01-02,5.0,"PE28mm 2kgPE28M／M(백)2KG, PE28mm 2kgPE28M／M(청)2KG, PE28mm 2kgPE28M／M(황)2KG 외 7개",2026.0,5153024.0
2026-01-10,2026,1,10,서울포장기계,2022-01-21,10.0,"PP12MPP12M／M10KG(백), PP12MPP12M／M10KG(투명), PP12MPP12M／M10KG(황) 외 4개",2604.0,4541561.0
2026-01-10,2026,1,10,신광포장기계,2026-01-05,6.0,"PE28mm 2kgPE28M／M(백)2KG, PE28mm, 6KGPE28M／M(백)6KG, PP12MPP12M／M10KG(백) 외 10개",4239.0,8956157.0
2026-01-10,2026,1,10,한남포장기계,2025-12-16,25.0,"PE28mm 2kgPE28M／M(백)2KG, PP12MPP12M／M9KG(황)",1900.0,4650000.0
2026-01-11,2026,1,11,(주)낙원포장,2025-12-23,19.0,"PE28mm 2kgPE28M／M(백)2KG, PP10.5MPP10.5M10KG(청), PP10.5MPP10.5M10KG투명 외 5개",6033.0,11884000.0
2026-01-11,2026,1,11,(주)아이마켓코리아,2025-12-24,4.0,"PP11MM*13.34KG삼성경량밴드(황색)2300m*두께0.84mm단중5.8g GRS, PP11MM*13.34KG삼성경량밴드2300m*두께0.84mm단중5.8g GRS, PP18MM x 21Kg 삼성 황색2300M 포장중량 21Kg, 1롤/1pcs 포장 (황색) 외 1개",3843.0,7805629.0
2026-01-11,2026,1,11,경인산업,2025-12-04,19.0,"PP12MPP12M／M10KG(백), PP12MPP12M／M10KG(청), PP12MPP12M／M10KG(황) 외 1개",1825.0,3714000.0
2026-01-11,2026,1,11,경인팩,2026-01-05,2.0,"PE28mm 2kgPE28M／M(백)2KG, PE28mm 2kgPE28M／M(적)2KG, PE28mm 2kgPE28M／M(황)2KG 외 11개",4721.0,11768386.0
2026-01-11,2026,1,11,대영포장(주)발안공장,2021-01-04,13.0,"MOSCA 히터 수리MOSCA 히터 수리, PE 결속끈PE#50 (백) 5500m 5KG, PP12MPP12M／M10KG(황) 외 25개",9034.0,28061359.0
2026-01-11,2026,1,11,전주삼신산업,2025-12-29,13.0,"PE28mm 2kgPE28M／M(백)2KG, PP12MPP12M／M10KG(황), PP15MPP15MM*10KG(황색) 외 4개",1054.0,2411096.0
2026-01-11,2026,1,11,주식회사 에이씨티,2016-01-20,2.0,".PP18MMx 15kg 삼성.11650M두께0.9mm단중8.56g, 0PP18MMx 21kg 삼성.22300M두께0.80mm단중8.8g, PP18MMx .121kg 삼성.32300M두께0.85mm단중8.8g 외 38개",19759.0,40668339.0
2026-01-11,2026,1,11,파워엠팩,2025-07-23,4.0,"15M/M (수축밴드)15M/M * 10KG, 18MMx 15kg 삼성1650M두께0.9mm단중8.56g, PE28mm 2kgPE 28M／M (백) 2KG 외 150개",83676.0,146265423.0
2026-01-12,2026,1,12,(주)지엔에스트레이딩,2014-06-05,3.0,".02PP18MMx 21kg 삼성.022300M두께0.9mm단중9.1g, .PP18MMx 21kg 삼성.12300M두께0.9mm단중8.8g, .PP18MMx 21kg 삼성.32300M두께0.9mm단중8.8g 외 48개",19327.0,39698211.0
2026-01-12,2026,1,12,광림포장기계컨베이어,2011-05-03,9.0,"PE28mm 2kgPE 28M／M (백) 2KG, PE28mm 2kgPE28M／M(백)2KG, PE28mm 2kgPE28M／M(적)2KG 외 26개",20880.0,34859790.0
2026-01-13,2026,1,13,경인팩,2026-01-05,2.0,"PE28mm 2kgPE28M／M(백)2KG, PE28mm 2kgPE28M／M(적)2KG, PE28mm 2kgPE28M／M(황)2KG 외 11개",4721.0,11768386.0
2026-01-13,2026,1,13,동원팩,2026-01-05,4.0,"PE28mm 2kgPE28M／M(녹)2KG, PE28mm 2kgPE28M／M(백)2KG, PE28mm 2kgPE28M／M(청)2KG 외 6개",101.0,2608157.0
2026-01-13,2026,1,13,보우팩,2025-08-06,16.0,"PE28mm 2kgPE28M／M(백)2KG, PE28mm 2kgPE28M／M(적)2KG, PE28mm 2kgPE28M／M(청)2KG 외 28개",14014.0,48149165.0
2026-01-13,2026,1,13,주식회사 에이씨티,2016-01-20,2.0,".PP18MMx 15kg 삼성.11650M두께0.9mm단중8.56g, 0PP18MMx 21kg 삼성.22300M두께0.80mm단중8.8g, PP18MMx .121kg 삼성.32300M두께0.85mm단중8.8g 외 38개",19759.0,40668339.0
2026-01-14,2026,1,14,(주)아이마켓코리아,2025-12-24,4.0,"PP11MM*13.34KG삼성경량밴드(황색)2300m*두께0.84mm단중5.8g GRS, PP11MM*13.34KG삼성경량밴드2300m*두께0.84mm단중5.8g GRS, PP18MM x 21Kg 삼성 황색2300M 포장중량 21Kg, 1롤/1pcs 포장 (황색) 외 1개",3843.0,7805629.0
2026-01-14,2026,1,14,대상산업,2026-01-02,5.0,"PE28mm 2kgPE28M／M(백)2KG, PE28mm 2kgPE28M／M(청)2KG, PE28mm 2kgPE28M／M(황)2KG 외 7개",2026.0,5153024.0
2026-01-14,2026,1,14,주신산업,2026-01-05,9.0,"PE28mm 2kgPE28M／M(백)2KG, PP12MPP12M／M10KG(황), 운송료택배비",775.0,1647675.0
2026-01-15,2026,1,15,(주)지엔에스트레이딩,2014-06-05,3.0,".02PP18MMx 21kg 삼성.022300M두께0.9mm단중9.1g, .PP18MMx 21kg 삼성.12300M두께0.9mm단중8.8g, .PP18MMx 21kg 삼성.32300M두께0.9mm단중8.8g 외 48개",19327.0,39698211.0
2026-01-15,2026,1,15,경인팩,2026-01-05,2.0,"PE28mm 2kgPE28M／M(백)2KG, PE28mm 2kgPE28M／M(적)2KG, PE28mm 2kgPE28M／M(황)2KG 외 11개",4721.0,11768386.0
2026-01-15,2026,1,15,대경(박타원),2017-01-02,16.0,"PE28mm 2kgPE 28M／M (백) 2KG, PE28mm 2kgPE 28M／M (적) 2KG, PE28mm 2kgPE 28M／M (적)2KG 외 26개",8087.0,18034594.0
2026-01-15,2026,1,15,신광포장기계,2026-01-05,6.0,"PE28mm 2kgPE28M／M(백)2KG, PE28mm, 6KGPE28M／M(백)6KG, PP12MPP12M／M10KG(백) 외 10개",4239.0,8956157.0
2026-01-15,2026,1,15,제일산업(주)(화성),2014-03-19,10.0,"PP12MPP 12M／M 9KG, PP12MPP12M／M10KG(황), PP12MPP12M／M9KG 외 21개",7048.0,14479062.0
2026-01-15,2026,1,15,주)대성씨앤씨,2025-12-22,13.0,"PP12MPP12M／M10KG(백), PP12MPP12M／M10KG(황), PP5MMx7000Mx0.5T 11.4kg 백색core 200x8T OD400 롤랩핑 400*200 외 2개",1470.0,6867600.0
2026-01-15,2026,1,15,주식회사 에이씨티,2016-01-20,2.0,".PP18MMx 15kg 삼성.11650M두께0.9mm단중8.56g, 0PP18MMx 21kg 삼성.22300M두께0.80mm단중8.8g, PP18MMx .121kg 삼성.32300M두께0.85mm단중8.8g 외 38개",19759.0,40668339.0
2026-01-15,2026,1,15,진송팩,2026-01-02,13.0,"PE28mm 2kgPE28M／M(백)2KG, PE28mm 2kgPE28M／M(적)2KG, PE28mm 2kgPE28M／M(청)2KG 외 5개",1520.0,4001822.0
2026-01-15,2026,1,15,파워엠팩,2025-07-23,4.0,"15M/M (수축밴드)15M/M * 10KG, 18MMx 15kg 삼성1650M두께0.9mm단중8.56g, PE28mm 2kgPE 28M／M (백) 2KG 외 150개",83676.0,146265423.0
2026-01-15,2026,1,15,한솔포장,2020-03-27,11.0,"PE28mm 2kgPE28M／M(녹)2KG, PE28mm 2kgPE28M／M(백)2KG, PE28mm 2kgPE28M／M(적)2KG 외 6개",2203.0,5624915.0
2026-01-17,2026,1,17,(주)아이마켓코리아,2025-12-24,4.0,"PP11MM*13.34KG삼성경량밴드(황색)2300m*두께0.84mm단중5.8g GRS, PP11MM*13.34KG삼성경량밴드2300m*두께0.84mm단중5.8g GRS, PP18MM x 21Kg 삼성 황색2300M 포장중량 21Kg, 1롤/1pcs 포장 (황색) 외 1개",3843.0,7805629.0
2026-01-17,2026,1,17,경인팩,2026-01-05,2.0,"PE28mm 2kgPE28M／M(백)2KG, PE28mm 2kgPE28M／M(적)2KG, PE28mm 2kgPE28M／M(황)2KG 외 11개",4721.0,11768386.0
2026-01-17,2026,1,17,동원팩,2026-01-05,4.0,"PE28mm 2kgPE28M／M(녹)2KG, PE28mm 2kgPE28M／M(백)2KG, PE28mm 2kgPE28M／M(청)2KG 외 6개",101.0,2608157.0
2026-01-17,2026,1,17,주식회사 에이스팩,2024-08-08,31.0,"PP15MPP15MM*10KG(황색), PP15MPP15M／M13KG(황), 스트레치필름(일반 기계)25*500*1400 외 6개",565.0,4935364.0
2026-01-17,2026,1,17,주식회사 에이씨티,2016-01-20,2.0,".PP18MMx 15kg 삼성.11650M두께0.9mm단중8.56g, 0PP18MMx 21kg 삼성.22300M두께0.80mm단중8.8g, PP18MMx .121kg 삼성.32300M두께0.85mm단중8.8g 외 38개",19759.0,40668339.0
2026-01-18,2026,1,18,(주)지엔에스트레이딩,2014-06-05,3.0,".02PP18MMx 21kg 삼성.022300M두께0.9mm단중9.1g, .PP18MMx 21kg 삼성.12300M두께0.9mm단중8.8g, .PP18MMx 21kg 삼성.32300M두께0.9mm단중8.8g 외 48개",19327.0,39698211.0
2026-01-18,2026,1,18,광림파워팩,2021-11-04,9.0,"PE28mm 2kgPE28M／M(백)2KG, PE28mm 2kgPE28M／M(적)2KG, PE28mm 2kgPE28M／M(청)2KG 외 46개",21773.0,37841336.0
2026-01-18,2026,1,18,대상산업,2026-01-02,5.0,"PE28mm 2kgPE28M／M(백)2KG, PE28mm 2kgPE28M／M(청)2KG, PE28mm 2kgPE28M／M(황)2KG 외 7개",2026.0,5153024.0
2026-01-18,2026,1,18,주식회사 광림파워팩,2025-12-31,18.0,"PP12MPP12M／M10KG(황), PP12MPP12M／M12.5KG (황), PP12MPP12mm*0.72T*2800m 12.5KG(투명) 외 5개",4564.0,8718553.0
2026-01-19,2026,1,19,경인팩,2026-01-05,2.0,"PE28mm 2kgPE28M／M(백)2KG, PE28mm 2kgPE28M／M(적)2KG, PE28mm 2kgPE28M／M(황)2KG 외 11개",4721.0,11768386.0
2026-01-19,2026,1,19,신대한판지(주),2024-08-12,21.0,"PP Band(자동)8mm x 0.6T x 3800m (백색) 10Kg/roll, PP12MPP12M／M10KG(검정), PP12MPP12M／M10KG(녹) 외 50개",18211.0,52711272.0
2026-01-19,2026,1,19,우선산업,2025-12-26,24.0,"PE28mm 2kgPE28M／M(백)2KG, PE50mm, 4.5KGPE50M／M(백)4.5KG, PP 재생원료적색",2942.0,5004300.0
2026-01-19,2026,1,19,제이케이머티리얼즈(주)／순성공장,2023-12-27,27.0,"ITA20용 배터리14.8V 2AH Li-Po, PET 16MMPET 16mm x 0.8T x 1200m Embossed (반투명 녹색), PET 16mm x 0.8T x 1200mPET 16mm x 0.8T x 1200m Embossed (반투명 녹색) 외 12개",1266.0,9761113.0
2026-01-19,2026,1,19,주식회사 에이씨티,2016-01-20,2.0,".PP18MMx 15kg 삼성.11650M두께0.9mm단중8.56g, 0PP18MMx 21kg 삼성.22300M두께0.80mm단중8.8g, PP18MMx .121kg 삼성.32300M두께0.85mm단중8.8g 외 38개",19759.0,40668339.0
2026-01-19,2026,1,19,파워엠팩,2025-07-23,4.0,"15M/M (수축밴드)15M/M * 10KG, 18MMx 15kg 삼성1650M두께0.9mm단중8.56g, PE28mm 2kgPE 28M／M (백) 2KG 외 150개",83676.0,146265423.0
2026-01-20,2026,1,20,(주)아이마켓코리아,2025-12-24,4.0,"PP11MM*13.34KG삼성경량밴드(황색)2300m*두께0.84mm단중5.8g GRS, PP11MM*13.34KG삼성경량밴드2300m*두께0.84mm단중5.8g GRS, PP18MM x 21Kg 삼성 황색2300M 포장중량 21Kg, 1롤/1pcs 포장 (황색) 외 1개",3843.0,7805629.0
2026-01-20,2026,1,20,광림포장기계컨베이어,2011-05-03,9.0,"PE28mm 2kgPE 28M／M (백) 2KG, PE28mm 2kgPE28M／M(백)2KG, PE28mm 2kgPE28M／M(적)2KG 외 26개",20880.0,34859790.0
2026-01-20,2026,1,20,서울포장기계,2022-01-21,10.0,"PP12MPP12M／M10KG(백), PP12MPP12M／M10KG(투명), PP12MPP12M／M10KG(황) 외 4개",2604.0,4541561.0
2026-01-20,2026,1,20,신광포장기계,2026-01-05,6.0,"PE28mm 2kgPE28M／M(백)2KG, PE28mm, 6KGPE28M／M(백)6KG, PP12MPP12M／M10KG(백) 외 10개",4239.0,8956157.0
2026-01-20,2026,1,20,주식회사 대한종합포장,2025-11-24,20.0,"PP12MPP12M／M10KG(백), PP15MPP15MM*10KG(황색), PP5MMx7000Mx0.5T 백색 외 1개",3945.0,10935000.0
2026-01-21,2026,1,21,(주)지엔에스트레이딩,2014-06-05,3.0,".02PP18MMx 21kg 삼성.022300M두께0.9mm단중9.1g, .PP18MMx 21kg 삼성.12300M두께0.9mm단중8.8g, .PP18MMx 21kg 삼성.32300M두께0.9mm단중8.8g 외 48개",19327.0,39698211.0
2026-01-21,2026,1,21,RLBUTTON,2025-12-16,36.0,"PP 12MM12MMx1000Mx0.55MM Blue, PP19M * 1000M HD BlackPP19MM*1000M*0.85T Black, PP19M BUILDERSPP19M／M*300M 0.60T Blue 외 4개",12993.0,33425099.0
2026-01-21,2026,1,21,경인팩,2026-01-05,2.0,"PE28mm 2kgPE28M／M(백)2KG, PE28mm 2kgPE28M／M(적)2KG, PE28mm 2kgPE28M／M(황)2KG 외 11개",4721.0,11768386.0
2026-01-21,2026,1,21,광림포장기계,2025-12-31,22.0,PP12MPP12M／M10KG(황),640.0,1216000.0
2026-01-21,2026,1,21,금산포장,2026-01-05,17.0,"PE28mm 2kgPE28M／M(백)2KG, PE28mm, 6KGPE28M／M(백)6KG, PP12MPP12M／M10KG(투명) 외 2개",1205.0,2820867.0
2026-01-21,2026,1,21,동원팩,2026-01-05,4.0,"PE28mm 2kgPE28M／M(녹)2KG, PE28mm 2kgPE28M／M(백)2KG, PE28mm 2kgPE28M／M(청)2KG 외 6개",101.0,2608157.0
2026-01-21,2026,1,21,주식회사 동원피앤아이,2025-12-26,26.0,"PE 결속끈PE#50 (백) 5500m 5KG, PE28mm 2kgPE28M／M(백)2KG, PE50mm, 4.7KGPE50M／M(황)4.7KG",4002.0,10753000.0
2026-01-21,2026,1,21,주식회사 에이씨티,2016-01-20,2.0,".PP18MMx 15kg 삼성.11650M두께0.9mm단중8.56g, 0PP18MMx 21kg 삼성.22300M두께0.80mm단중8.8g, PP18MMx .121kg 삼성.32300M두께0.85mm단중8.8g 외 38개",19759.0,40668339.0
2026-01-22,2026,1,22,대상산업,2026-01-02,5.0,"PE28mm 2kgPE28M／M(백)2KG, PE28mm 2kgPE28M／M(청)2KG, PE28mm 2kgPE28M／M(황)2KG 외 7개",2026.0,5153024.0
2026-01-22,2026,1,22,한서포장,2021-07-29,18.0,"PE28mm 2kg.1PE28M／M(백)2KG, PE28mm 2kg.2PE28M／M(백)2KG, PE28mm 2kgPE 28M／M (백) 2KG 외 19개",7208.0,15354014.0
2026-01-22,2026,1,22,해성수출포장,2022-12-15,55.0,"PE28mm 2kgPE 28M／M (백) 2KG, PE28mm 2kgPE28M／M(백)2KG, PE28mm 2kgPE28M／M(적)2KG 외 6개",885.0,2120255.0
2026-01-23,2026,1,23,(주)삼화인쇄,2023-07-18,24.0,"PE28mm 2kgPE28M／M(백)2KG, PP 11MM11MM -10KG (백), PP 11MM11MM-10KG(백) 외 20개",15071.0,28566924.0
2026-01-23,2026,1,23,(주)아이마켓코리아,2025-12-24,4.0,"PP11MM*13.34KG삼성경량밴드(황색)2300m*두께0.84mm단중5.8g GRS, PP11MM*13.34KG삼성경량밴드2300m*두께0.84mm단중5.8g GRS, PP18MM x 21Kg 삼성 황색2300M 포장중량 21Kg, 1롤/1pcs 포장 (황색) 외 1개",3843.0,7805629.0
2026-01-23,2026,1,23,경인팩,2026-01-05,2.0,"PE28mm 2kgPE28M／M(백)2KG, PE28mm 2kgPE28M／M(적)2KG, PE28mm 2kgPE28M／M(황)2KG 외 11개",4721.0,11768386.0
2026-01-23,2026,1,23,동서포장종합상사,2025-12-18,36.0,PE28mm 2kgPE28M／M(백)2KG,120.0,372000.0
2026-01-23,2026,1,23,주식회사 에이씨티,2016-01-20,2.0,".PP18MMx 15kg 삼성.11650M두께0.9mm단중8.56g, 0PP18MMx 21kg 삼성.22300M두께0.80mm단중8.8g, PP18MMx .121kg 삼성.32300M두께0.85mm단중8.8g 외 38개",19759.0,40668339.0
2026-01-23,2026,1,23,주신산업,2026-01-05,9.0,"PE28mm 2kgPE28M／M(백)2KG, PP12MPP12M／M10KG(황), 운송료택배비",775.0,1647675.0
2026-01-23,2026,1,23,파워엠팩,2025-07-23,4.0,"15M/M (수축밴드)15M/M * 10KG, 18MMx 15kg 삼성1650M두께0.9mm단중8.56g, PE28mm 2kgPE 28M／M (백) 2KG 외 150개",83676.0,146265423.0
2026-01-24,2026,1,24,(주)지엔에스트레이딩,2014-06-05,3.0,".02PP18MMx 21kg 삼성.022300M두께0.9mm단중9.1g, .PP18MMx 21kg 삼성.12300M두께0.9mm단중8.8g, .PP18MMx 21kg 삼성.32300M두께0.9mm단중8.8g 외 48개",19327.0,39698211.0
2026-01-24,2026,1,24,대영포장(주)발안공장,2021-01-04,13.0,"MOSCA 히터 수리MOSCA 히터 수리, PE 결속끈PE#50 (백) 5500m 5KG, PP12MPP12M／M10KG(황) 외 25개",9034.0,28061359.0
2026-01-24,2026,1,24,전주삼신산업,2025-12-29,13.0,"PE28mm 2kgPE28M／M(백)2KG, PP12MPP12M／M10KG(황), PP15MPP15MM*10KG(황색) 외 4개",1054.0,2411096.0
2026-01-24,2026,1,24,합동포장기계,2026-01-05,20.0,"PE28mm 2kgPE28M／M(백)2KG, PP12MPP12M／M10KG(백), PP12MPP12M／M10KG(황) 외 8개",4658.0,10400083.0
2026-01-25,2026,1,25,경인팩,2026-01-05,2.0,"PE28mm 2kgPE28M／M(백)2KG, PE28mm 2kgPE28M／M(적)2KG, PE28mm 2kgPE28M／M(황)2KG 외 11개",4721.0,11768386.0
2026-01-25,2026,1,25,동원팩,2026-01-05,4.0,"PE28mm 2kgPE28M／M(녹)2KG, PE28mm 2kgPE28M／M(백)2KG, PE28mm 2kgPE28M／M(청)2KG 외 6개",101.0,2608157.0
2026-01-25,2026,1,25,신광포장기계,2026-01-05,6.0,"PE28mm 2kgPE28M／M(백)2KG, PE28mm, 6KGPE28M／M(백)6KG, PP12MPP12M／M10KG(백) 외 10개",4239.0,8956157.0
2026-01-25,2026,1,25,제일산업(주)(화성),2014-03-19,10.0,"PP12MPP 12M／M 9KG, PP12MPP12M／M10KG(황), PP12MPP12M／M9KG 외 21개",7048.0,14479062.0
2026-01-25,2026,1,25,주식회사 에이씨티,2016-01-20,2.0,".PP18MMx 15kg 삼성.11650M두께0.9mm단중8.56g, 0PP18MMx 21kg 삼성.22300M두께0.80mm단중8.8g, PP18MMx .121kg 삼성.32300M두께0.85mm단중8.8g 외 38개",19759.0,40668339.0
2026-01-25,2026,1,25,한국전자금융(주),2018-12-17,22.0,"무인쇄 11mm x 0.70T x 1000m화폐밴딩끈 지관200x190, 스트레치필름(Baby Roll)20*100mm*150m (Plastic Handle), 스트레치필름(일반 핸드랩)15*500mm*400m 외 1개",176.0,665812.0
2026-01-25,2026,1,25,한솔포장,2020-03-27,11.0,"PE28mm 2kgPE28M／M(녹)2KG, PE28mm 2kgPE28M／M(백)2KG, PE28mm 2kgPE28M／M(적)2KG 외 6개",2203.0,5624915.0
2026-01-26,2026,1,26,(주)아이마켓코리아,2025-12-24,4.0,"PP11MM*13.34KG삼성경량밴드(황색)2300m*두께0.84mm단중5.8g GRS, PP11MM*13.34KG삼성경량밴드2300m*두께0.84mm단중5.8g GRS, PP18MM x 21Kg 삼성 황색2300M 포장중량 21Kg, 1롤/1pcs 포장 (황색) 외 1개",3843.0,7805629.0
2026-01-26,2026,1,26,광림파워팩,2021-11-04,9.0,"PE28mm 2kgPE28M／M(백)2KG, PE28mm 2kgPE28M／M(적)2KG, PE28mm 2kgPE28M／M(청)2KG 외 46개",21773.0,37841336.0
2026-01-26,2026,1,26,대상산업,2026-01-02,5.0,"PE28mm 2kgPE28M／M(백)2KG, PE28mm 2kgPE28M／M(청)2KG, PE28mm 2kgPE28M／M(황)2KG 외 7개",2026.0,5153024.0
2026-01-27,2026,1,27,(주)지엔에스트레이딩,2014-06-05,3.0,".02PP18MMx 21kg 삼성.022300M두께0.9mm단중9.1g, .PP18MMx 21kg 삼성.12300M두께0.9mm단중8.8g, .PP18MMx 21kg 삼성.32300M두께0.9mm단중8.8g 외 48개",19327.0,39698211.0
2026-01-27,2026,1,27,CYKLOP PACKAGING SYSTEMS PTY LTD.,2025-12-25,34.0,"12 x 3,000M 0.65T12x3,000M0.65T BLUE, 12 x 3,000M 0.65T12x3,000M0.65T CLEAR, 15 x 1,000M 0.65T Blue15x1,000M0.65T청색 외 9개",32917.0,74746924.0
2026-01-27,2026,1,27,경인팩,2026-01-05,2.0,"PE28mm 2kgPE28M／M(백)2KG, PE28mm 2kgPE28M／M(적)2KG, PE28mm 2kgPE28M／M(황)2KG 외 11개",4721.0,11768386.0
2026-01-27,2026,1,27,주)대성씨앤씨,2025-12-22,13.0,"PP12MPP12M／M10KG(백), PP12MPP12M／M10KG(황), PP5MMx7000Mx0.5T 11.4kg 백색core 200x8T OD400 롤랩핑 400*200 외 2개",1470.0,6867600.0
2026-01-27,2026,1,27,주식회사 에이씨티,2016-01-20,2.0,".PP18MMx 15kg 삼성.11650M두께0.9mm단중8.56g, 0PP18MMx 21kg 삼성.22300M두께0.80mm단중8.8g, PP18MMx .121kg 삼성.32300M두께0.85mm단중8.8g 외 38개",19759.0,40668339.0
2026-01-27,2026,1,27,파워엠팩,2025-07-23,4.0,"15M/M (수축밴드)15M/M * 10KG, 18MMx 15kg 삼성1650M두께0.9mm단중8.56g, PE28mm 2kgPE 28M／M (백) 2KG 외 150개",83676.0,146265423.0
2026-01-28,2026,1,28,광림포장기계컨베이어,2011-05-03,9.0,"PE28mm 2kgPE 28M／M (백) 2KG, PE28mm 2kgPE28M／M(백)2KG, PE28mm 2kgPE28M／M(적)2KG 외 26개",20880.0,34859790.0
2026-01-28,2026,1,28,제일포장(김해),2025-04-08,59.0,"PE28mm 2kgPE 28M／M (백) 2KG, PE28mm 2kgPE28M／M(녹)2KG, PE28mm 2kgPE28M／M(백)2KG 외 5개",3968.0,10800691.0
2026-01-28,2026,1,28,진송팩,2026-01-02,13.0,"PE28mm 2kgPE28M／M(백)2KG, PE28mm 2kgPE28M／M(적)2KG, PE28mm 2kgPE28M／M(청)2KG 외 5개",1520.0,4001822.0
2026-01-29,2026,1,29,(주)아이마켓코리아,2025-12-24,4.0,"PP11MM*13.34KG삼성경량밴드(황색)2300m*두께0.84mm단중5.8g GRS, PP11MM*13.34KG삼성경량밴드2300m*두께0.84mm단중5.8g GRS, PP18MM x 21Kg 삼성 황색2300M 포장중량 21Kg, 1롤/1pcs 포장 (황색) 외 1개",3843.0,7805629.0
2026-01-29,2026,1,29,경인팩,2026-01-05,2.0,"PE28mm 2kgPE28M／M(백)2KG, PE28mm 2kgPE28M／M(적)2KG, PE28mm 2kgPE28M／M(황)2KG 외 11개",4721.0,11768386.0
2026-01-29,2026,1,29,동원팩,2026-01-05,4.0,"PE28mm 2kgPE28M／M(녹)2KG, PE28mm 2kgPE28M／M(백)2KG, PE28mm 2kgPE28M／M(청)2KG 외 6개",101.0,2608157.0
2026-01-29,2026,1,29,보우팩,2025-08-06,16.0,"PE28mm 2kgPE28M／M(백)2KG, PE28mm 2kgPE28M／M(적)2KG, PE28mm 2kgPE28M／M(청)2KG 외 28개",14014.0,48149165.0
2026-01-29,2026,1,29,주식회사 에이씨티,2016-01-20,2.0,".PP18MMx 15kg 삼성.11650M두께0.9mm단중8.56g, 0PP18MMx 21kg 삼성.22300M두께0.80mm단중8.8g, PP18MMx .121kg 삼성.32300M두께0.85mm단중8.8g 외 38개",19759.0,40668339.0
2026-01-30,2026,1,30,(주)낙원포장,2025-12-23,19.0,"PE28mm 2kgPE28M／M(백)2KG, PP10.5MPP10.5M10KG(청), PP10.5MPP10.5M10KG투명 외 5개",6033.0,11884000.0
2026-01-30,2026,1,30,(주)지엔에스트레이딩,2014-06-05,3.0,".02PP18MMx 21kg 삼성.022300M두께0.9mm단중9.1g, .PP18MMx 21kg 삼성.12300M두께0.9mm단중8.8g, .PP18MMx 21kg 삼성.32300M두께0.9mm단중8.8g 외 48개",19327.0,39698211.0
2026-01-30,2026,1,30,KOMERI,2025-11-23,35.0,"15 x 1,000M 0.55T Yellow15x1,000M0.55T 황색, 15 x 100M 0.55T15x100M 0.55T 황색, 15 x 100M 0.55T15x100M0.55T녹색 외 6개",14064.0,39131390.0
2026-01-30,2026,1,30,경인산업,2025-12-04,19.0,"PP12MPP12M／M10KG(백), PP12MPP12M／M10KG(청), PP12MPP12M／M10KG(황) 외 1개",1825.0,3714000.0
2026-01-30,2026,1,30,대경(박타원),2017-01-02,16.0,"PE28mm 2kgPE 28M／M (백) 2KG, PE28mm 2kgPE 28M／M (적) 2KG, PE28mm 2kgPE 28M／M (적)2KG 외 26개",8087.0,18034594.0
2026-01-30,2026,1,30,대상산업,2026-01-02,5.0,"PE28mm 2kgPE28M／M(백)2KG, PE28mm 2kgPE28M／M(청)2KG, PE28mm 2kgPE28M／M(황)2KG 외 7개",2026.0,5153024.0
2026-01-30,2026,1,30,삼원산업,2025-12-31,30.0,"PP12MPP12M／M10KG(황), PP12MPP12M／M12KG(투명), PP12MPP12M／M12KG(황) 외 2개",2700.0,5300000.0
2026-01-30,2026,1,30,서울포장기계,2022-01-21,10.0,"PP12MPP12M／M10KG(백), PP12MPP12M／M10KG(투명), PP12MPP12M／M10KG(황) 외 4개",2604.0,4541561.0
2026-01-30,2026,1,30,신광포장기계,2026-01-05,6.0,"PE28mm 2kgPE28M／M(백)2KG, PE28mm, 6KGPE28M／M(백)6KG, PP12MPP12M／M10KG(백) 외 10개",4239.0,8956157.0
2026-01-31,2026,1,31,PACKAGING HOUSE,2017-01-07,43.0,"12 x 3,000M 0.60T12x3,000M0.60TBLUE, 12 x 3,000M 0.60T12x3,000M0.60TCLEAR, PP 12MM12MMx1000Mx0.55MM Blue 외 5개",15176.0,33485729.0
2026-01-31,2026,1,31,경인팩,2026-01-05,2.0,"PE28mm 2kgPE28M／M(백)2KG, PE28mm 2kgPE28M／M(적)2KG, PE28mm 2kgPE28M／M(황)2KG 외 11개",4721.0,11768386.0
2026-01-31,2026,1,31,주식회사 에이씨티,2016-01-20,2.0,".PP18MMx 15kg 삼성.11650M두께0.9mm단중8.56g, 0PP18MMx 21kg 삼성.22300M두께0.80mm단중8.8g, PP18MMx .121kg 삼성.32300M두께0.85mm단중8.8g 외 38개",19759.0,40668339.0
2026-01-31,2026,1,31,파워엠팩,2025-07-23,4.0,"15M/M (수축밴드)15M/M * 10KG, 18MMx 15kg 삼성1650M두께0.9mm단중8.56g, PE28mm 2kgPE 28M／M (백) 2KG 외 150개",83676.0,146265423.0
2026-02-01,2026,2,1,(주)아이마켓코리아,2025-12-24,4.0,"PP11MM*13.34KG삼성경량밴드(황색)2300m*두께0.84mm단중5.8g GRS, PP11MM*13.34KG삼성경량밴드2300m*두께0.84mm단중5.8g GRS, PP18MM x 21Kg 삼성 황색2300M 포장중량 21Kg, 1롤/1pcs 포장 (황색) 외 1개",3843.0,7805629.0
2026-02-01,2026,2,1,주신산업,2026-01-05,9.0,"PE28mm 2kgPE28M／M(백)2KG, PP12MPP12M／M10KG(황), 운송료택배비",775.0,1647675.0
2026-02-02,2026,2,2,(주)지엔에스트레이딩,2014-06-05,3.0,".02PP18MMx 21kg 삼성.022300M두께0.9mm단중9.1g, .PP18MMx 21kg 삼성.12300M두께0.9mm단중8.8g, .PP18MMx 21kg 삼성.32300M두께0.9mm단중8.8g 외 48개",19327.0,39698211.0
2026-02-02,2026,2,2,경인팩,2026-01-05,2.0,"PE28mm 2kgPE28M／M(백)2KG, PE28mm 2kgPE28M／M(적)2KG, PE28mm 2kgPE28M／M(황)2KG 외 11개",4721.0,11768386.0
2026-02-02,2026,2,2,동원팩,2026-01-05,4.0,"PE28mm 2kgPE28M／M(녹)2KG, PE28mm 2kgPE28M／M(백)2KG, PE28mm 2kgPE28M／M(청)2KG 외 6개",101.0,2608157.0
2026-02-02,2026,2,2,주식회사 에이씨티,2016-01-20,2.0,".PP18MMx 15kg 삼성.11650M두께0.9mm단중8.56g, 0PP18MMx 21kg 삼성.22300M두께0.80mm단중8.8g, PP18MMx .121kg 삼성.32300M두께0.85mm단중8.8g 외 38개",19759.0,40668339.0
2026-02-03,2026,2,3,강원농협연합포장재가공사업소,2025-11-17,40.0,PP12MPP12M／M12.5KG (황),2812.0,4893750.0
2026-02-03,2026,2,3,광림파워팩,2021-11-04,9.0,"PE28mm 2kgPE28M／M(백)2KG, PE28mm 2kgPE28M／M(적)2KG, PE28mm 2kgPE28M／M(청)2KG 외 46개",21773.0,37841336.0
2026-02-03,2026,2,3,대상산업,2026-01-02,5.0,"PE28mm 2kgPE28M／M(백)2KG, PE28mm 2kgPE28M／M(청)2KG, PE28mm 2kgPE28M／M(황)2KG 외 7개",2026.0,5153024.0
2026-02-04,2026,2,4,(주)아이마켓코리아,2025-12-24,4.0,"PP11MM*13.34KG삼성경량밴드(황색)2300m*두께0.84mm단중5.8g GRS, PP11MM*13.34KG삼성경량밴드2300m*두께0.84mm단중5.8g GRS, PP18MM x 21Kg 삼성 황색2300M 포장중량 21Kg, 1롤/1pcs 포장 (황색) 외 1개",3843.0,7805629.0
2026-02-04,2026,2,4,경인팩,2026-01-05,2.0,"PE28mm 2kgPE28M／M(백)2KG, PE28mm 2kgPE28M／M(적)2KG, PE28mm 2kgPE28M／M(황)2KG 외 11개",4721.0,11768386.0
2026-02-04,2026,2,4,신광포장기계,2026-01-05,6.0,"PE28mm 2kgPE28M／M(백)2KG, PE28mm, 6KGPE28M／M(백)6KG, PP12MPP12M／M10KG(백) 외 10개",4239.0,8956157.0
2026-02-04,2026,2,4,신광포장기계(부산),2025-11-04,47.0,"PE28mm 2kgPE28M／M(백)2KG, 운송료",218.0,640667.0
2026-02-04,2026,2,4,제일산업(주)(화성),2014-03-19,10.0,"PP12MPP 12M／M 9KG, PP12MPP12M／M10KG(황), PP12MPP12M／M9KG 외 21개",7048.0,14479062.0
2026-02-04,2026,2,4,주식회사 에이씨티,2016-01-20,2.0,".PP18MMx 15kg 삼성.11650M두께0.9mm단중8.56g, 0PP18MMx 21kg 삼성.22300M두께0.80mm단중8.8g, PP18MMx .121kg 삼성.32300M두께0.85mm단중8.8g 외 38개",19759.0,40668339.0
2026-02-04,2026,2,4,파워엠팩,2025-07-23,4.0,"15M/M (수축밴드)15M/M * 10KG, 18MMx 15kg 삼성1650M두께0.9mm단중8.56g, PE28mm 2kgPE 28M／M (백) 2KG 외 150개",83676.0,146265423.0
2026-02-04,2026,2,4,한남포장기계,2025-12-16,25.0,"PE28mm 2kgPE28M／M(백)2KG, PP12MPP12M／M9KG(황)",1900.0,4650000.0
2026-02-04,2026,2,4,한솔포장,2020-03-27,11.0,"PE28mm 2kgPE28M／M(녹)2KG, PE28mm 2kgPE28M／M(백)2KG, PE28mm 2kgPE28M／M(적)2KG 외 6개",2203.0,5624915.0
2026-02-05,2026,2,5,(주)지엔에스트레이딩,2014-06-05,3.0,".02PP18MMx 21kg 삼성.022300M두께0.9mm단중9.1g, .PP18MMx 21kg 삼성.12300M두께0.9mm단중8.8g, .PP18MMx 21kg 삼성.32300M두께0.9mm단중8.8g 외 48개",19327.0,39698211.0
2026-02-05,2026,2,5,광림포장기계컨베이어,2011-05-03,9.0,"PE28mm 2kgPE 28M／M (백) 2KG, PE28mm 2kgPE28M／M(백)2KG, PE28mm 2kgPE28M／M(적)2KG 외 26개",20880.0,34859790.0
2026-02-05,2026,2,5,주식회사 광림파워팩,2025-12-31,18.0,"PP12MPP12M／M10KG(황), PP12MPP12M／M12.5KG (황), PP12MPP12mm*0.72T*2800m 12.5KG(투명) 외 5개",4564.0,8718553.0
2026-02-05,2026,2,5,한국포장기계,2025-12-29,39.0,"PE28mm 2kgPE28M／M(백)2KG, PE28mm 2kgPE28M／M(적)2KG, PE28mm 2kgPE28M／M(청)2KG 외 4개",4551.0,11201933.0
2026-02-06,2026,2,6,경인팩,2026-01-05,2.0,"PE28mm 2kgPE28M／M(백)2KG, PE28mm 2kgPE28M／M(적)2KG, PE28mm 2kgPE28M／M(황)2KG 외 11개",4721.0,11768386.0
2026-02-06,2026,2,6,금산포장,2026-01-05,17.0,"PE28mm 2kgPE28M／M(백)2KG, PE28mm, 6KGPE28M／M(백)6KG, PP12MPP12M／M10KG(투명) 외 2개",1205.0,2820867.0
2026-02-06,2026,2,6,대영포장(주)발안공장,2021-01-04,13.0,"MOSCA 히터 수리MOSCA 히터 수리, PE 결속끈PE#50 (백) 5500m 5KG, PP12MPP12M／M10KG(황) 외 25개",9034.0,28061359.0
2026-02-06,2026,2,6,동원팩,2026-01-05,4.0,"PE28mm 2kgPE28M／M(녹)2KG, PE28mm 2kgPE28M／M(백)2KG, PE28mm 2kgPE28M／M(청)2KG 외 6개",101.0,2608157.0
2026-02-06,2026,2,6,백암지관공업사,2025-12-03,65.0,"PP12MPP12M／M11KG(청), PP12MPP12M／M12.5KG (황)",300.0,630000.0
2026-02-06,2026,2,6,전주삼신산업,2025-12-29,13.0,"PE28mm 2kgPE28M／M(백)2KG, PP12MPP12M／M10KG(황), PP15MPP15MM*10KG(황색) 외 4개",1054.0,2411096.0
2026-02-06,2026,2,6,주식회사 에이씨티,2016-01-20,2.0,".PP18MMx 15kg 삼성.11650M두께0.9mm단중8.56g, 0PP18MMx 21kg 삼성.22300M두께0.80mm단중8.8g, PP18MMx .121kg 삼성.32300M두께0.85mm단중8.8g 외 38개",19759.0,40668339.0
2026-02-07,2026,2,7,(주)아이마켓코리아,2025-12-24,4.0,"PP11MM*13.34KG삼성경량밴드(황색)2300m*두께0.84mm단중5.8g GRS, PP11MM*13.34KG삼성경량밴드2300m*두께0.84mm단중5.8g GRS, PP18MM x 21Kg 삼성 황색2300M 포장중량 21Kg, 1롤/1pcs 포장 (황색) 외 1개",3843.0,7805629.0
2026-02-07,2026,2,7,대상산업,2026-01-02,5.0,"PE28mm 2kgPE28M／M(백)2KG, PE28mm 2kgPE28M／M(청)2KG, PE28mm 2kgPE28M／M(황)2KG 외 7개",2026.0,5153024.0
2026-02-08,2026,2,8,(주)지엔에스트레이딩,2014-06-05,3.0,".02PP18MMx 21kg 삼성.022300M두께0.9mm단중9.1g, .PP18MMx 21kg 삼성.12300M두께0.9mm단중8.8g, .PP18MMx 21kg 삼성.32300M두께0.9mm단중8.8g 외 48개",19327.0,39698211.0
2026-02-08,2026,2,8,경인팩,2026-01-05,2.0,"PE28mm 2kgPE28M／M(백)2KG, PE28mm 2kgPE28M／M(적)2KG, PE28mm 2kgPE28M／M(황)2KG 외 11개",4721.0,11768386.0
2026-02-08,2026,2,8,동방포장기자재,2025-11-24,39.0,PP12MPP12M／M10KG(황),845.0,1647750.0
2026-02-08,2026,2,8,주)대성씨앤씨,2025-12-22,13.0,"PP12MPP12M／M10KG(백), PP12MPP12M／M10KG(황), PP5MMx7000Mx0.5T 11.4kg 백색core 200x8T OD400 롤랩핑 400*200 외 2개",1470.0,6867600.0
2026-02-08,2026,2,8,주식회사 대한종합포장,2025-11-24,20.0,"PP12MPP12M／M10KG(백), PP15MPP15MM*10KG(황색), PP5MMx7000Mx0.5T 백색 외 1개",3945.0,10935000.0
2026-02-08,2026,2,8,주식회사 에이씨티,2016-01-20,2.0,".PP18MMx 15kg 삼성.11650M두께0.9mm단중8.56g, 0PP18MMx 21kg 삼성.22300M두께0.80mm단중8.8g, PP18MMx .121kg 삼성.32300M두께0.85mm단중8.8g 외 38개",19759.0,40668339.0
2026-02-08,2026,2,8,파워엠팩,2025-07-23,4.0,"15M/M (수축밴드)15M/M * 10KG, 18MMx 15kg 삼성1650M두께0.9mm단중8.56g, PE28mm 2kgPE 28M／M (백) 2KG 외 150개",83676.0,146265423.0
2026-02-09,2026,2,9,서울포장기계,2022-01-21,10.0,"PP12MPP12M／M10KG(백), PP12MPP12M／M10KG(투명), PP12MPP12M／M10KG(황) 외 4개",2604.0,4541561.0
2026-02-09,2026,2,9,신광포장기계,2026-01-05,6.0,"PE28mm 2kgPE28M／M(백)2KG, PE28mm, 6KGPE28M／M(백)6KG, PP12MPP12M／M10KG(백) 외 10개",4239.0,8956157.0
2026-02-09,2026,2,9,신대한판지(주),2024-08-12,21.0,"PP Band(자동)8mm x 0.6T x 3800m (백색) 10Kg/roll, PP12MPP12M／M10KG(검정), PP12MPP12M／M10KG(녹) 외 50개",18211.0,52711272.0
2026-02-09,2026,2,9,한서포장,2021-07-29,18.0,"PE28mm 2kg.1PE28M／M(백)2KG, PE28mm 2kg.2PE28M／M(백)2KG, PE28mm 2kgPE 28M／M (백) 2KG 외 19개",7208.0,15354014.0
2026-02-10,2026,2,10,(주)아이마켓코리아,2025-12-24,4.0,"PP11MM*13.34KG삼성경량밴드(황색)2300m*두께0.84mm단중5.8g GRS, PP11MM*13.34KG삼성경량밴드2300m*두께0.84mm단중5.8g GRS, PP18MM x 21Kg 삼성 황색2300M 포장중량 21Kg, 1롤/1pcs 포장 (황색) 외 1개",3843.0,7805629.0
2026-02-10,2026,2,10,경인팩,2026-01-05,2.0,"PE28mm 2kgPE28M／M(백)2KG, PE28mm 2kgPE28M／M(적)2KG, PE28mm 2kgPE28M／M(황)2KG 외 11개",4721.0,11768386.0
2026-02-10,2026,2,10,동원팩,2026-01-05,4.0,"PE28mm 2kgPE28M／M(녹)2KG, PE28mm 2kgPE28M／M(백)2KG, PE28mm 2kgPE28M／M(청)2KG 외 6개",101.0,2608157.0
2026-02-10,2026,2,10,주식회사 에이씨티,2016-01-20,2.0,".PP18MMx 15kg 삼성.11650M두께0.9mm단중8.56g, 0PP18MMx 21kg 삼성.22300M두께0.80mm단중8.8g, PP18MMx .121kg 삼성.32300M두께0.85mm단중8.8g 외 38개",19759.0,40668339.0
2026-02-10,2026,2,10,주신산업,2026-01-05,9.0,"PE28mm 2kgPE28M／M(백)2KG, PP12MPP12M／M10KG(황), 운송료택배비",775.0,1647675.0
2026-02-10,2026,2,10,진송팩,2026-01-02,13.0,"PE28mm 2kgPE28M／M(백)2KG, PE28mm 2kgPE28M／M(적)2KG, PE28mm 2kgPE28M／M(청)2KG 외 5개",1520.0,4001822.0
2026-02-11,2026,2,11,(주)지엔에스트레이딩,2014-06-05,3.0,".02PP18MMx 21kg 삼성.022300M두께0.9mm단중9.1g, .PP18MMx 21kg 삼성.12300M두께0.9mm단중8.8g, .PP18MMx 21kg 삼성.32300M두께0.9mm단중8.8g 외 48개",19327.0,39698211.0
2026-02-11,2026,2,11,광림파워팩,2021-11-04,9.0,"PE28mm 2kgPE28M／M(백)2KG, PE28mm 2kgPE28M／M(적)2KG, PE28mm 2kgPE28M／M(청)2KG 외 46개",21773.0,37841336.0
2026-02-11,2026,2,11,광림포장기계,2025-12-31,22.0,PP12MPP12M／M10KG(황),640.0,1216000.0
2026-02-11,2026,2,11,대상산업,2026-01-02,5.0,"PE28mm 2kgPE28M／M(백)2KG, PE28mm 2kgPE28M／M(청)2KG, PE28mm 2kgPE28M／M(황)2KG 외 7개",2026.0,5153024.0
2026-02-12,2026,2,12,경인팩,2026-01-05,2.0,"PE28mm 2kgPE28M／M(백)2KG, PE28mm 2kgPE28M／M(적)2KG, PE28mm 2kgPE28M／M(황)2KG 외 11개",4721.0,11768386.0
2026-02-12,2026,2,12,우선산업,2025-12-26,24.0,"PE28mm 2kgPE28M／M(백)2KG, PE50mm, 4.5KGPE50M／M(백)4.5KG, PP 재생원료적색",2942.0,5004300.0
2026-02-12,2026,2,12,주식회사 에이씨티,2016-01-20,2.0,".PP18MMx 15kg 삼성.11650M두께0.9mm단중8.56g, 0PP18MMx 21kg 삼성.22300M두께0.80mm단중8.8g, PP18MMx .121kg 삼성.32300M두께0.85mm단중8.8g 외 38개",19759.0,40668339.0
2026-02-12,2026,2,12,파워엠팩,2025-07-23,4.0,"15M/M (수축밴드)15M/M * 10KG, 18MMx 15kg 삼성1650M두께0.9mm단중8.56g, PE28mm 2kgPE 28M／M (백) 2KG 외 150개",83676.0,146265423.0
2026-02-12,2026,2,12,합동포장기계,2026-01-05,20.0,"PE28mm 2kgPE28M／M(백)2KG, PP12MPP12M／M10KG(백), PP12MPP12M／M10KG(황) 외 8개",4658.0,10400083.0
2026-02-13,2026,2,13,(주)아이마켓코리아,2025-12-24,4.0,"PP11MM*13.34KG삼성경량밴드(황색)2300m*두께0.84mm단중5.8g GRS, PP11MM*13.34KG삼성경량밴드2300m*두께0.84mm단중5.8g GRS, PP18MM x 21Kg 삼성 황색2300M 포장중량 21Kg, 1롤/1pcs 포장 (황색) 외 1개",3843.0,7805629.0
2026-02-13,2026,2,13,광림포장기계컨베이어,2011-05-03,9.0,"PE28mm 2kgPE 28M／M (백) 2KG, PE28mm 2kgPE28M／M(백)2KG, PE28mm 2kgPE28M／M(적)2KG 외 26개",20880.0,34859790.0
2026-02-13,2026,2,13,한국미쓰비시상사(주),2015-04-03,49.0,"CALPETCALPET, PE28mm 2kgPE 28M／M (적) 2KG, PE28mm 2kgPE 28M／M(청) 2KG 외 45개",86912.0,182354769.0
2026-02-14,2026,2,14,(주)지엔에스트레이딩,2014-06-05,3.0,".02PP18MMx 21kg 삼성.022300M두께0.9mm단중9.1g, .PP18MMx 21kg 삼성.12300M두께0.9mm단중8.8g, .PP18MMx 21kg 삼성.32300M두께0.9mm단중8.8g 외 48개",19327.0,39698211.0
2026-02-14,2026,2,14,경인팩,2026-01-05,2.0,"PE28mm 2kgPE28M／M(백)2KG, PE28mm 2kgPE28M／M(적)2KG, PE28mm 2kgPE28M／M(황)2KG 외 11개",4721.0,11768386.0
2026-02-14,2026,2,14,대경(박타원),2017-01-02,16.0,"PE28mm 2kgPE 28M／M (백) 2KG, PE28mm 2kgPE 28M／M (적) 2KG, PE28mm 2kgPE 28M／M (적)2KG 외 26개",8087.0,18034594.0
2026-02-14,2026,2,14,동원팩,2026-01-05,4.0,"PE28mm 2kgPE28M／M(녹)2KG, PE28mm 2kgPE28M／M(백)2KG, PE28mm 2kgPE28M／M(청)2KG 외 6개",101.0,2608157.0
2026-02-14,2026,2,14,보우팩,2025-08-06,16.0,"PE28mm 2kgPE28M／M(백)2KG, PE28mm 2kgPE28M／M(적)2KG, PE28mm 2kgPE28M／M(청)2KG 외 28개",14014.0,48149165.0
2026-02-14,2026,2,14,신광포장기계,2026-01-05,6.0,"PE28mm 2kgPE28M／M(백)2KG, PE28mm, 6KGPE28M／M(백)6KG, PP12MPP12M／M10KG(백) 외 10개",4239.0,8956157.0
2026-02-14,2026,2,14,제이케이머티리얼즈(주)／순성공장,2023-12-27,27.0,"ITA20용 배터리14.8V 2AH Li-Po, PET 16MMPET 16mm x 0.8T x 1200m Embossed (반투명 녹색), PET 16mm x 0.8T x 1200mPET 16mm x 0.8T x 1200m Embossed (반투명 녹색) 외 12개",1266.0,9761113.0
2026-02-14,2026,2,14,제일산업(주)(화성),2014-03-19,10.0,"PP12MPP 12M／M 9KG, PP12MPP12M／M10KG(황), PP12MPP12M／M9KG 외 21개",7048.0,14479062.0
2026-02-14,2026,2,14,주식회사 에이씨티,2016-01-20,2.0,".PP18MMx 15kg 삼성.11650M두께0.9mm단중8.56g, 0PP18MMx 21kg 삼성.22300M두께0.80mm단중8.8g, PP18MMx .121kg 삼성.32300M두께0.85mm단중8.8g 외 38개",19759.0,40668339.0
2026-02-14,2026,2,14,한솔포장,2020-03-27,11.0,"PE28mm 2kgPE28M／M(녹)2KG, PE28mm 2kgPE28M／M(백)2KG, PE28mm 2kgPE28M／M(적)2KG 외 6개",2203.0,5624915.0
2026-02-15,2026,2,15,(주)삼화인쇄,2023-07-18,24.0,"PE28mm 2kgPE28M／M(백)2KG, PP 11MM11MM -10KG (백), PP 11MM11MM-10KG(백) 외 20개",15071.0,28566924.0
2026-02-15,2026,2,15,대상산업,2026-01-02,5.0,"PE28mm 2kgPE28M／M(백)2KG, PE28mm 2kgPE28M／M(청)2KG, PE28mm 2kgPE28M／M(황)2KG 외 7개",2026.0,5153024.0
2026-02-16,2026,2,16,(주)아이마켓코리아,2025-12-24,4.0,"PP11MM*13.34KG삼성경량밴드(황색)2300m*두께0.84mm단중5.8g GRS, PP11MM*13.34KG삼성경량밴드2300m*두께0.84mm단중5.8g GRS, PP18MM x 21Kg 삼성 황색2300M 포장중량 21Kg, 1롤/1pcs 포장 (황색) 외 1개",3843.0,7805629.0
2026-02-16,2026,2,16,경인팩,2026-01-05,2.0,"PE28mm 2kgPE28M／M(백)2KG, PE28mm 2kgPE28M／M(적)2KG, PE28mm 2kgPE28M／M(황)2KG 외 11개",4721.0,11768386.0
2026-02-16,2026,2,16,주식회사 동원피앤아이,2025-12-26,26.0,"PE 결속끈PE#50 (백) 5500m 5KG, PE28mm 2kgPE28M／M(백)2KG, PE50mm, 4.7KGPE50M／M(황)4.7KG",4002.0,10753000.0
2026-02-16,2026,2,16,주식회사 에이씨티,2016-01-20,2.0,".PP18MMx 15kg 삼성.11650M두께0.9mm단중8.56g, 0PP18MMx 21kg 삼성.22300M두께0.80mm단중8.8g, PP18MMx .121kg 삼성.32300M두께0.85mm단중8.8g 외 38개",19759.0,40668339.0
2026-02-16,2026,2,16,파워엠팩,2025-07-23,4.0,"15M/M (수축밴드)15M/M * 10KG, 18MMx 15kg 삼성1650M두께0.9mm단중8.56g, PE28mm 2kgPE 28M／M (백) 2KG 외 150개",83676.0,146265423.0
2026-02-16,2026,2,16,한국전자금융(주),2018-12-17,22.0,"무인쇄 11mm x 0.70T x 1000m화폐밴딩끈 지관200x190, 스트레치필름(Baby Roll)20*100mm*150m (Plastic Handle), 스트레치필름(일반 핸드랩)15*500mm*400m 외 1개",176.0,665812.0
2026-02-17,2026,2,17,(주)지엔에스트레이딩,2014-06-05,3.0,".02PP18MMx 21kg 삼성.022300M두께0.9mm단중9.1g, .PP18MMx 21kg 삼성.12300M두께0.9mm단중8.8g, .PP18MMx 21kg 삼성.32300M두께0.9mm단중8.8g 외 48개",19327.0,39698211.0
2026-02-17,2026,2,17,주식회사 에이스팩,2024-08-08,31.0,"PP15MPP15MM*10KG(황색), PP15MPP15M／M13KG(황), 스트레치필름(일반 기계)25*500*1400 외 6개",565.0,4935364.0
2026-02-18,2026,2,18,(주)낙원포장,2025-12-23,19.0,"PE28mm 2kgPE28M／M(백)2KG, PP10.5MPP10.5M10KG(청), PP10.5MPP10.5M10KG투명 외 5개",6033.0,11884000.0
2026-02-18,2026,2,18,경인산업,2025-12-04,19.0,"PP12MPP12M／M10KG(백), PP12MPP12M／M10KG(청), PP12MPP12M／M10KG(황) 외 1개",1825.0,3714000.0
2026-02-18,2026,2,18,경인팩,2026-01-05,2.0,"PE28mm 2kgPE28M／M(백)2KG, PE28mm 2kgPE28M／M(적)2KG, PE28mm 2kgPE28M／M(황)2KG 외 11개",4721.0,11768386.0
2026-02-18,2026,2,18,동원팩,2026-01-05,4.0,"PE28mm 2kgPE28M／M(녹)2KG, PE28mm 2kgPE28M／M(백)2KG, PE28mm 2kgPE28M／M(청)2KG 외 6개",101.0,2608157.0
2026-02-18,2026,2,18,주식회사 에이씨티,2016-01-20,2.0,".PP18MMx 15kg 삼성.11650M두께0.9mm단중8.56g, 0PP18MMx 21kg 삼성.22300M두께0.80mm단중8.8g, PP18MMx .121kg 삼성.32300M두께0.85mm단중8.8g 외 38개",19759.0,40668339.0
2026-02-19,2026,2,19,(주)아이마켓코리아,2025-12-24,4.0,"PP11MM*13.34KG삼성경량밴드(황색)2300m*두께0.84mm단중5.8g GRS, PP11MM*13.34KG삼성경량밴드2300m*두께0.84mm단중5.8g GRS, PP18MM x 21Kg 삼성 황색2300M 포장중량 21Kg, 1롤/1pcs 포장 (황색) 외 1개",3843.0,7805629.0
2026-02-19,2026,2,19,광림파워팩,2021-11-04,9.0,"PE28mm 2kgPE28M／M(백)2KG, PE28mm 2kgPE28M／M(적)2KG, PE28mm 2kgPE28M／M(청)2KG 외 46개",21773.0,37841336.0
2026-02-19,2026,2,19,대상산업,2026-01-02,5.0,"PE28mm 2kgPE28M／M(백)2KG, PE28mm 2kgPE28M／M(청)2KG, PE28mm 2kgPE28M／M(황)2KG 외 7개",2026.0,5153024.0
2026-02-19,2026,2,19,대영포장(주)발안공장,2021-01-04,13.0,"MOSCA 히터 수리MOSCA 히터 수리, PE 결속끈PE#50 (백) 5500m 5KG, PP12MPP12M／M10KG(황) 외 25개",9034.0,28061359.0
2026-02-19,2026,2,19,서울포장기계,2022-01-21,10.0,"PP12MPP12M／M10KG(백), PP12MPP12M／M10KG(투명), PP12MPP12M／M10KG(황) 외 4개",2604.0,4541561.0
2026-02-19,2026,2,19,신광포장기계,2026-01-05,6.0,"PE28mm 2kgPE28M／M(백)2KG, PE28mm, 6KGPE28M／M(백)6KG, PP12MPP12M／M10KG(백) 외 10개",4239.0,8956157.0
2026-02-19,2026,2,19,전주삼신산업,2025-12-29,13.0,"PE28mm 2kgPE28M／M(백)2KG, PP12MPP12M／M10KG(황), PP15MPP15MM*10KG(황색) 외 4개",1054.0,2411096.0
2026-02-19,2026,2,19,주신산업,2026-01-05,9.0,"PE28mm 2kgPE28M／M(백)2KG, PP12MPP12M／M10KG(황), 운송료택배비",775.0,1647675.0
2026-02-20,2026,2,20,(주)지엔에스트레이딩,2014-06-05,3.0,".02PP18MMx 21kg 삼성.022300M두께0.9mm단중9.1g, .PP18MMx 21kg 삼성.12300M두께0.9mm단중8.8g, .PP18MMx 21kg 삼성.32300M두께0.9mm단중8.8g 외 48개",19327.0,39698211.0
2026-02-20,2026,2,20,경인팩,2026-01-05,2.0,"PE28mm 2kgPE28M／M(백)2KG, PE28mm 2kgPE28M／M(적)2KG, PE28mm 2kgPE28M／M(황)2KG 외 11개",4721.0,11768386.0
2026-02-20,2026,2,20,주)대성씨앤씨,2025-12-22,13.0,"PP12MPP12M／M10KG(백), PP12MPP12M／M10KG(황), PP5MMx7000Mx0.5T 11.4kg 백색core 200x8T OD400 롤랩핑 400*200 외 2개",1470.0,6867600.0
2026-02-20,2026,2,20,주식회사 에이씨티,2016-01-20,2.0,".PP18MMx 15kg 삼성.11650M두께0.9mm단중8.56g, 0PP18MMx 21kg 삼성.22300M두께0.80mm단중8.8g, PP18MMx .121kg 삼성.32300M두께0.85mm단중8.8g 외 38개",19759.0,40668339.0
2026-02-20,2026,2,20,파워엠팩,2025-07-23,4.0,"15M/M (수축밴드)15M/M * 10KG, 18MMx 15kg 삼성1650M두께0.9mm단중8.56g, PE28mm 2kgPE 28M／M (백) 2KG 외 150개",83676.0,146265423.0
2026-02-21,2026,2,21,광림포장기계컨베이어,2011-05-03,9.0,"PE28mm 2kgPE 28M／M (백) 2KG, PE28mm 2kgPE28M／M(백)2KG, PE28mm 2kgPE28M／M(적)2KG 외 26개",20880.0,34859790.0
2026-02-22,2026,2,22,(주)아이마켓코리아,2025-12-24,4.0,"PP11MM*13.34KG삼성경량밴드(황색)2300m*두께0.84mm단중5.8g GRS, PP11MM*13.34KG삼성경량밴드2300m*두께0.84mm단중5.8g GRS, PP18MM x 21Kg 삼성 황색2300M 포장중량 21Kg, 1롤/1pcs 포장 (황색) 외 1개",3843.0,7805629.0
2026-02-22,2026,2,22,경인팩,2026-01-05,2.0,"PE28mm 2kgPE28M／M(백)2KG, PE28mm 2kgPE28M／M(적)2KG, PE28mm 2kgPE28M／M(황)2KG 외 11개",4721.0,11768386.0
2026-02-22,2026,2,22,금산포장,2026-01-05,17.0,"PE28mm 2kgPE28M／M(백)2KG, PE28mm, 6KGPE28M／M(백)6KG, PP12MPP12M／M10KG(투명) 외 2개",1205.0,2820867.0
2026-02-22,2026,2,22,동원팩,2026-01-05,4.0,"PE28mm 2kgPE28M／M(녹)2KG, PE28mm 2kgPE28M／M(백)2KG, PE28mm 2kgPE28M／M(청)2KG 외 6개",101.0,2608157.0
2026-02-22,2026,2,22,주식회사 에이씨티,2016-01-20,2.0,".PP18MMx 15kg 삼성.11650M두께0.9mm단중8.56g, 0PP18MMx 21kg 삼성.22300M두께0.80mm단중8.8g, PP18MMx .121kg 삼성.32300M두께0.85mm단중8.8g 외 38개",19759.0,40668339.0
2026-02-23,2026,2,23,(주)지엔에스트레이딩,2014-06-05,3.0,".02PP18MMx 21kg 삼성.022300M두께0.9mm단중9.1g, .PP18MMx 21kg 삼성.12300M두께0.9mm단중8.8g, .PP18MMx 21kg 삼성.32300M두께0.9mm단중8.8g 외 48개",19327.0,39698211.0
2026-02-23,2026,2,23,ANDERSON WHOLESALE PACKAGING PTY LTD.,2025-12-14,71.0,"12 x 3,000M 0.60T12x3,000M0.60TBLUE, 12 x 3,000M 0.60T12x3,000M0.60TCLEAR, 15 x 1,000M 0.7T H/D Black15 x 1,000M 0.7T H/D Black 외 4개",19609.0,44628715.0
2026-02-23,2026,2,23,대상산업,2026-01-02,5.0,"PE28mm 2kgPE28M／M(백)2KG, PE28mm 2kgPE28M／M(청)2KG, PE28mm 2kgPE28M／M(황)2KG 외 7개",2026.0,5153024.0
2026-02-23,2026,2,23,주식회사 광림파워팩,2025-12-31,18.0,"PP12MPP12M／M10KG(황), PP12MPP12M／M12.5KG (황), PP12MPP12mm*0.72T*2800m 12.5KG(투명) 외 5개",4564.0,8718553.0
2026-02-23,2026,2,23,진송팩,2026-01-02,13.0,"PE28mm 2kgPE28M／M(백)2KG, PE28mm 2kgPE28M／M(적)2KG, PE28mm 2kgPE28M／M(청)2KG 외 5개",1520.0,4001822.0
2026-02-24,2026,2,24,NZ SAFETY BLACKWOODS,2025-11-02,58.0,"12 x 3,000M 0.60T12x3,000M0.60TBLUE, PP 12MM12MMx1000Mx0.55MM Blue, PP19M BUILDERSPP19M／M*300M 0.60T Blue 외 2개",6983.0,17625364.0
2026-02-24,2026,2,24,경인팩,2026-01-05,2.0,"PE28mm 2kgPE28M／M(백)2KG, PE28mm 2kgPE28M／M(적)2KG, PE28mm 2kgPE28M／M(황)2KG 외 11개",4721.0,11768386.0
2026-02-24,2026,2,24,신광포장기계,2026-01-05,6.0,"PE28mm 2kgPE28M／M(백)2KG, PE28mm, 6KGPE28M／M(백)6KG, PP12MPP12M／M10KG(백) 외 10개",4239.0,8956157.0
2026-02-24,2026,2,24,제일산업(주)(화성),2014-03-19,10.0,"PP12MPP 12M／M 9KG, PP12MPP12M／M10KG(황), PP12MPP12M／M9KG 외 21개",7048.0,14479062.0
2026-02-24,2026,2,24,주식회사 에이씨티,2016-01-20,2.0,".PP18MMx 15kg 삼성.11650M두께0.9mm단중8.56g, 0PP18MMx 21kg 삼성.22300M두께0.80mm단중8.8g, PP18MMx .121kg 삼성.32300M두께0.85mm단중8.8g 외 38개",19759.0,40668339.0
2026-02-24,2026,2,24,파워엠팩,2025-07-23,4.0,"15M/M (수축밴드)15M/M * 10KG, 18MMx 15kg 삼성1650M두께0.9mm단중8.56g, PE28mm 2kgPE 28M／M (백) 2KG 외 150개",83676.0,146265423.0
2026-02-24,2026,2,24,한솔포장,2020-03-27,11.0,"PE28mm 2kgPE28M／M(녹)2KG, PE28mm 2kgPE28M／M(백)2KG, PE28mm 2kgPE28M／M(적)2KG 외 6개",2203.0,5624915.0
2026-02-25,2026,2,25,(주)아이마켓코리아,2025-12-24,4.0,"PP11MM*13.34KG삼성경량밴드(황색)2300m*두께0.84mm단중5.8g GRS, PP11MM*13.34KG삼성경량밴드2300m*두께0.84mm단중5.8g GRS, PP18MM x 21Kg 삼성 황색2300M 포장중량 21Kg, 1롤/1pcs 포장 (황색) 외 1개",3843.0,7805629.0
2026-02-25,2026,2,25,(주)한제피앤에스,2023-10-25,61.0,"12 x 3,000M 0.55T12 x 3,000M 0.55T 백색, 12 x 3,000M 0.55T12 x 3,000M 0.55T 백색 W/Blue print, 12 x 3,000M 0.55T12 x 3,000M 0.55T 적색 외 51개",124972.0,108633081.0
2026-02-26,2026,2,26,(주)지엔에스트레이딩,2014-06-05,3.0,".02PP18MMx 21kg 삼성.022300M두께0.9mm단중9.1g, .PP18MMx 21kg 삼성.12300M두께0.9mm단중8.8g, .PP18MMx 21kg 삼성.32300M두께0.9mm단중8.8g 외 48개",19327.0,39698211.0
2026-02-26,2026,2,26,HIGHGATE DISTRIBUTION,2024-04-11,99.0,"12 x 3,000M 0.63T Clear w/EST 2497 Black printed12 x 3,000M 0.63T Clear w/EST 2497 Black printed, 12 x 3,000M 0.63T Clear w/EST 2497 Black printed12 x 3,000M 0.65T Clear w/EST 2497 Black printed, 12 x 3,000M 0.63T White w/EST 206 Black printed12 x 3,000M 0.63T White w/EST 206 Black printed 외 22개",57026.0,123889414.0
2026-02-26,2026,2,26,RLBUTTON,2025-12-16,36.0,"PP 12MM12MMx1000Mx0.55MM Blue, PP19M * 1000M HD BlackPP19MM*1000M*0.85T Black, PP19M BUILDERSPP19M／M*300M 0.60T Blue 외 4개",12993.0,33425099.0
2026-02-26,2026,2,26,경인팩,2026-01-05,2.0,"PE28mm 2kgPE28M／M(백)2KG, PE28mm 2kgPE28M／M(적)2KG, PE28mm 2kgPE28M／M(황)2KG 외 11개",4721.0,11768386.0
2026-02-26,2026,2,26,동원팩,2026-01-05,4.0,"PE28mm 2kgPE28M／M(녹)2KG, PE28mm 2kgPE28M／M(백)2KG, PE28mm 2kgPE28M／M(청)2KG 외 6개",101.0,2608157.0
2026-02-26,2026,2,26,주식회사 에이씨티,2016-01-20,2.0,".PP18MMx 15kg 삼성.11650M두께0.9mm단중8.56g, 0PP18MMx 21kg 삼성.22300M두께0.80mm단중8.8g, PP18MMx .121kg 삼성.32300M두께0.85mm단중8.8g 외 38개",19759.0,40668339.0
2026-02-27,2026,2,27,광림파워팩,2021-11-04,9.0,"PE28mm 2kgPE28M／M(백)2KG, PE28mm 2kgPE28M／M(적)2KG, PE28mm 2kgPE28M／M(청)2KG 외 46개",21773.0,37841336.0
2026-02-27,2026,2,27,대상산업,2026-01-02,5.0,"PE28mm 2kgPE28M／M(백)2KG, PE28mm 2kgPE28M／M(청)2KG, PE28mm 2kgPE28M／M(황)2KG 외 7개",2026.0,5153024.0
2026-02-27,2026,2,27,주식회사 대한종합포장,2025-11-24,20.0,"PP12MPP12M／M10KG(백), PP15MPP15MM*10KG(황색), PP5MMx7000Mx0.5T 백색 외 1개",3945.0,10935000.0
2026-02-27,2026,2,27,한서포장,2021-07-29,18.0,"PE28mm 2kg.1PE28M／M(백)2KG, PE28mm 2kg.2PE28M／M(백)2KG, PE28mm 2kgPE 28M／M (백) 2KG 외 19개",7208.0,15354014.0
2026-02-28,2026,2,28,(주)아이마켓코리아,2025-12-24,4.0,"PP11MM*13.34KG삼성경량밴드(황색)2300m*두께0.84mm단중5.8g GRS, PP11MM*13.34KG삼성경량밴드2300m*두께0.84mm단중5.8g GRS, PP18MM x 21Kg 삼성 황색2300M 포장중량 21Kg, 1롤/1pcs 포장 (황색) 외 1개",3843.0,7805629.0
2026-02-28,2026,2,28,경인팩,2026-01-05,2.0,"PE28mm 2kgPE28M／M(백)2KG, PE28mm 2kgPE28M／M(적)2KG, PE28mm 2kgPE28M／M(황)2KG 외 11개",4721.0,11768386.0
2026-02-28,2026,2,28,동서포장종합상사,2025-12-18,36.0,PE28mm 2kgPE28M／M(백)2KG,120.0,372000.0
2026-02-28,2026,2,28,주식회사 에이씨티,2016-01-20,2.0,".PP18MMx 15kg 삼성.11650M두께0.9mm단중8.56g, 0PP18MMx 21kg 삼성.22300M두께0.80mm단중8.8g, PP18MMx .121kg 삼성.32300M두께0.85mm단중8.8g 외 38개",19759.0,40668339.0
2026-02-28,2026,2,28,주신산업,2026-01-05,9.0,"PE28mm 2kgPE28M／M(백)2KG, PP12MPP12M／M10KG(황), 운송료택배비",775.0,1647675.0
2026-02-28,2026,2,28,파워엠팩,2025-07-23,4.0,"15M/M (수축밴드)15M/M * 10KG, 18MMx 15kg 삼성1650M두께0.9mm단중8.56g, PE28mm 2kgPE 28M／M (백) 2KG 외 150개",83676.0,146265423.0
2026-03-01,2026,3,1,(주)지엔에스트레이딩,2014-06-05,3.0,".02PP18MMx 21kg 삼성.022300M두께0.9mm단중9.1g, .PP18MMx 21kg 삼성.12300M두께0.9mm단중8.8g, .PP18MMx 21kg 삼성.32300M두께0.9mm단중8.8g 외 48개",19327.0,39698211.0
2026-03-01,2026,3,1,CYKLOP PACKAGING SYSTEMS PTY LTD.,2025-12-25,34.0,"12 x 3,000M 0.65T12x3,000M0.65T BLUE, 12 x 3,000M 0.65T12x3,000M0.65T CLEAR, 15 x 1,000M 0.65T Blue15x1,000M0.65T청색 외 9개",32917.0,74746924.0
2026-03-01,2026,3,1,광림포장기계컨베이어,2011-05-03,9.0,"PE28mm 2kgPE 28M／M (백) 2KG, PE28mm 2kgPE28M／M(백)2KG, PE28mm 2kgPE28M／M(적)2KG 외 26개",20880.0,34859790.0
2026-03-01,2026,3,1,대경(박타원),2017-01-02,16.0,"PE28mm 2kgPE 28M／M (백) 2KG, PE28mm 2kgPE 28M／M (적) 2KG, PE28mm 2kgPE 28M／M (적)2KG 외 26개",8087.0,18034594.0
2026-03-01,2026,3,1,삼원산업,2025-12-31,30.0,"PP12MPP12M／M10KG(황), PP12MPP12M／M12KG(투명), PP12MPP12M／M12KG(황) 외 2개",2700.0,5300000.0
2026-03-01,2026,3,1,서울포장기계,2022-01-21,10.0,"PP12MPP12M／M10KG(백), PP12MPP12M／M10KG(투명), PP12MPP12M／M10KG(황) 외 4개",2604.0,4541561.0
2026-03-01,2026,3,1,신광포장기계,2026-01-05,6.0,"PE28mm 2kgPE28M／M(백)2KG, PE28mm, 6KGPE28M／M(백)6KG, PP12MPP12M／M10KG(백) 외 10개",4239.0,8956157.0
2026-03-01,2026,3,1,한남포장기계,2025-12-16,25.0,"PE28mm 2kgPE28M／M(백)2KG, PP12MPP12M／M9KG(황)",1900.0,4650000.0
2026-03-02,2026,3,2,경인팩,2026-01-05,2.0,"PE28mm 2kgPE28M／M(백)2KG, PE28mm 2kgPE28M／M(적)2KG, PE28mm 2kgPE28M／M(황)2KG 외 11개",4721.0,11768386.0
2026-03-02,2026,3,2,동원팩,2026-01-05,4.0,"PE28mm 2kgPE28M／M(녹)2KG, PE28mm 2kgPE28M／M(백)2KG, PE28mm 2kgPE28M／M(청)2KG 외 6개",101.0,2608157.0
2026-03-02,2026,3,2,보우팩,2025-08-06,16.0,"PE28mm 2kgPE28M／M(백)2KG, PE28mm 2kgPE28M／M(적)2KG, PE28mm 2kgPE28M／M(청)2KG 외 28개",14014.0,48149165.0
2026-03-02,2026,3,2,신대한판지(주),2024-08-12,21.0,"PP Band(자동)8mm x 0.6T x 3800m (백색) 10Kg/roll, PP12MPP12M／M10KG(검정), PP12MPP12M／M10KG(녹) 외 50개",18211.0,52711272.0
2026-03-02,2026,3,2,주식회사 에이씨티,2016-01-20,2.0,".PP18MMx 15kg 삼성.11650M두께0.9mm단중8.56g, 0PP18MMx 21kg 삼성.22300M두께0.80mm단중8.8g, PP18MMx .121kg 삼성.32300M두께0.85mm단중8.8g 외 38개",19759.0,40668339.0
2026-03-03,2026,3,3,(주)아이마켓코리아,2025-12-24,4.0,"PP11MM*13.34KG삼성경량밴드(황색)2300m*두께0.84mm단중5.8g GRS, PP11MM*13.34KG삼성경량밴드2300m*두께0.84mm단중5.8g GRS, PP18MM x 21Kg 삼성 황색2300M 포장중량 21Kg, 1롤/1pcs 포장 (황색) 외 1개",3843.0,7805629.0
2026-03-03,2026,3,3,대상산업,2026-01-02,5.0,"PE28mm 2kgPE28M／M(백)2KG, PE28mm 2kgPE28M／M(청)2KG, PE28mm 2kgPE28M／M(황)2KG 외 7개",2026.0,5153024.0
2026-03-03,2026,3,3,합동포장기계,2026-01-05,20.0,"PE28mm 2kgPE28M／M(백)2KG, PP12MPP12M／M10KG(백), PP12MPP12M／M10KG(황) 외 8개",4658.0,10400083.0
2026-03-04,2026,3,4,(주)지엔에스트레이딩,2014-06-05,3.0,".02PP18MMx 21kg 삼성.022300M두께0.9mm단중9.1g, .PP18MMx 21kg 삼성.12300M두께0.9mm단중8.8g, .PP18MMx 21kg 삼성.32300M두께0.9mm단중8.8g 외 48개",19327.0,39698211.0
2026-03-04,2026,3,4,경인팩,2026-01-05,2.0,"PE28mm 2kgPE28M／M(백)2KG, PE28mm 2kgPE28M／M(적)2KG, PE28mm 2kgPE28M／M(황)2KG 외 11개",4721.0,11768386.0
2026-03-04,2026,3,4,광림포장기계,2025-12-31,22.0,PP12MPP12M／M10KG(황),640.0,1216000.0
2026-03-04,2026,3,4,대영포장(주)발안공장,2021-01-04,13.0,"MOSCA 히터 수리MOSCA 히터 수리, PE 결속끈PE#50 (백) 5500m 5KG, PP12MPP12M／M10KG(황) 외 25개",9034.0,28061359.0
2026-03-04,2026,3,4,전주삼신산업,2025-12-29,13.0,"PE28mm 2kgPE28M／M(백)2KG, PP12MPP12M／M10KG(황), PP15MPP15MM*10KG(황색) 외 4개",1054.0,2411096.0
2026-03-04,2026,3,4,주)대성씨앤씨,2025-12-22,13.0,"PP12MPP12M／M10KG(백), PP12MPP12M／M10KG(황), PP5MMx7000Mx0.5T 11.4kg 백색core 200x8T OD400 롤랩핑 400*200 외 2개",1470.0,6867600.0
2026-03-04,2026,3,4,주식회사 에이씨티,2016-01-20,2.0,".PP18MMx 15kg 삼성.11650M두께0.9mm단중8.56g, 0PP18MMx 21kg 삼성.22300M두께0.80mm단중8.8g, PP18MMx .121kg 삼성.32300M두께0.85mm단중8.8g 외 38개",19759.0,40668339.0
2026-03-04,2026,3,4,파워엠팩,2025-07-23,4.0,"15M/M (수축밴드)15M/M * 10KG, 18MMx 15kg 삼성1650M두께0.9mm단중8.56g, PE28mm 2kgPE 28M／M (백) 2KG 외 150개",83676.0,146265423.0
2026-03-05,2026,3,5,ABL,2024-07-10,202.0,"12 x 3,000M 0.60T12x3,000M0.60TBLUE, 12 x 3,000M 0.60T12x3,000M0.60TCLEAR, 15 x 1,000M 0.55T Blue15x1,000M0.55T청색 외 15개",40517.0,90071705.0
2026-03-05,2026,3,5,KOMERI,2025-11-23,35.0,"15 x 1,000M 0.55T Yellow15x1,000M0.55T 황색, 15 x 100M 0.55T15x100M 0.55T 황색, 15 x 100M 0.55T15x100M0.55T녹색 외 6개",14064.0,39131390.0
2026-03-06,2026,3,6,(주)아이마켓코리아,2025-12-24,4.0,"PP11MM*13.34KG삼성경량밴드(황색)2300m*두께0.84mm단중5.8g GRS, PP11MM*13.34KG삼성경량밴드2300m*두께0.84mm단중5.8g GRS, PP18MM x 21Kg 삼성 황색2300M 포장중량 21Kg, 1롤/1pcs 포장 (황색) 외 1개",3843.0,7805629.0
2026-03-06,2026,3,6,POWERPAK,2024-04-25,69.0,"12 x 2,250M x 0.75T12x2,250M0.75TWHITE, 12 x 3,000M 0.52T12 x 3,000M 0.52T 청색, 12 x 3,000M 0.52T12 x 3,000M 0.52T 투명 외 26개",35352.0,81851283.0
2026-03-06,2026,3,6,경인팩,2026-01-05,2.0,"PE28mm 2kgPE28M／M(백)2KG, PE28mm 2kgPE28M／M(적)2KG, PE28mm 2kgPE28M／M(황)2KG 외 11개",4721.0,11768386.0
2026-03-06,2026,3,6,동원팩,2026-01-05,4.0,"PE28mm 2kgPE28M／M(녹)2KG, PE28mm 2kgPE28M／M(백)2KG, PE28mm 2kgPE28M／M(청)2KG 외 6개",101.0,2608157.0
2026-03-06,2026,3,6,신광포장기계,2026-01-05,6.0,"PE28mm 2kgPE28M／M(백)2KG, PE28mm, 6KGPE28M／M(백)6KG, PP12MPP12M／M10KG(백) 외 10개",4239.0,8956157.0
2026-03-06,2026,3,6,제일산업(주)(화성),2014-03-19,10.0,"PP12MPP 12M／M 9KG, PP12MPP12M／M10KG(황), PP12MPP12M／M9KG 외 21개",7048.0,14479062.0
2026-03-06,2026,3,6,주식회사 에이씨티,2016-01-20,2.0,".PP18MMx 15kg 삼성.11650M두께0.9mm단중8.56g, 0PP18MMx 21kg 삼성.22300M두께0.80mm단중8.8g, PP18MMx .121kg 삼성.32300M두께0.85mm단중8.8g 외 38개",19759.0,40668339.0
2026-03-06,2026,3,6,한솔포장,2020-03-27,11.0,"PE28mm 2kgPE28M／M(녹)2KG, PE28mm 2kgPE28M／M(백)2KG, PE28mm 2kgPE28M／M(적)2KG 외 6개",2203.0,5624915.0
2026-03-07,2026,3,7,(주)지엔에스트레이딩,2014-06-05,3.0,".02PP18MMx 21kg 삼성.022300M두께0.9mm단중9.1g, .PP18MMx 21kg 삼성.12300M두께0.9mm단중8.8g, .PP18MMx 21kg 삼성.32300M두께0.9mm단중8.8g 외 48개",19327.0,39698211.0
2026-03-07,2026,3,7,"SANYU CO.,LTD",2020-03-02,62.0,"15 x 100M 0.55T15 x 100M 0.55T 황색, 15 x 100M 0.55T15x100M0.55T황색, 15 x 170M 0.55T15x170M0.55T녹색 외 20개",333470.0,39286732.0
2026-03-07,2026,3,7,광림파워팩,2021-11-04,9.0,"PE28mm 2kgPE28M／M(백)2KG, PE28mm 2kgPE28M／M(적)2KG, PE28mm 2kgPE28M／M(청)2KG 외 46개",21773.0,37841336.0
2026-03-07,2026,3,7,대상산업,2026-01-02,5.0,"PE28mm 2kgPE28M／M(백)2KG, PE28mm 2kgPE28M／M(청)2KG, PE28mm 2kgPE28M／M(황)2KG 외 7개",2026.0,5153024.0
2026-03-08,2026,3,8,(주)탐스텍,2025-12-29,70.0,"12 x 3,000M 0.60T12x3,000M0.60TBLUE, 15 x 2,000M 0.50T15 x 2,000M 0.50T 청색, PP 12MM 2000M 0.80MM Blue12mm 2000m 0.80mm Blue",7022.0,14044140.0
2026-03-08,2026,3,8,경인팩,2026-01-05,2.0,"PE28mm 2kgPE28M／M(백)2KG, PE28mm 2kgPE28M／M(적)2KG, PE28mm 2kgPE28M／M(황)2KG 외 11개",4721.0,11768386.0
2026-03-08,2026,3,8,우선산업,2025-12-26,24.0,"PE28mm 2kgPE28M／M(백)2KG, PE50mm, 4.5KGPE50M／M(백)4.5KG, PP 재생원료적색",2942.0,5004300.0
2026-03-08,2026,3,8,주식회사 에이씨티,2016-01-20,2.0,".PP18MMx 15kg 삼성.11650M두께0.9mm단중8.56g, 0PP18MMx 21kg 삼성.22300M두께0.80mm단중8.8g, PP18MMx .121kg 삼성.32300M두께0.85mm단중8.8g 외 38개",19759.0,40668339.0
2026-03-08,2026,3,8,진송팩,2026-01-02,13.0,"PE28mm 2kgPE28M／M(백)2KG, PE28mm 2kgPE28M／M(적)2KG, PE28mm 2kgPE28M／M(청)2KG 외 5개",1520.0,4001822.0
2026-03-08,2026,3,8,파워엠팩,2025-07-23,4.0,"15M/M (수축밴드)15M/M * 10KG, 18MMx 15kg 삼성1650M두께0.9mm단중8.56g, PE28mm 2kgPE 28M／M (백) 2KG 외 150개",83676.0,146265423.0
2026-03-09,2026,3,9,(주)낙원포장,2025-12-23,19.0,"PE28mm 2kgPE28M／M(백)2KG, PP10.5MPP10.5M10KG(청), PP10.5MPP10.5M10KG투명 외 5개",6033.0,11884000.0
2026-03-09,2026,3,9,(주)아이마켓코리아,2025-12-24,4.0,"PP11MM*13.34KG삼성경량밴드(황색)2300m*두께0.84mm단중5.8g GRS, PP11MM*13.34KG삼성경량밴드2300m*두께0.84mm단중5.8g GRS, PP18MM x 21Kg 삼성 황색2300M 포장중량 21Kg, 1롤/1pcs 포장 (황색) 외 1개",3843.0,7805629.0
2026-03-09,2026,3,9,경인산업,2025-12-04,19.0,"PP12MPP12M／M10KG(백), PP12MPP12M／M10KG(청), PP12MPP12M／M10KG(황) 외 1개",1825.0,3714000.0
2026-03-09,2026,3,9,광림포장기계컨베이어,2011-05-03,9.0,"PE28mm 2kgPE 28M／M (백) 2KG, PE28mm 2kgPE28M／M(백)2KG, PE28mm 2kgPE28M／M(적)2KG 외 26개",20880.0,34859790.0
2026-03-09,2026,3,9,주신산업,2026-01-05,9.0,"PE28mm 2kgPE28M／M(백)2KG, PP12MPP12M／M10KG(황), 운송료택배비",775.0,1647675.0
2026-03-10,2026,3,10,(주)삼화인쇄,2023-07-18,24.0,"PE28mm 2kgPE28M／M(백)2KG, PP 11MM11MM -10KG (백), PP 11MM11MM-10KG(백) 외 20개",15071.0,28566924.0
2026-03-10,2026,3,10,(주)지엔에스트레이딩,2014-06-05,3.0,".02PP18MMx 21kg 삼성.022300M두께0.9mm단중9.1g, .PP18MMx 21kg 삼성.12300M두께0.9mm단중8.8g, .PP18MMx 21kg 삼성.32300M두께0.9mm단중8.8g 외 48개",19327.0,39698211.0
2026-03-10,2026,3,10,경인팩,2026-01-05,2.0,"PE28mm 2kgPE28M／M(백)2KG, PE28mm 2kgPE28M／M(적)2KG, PE28mm 2kgPE28M／M(황)2KG 외 11개",4721.0,11768386.0
2026-03-10,2026,3,10,금산포장,2026-01-05,17.0,"PE28mm 2kgPE28M／M(백)2KG, PE28mm, 6KGPE28M／M(백)6KG, PP12MPP12M／M10KG(투명) 외 2개",1205.0,2820867.0
2026-03-10,2026,3,10,동원팩,2026-01-05,4.0,"PE28mm 2kgPE28M／M(녹)2KG, PE28mm 2kgPE28M／M(백)2KG, PE28mm 2kgPE28M／M(청)2KG 외 6개",101.0,2608157.0
2026-03-10,2026,3,10,주식회사 에이씨티,2016-01-20,2.0,".PP18MMx 15kg 삼성.11650M두께0.9mm단중8.56g, 0PP18MMx 21kg 삼성.22300M두께0.80mm단중8.8g, PP18MMx .121kg 삼성.32300M두께0.85mm단중8.8g 외 38개",19759.0,40668339.0
2026-03-10,2026,3,10,한국전자금융(주),2018-12-17,22.0,"무인쇄 11mm x 0.70T x 1000m화폐밴딩끈 지관200x190, 스트레치필름(Baby Roll)20*100mm*150m (Plastic Handle), 스트레치필름(일반 핸드랩)15*500mm*400m 외 1개",176.0,665812.0
2026-03-11,2026,3,11,대상산업,2026-01-02,5.0,"PE28mm 2kgPE28M／M(백)2KG, PE28mm 2kgPE28M／M(청)2KG, PE28mm 2kgPE28M／M(황)2KG 외 7개",2026.0,5153024.0
2026-03-11,2026,3,11,서울포장기계,2022-01-21,10.0,"PP12MPP12M／M10KG(백), PP12MPP12M／M10KG(투명), PP12MPP12M／M10KG(황) 외 4개",2604.0,4541561.0
2026-03-11,2026,3,11,신광포장기계,2026-01-05,6.0,"PE28mm 2kgPE28M／M(백)2KG, PE28mm, 6KGPE28M／M(백)6KG, PP12MPP12M／M10KG(백) 외 10개",4239.0,8956157.0
2026-03-12,2026,3,12,(주)아이마켓코리아,2025-12-24,4.0,"PP11MM*13.34KG삼성경량밴드(황색)2300m*두께0.84mm단중5.8g GRS, PP11MM*13.34KG삼성경량밴드2300m*두께0.84mm단중5.8g GRS, PP18MM x 21Kg 삼성 황색2300M 포장중량 21Kg, 1롤/1pcs 포장 (황색) 외 1개",3843.0,7805629.0
2026-03-12,2026,3,12,경인팩,2026-01-05,2.0,"PE28mm 2kgPE28M／M(백)2KG, PE28mm 2kgPE28M／M(적)2KG, PE28mm 2kgPE28M／M(황)2KG 외 11개",4721.0,11768386.0
2026-03-12,2026,3,12,제이케이머티리얼즈(주)／순성공장,2023-12-27,27.0,"ITA20용 배터리14.8V 2AH Li-Po, PET 16MMPET 16mm x 0.8T x 1200m Embossed (반투명 녹색), PET 16mm x 0.8T x 1200mPET 16mm x 0.8T x 1200m Embossed (반투명 녹색) 외 12개",1266.0,9761113.0
2026-03-12,2026,3,12,주식회사 에이씨티,2016-01-20,2.0,".PP18MMx 15kg 삼성.11650M두께0.9mm단중8.56g, 0PP18MMx 21kg 삼성.22300M두께0.80mm단중8.8g, PP18MMx .121kg 삼성.32300M두께0.85mm단중8.8g 외 38개",19759.0,40668339.0
2026-03-12,2026,3,12,파워엠팩,2025-07-23,4.0,"15M/M (수축밴드)15M/M * 10KG, 18MMx 15kg 삼성1650M두께0.9mm단중8.56g, PE28mm 2kgPE 28M／M (백) 2KG 외 150개",83676.0,146265423.0
2026-03-13,2026,3,13,(주)지엔에스트레이딩,2014-06-05,3.0,".02PP18MMx 21kg 삼성.022300M두께0.9mm단중9.1g, .PP18MMx 21kg 삼성.12300M두께0.9mm단중8.8g, .PP18MMx 21kg 삼성.32300M두께0.9mm단중8.8g 외 48개",19327.0,39698211.0
2026-03-13,2026,3,13,주식회사 광림파워팩,2025-12-31,18.0,"PP12MPP12M／M10KG(황), PP12MPP12M／M12.5KG (황), PP12MPP12mm*0.72T*2800m 12.5KG(투명) 외 5개",4564.0,8718553.0
2026-03-14,2026,3,14,강원농협연합포장재가공사업소,2025-11-17,40.0,PP12MPP12M／M12.5KG (황),2812.0,4893750.0
2026-03-14,2026,3,14,경인팩,2026-01-05,2.0,"PE28mm 2kgPE28M／M(백)2KG, PE28mm 2kgPE28M／M(적)2KG, PE28mm 2kgPE28M／M(황)2KG 외 11개",4721.0,11768386.0
2026-03-14,2026,3,14,동원팩,2026-01-05,4.0,"PE28mm 2kgPE28M／M(녹)2KG, PE28mm 2kgPE28M／M(백)2KG, PE28mm 2kgPE28M／M(청)2KG 외 6개",101.0,2608157.0
2026-03-14,2026,3,14,주식회사 동원피앤아이,2025-12-26,26.0,"PE 결속끈PE#50 (백) 5500m 5KG, PE28mm 2kgPE28M／M(백)2KG, PE50mm, 4.7KGPE50M／M(황)4.7KG",4002.0,10753000.0
2026-03-14,2026,3,14,주식회사 에이씨티,2016-01-20,2.0,".PP18MMx 15kg 삼성.11650M두께0.9mm단중8.56g, 0PP18MMx 21kg 삼성.22300M두께0.80mm단중8.8g, PP18MMx .121kg 삼성.32300M두께0.85mm단중8.8g 외 38개",19759.0,40668339.0
2026-03-15,2026,3,15,(주)아이마켓코리아,2025-12-24,4.0,"PP11MM*13.34KG삼성경량밴드(황색)2300m*두께0.84mm단중5.8g GRS, PP11MM*13.34KG삼성경량밴드2300m*두께0.84mm단중5.8g GRS, PP18MM x 21Kg 삼성 황색2300M 포장중량 21Kg, 1롤/1pcs 포장 (황색) 외 1개",3843.0,7805629.0
2026-03-15,2026,3,15,PACKAGING HOUSE,2017-01-07,43.0,"12 x 3,000M 0.60T12x3,000M0.60TBLUE, 12 x 3,000M 0.60T12x3,000M0.60TCLEAR, PP 12MM12MMx1000Mx0.55MM Blue 외 5개",15176.0,33485729.0
2026-03-15,2026,3,15,광림파워팩,2021-11-04,9.0,"PE28mm 2kgPE28M／M(백)2KG, PE28mm 2kgPE28M／M(적)2KG, PE28mm 2kgPE28M／M(청)2KG 외 46개",21773.0,37841336.0
2026-03-15,2026,3,15,대상산업,2026-01-02,5.0,"PE28mm 2kgPE28M／M(백)2KG, PE28mm 2kgPE28M／M(청)2KG, PE28mm 2kgPE28M／M(황)2KG 외 7개",2026.0,5153024.0
2026-03-15,2026,3,15,한국포장기계,2025-12-29,39.0,"PE28mm 2kgPE28M／M(백)2KG, PE28mm 2kgPE28M／M(적)2KG, PE28mm 2kgPE28M／M(청)2KG 외 4개",4551.0,11201933.0
2026-03-16,2026,3,16,(주)지엔에스트레이딩,2014-06-05,3.0,".02PP18MMx 21kg 삼성.022300M두께0.9mm단중9.1g, .PP18MMx 21kg 삼성.12300M두께0.9mm단중8.8g, .PP18MMx 21kg 삼성.32300M두께0.9mm단중8.8g 외 48개",19327.0,39698211.0
2026-03-16,2026,3,16,경인팩,2026-01-05,2.0,"PE28mm 2kgPE28M／M(백)2KG, PE28mm 2kgPE28M／M(적)2KG, PE28mm 2kgPE28M／M(황)2KG 외 11개",4721.0,11768386.0
2026-03-16,2026,3,16,대경(박타원),2017-01-02,16.0,"PE28mm 2kgPE 28M／M (백) 2KG, PE28mm 2kgPE 28M／M (적) 2KG, PE28mm 2kgPE 28M／M (적)2KG 외 26개",8087.0,18034594.0
2026-03-16,2026,3,16,신광포장기계,2026-01-05,6.0,"PE28mm 2kgPE28M／M(백)2KG, PE28mm, 6KGPE28M／M(백)6KG, PP12MPP12M／M10KG(백) 외 10개",4239.0,8956157.0
2026-03-16,2026,3,16,제일산업(주)(화성),2014-03-19,10.0,"PP12MPP 12M／M 9KG, PP12MPP12M／M10KG(황), PP12MPP12M／M9KG 외 21개",7048.0,14479062.0
2026-03-16,2026,3,16,주)대성씨앤씨,2025-12-22,13.0,"PP12MPP12M／M10KG(백), PP12MPP12M／M10KG(황), PP5MMx7000Mx0.5T 11.4kg 백색core 200x8T OD400 롤랩핑 400*200 외 2개",1470.0,6867600.0
2026-03-16,2026,3,16,주식회사 에이씨티,2016-01-20,2.0,".PP18MMx 15kg 삼성.11650M두께0.9mm단중8.56g, 0PP18MMx 21kg 삼성.22300M두께0.80mm단중8.8g, PP18MMx .121kg 삼성.32300M두께0.85mm단중8.8g 외 38개",19759.0,40668339.0
2026-03-16,2026,3,16,파워엠팩,2025-07-23,4.0,"15M/M (수축밴드)15M/M * 10KG, 18MMx 15kg 삼성1650M두께0.9mm단중8.56g, PE28mm 2kgPE 28M／M (백) 2KG 외 150개",83676.0,146265423.0
2026-03-16,2026,3,16,한솔포장,2020-03-27,11.0,"PE28mm 2kgPE28M／M(녹)2KG, PE28mm 2kgPE28M／M(백)2KG, PE28mm 2kgPE28M／M(적)2KG 외 6개",2203.0,5624915.0
2026-03-17,2026,3,17,광림포장기계컨베이어,2011-05-03,9.0,"PE28mm 2kgPE 28M／M (백) 2KG, PE28mm 2kgPE28M／M(백)2KG, PE28mm 2kgPE28M／M(적)2KG 외 26개",20880.0,34859790.0
2026-03-17,2026,3,17,대영포장(주)발안공장,2021-01-04,13.0,"MOSCA 히터 수리MOSCA 히터 수리, PE 결속끈PE#50 (백) 5500m 5KG, PP12MPP12M／M10KG(황) 외 25개",9034.0,28061359.0
2026-03-17,2026,3,17,전주삼신산업,2025-12-29,13.0,"PE28mm 2kgPE28M／M(백)2KG, PP12MPP12M／M10KG(황), PP15MPP15MM*10KG(황색) 외 4개",1054.0,2411096.0
2026-03-17,2026,3,17,한서포장,2021-07-29,18.0,"PE28mm 2kg.1PE28M／M(백)2KG, PE28mm 2kg.2PE28M／M(백)2KG, PE28mm 2kgPE 28M／M (백) 2KG 외 19개",7208.0,15354014.0
2026-03-17,2026,3,17,해성수출포장,2022-12-15,55.0,"PE28mm 2kgPE 28M／M (백) 2KG, PE28mm 2kgPE28M／M(백)2KG, PE28mm 2kgPE28M／M(적)2KG 외 6개",885.0,2120255.0
2026-03-18,2026,3,18,(주)아이마켓코리아,2025-12-24,4.0,"PP11MM*13.34KG삼성경량밴드(황색)2300m*두께0.84mm단중5.8g GRS, PP11MM*13.34KG삼성경량밴드2300m*두께0.84mm단중5.8g GRS, PP18MM x 21Kg 삼성 황색2300M 포장중량 21Kg, 1롤/1pcs 포장 (황색) 외 1개",3843.0,7805629.0
2026-03-18,2026,3,18,경인팩,2026-01-05,2.0,"PE28mm 2kgPE28M／M(백)2KG, PE28mm 2kgPE28M／M(적)2KG, PE28mm 2kgPE28M／M(황)2KG 외 11개",4721.0,11768386.0
2026-03-18,2026,3,18,동방포장기자재,2025-11-24,39.0,PP12MPP12M／M10KG(황),845.0,1647750.0
2026-03-18,2026,3,18,동원팩,2026-01-05,4.0,"PE28mm 2kgPE28M／M(녹)2KG, PE28mm 2kgPE28M／M(백)2KG, PE28mm 2kgPE28M／M(청)2KG 외 6개",101.0,2608157.0
2026-03-18,2026,3,18,보우팩,2025-08-06,16.0,"PE28mm 2kgPE28M／M(백)2KG, PE28mm 2kgPE28M／M(적)2KG, PE28mm 2kgPE28M／M(청)2KG 외 28개",14014.0,48149165.0
2026-03-18,2026,3,18,주식회사 대한종합포장,2025-11-24,20.0,"PP12MPP12M／M10KG(백), PP15MPP15MM*10KG(황색), PP5MMx7000Mx0.5T 백색 외 1개",3945.0,10935000.0
2026-03-18,2026,3,18,주식회사 에이씨티,2016-01-20,2.0,".PP18MMx 15kg 삼성.11650M두께0.9mm단중8.56g, 0PP18MMx 21kg 삼성.22300M두께0.80mm단중8.8g, PP18MMx .121kg 삼성.32300M두께0.85mm단중8.8g 외 38개",19759.0,40668339.0
2026-03-18,2026,3,18,주신산업,2026-01-05,9.0,"PE28mm 2kgPE28M／M(백)2KG, PP12MPP12M／M10KG(황), 운송료택배비",775.0,1647675.0
2026-03-19,2026,3,19,(주)지엔에스트레이딩,2014-06-05,3.0,".02PP18MMx 21kg 삼성.022300M두께0.9mm단중9.1g, .PP18MMx 21kg 삼성.12300M두께0.9mm단중8.8g, .PP18MMx 21kg 삼성.32300M두께0.9mm단중8.8g 외 48개",19327.0,39698211.0
2026-03-19,2026,3,19,대상산업,2026-01-02,5.0,"PE28mm 2kgPE28M／M(백)2KG, PE28mm 2kgPE28M／M(청)2KG, PE28mm 2kgPE28M／M(황)2KG 외 7개",2026.0,5153024.0
2026-03-20,2026,3,20,경인팩,2026-01-05,2.0,"PE28mm 2kgPE28M／M(백)2KG, PE28mm 2kgPE28M／M(적)2KG, PE28mm 2kgPE28M／M(황)2KG 외 11개",4721.0,11768386.0
2026-03-20,2026,3,20,주식회사 에이스팩,2024-08-08,31.0,"PP15MPP15MM*10KG(황색), PP15MPP15M／M13KG(황), 스트레치필름(일반 기계)25*500*1400 외 6개",565.0,4935364.0
2026-03-20,2026,3,20,주식회사 에이씨티,2016-01-20,2.0,".PP18MMx 15kg 삼성.11650M두께0.9mm단중8.56g, 0PP18MMx 21kg 삼성.22300M두께0.80mm단중8.8g, PP18MMx .121kg 삼성.32300M두께0.85mm단중8.8g 외 38개",19759.0,40668339.0
2026-03-20,2026,3,20,파워엠팩,2025-07-23,4.0,"15M/M (수축밴드)15M/M * 10KG, 18MMx 15kg 삼성1650M두께0.9mm단중8.56g, PE28mm 2kgPE 28M／M (백) 2KG 외 150개",83676.0,146265423.0
2026-03-21,2026,3,21,(주)아이마켓코리아,2025-12-24,4.0,"PP11MM*13.34KG삼성경량밴드(황색)2300m*두께0.84mm단중5.8g GRS, PP11MM*13.34KG삼성경량밴드2300m*두께0.84mm단중5.8g GRS, PP18MM x 21Kg 삼성 황색2300M 포장중량 21Kg, 1롤/1pcs 포장 (황색) 외 1개",3843.0,7805629.0
2026-03-21,2026,3,21,서울포장기계,2022-01-21,10.0,"PP12MPP12M／M10KG(백), PP12MPP12M／M10KG(투명), PP12MPP12M／M10KG(황) 외 4개",2604.0,4541561.0
2026-03-21,2026,3,21,신광포장기계,2026-01-05,6.0,"PE28mm 2kgPE28M／M(백)2KG, PE28mm, 6KGPE28M／M(백)6KG, PP12MPP12M／M10KG(백) 외 10개",4239.0,8956157.0
2026-03-21,2026,3,21,진송팩,2026-01-02,13.0,"PE28mm 2kgPE28M／M(백)2KG, PE28mm 2kgPE28M／M(적)2KG, PE28mm 2kgPE28M／M(청)2KG 외 5개",1520.0,4001822.0
2026-03-22,2026,3,22,(주)지엔에스트레이딩,2014-06-05,3.0,".02PP18MMx 21kg 삼성.022300M두께0.9mm단중9.1g, .PP18MMx 21kg 삼성.12300M두께0.9mm단중8.8g, .PP18MMx 21kg 삼성.32300M두께0.9mm단중8.8g 외 48개",19327.0,39698211.0
2026-03-22,2026,3,22,경인팩,2026-01-05,2.0,"PE28mm 2kgPE28M／M(백)2KG, PE28mm 2kgPE28M／M(적)2KG, PE28mm 2kgPE28M／M(황)2KG 외 11개",4721.0,11768386.0
2026-03-22,2026,3,22,동원팩,2026-01-05,4.0,"PE28mm 2kgPE28M／M(녹)2KG, PE28mm 2kgPE28M／M(백)2KG, PE28mm 2kgPE28M／M(청)2KG 외 6개",101.0,2608157.0
2026-03-22,2026,3,22,신광포장기계(부산),2025-11-04,47.0,"PE28mm 2kgPE28M／M(백)2KG, 운송료",218.0,640667.0
2026-03-22,2026,3,22,주식회사 에이씨티,2016-01-20,2.0,".PP18MMx 15kg 삼성.11650M두께0.9mm단중8.56g, 0PP18MMx 21kg 삼성.22300M두께0.80mm단중8.8g, PP18MMx .121kg 삼성.32300M두께0.85mm단중8.8g 외 38개",19759.0,40668339.0
2026-03-22,2026,3,22,합동포장기계,2026-01-05,20.0,"PE28mm 2kgPE28M／M(백)2KG, PP12MPP12M／M10KG(백), PP12MPP12M／M10KG(황) 외 8개",4658.0,10400083.0
2026-03-23,2026,3,23,광림파워팩,2021-11-04,9.0,"PE28mm 2kgPE28M／M(백)2KG, PE28mm 2kgPE28M／M(적)2KG, PE28mm 2kgPE28M／M(청)2KG 외 46개",21773.0,37841336.0
2026-03-23,2026,3,23,대상산업,2026-01-02,5.0,"PE28mm 2kgPE28M／M(백)2KG, PE28mm 2kgPE28M／M(청)2KG, PE28mm 2kgPE28M／M(황)2KG 외 7개",2026.0,5153024.0
2026-03-23,2026,3,23,상일교역상사,2025-08-13,75.0,"12 x 1,707M 0.78T12x1,707M 0.78T 백색, 12 x 3,017M 0.55T12x3,017M 0.55T 검정, 12 x 3,017M 0.55T12x3,017M 0.55T 녹색 외 20개",49231.0,112608367.0
2026-03-23,2026,3,23,신대한판지(주),2024-08-12,21.0,"PP Band(자동)8mm x 0.6T x 3800m (백색) 10Kg/roll, PP12MPP12M／M10KG(검정), PP12MPP12M／M10KG(녹) 외 50개",18211.0,52711272.0
2026-03-24,2026,3,24,(주)아이마켓코리아,2025-12-24,4.0,"PP11MM*13.34KG삼성경량밴드(황색)2300m*두께0.84mm단중5.8g GRS, PP11MM*13.34KG삼성경량밴드2300m*두께0.84mm단중5.8g GRS, PP18MM x 21Kg 삼성 황색2300M 포장중량 21Kg, 1롤/1pcs 포장 (황색) 외 1개",3843.0,7805629.0
2026-03-24,2026,3,24,경인팩,2026-01-05,2.0,"PE28mm 2kgPE28M／M(백)2KG, PE28mm 2kgPE28M／M(적)2KG, PE28mm 2kgPE28M／M(황)2KG 외 11개",4721.0,11768386.0
2026-03-24,2026,3,24,주식회사 에이씨티,2016-01-20,2.0,".PP18MMx 15kg 삼성.11650M두께0.9mm단중8.56g, 0PP18MMx 21kg 삼성.22300M두께0.80mm단중8.8g, PP18MMx .121kg 삼성.32300M두께0.85mm단중8.8g 외 38개",19759.0,40668339.0
2026-03-24,2026,3,24,파워엠팩,2025-07-23,4.0,"15M/M (수축밴드)15M/M * 10KG, 18MMx 15kg 삼성1650M두께0.9mm단중8.56g, PE28mm 2kgPE 28M／M (백) 2KG 외 150개",83676.0,146265423.0
2026-03-25,2026,3,25,(주)지엔에스트레이딩,2014-06-05,3.0,".02PP18MMx 21kg 삼성.022300M두께0.9mm단중9.1g, .PP18MMx 21kg 삼성.12300M두께0.9mm단중8.8g, .PP18MMx 21kg 삼성.32300M두께0.9mm단중8.8g 외 48개",19327.0,39698211.0
2026-03-25,2026,3,25,TIGERPAK PACKAGING,2025-12-25,91.0,"12 x 2800M 0.60T12 x 2800M 0.60T BLACK, 12 x 2800M 0.60T12 x 2800M 0.60T BLUE, 12 x 2800M 0.60T12 x 2800M 0.60T CLEAR 외 4개",31176.0,69901568.0
2026-03-25,2026,3,25,광림포장기계,2025-12-31,22.0,PP12MPP12M／M10KG(황),640.0,1216000.0
2026-03-25,2026,3,25,광림포장기계컨베이어,2011-05-03,9.0,"PE28mm 2kgPE 28M／M (백) 2KG, PE28mm 2kgPE28M／M(백)2KG, PE28mm 2kgPE28M／M(적)2KG 외 26개",20880.0,34859790.0
2026-03-26,2026,3,26,경인팩,2026-01-05,2.0,"PE28mm 2kgPE28M／M(백)2KG, PE28mm 2kgPE28M／M(적)2KG, PE28mm 2kgPE28M／M(황)2KG 외 11개",4721.0,11768386.0
2026-03-26,2026,3,26,금산포장,2026-01-05,17.0,"PE28mm 2kgPE28M／M(백)2KG, PE28mm, 6KGPE28M／M(백)6KG, PP12MPP12M／M10KG(투명) 외 2개",1205.0,2820867.0
2026-03-26,2026,3,26,동원팩,2026-01-05,4.0,"PE28mm 2kgPE28M／M(녹)2KG, PE28mm 2kgPE28M／M(백)2KG, PE28mm 2kgPE28M／M(청)2KG 외 6개",101.0,2608157.0
2026-03-26,2026,3,26,신광포장기계,2026-01-05,6.0,"PE28mm 2kgPE28M／M(백)2KG, PE28mm, 6KGPE28M／M(백)6KG, PP12MPP12M／M10KG(백) 외 10개",4239.0,8956157.0
2026-03-26,2026,3,26,제일산업(주)(화성),2014-03-19,10.0,"PP12MPP 12M／M 9KG, PP12MPP12M／M10KG(황), PP12MPP12M／M9KG 외 21개",7048.0,14479062.0
2026-03-26,2026,3,26,주식회사 에이씨티,2016-01-20,2.0,".PP18MMx 15kg 삼성.11650M두께0.9mm단중8.56g, 0PP18MMx 21kg 삼성.22300M두께0.80mm단중8.8g, PP18MMx .121kg 삼성.32300M두께0.85mm단중8.8g 외 38개",19759.0,40668339.0
2026-03-26,2026,3,26,한남포장기계,2025-12-16,25.0,"PE28mm 2kgPE28M／M(백)2KG, PP12MPP12M／M9KG(황)",1900.0,4650000.0
2026-03-26,2026,3,26,한솔포장,2020-03-27,11.0,"PE28mm 2kgPE28M／M(녹)2KG, PE28mm 2kgPE28M／M(백)2KG, PE28mm 2kgPE28M／M(적)2KG 외 6개",2203.0,5624915.0
2026-03-27,2026,3,27,(주)아이마켓코리아,2025-12-24,4.0,"PP11MM*13.34KG삼성경량밴드(황색)2300m*두께0.84mm단중5.8g GRS, PP11MM*13.34KG삼성경량밴드2300m*두께0.84mm단중5.8g GRS, PP18MM x 21Kg 삼성 황색2300M 포장중량 21Kg, 1롤/1pcs 포장 (황색) 외 1개",3843.0,7805629.0
2026-03-27,2026,3,27,대상산업,2026-01-02,5.0,"PE28mm 2kgPE28M／M(백)2KG, PE28mm 2kgPE28M／M(청)2KG, PE28mm 2kgPE28M／M(황)2KG 외 7개",2026.0,5153024.0
2026-03-27,2026,3,27,주신산업,2026-01-05,9.0,"PE28mm 2kgPE28M／M(백)2KG, PP12MPP12M／M10KG(황), 운송료택배비",775.0,1647675.0
2026-03-28,2026,3,28,(주)낙원포장,2025-12-23,19.0,"PE28mm 2kgPE28M／M(백)2KG, PP10.5MPP10.5M10KG(청), PP10.5MPP10.5M10KG투명 외 5개",6033.0,11884000.0
2026-03-28,2026,3,28,(주)지엔에스트레이딩,2014-06-05,3.0,".02PP18MMx 21kg 삼성.022300M두께0.9mm단중9.1g, .PP18MMx 21kg 삼성.12300M두께0.9mm단중8.8g, .PP18MMx 21kg 삼성.32300M두께0.9mm단중8.8g 외 48개",19327.0,39698211.0
2026-03-28,2026,3,28,PUNCHBOWL,2025-12-16,103.0,"12 x 2,500M 0.65T12x2,500M0.65TBLACK, 12 x 2,500M 0.65T12x2,500M0.65TWHITE",5616.0,13569916.0
2026-03-28,2026,3,28,경인산업,2025-12-04,19.0,"PP12MPP12M／M10KG(백), PP12MPP12M／M10KG(청), PP12MPP12M／M10KG(황) 외 1개",1825.0,3714000.0
2026-03-28,2026,3,28,경인팩,2026-01-05,2.0,"PE28mm 2kgPE28M／M(백)2KG, PE28mm 2kgPE28M／M(적)2KG, PE28mm 2kgPE28M／M(황)2KG 외 11개",4721.0,11768386.0
2026-03-28,2026,3,28,제일포장(김해),2025-04-08,59.0,"PE28mm 2kgPE 28M／M (백) 2KG, PE28mm 2kgPE28M／M(녹)2KG, PE28mm 2kgPE28M／M(백)2KG 외 5개",3968.0,10800691.0
2026-03-28,2026,3,28,주)대성씨앤씨,2025-12-22,13.0,"PP12MPP12M／M10KG(백), PP12MPP12M／M10KG(황), PP5MMx7000Mx0.5T 11.4kg 백색core 200x8T OD400 롤랩핑 400*200 외 2개",1470.0,6867600.0
2026-03-28,2026,3,28,주식회사 에이씨티,2016-01-20,2.0,".PP18MMx 15kg 삼성.11650M두께0.9mm단중8.56g, 0PP18MMx 21kg 삼성.22300M두께0.80mm단중8.8g, PP18MMx .121kg 삼성.32300M두께0.85mm단중8.8g 외 38개",19759.0,40668339.0
2026-03-28,2026,3,28,파워엠팩,2025-07-23,4.0,"15M/M (수축밴드)15M/M * 10KG, 18MMx 15kg 삼성1650M두께0.9mm단중8.56g, PE28mm 2kgPE 28M／M (백) 2KG 외 150개",83676.0,146265423.0
2026-03-30,2026,3,30,(주)아이마켓코리아,2025-12-24,4.0,"PP11MM*13.34KG삼성경량밴드(황색)2300m*두께0.84mm단중5.8g GRS, PP11MM*13.34KG삼성경량밴드2300m*두께0.84mm단중5.8g GRS, PP18MM x 21Kg 삼성 황색2300M 포장중량 21Kg, 1롤/1pcs 포장 (황색) 외 1개",3843.0,7805629.0
2026-03-30,2026,3,30,경인팩,2026-01-05,2.0,"PE28mm 2kgPE28M／M(백)2KG, PE28mm 2kgPE28M／M(적)2KG, PE28mm 2kgPE28M／M(황)2KG 외 11개",4721.0,11768386.0
2026-03-30,2026,3,30,대영포장(주)발안공장,2021-01-04,13.0,"MOSCA 히터 수리MOSCA 히터 수리, PE 결속끈PE#50 (백) 5500m 5KG, PP12MPP12M／M10KG(황) 외 25개",9034.0,28061359.0
2026-03-30,2026,3,30,동원팩,2026-01-05,4.0,"PE28mm 2kgPE28M／M(녹)2KG, PE28mm 2kgPE28M／M(백)2KG, PE28mm 2kgPE28M／M(청)2KG 외 6개",101.0,2608157.0
2026-03-30,2026,3,30,전주삼신산업,2025-12-29,13.0,"PE28mm 2kgPE28M／M(백)2KG, PP12MPP12M／M10KG(황), PP15MPP15MM*10KG(황색) 외 4개",1054.0,2411096.0
2026-03-30,2026,3,30,주식회사 에이씨티,2016-01-20,2.0,".PP18MMx 15kg 삼성.11650M두께0.9mm단중8.56g, 0PP18MMx 21kg 삼성.22300M두께0.80mm단중8.8g, PP18MMx .121kg 삼성.32300M두께0.85mm단중8.8g 외 38개",19759.0,40668339.0
2026-03-31,2026,3,31,(주)지엔에스트레이딩,2014-06-05,3.0,".02PP18MMx 21kg 삼성.022300M두께0.9mm단중9.1g, .PP18MMx 21kg 삼성.12300M두께0.9mm단중8.8g, .PP18MMx 21kg 삼성.32300M두께0.9mm단중8.8g 외 48개",19327.0,39698211.0
2026-03-31,2026,3,31,광림파워팩,2021-11-04,9.0,"PE28mm 2kgPE28M／M(백)2KG, PE28mm 2kgPE28M／M(적)2KG, PE28mm 2kgPE28M／M(청)2KG 외 46개",21773.0,37841336.0
2026-03-31,2026,3,31,대경(박타원),2017-01-02,16.0,"PE28mm 2kgPE 28M／M (백) 2KG, PE28mm 2kgPE 28M／M (적) 2KG, PE28mm 2kgPE 28M／M (적)2KG 외 26개",8087.0,18034594.0
2026-03-31,2026,3,31,대상산업,2026-01-02,5.0,"PE28mm 2kgPE28M／M(백)2KG, PE28mm 2kgPE28M／M(청)2KG, PE28mm 2kgPE28M／M(황)2KG 외 7개",2026.0,5153024.0
2026-03-31,2026,3,31,삼원산업,2025-12-31,30.0,"PP12MPP12M／M10KG(황), PP12MPP12M／M12KG(투명), PP12MPP12M／M12KG(황) 외 2개",2700.0,5300000.0
2026-03-31,2026,3,31,서울포장기계,2022-01-21,10.0,"PP12MPP12M／M10KG(백), PP12MPP12M／M10KG(투명), PP12MPP12M／M10KG(황) 외 4개",2604.0,4541561.0
2026-03-31,2026,3,31,신광포장기계,2026-01-05,6.0,"PE28mm 2kgPE28M／M(백)2KG, PE28mm, 6KGPE28M／M(백)6KG, PP12MPP12M／M10KG(백) 외 10개",4239.0,8956157.0
2026-03-31,2026,3,31,주식회사 광림파워팩,2025-12-31,18.0,"PP12MPP12M／M10KG(황), PP12MPP12M／M12.5KG (황), PP12MPP12mm*0.72T*2800m 12.5KG(투명) 외 5개",4564.0,8718553.0
2026-04-01,2026,4,1,경인팩,2026-01-05,2.0,"PE28mm 2kgPE28M／M(백)2KG, PE28mm 2kgPE28M／M(적)2KG, PE28mm 2kgPE28M／M(황)2KG 외 11개",4721.0,11768386.0
2026-04-01,2026,4,1,우선산업,2025-12-26,24.0,"PE28mm 2kgPE28M／M(백)2KG, PE50mm, 4.5KGPE50M／M(백)4.5KG, PP 재생원료적색",2942.0,5004300.0
2026-04-01,2026,4,1,주식회사 에이씨티,2016-01-20,2.0,".PP18MMx 15kg 삼성.11650M두께0.9mm단중8.56g, 0PP18MMx 21kg 삼성.22300M두께0.80mm단중8.8g, PP18MMx .121kg 삼성.32300M두께0.85mm단중8.8g 외 38개",19759.0,40668339.0
2026-04-01,2026,4,1,파워엠팩,2025-07-23,4.0,"15M/M (수축밴드)15M/M * 10KG, 18MMx 15kg 삼성1650M두께0.9mm단중8.56g, PE28mm 2kgPE 28M／M (백) 2KG 외 150개",83676.0,146265423.0
2026-04-01,2026,4,1,한국전자금융(주),2018-12-17,22.0,"무인쇄 11mm x 0.70T x 1000m화폐밴딩끈 지관200x190, 스트레치필름(Baby Roll)20*100mm*150m (Plastic Handle), 스트레치필름(일반 핸드랩)15*500mm*400m 외 1개",176.0,665812.0
2026-04-02,2026,4,2,(주)삼화인쇄,2023-07-18,24.0,"PE28mm 2kgPE28M／M(백)2KG, PP 11MM11MM -10KG (백), PP 11MM11MM-10KG(백) 외 20개",15071.0,28566924.0
2026-04-02,2026,4,2,(주)아이마켓코리아,2025-12-24,4.0,"PP11MM*13.34KG삼성경량밴드(황색)2300m*두께0.84mm단중5.8g GRS, PP11MM*13.34KG삼성경량밴드2300m*두께0.84mm단중5.8g GRS, PP18MM x 21Kg 삼성 황색2300M 포장중량 21Kg, 1롤/1pcs 포장 (황색) 외 1개",3843.0,7805629.0
2026-04-02,2026,4,2,광림포장기계컨베이어,2011-05-03,9.0,"PE28mm 2kgPE 28M／M (백) 2KG, PE28mm 2kgPE28M／M(백)2KG, PE28mm 2kgPE28M／M(적)2KG 외 26개",20880.0,34859790.0
2026-04-03,2026,4,3,(주)지엔에스트레이딩,2014-06-05,3.0,".02PP18MMx 21kg 삼성.022300M두께0.9mm단중9.1g, .PP18MMx 21kg 삼성.12300M두께0.9mm단중8.8g, .PP18MMx 21kg 삼성.32300M두께0.9mm단중8.8g 외 48개",19327.0,39698211.0
2026-04-03,2026,4,3,CYKLOP PACKAGING SYSTEMS PTY LTD.,2025-12-25,34.0,"12 x 3,000M 0.65T12x3,000M0.65T BLUE, 12 x 3,000M 0.65T12x3,000M0.65T CLEAR, 15 x 1,000M 0.65T Blue15x1,000M0.65T청색 외 9개",32917.0,74746924.0
2026-04-03,2026,4,3,RLBUTTON,2025-12-16,36.0,"PP 12MM12MMx1000Mx0.55MM Blue, PP19M * 1000M HD BlackPP19MM*1000M*0.85T Black, PP19M BUILDERSPP19M／M*300M 0.60T Blue 외 4개",12993.0,33425099.0
2026-04-03,2026,4,3,경인팩,2026-01-05,2.0,"PE28mm 2kgPE28M／M(백)2KG, PE28mm 2kgPE28M／M(적)2KG, PE28mm 2kgPE28M／M(황)2KG 외 11개",4721.0,11768386.0
2026-04-03,2026,4,3,동원팩,2026-01-05,4.0,"PE28mm 2kgPE28M／M(녹)2KG, PE28mm 2kgPE28M／M(백)2KG, PE28mm 2kgPE28M／M(청)2KG 외 6개",101.0,2608157.0
2026-04-03,2026,4,3,보우팩,2025-08-06,16.0,"PE28mm 2kgPE28M／M(백)2KG, PE28mm 2kgPE28M／M(적)2KG, PE28mm 2kgPE28M／M(청)2KG 외 28개",14014.0,48149165.0
2026-04-03,2026,4,3,주식회사 에이씨티,2016-01-20,2.0,".PP18MMx 15kg 삼성.11650M두께0.9mm단중8.56g, 0PP18MMx 21kg 삼성.22300M두께0.80mm단중8.8g, PP18MMx .121kg 삼성.32300M두께0.85mm단중8.8g 외 38개",19759.0,40668339.0
2026-04-03,2026,4,3,진송팩,2026-01-02,13.0,"PE28mm 2kgPE28M／M(백)2KG, PE28mm 2kgPE28M／M(적)2KG, PE28mm 2kgPE28M／M(청)2KG 외 5개",1520.0,4001822.0
2026-04-03,2026,4,3,한국미쓰비시상사(주),2015-04-03,49.0,"CALPETCALPET, PE28mm 2kgPE 28M／M (적) 2KG, PE28mm 2kgPE 28M／M(청) 2KG 외 45개",86912.0,182354769.0
2026-04-04,2026,4,4,대상산업,2026-01-02,5.0,"PE28mm 2kgPE28M／M(백)2KG, PE28mm 2kgPE28M／M(청)2KG, PE28mm 2kgPE28M／M(황)2KG 외 7개",2026.0,5153024.0
2026-04-04,2026,4,4,한서포장,2021-07-29,18.0,"PE28mm 2kg.1PE28M／M(백)2KG, PE28mm 2kg.2PE28M／M(백)2KG, PE28mm 2kgPE 28M／M (백) 2KG 외 19개",7208.0,15354014.0
2026-04-05,2026,4,5,(주)아이마켓코리아,2025-12-24,4.0,"PP11MM*13.34KG삼성경량밴드(황색)2300m*두께0.84mm단중5.8g GRS, PP11MM*13.34KG삼성경량밴드2300m*두께0.84mm단중5.8g GRS, PP18MM x 21Kg 삼성 황색2300M 포장중량 21Kg, 1롤/1pcs 포장 (황색) 외 1개",3843.0,7805629.0
2026-04-05,2026,4,5,경인팩,2026-01-05,2.0,"PE28mm 2kgPE28M／M(백)2KG, PE28mm 2kgPE28M／M(적)2KG, PE28mm 2kgPE28M／M(황)2KG 외 11개",4721.0,11768386.0
2026-04-05,2026,4,5,동서포장종합상사,2025-12-18,36.0,PE28mm 2kgPE28M／M(백)2KG,120.0,372000.0
2026-04-05,2026,4,5,신광포장기계,2026-01-05,6.0,"PE28mm 2kgPE28M／M(백)2KG, PE28mm, 6KGPE28M／M(백)6KG, PP12MPP12M／M10KG(백) 외 10개",4239.0,8956157.0
2026-04-05,2026,4,5,제일산업(주)(화성),2014-03-19,10.0,"PP12MPP 12M／M 9KG, PP12MPP12M／M10KG(황), PP12MPP12M／M9KG 외 21개",7048.0,14479062.0
2026-04-05,2026,4,5,주식회사 에이씨티,2016-01-20,2.0,".PP18MMx 15kg 삼성.11650M두께0.9mm단중8.56g, 0PP18MMx 21kg 삼성.22300M두께0.80mm단중8.8g, PP18MMx .121kg 삼성.32300M두께0.85mm단중8.8g 외 38개",19759.0,40668339.0
2026-04-05,2026,4,5,주신산업,2026-01-05,9.0,"PE28mm 2kgPE28M／M(백)2KG, PP12MPP12M／M10KG(황), 운송료택배비",775.0,1647675.0
2026-04-05,2026,4,5,파워엠팩,2025-07-23,4.0,"15M/M (수축밴드)15M/M * 10KG, 18MMx 15kg 삼성1650M두께0.9mm단중8.56g, PE28mm 2kgPE 28M／M (백) 2KG 외 150개",83676.0,146265423.0
2026-04-05,2026,4,5,한솔포장,2020-03-27,11.0,"PE28mm 2kgPE28M／M(녹)2KG, PE28mm 2kgPE28M／M(백)2KG, PE28mm 2kgPE28M／M(적)2KG 외 6개",2203.0,5624915.0
2026-04-06,2026,4,6,(주)지엔에스트레이딩,2014-06-05,3.0,".02PP18MMx 21kg 삼성.022300M두께0.9mm단중9.1g, .PP18MMx 21kg 삼성.12300M두께0.9mm단중8.8g, .PP18MMx 21kg 삼성.32300M두께0.9mm단중8.8g 외 48개",19327.0,39698211.0
2026-04-06,2026,4,6,주식회사 대한종합포장,2025-11-24,20.0,"PP12MPP12M／M10KG(백), PP15MPP15MM*10KG(황색), PP5MMx7000Mx0.5T 백색 외 1개",3945.0,10935000.0
2026-04-07,2026,4,7,경인팩,2026-01-05,2.0,"PE28mm 2kgPE28M／M(백)2KG, PE28mm 2kgPE28M／M(적)2KG, PE28mm 2kgPE28M／M(황)2KG 외 11개",4721.0,11768386.0
2026-04-07,2026,4,7,동원팩,2026-01-05,4.0,"PE28mm 2kgPE28M／M(녹)2KG, PE28mm 2kgPE28M／M(백)2KG, PE28mm 2kgPE28M／M(청)2KG 외 6개",101.0,2608157.0
2026-04-07,2026,4,7,제이케이머티리얼즈(주)／순성공장,2023-12-27,27.0,"ITA20용 배터리14.8V 2AH Li-Po, PET 16MMPET 16mm x 0.8T x 1200m Embossed (반투명 녹색), PET 16mm x 0.8T x 1200mPET 16mm x 0.8T x 1200m Embossed (반투명 녹색) 외 12개",1266.0,9761113.0
2026-04-07,2026,4,7,주식회사 에이씨티,2016-01-20,2.0,".PP18MMx 15kg 삼성.11650M두께0.9mm단중8.56g, 0PP18MMx 21kg 삼성.22300M두께0.80mm단중8.8g, PP18MMx .121kg 삼성.32300M두께0.85mm단중8.8g 외 38개",19759.0,40668339.0
2026-04-08,2026,4,8,(주)아이마켓코리아,2025-12-24,4.0,"PP11MM*13.34KG삼성경량밴드(황색)2300m*두께0.84mm단중5.8g GRS, PP11MM*13.34KG삼성경량밴드2300m*두께0.84mm단중5.8g GRS, PP18MM x 21Kg 삼성 황색2300M 포장중량 21Kg, 1롤/1pcs 포장 (황색) 외 1개",3843.0,7805629.0
2026-04-08,2026,4,8,KOMERI,2025-11-23,35.0,"15 x 1,000M 0.55T Yellow15x1,000M0.55T 황색, 15 x 100M 0.55T15x100M 0.55T 황색, 15 x 100M 0.55T15x100M0.55T녹색 외 6개",14064.0,39131390.0
2026-04-08,2026,4,8,광림파워팩,2021-11-04,9.0,"PE28mm 2kgPE28M／M(백)2KG, PE28mm 2kgPE28M／M(적)2KG, PE28mm 2kgPE28M／M(청)2KG 외 46개",21773.0,37841336.0
2026-04-08,2026,4,8,대상산업,2026-01-02,5.0,"PE28mm 2kgPE28M／M(백)2KG, PE28mm 2kgPE28M／M(청)2KG, PE28mm 2kgPE28M／M(황)2KG 외 7개",2026.0,5153024.0
2026-04-08,2026,4,8,한길포장기계,2026-01-05,93.0,"PE28mm 2kgPE28M／M(백)2KG, PP12MPP12M／M10KG(백), PP12MPP12M／M10KG(청) 외 4개",3067.0,6408333.0
2026-04-09,2026,4,9,(주)지엔에스트레이딩,2014-06-05,3.0,".02PP18MMx 21kg 삼성.022300M두께0.9mm단중9.1g, .PP18MMx 21kg 삼성.12300M두께0.9mm단중8.8g, .PP18MMx 21kg 삼성.32300M두께0.9mm단중8.8g 외 48개",19327.0,39698211.0
2026-04-09,2026,4,9,경인팩,2026-01-05,2.0,"PE28mm 2kgPE28M／M(백)2KG, PE28mm 2kgPE28M／M(적)2KG, PE28mm 2kgPE28M／M(황)2KG 외 11개",4721.0,11768386.0
2026-04-09,2026,4,9,주)대성씨앤씨,2025-12-22,13.0,"PP12MPP12M／M10KG(백), PP12MPP12M／M10KG(황), PP5MMx7000Mx0.5T 11.4kg 백색core 200x8T OD400 롤랩핑 400*200 외 2개",1470.0,6867600.0
2026-04-09,2026,4,9,주식회사 동원피앤아이,2025-12-26,26.0,"PE 결속끈PE#50 (백) 5500m 5KG, PE28mm 2kgPE28M／M(백)2KG, PE50mm, 4.7KGPE50M／M(황)4.7KG",4002.0,10753000.0
2026-04-09,2026,4,9,주식회사 에이씨티,2016-01-20,2.0,".PP18MMx 15kg 삼성.11650M두께0.9mm단중8.56g, 0PP18MMx 21kg 삼성.22300M두께0.80mm단중8.8g, PP18MMx .121kg 삼성.32300M두께0.85mm단중8.8g 외 38개",19759.0,40668339.0
2026-04-09,2026,4,9,파워엠팩,2025-07-23,4.0,"15M/M (수축밴드)15M/M * 10KG, 18MMx 15kg 삼성1650M두께0.9mm단중8.56g, PE28mm 2kgPE 28M／M (백) 2KG 외 150개",83676.0,146265423.0
2026-04-10,2026,4,10,광림포장기계컨베이어,2011-05-03,9.0,"PE28mm 2kgPE 28M／M (백) 2KG, PE28mm 2kgPE28M／M(백)2KG, PE28mm 2kgPE28M／M(적)2KG 외 26개",20880.0,34859790.0
2026-04-10,2026,4,10,서울포장기계,2022-01-21,10.0,"PP12MPP12M／M10KG(백), PP12MPP12M／M10KG(투명), PP12MPP12M／M10KG(황) 외 4개",2604.0,4541561.0
2026-04-10,2026,4,10,신광포장기계,2026-01-05,6.0,"PE28mm 2kgPE28M／M(백)2KG, PE28mm, 6KGPE28M／M(백)6KG, PP12MPP12M／M10KG(백) 외 10개",4239.0,8956157.0
2026-04-10,2026,4,10,합동포장기계,2026-01-05,20.0,"PE28mm 2kgPE28M／M(백)2KG, PP12MPP12M／M10KG(백), PP12MPP12M／M10KG(황) 외 8개",4658.0,10400083.0
2026-04-11,2026,4,11,(주)아이마켓코리아,2025-12-24,4.0,"PP11MM*13.34KG삼성경량밴드(황색)2300m*두께0.84mm단중5.8g GRS, PP11MM*13.34KG삼성경량밴드2300m*두께0.84mm단중5.8g GRS, PP18MM x 21Kg 삼성 황색2300M 포장중량 21Kg, 1롤/1pcs 포장 (황색) 외 1개",3843.0,7805629.0
2026-04-11,2026,4,11,경인팩,2026-01-05,2.0,"PE28mm 2kgPE28M／M(백)2KG, PE28mm 2kgPE28M／M(적)2KG, PE28mm 2kgPE28M／M(황)2KG 외 11개",4721.0,11768386.0
2026-04-11,2026,4,11,금산포장,2026-01-05,17.0,"PE28mm 2kgPE28M／M(백)2KG, PE28mm, 6KGPE28M／M(백)6KG, PP12MPP12M／M10KG(투명) 외 2개",1205.0,2820867.0
2026-04-11,2026,4,11,동원팩,2026-01-05,4.0,"PE28mm 2kgPE28M／M(녹)2KG, PE28mm 2kgPE28M／M(백)2KG, PE28mm 2kgPE28M／M(청)2KG 외 6개",101.0,2608157.0
2026-04-11,2026,4,11,주식회사 에이씨티,2016-01-20,2.0,".PP18MMx 15kg 삼성.11650M두께0.9mm단중8.56g, 0PP18MMx 21kg 삼성.22300M두께0.80mm단중8.8g, PP18MMx .121kg 삼성.32300M두께0.85mm단중8.8g 외 38개",19759.0,40668339.0
2026-04-12,2026,4,12,(주)지엔에스트레이딩,2014-06-05,3.0,".02PP18MMx 21kg 삼성.022300M두께0.9mm단중9.1g, .PP18MMx 21kg 삼성.12300M두께0.9mm단중8.8g, .PP18MMx 21kg 삼성.32300M두께0.9mm단중8.8g 외 48개",19327.0,39698211.0
2026-04-12,2026,4,12,대상산업,2026-01-02,5.0,"PE28mm 2kgPE28M／M(백)2KG, PE28mm 2kgPE28M／M(청)2KG, PE28mm 2kgPE28M／M(황)2KG 외 7개",2026.0,5153024.0
2026-04-12,2026,4,12,대영포장(주)발안공장,2021-01-04,13.0,"MOSCA 히터 수리MOSCA 히터 수리, PE 결속끈PE#50 (백) 5500m 5KG, PP12MPP12M／M10KG(황) 외 25개",9034.0,28061359.0
2026-04-12,2026,4,12,백암지관공업사,2025-12-03,65.0,"PP12MPP12M／M11KG(청), PP12MPP12M／M12.5KG (황)",300.0,630000.0
2026-04-12,2026,4,12,전주삼신산업,2025-12-29,13.0,"PE28mm 2kgPE28M／M(백)2KG, PP12MPP12M／M10KG(황), PP15MPP15MM*10KG(황색) 외 4개",1054.0,2411096.0
2026-04-13,2026,4,13,경인팩,2026-01-05,2.0,"PE28mm 2kgPE28M／M(백)2KG, PE28mm 2kgPE28M／M(적)2KG, PE28mm 2kgPE28M／M(황)2KG 외 11개",4721.0,11768386.0
2026-04-13,2026,4,13,신대한판지(주),2024-08-12,21.0,"PP Band(자동)8mm x 0.6T x 3800m (백색) 10Kg/roll, PP12MPP12M／M10KG(검정), PP12MPP12M／M10KG(녹) 외 50개",18211.0,52711272.0
2026-04-13,2026,4,13,주식회사 에이씨티,2016-01-20,2.0,".PP18MMx 15kg 삼성.11650M두께0.9mm단중8.56g, 0PP18MMx 21kg 삼성.22300M두께0.80mm단중8.8g, PP18MMx .121kg 삼성.32300M두께0.85mm단중8.8g 외 38개",19759.0,40668339.0
2026-04-13,2026,4,13,파워엠팩,2025-07-23,4.0,"15M/M (수축밴드)15M/M * 10KG, 18MMx 15kg 삼성1650M두께0.9mm단중8.56g, PE28mm 2kgPE 28M／M (백) 2KG 외 150개",83676.0,146265423.0
2026-04-14,2026,4,14,(주)아이마켓코리아,2025-12-24,4.0,"PP11MM*13.34KG삼성경량밴드(황색)2300m*두께0.84mm단중5.8g GRS, PP11MM*13.34KG삼성경량밴드2300m*두께0.84mm단중5.8g GRS, PP18MM x 21Kg 삼성 황색2300M 포장중량 21Kg, 1롤/1pcs 포장 (황색) 외 1개",3843.0,7805629.0
2026-04-14,2026,4,14,주신산업,2026-01-05,9.0,"PE28mm 2kgPE28M／M(백)2KG, PP12MPP12M／M10KG(황), 운송료택배비",775.0,1647675.0
2026-04-15,2026,4,15,(주)지엔에스트레이딩,2014-06-05,3.0,".02PP18MMx 21kg 삼성.022300M두께0.9mm단중9.1g, .PP18MMx 21kg 삼성.12300M두께0.9mm단중8.8g, .PP18MMx 21kg 삼성.32300M두께0.9mm단중8.8g 외 48개",19327.0,39698211.0
2026-04-15,2026,4,15,경인팩,2026-01-05,2.0,"PE28mm 2kgPE28M／M(백)2KG, PE28mm 2kgPE28M／M(적)2KG, PE28mm 2kgPE28M／M(황)2KG 외 11개",4721.0,11768386.0
2026-04-15,2026,4,15,광림포장기계,2025-12-31,22.0,PP12MPP12M／M10KG(황),640.0,1216000.0
2026-04-15,2026,4,15,대경(박타원),2017-01-02,16.0,"PE28mm 2kgPE 28M／M (백) 2KG, PE28mm 2kgPE 28M／M (적) 2KG, PE28mm 2kgPE 28M／M (적)2KG 외 26개",8087.0,18034594.0
2026-04-15,2026,4,15,동원팩,2026-01-05,4.0,"PE28mm 2kgPE28M／M(녹)2KG, PE28mm 2kgPE28M／M(백)2KG, PE28mm 2kgPE28M／M(청)2KG 외 6개",101.0,2608157.0
2026-04-15,2026,4,15,신광포장기계,2026-01-05,6.0,"PE28mm 2kgPE28M／M(백)2KG, PE28mm, 6KGPE28M／M(백)6KG, PP12MPP12M／M10KG(백) 외 10개",4239.0,8956157.0
2026-04-15,2026,4,15,제일산업(주)(화성),2014-03-19,10.0,"PP12MPP 12M／M 9KG, PP12MPP12M／M10KG(황), PP12MPP12M／M9KG 외 21개",7048.0,14479062.0
2026-04-15,2026,4,15,주식회사 에이씨티,2016-01-20,2.0,".PP18MMx 15kg 삼성.11650M두께0.9mm단중8.56g, 0PP18MMx 21kg 삼성.22300M두께0.80mm단중8.8g, PP18MMx .121kg 삼성.32300M두께0.85mm단중8.8g 외 38개",19759.0,40668339.0
2026-04-15,2026,4,15,한솔포장,2020-03-27,11.0,"PE28mm 2kgPE28M／M(녹)2KG, PE28mm 2kgPE28M／M(백)2KG, PE28mm 2kgPE28M／M(적)2KG 외 6개",2203.0,5624915.0
2026-04-16,2026,4,16,(주)낙원포장,2025-12-23,19.0,"PE28mm 2kgPE28M／M(백)2KG, PP10.5MPP10.5M10KG(청), PP10.5MPP10.5M10KG투명 외 5개",6033.0,11884000.0
2026-04-16,2026,4,16,경인산업,2025-12-04,19.0,"PP12MPP12M／M10KG(백), PP12MPP12M／M10KG(청), PP12MPP12M／M10KG(황) 외 1개",1825.0,3714000.0
2026-04-16,2026,4,16,광림파워팩,2021-11-04,9.0,"PE28mm 2kgPE28M／M(백)2KG, PE28mm 2kgPE28M／M(적)2KG, PE28mm 2kgPE28M／M(청)2KG 외 46개",21773.0,37841336.0
2026-04-16,2026,4,16,대상산업,2026-01-02,5.0,"PE28mm 2kgPE28M／M(백)2KG, PE28mm 2kgPE28M／M(청)2KG, PE28mm 2kgPE28M／M(황)2KG 외 7개",2026.0,5153024.0
2026-04-16,2026,4,16,진송팩,2026-01-02,13.0,"PE28mm 2kgPE28M／M(백)2KG, PE28mm 2kgPE28M／M(적)2KG, PE28mm 2kgPE28M／M(청)2KG 외 5개",1520.0,4001822.0
2026-04-17,2026,4,17,(주)아이마켓코리아,2025-12-24,4.0,"PP11MM*13.34KG삼성경량밴드(황색)2300m*두께0.84mm단중5.8g GRS, PP11MM*13.34KG삼성경량밴드2300m*두께0.84mm단중5.8g GRS, PP18MM x 21Kg 삼성 황색2300M 포장중량 21Kg, 1롤/1pcs 포장 (황색) 외 1개",3843.0,7805629.0
2026-04-17,2026,4,17,경인팩,2026-01-05,2.0,"PE28mm 2kgPE28M／M(백)2KG, PE28mm 2kgPE28M／M(적)2KG, PE28mm 2kgPE28M／M(황)2KG 외 11개",4721.0,11768386.0
2026-04-17,2026,4,17,주식회사 에이씨티,2016-01-20,2.0,".PP18MMx 15kg 삼성.11650M두께0.9mm단중8.56g, 0PP18MMx 21kg 삼성.22300M두께0.80mm단중8.8g, PP18MMx .121kg 삼성.32300M두께0.85mm단중8.8g 외 38개",19759.0,40668339.0
2026-04-17,2026,4,17,파워엠팩,2025-07-23,4.0,"15M/M (수축밴드)15M/M * 10KG, 18MMx 15kg 삼성1650M두께0.9mm단중8.56g, PE28mm 2kgPE 28M／M (백) 2KG 외 150개",83676.0,146265423.0
2026-04-18,2026,4,18,(주)지엔에스트레이딩,2014-06-05,3.0,".02PP18MMx 21kg 삼성.022300M두께0.9mm단중9.1g, .PP18MMx 21kg 삼성.12300M두께0.9mm단중8.8g, .PP18MMx 21kg 삼성.32300M두께0.9mm단중8.8g 외 48개",19327.0,39698211.0
2026-04-18,2026,4,18,광림포장기계컨베이어,2011-05-03,9.0,"PE28mm 2kgPE 28M／M (백) 2KG, PE28mm 2kgPE28M／M(백)2KG, PE28mm 2kgPE28M／M(적)2KG 외 26개",20880.0,34859790.0
2026-04-18,2026,4,18,주식회사 광림파워팩,2025-12-31,18.0,"PP12MPP12M／M10KG(황), PP12MPP12M／M12.5KG (황), PP12MPP12mm*0.72T*2800m 12.5KG(투명) 외 5개",4564.0,8718553.0
2026-04-19,2026,4,19,경인팩,2026-01-05,2.0,"PE28mm 2kgPE28M／M(백)2KG, PE28mm 2kgPE28M／M(적)2KG, PE28mm 2kgPE28M／M(황)2KG 외 11개",4721.0,11768386.0
2026-04-19,2026,4,19,동원팩,2026-01-05,4.0,"PE28mm 2kgPE28M／M(녹)2KG, PE28mm 2kgPE28M／M(백)2KG, PE28mm 2kgPE28M／M(청)2KG 외 6개",101.0,2608157.0
2026-04-19,2026,4,19,보우팩,2025-08-06,16.0,"PE28mm 2kgPE28M／M(백)2KG, PE28mm 2kgPE28M／M(적)2KG, PE28mm 2kgPE28M／M(청)2KG 외 28개",14014.0,48149165.0
2026-04-19,2026,4,19,주식회사 에이씨티,2016-01-20,2.0,".PP18MMx 15kg 삼성.11650M두께0.9mm단중8.56g, 0PP18MMx 21kg 삼성.22300M두께0.80mm단중8.8g, PP18MMx .121kg 삼성.32300M두께0.85mm단중8.8g 외 38개",19759.0,40668339.0
2026-04-20,2026,4,20,(주)아이마켓코리아,2025-12-24,4.0,"PP11MM*13.34KG삼성경량밴드(황색)2300m*두께0.84mm단중5.8g GRS, PP11MM*13.34KG삼성경량밴드2300m*두께0.84mm단중5.8g GRS, PP18MM x 21Kg 삼성 황색2300M 포장중량 21Kg, 1롤/1pcs 포장 (황색) 외 1개",3843.0,7805629.0
2026-04-20,2026,4,20,대상산업,2026-01-02,5.0,"PE28mm 2kgPE28M／M(백)2KG, PE28mm 2kgPE28M／M(청)2KG, PE28mm 2kgPE28M／M(황)2KG 외 7개",2026.0,5153024.0
2026-04-20,2026,4,20,서울포장기계,2022-01-21,10.0,"PP12MPP12M／M10KG(백), PP12MPP12M／M10KG(투명), PP12MPP12M／M10KG(황) 외 4개",2604.0,4541561.0
2026-04-20,2026,4,20,신광포장기계,2026-01-05,6.0,"PE28mm 2kgPE28M／M(백)2KG, PE28mm, 6KGPE28M／M(백)6KG, PP12MPP12M／M10KG(백) 외 10개",4239.0,8956157.0
2026-04-20,2026,4,20,주식회사 에이스팩,2024-08-08,31.0,"PP15MPP15MM*10KG(황색), PP15MPP15M／M13KG(황), 스트레치필름(일반 기계)25*500*1400 외 6개",565.0,4935364.0
2026-04-20,2026,4,20,한남포장기계,2025-12-16,25.0,"PE28mm 2kgPE28M／M(백)2KG, PP12MPP12M／M9KG(황)",1900.0,4650000.0
2026-04-21,2026,4,21,(주)지엔에스트레이딩,2014-06-05,3.0,".02PP18MMx 21kg 삼성.022300M두께0.9mm단중9.1g, .PP18MMx 21kg 삼성.12300M두께0.9mm단중8.8g, .PP18MMx 21kg 삼성.32300M두께0.9mm단중8.8g 외 48개",19327.0,39698211.0
2026-04-21,2026,4,21,경인팩,2026-01-05,2.0,"PE28mm 2kgPE28M／M(백)2KG, PE28mm 2kgPE28M／M(적)2KG, PE28mm 2kgPE28M／M(황)2KG 외 11개",4721.0,11768386.0
2026-04-21,2026,4,21,주)대성씨앤씨,2025-12-22,13.0,"PP12MPP12M／M10KG(백), PP12MPP12M／M10KG(황), PP5MMx7000Mx0.5T 11.4kg 백색core 200x8T OD400 롤랩핑 400*200 외 2개",1470.0,6867600.0
2026-04-21,2026,4,21,주식회사 에이씨티,2016-01-20,2.0,".PP18MMx 15kg 삼성.11650M두께0.9mm단중8.56g, 0PP18MMx 21kg 삼성.22300M두께0.80mm단중8.8g, PP18MMx .121kg 삼성.32300M두께0.85mm단중8.8g 외 38개",19759.0,40668339.0
2026-04-21,2026,4,21,파워엠팩,2025-07-23,4.0,"15M/M (수축밴드)15M/M * 10KG, 18MMx 15kg 삼성1650M두께0.9mm단중8.56g, PE28mm 2kgPE 28M／M (백) 2KG 외 150개",83676.0,146265423.0
2026-04-22,2026,4,22,NZ SAFETY BLACKWOODS,2025-11-02,58.0,"12 x 3,000M 0.60T12x3,000M0.60TBLUE, PP 12MM12MMx1000Mx0.55MM Blue, PP19M BUILDERSPP19M／M*300M 0.60T Blue 외 2개",6983.0,17625364.0
2026-04-22,2026,4,22,강원농협연합포장재가공사업소,2025-11-17,40.0,PP12MPP12M／M12.5KG (황),2812.0,4893750.0
2026-04-22,2026,4,22,한국포장기계,2025-12-29,39.0,"PE28mm 2kgPE28M／M(백)2KG, PE28mm 2kgPE28M／M(적)2KG, PE28mm 2kgPE28M／M(청)2KG 외 4개",4551.0,11201933.0
2026-04-22,2026,4,22,한서포장,2021-07-29,18.0,"PE28mm 2kg.1PE28M／M(백)2KG, PE28mm 2kg.2PE28M／M(백)2KG, PE28mm 2kgPE 28M／M (백) 2KG 외 19개",7208.0,15354014.0
2026-04-23,2026,4,23,(주)아이마켓코리아,2025-12-24,4.0,"PP11MM*13.34KG삼성경량밴드(황색)2300m*두께0.84mm단중5.8g GRS, PP11MM*13.34KG삼성경량밴드2300m*두께0.84mm단중5.8g GRS, PP18MM x 21Kg 삼성 황색2300M 포장중량 21Kg, 1롤/1pcs 포장 (황색) 외 1개",3843.0,7805629.0
2026-04-23,2026,4,23,경인팩,2026-01-05,2.0,"PE28mm 2kgPE28M／M(백)2KG, PE28mm 2kgPE28M／M(적)2KG, PE28mm 2kgPE28M／M(황)2KG 외 11개",4721.0,11768386.0
2026-04-23,2026,4,23,동원팩,2026-01-05,4.0,"PE28mm 2kgPE28M／M(녹)2KG, PE28mm 2kgPE28M／M(백)2KG, PE28mm 2kgPE28M／M(청)2KG 외 6개",101.0,2608157.0
2026-04-23,2026,4,23,주식회사 에이씨티,2016-01-20,2.0,".PP18MMx 15kg 삼성.11650M두께0.9mm단중8.56g, 0PP18MMx 21kg 삼성.22300M두께0.80mm단중8.8g, PP18MMx .121kg 삼성.32300M두께0.85mm단중8.8g 외 38개",19759.0,40668339.0
2026-04-23,2026,4,23,주신산업,2026-01-05,9.0,"PE28mm 2kgPE28M／M(백)2KG, PP12MPP12M／M10KG(황), 운송료택배비",775.0,1647675.0
2026-04-23,2026,4,23,한국전자금융(주),2018-12-17,22.0,"무인쇄 11mm x 0.70T x 1000m화폐밴딩끈 지관200x190, 스트레치필름(Baby Roll)20*100mm*150m (Plastic Handle), 스트레치필름(일반 핸드랩)15*500mm*400m 외 1개",176.0,665812.0
2026-04-24,2026,4,24,(주)지엔에스트레이딩,2014-06-05,3.0,".02PP18MMx 21kg 삼성.022300M두께0.9mm단중9.1g, .PP18MMx 21kg 삼성.12300M두께0.9mm단중8.8g, .PP18MMx 21kg 삼성.32300M두께0.9mm단중8.8g 외 48개",19327.0,39698211.0
2026-04-24,2026,4,24,광림파워팩,2021-11-04,9.0,"PE28mm 2kgPE28M／M(백)2KG, PE28mm 2kgPE28M／M(적)2KG, PE28mm 2kgPE28M／M(청)2KG 외 46개",21773.0,37841336.0
2026-04-24,2026,4,24,대상산업,2026-01-02,5.0,"PE28mm 2kgPE28M／M(백)2KG, PE28mm 2kgPE28M／M(청)2KG, PE28mm 2kgPE28M／M(황)2KG 외 7개",2026.0,5153024.0
2026-04-25,2026,4,25,(주)삼화인쇄,2023-07-18,24.0,"PE28mm 2kgPE28M／M(백)2KG, PP 11MM11MM -10KG (백), PP 11MM11MM-10KG(백) 외 20개",15071.0,28566924.0
2026-04-25,2026,4,25,경인팩,2026-01-05,2.0,"PE28mm 2kgPE28M／M(백)2KG, PE28mm 2kgPE28M／M(적)2KG, PE28mm 2kgPE28M／M(황)2KG 외 11개",4721.0,11768386.0
2026-04-25,2026,4,25,대영포장(주)발안공장,2021-01-04,13.0,"MOSCA 히터 수리MOSCA 히터 수리, PE 결속끈PE#50 (백) 5500m 5KG, PP12MPP12M／M10KG(황) 외 25개",9034.0,28061359.0
2026-04-25,2026,4,25,동방포장기자재,2025-11-24,39.0,PP12MPP12M／M10KG(황),845.0,1647750.0
2026-04-25,2026,4,25,신광포장기계,2026-01-05,6.0,"PE28mm 2kgPE28M／M(백)2KG, PE28mm, 6KGPE28M／M(백)6KG, PP12MPP12M／M10KG(백) 외 10개",4239.0,8956157.0
2026-04-25,2026,4,25,우선산업,2025-12-26,24.0,"PE28mm 2kgPE28M／M(백)2KG, PE50mm, 4.5KGPE50M／M(백)4.5KG, PP 재생원료적색",2942.0,5004300.0
2026-04-25,2026,4,25,전주삼신산업,2025-12-29,13.0,"PE28mm 2kgPE28M／M(백)2KG, PP12MPP12M／M10KG(황), PP15MPP15MM*10KG(황색) 외 4개",1054.0,2411096.0
2026-04-25,2026,4,25,제일산업(주)(화성),2014-03-19,10.0,"PP12MPP 12M／M 9KG, PP12MPP12M／M10KG(황), PP12MPP12M／M9KG 외 21개",7048.0,14479062.0
2026-04-25,2026,4,25,주식회사 대한종합포장,2025-11-24,20.0,"PP12MPP12M／M10KG(백), PP15MPP15MM*10KG(황색), PP5MMx7000Mx0.5T 백색 외 1개",3945.0,10935000.0
2026-04-25,2026,4,25,주식회사 에이씨티,2016-01-20,2.0,".PP18MMx 15kg 삼성.11650M두께0.9mm단중8.56g, 0PP18MMx 21kg 삼성.22300M두께0.80mm단중8.8g, PP18MMx .121kg 삼성.32300M두께0.85mm단중8.8g 외 38개",19759.0,40668339.0
2026-04-25,2026,4,25,파워엠팩,2025-07-23,4.0,"15M/M (수축밴드)15M/M * 10KG, 18MMx 15kg 삼성1650M두께0.9mm단중8.56g, PE28mm 2kgPE 28M／M (백) 2KG 외 150개",83676.0,146265423.0
2026-04-25,2026,4,25,한솔포장,2020-03-27,11.0,"PE28mm 2kgPE28M／M(녹)2KG, PE28mm 2kgPE28M／M(백)2KG, PE28mm 2kgPE28M／M(적)2KG 외 6개",2203.0,5624915.0
2026-04-26,2026,4,26,(주)아이마켓코리아,2025-12-24,4.0,"PP11MM*13.34KG삼성경량밴드(황색)2300m*두께0.84mm단중5.8g GRS, PP11MM*13.34KG삼성경량밴드2300m*두께0.84mm단중5.8g GRS, PP18MM x 21Kg 삼성 황색2300M 포장중량 21Kg, 1롤/1pcs 포장 (황색) 외 1개",3843.0,7805629.0
2026-04-26,2026,4,26,광림포장기계컨베이어,2011-05-03,9.0,"PE28mm 2kgPE 28M／M (백) 2KG, PE28mm 2kgPE28M／M(백)2KG, PE28mm 2kgPE28M／M(적)2KG 외 26개",20880.0,34859790.0
2026-04-27,2026,4,27,(주)지엔에스트레이딩,2014-06-05,3.0,".02PP18MMx 21kg 삼성.022300M두께0.9mm단중9.1g, .PP18MMx 21kg 삼성.12300M두께0.9mm단중8.8g, .PP18MMx 21kg 삼성.32300M두께0.9mm단중8.8g 외 48개",19327.0,39698211.0
2026-04-27,2026,4,27,(주)한제피앤에스,2023-10-25,61.0,"12 x 3,000M 0.55T12 x 3,000M 0.55T 백색, 12 x 3,000M 0.55T12 x 3,000M 0.55T 백색 W/Blue print, 12 x 3,000M 0.55T12 x 3,000M 0.55T 적색 외 51개",124972.0,108633081.0
2026-04-27,2026,4,27,PACKAGING HOUSE,2017-01-07,43.0,"12 x 3,000M 0.60T12x3,000M0.60TBLUE, 12 x 3,000M 0.60T12x3,000M0.60TCLEAR, PP 12MM12MMx1000Mx0.55MM Blue 외 5개",15176.0,33485729.0
2026-04-27,2026,4,27,경인팩,2026-01-05,2.0,"PE28mm 2kgPE28M／M(백)2KG, PE28mm 2kgPE28M／M(적)2KG, PE28mm 2kgPE28M／M(황)2KG 외 11개",4721.0,11768386.0
2026-04-27,2026,4,27,금산포장,2026-01-05,17.0,"PE28mm 2kgPE28M／M(백)2KG, PE28mm, 6KGPE28M／M(백)6KG, PP12MPP12M／M10KG(투명) 외 2개",1205.0,2820867.0
2026-04-27,2026,4,27,동원팩,2026-01-05,4.0,"PE28mm 2kgPE28M／M(녹)2KG, PE28mm 2kgPE28M／M(백)2KG, PE28mm 2kgPE28M／M(청)2KG 외 6개",101.0,2608157.0
2026-04-27,2026,4,27,주식회사 에이씨티,2016-01-20,2.0,".PP18MMx 15kg 삼성.11650M두께0.9mm단중8.56g, 0PP18MMx 21kg 삼성.22300M두께0.80mm단중8.8g, PP18MMx .121kg 삼성.32300M두께0.85mm단중8.8g 외 38개",19759.0,40668339.0
2026-04-28,2026,4,28,NORTH SHORE,2024-10-25,110.0,"12 x 2,500M 0.50T12 x 2,500M 0.50T BLUE, 12 x 2,591M 0.61T12x2,591M 0.61T 검정, 12 x 2,620M 0.61T White (8x8)12 x 2,620M 0.61T White 외 82개",147487.0,326131427.0
2026-04-28,2026,4,28,대상산업,2026-01-02,5.0,"PE28mm 2kgPE28M／M(백)2KG, PE28mm 2kgPE28M／M(청)2KG, PE28mm 2kgPE28M／M(황)2KG 외 7개",2026.0,5153024.0
2026-04-29,2026,4,29,(주)아이마켓코리아,2025-12-24,4.0,"PP11MM*13.34KG삼성경량밴드(황색)2300m*두께0.84mm단중5.8g GRS, PP11MM*13.34KG삼성경량밴드2300m*두께0.84mm단중5.8g GRS, PP18MM x 21Kg 삼성 황색2300M 포장중량 21Kg, 1롤/1pcs 포장 (황색) 외 1개",3843.0,7805629.0
2026-04-29,2026,4,29,경인팩,2026-01-05,2.0,"PE28mm 2kgPE28M／M(백)2KG, PE28mm 2kgPE28M／M(적)2KG, PE28mm 2kgPE28M／M(황)2KG 외 11개",4721.0,11768386.0
2026-04-29,2026,4,29,주식회사 에이씨티,2016-01-20,2.0,".PP18MMx 15kg 삼성.11650M두께0.9mm단중8.56g, 0PP18MMx 21kg 삼성.22300M두께0.80mm단중8.8g, PP18MMx .121kg 삼성.32300M두께0.85mm단중8.8g 외 38개",19759.0,40668339.0
2026-04-29,2026,4,29,진송팩,2026-01-02,13.0,"PE28mm 2kgPE28M／M(백)2KG, PE28mm 2kgPE28M／M(적)2KG, PE28mm 2kgPE28M／M(청)2KG 외 5개",1520.0,4001822.0
2026-04-29,2026,4,29,파워엠팩,2025-07-23,4.0,"15M/M (수축밴드)15M/M * 10KG, 18MMx 15kg 삼성1650M두께0.9mm단중8.56g, PE28mm 2kgPE 28M／M (백) 2KG 외 150개",83676.0,146265423.0
2026-04-29,2026,4,29,합동포장기계,2026-01-05,20.0,"PE28mm 2kgPE28M／M(백)2KG, PP12MPP12M／M10KG(백), PP12MPP12M／M10KG(황) 외 8개",4658.0,10400083.0
2026-04-30,2026,4,30,(주)지엔에스트레이딩,2014-06-05,3.0,".02PP18MMx 21kg 삼성.022300M두께0.9mm단중9.1g, .PP18MMx 21kg 삼성.12300M두께0.9mm단중8.8g, .PP18MMx 21kg 삼성.32300M두께0.9mm단중8.8g 외 48개",19327.0,39698211.0
2026-04-30,2026,4,30,대경(박타원),2017-01-02,16.0,"PE28mm 2kgPE 28M／M (백) 2KG, PE28mm 2kgPE 28M／M (적) 2KG, PE28mm 2kgPE 28M／M (적)2KG 외 26개",8087.0,18034594.0
2026-04-30,2026,4,30,삼원산업,2025-12-31,30.0,"PP12MPP12M／M10KG(황), PP12MPP12M／M12KG(투명), PP12MPP12M／M12KG(황) 외 2개",2700.0,5300000.0
2026-04-30,2026,4,30,서울포장기계,2022-01-21,10.0,"PP12MPP12M／M10KG(백), PP12MPP12M／M10KG(투명), PP12MPP12M／M10KG(황) 외 4개",2604.0,4541561.0
2026-04-30,2026,4,30,신광포장기계,2026-01-05,6.0,"PE28mm 2kgPE28M／M(백)2KG, PE28mm, 6KGPE28M／M(백)6KG, PP12MPP12M／M10KG(백) 외 10개",4239.0,8956157.0
2026-05-01,2026,5,1,경인팩,2026-01-05,2.0,"PE28mm 2kgPE28M／M(백)2KG, PE28mm 2kgPE28M／M(적)2KG, PE28mm 2kgPE28M／M(황)2KG 외 11개",4721.0,11768386.0
2026-05-01,2026,5,1,동원팩,2026-01-05,4.0,"PE28mm 2kgPE28M／M(녹)2KG, PE28mm 2kgPE28M／M(백)2KG, PE28mm 2kgPE28M／M(청)2KG 외 6개",101.0,2608157.0
2026-05-01,2026,5,1,주식회사 에이씨티,2016-01-20,2.0,".PP18MMx 15kg 삼성.11650M두께0.9mm단중8.56g, 0PP18MMx 21kg 삼성.22300M두께0.80mm단중8.8g, PP18MMx .121kg 삼성.32300M두께0.85mm단중8.8g 외 38개",19759.0,40668339.0
2026-05-02,2026,5,2,(주)아이마켓코리아,2025-12-24,4.0,"PP11MM*13.34KG삼성경량밴드(황색)2300m*두께0.84mm단중5.8g GRS, PP11MM*13.34KG삼성경량밴드2300m*두께0.84mm단중5.8g GRS, PP18MM x 21Kg 삼성 황색2300M 포장중량 21Kg, 1롤/1pcs 포장 (황색) 외 1개",3843.0,7805629.0
2026-05-02,2026,5,2,광림파워팩,2021-11-04,9.0,"PE28mm 2kgPE28M／M(백)2KG, PE28mm 2kgPE28M／M(적)2KG, PE28mm 2kgPE28M／M(청)2KG 외 46개",21773.0,37841336.0
2026-05-02,2026,5,2,대상산업,2026-01-02,5.0,"PE28mm 2kgPE28M／M(백)2KG, PE28mm 2kgPE28M／M(청)2KG, PE28mm 2kgPE28M／M(황)2KG 외 7개",2026.0,5153024.0
2026-05-02,2026,5,2,주신산업,2026-01-05,9.0,"PE28mm 2kgPE28M／M(백)2KG, PP12MPP12M／M10KG(황), 운송료택배비",775.0,1647675.0
2026-05-03,2026,5,3,(주)지엔에스트레이딩,2014-06-05,3.0,".02PP18MMx 21kg 삼성.022300M두께0.9mm단중9.1g, .PP18MMx 21kg 삼성.12300M두께0.9mm단중8.8g, .PP18MMx 21kg 삼성.32300M두께0.9mm단중8.8g 외 48개",19327.0,39698211.0
2026-05-03,2026,5,3,경인팩,2026-01-05,2.0,"PE28mm 2kgPE28M／M(백)2KG, PE28mm 2kgPE28M／M(적)2KG, PE28mm 2kgPE28M／M(황)2KG 외 11개",4721.0,11768386.0
2026-05-03,2026,5,3,제이케이머티리얼즈(주)／순성공장,2023-12-27,27.0,"ITA20용 배터리14.8V 2AH Li-Po, PET 16MMPET 16mm x 0.8T x 1200m Embossed (반투명 녹색), PET 16mm x 0.8T x 1200mPET 16mm x 0.8T x 1200m Embossed (반투명 녹색) 외 12개",1266.0,9761113.0
2026-05-03,2026,5,3,주)대성씨앤씨,2025-12-22,13.0,"PP12MPP12M／M10KG(백), PP12MPP12M／M10KG(황), PP5MMx7000Mx0.5T 11.4kg 백색core 200x8T OD400 롤랩핑 400*200 외 2개",1470.0,6867600.0
2026-05-03,2026,5,3,주식회사 에이씨티,2016-01-20,2.0,".PP18MMx 15kg 삼성.11650M두께0.9mm단중8.56g, 0PP18MMx 21kg 삼성.22300M두께0.80mm단중8.8g, PP18MMx .121kg 삼성.32300M두께0.85mm단중8.8g 외 38개",19759.0,40668339.0
2026-05-03,2026,5,3,파워엠팩,2025-07-23,4.0,"15M/M (수축밴드)15M/M * 10KG, 18MMx 15kg 삼성1650M두께0.9mm단중8.56g, PE28mm 2kgPE 28M／M (백) 2KG 외 150개",83676.0,146265423.0
2026-05-04,2026,5,4,광림포장기계컨베이어,2011-05-03,9.0,"PE28mm 2kgPE 28M／M (백) 2KG, PE28mm 2kgPE28M／M(백)2KG, PE28mm 2kgPE28M／M(적)2KG 외 26개",20880.0,34859790.0
2026-05-04,2026,5,4,신대한판지(주),2024-08-12,21.0,"PP Band(자동)8mm x 0.6T x 3800m (백색) 10Kg/roll, PP12MPP12M／M10KG(검정), PP12MPP12M／M10KG(녹) 외 50개",18211.0,52711272.0
2026-05-05,2026,5,5,(주)낙원포장,2025-12-23,19.0,"PE28mm 2kgPE28M／M(백)2KG, PP10.5MPP10.5M10KG(청), PP10.5MPP10.5M10KG투명 외 5개",6033.0,11884000.0
2026-05-05,2026,5,5,(주)아이마켓코리아,2025-12-24,4.0,"PP11MM*13.34KG삼성경량밴드(황색)2300m*두께0.84mm단중5.8g GRS, PP11MM*13.34KG삼성경량밴드2300m*두께0.84mm단중5.8g GRS, PP18MM x 21Kg 삼성 황색2300M 포장중량 21Kg, 1롤/1pcs 포장 (황색) 외 1개",3843.0,7805629.0
2026-05-05,2026,5,5,ANDERSON WHOLESALE PACKAGING PTY LTD.,2025-12-14,71.0,"12 x 3,000M 0.60T12x3,000M0.60TBLUE, 12 x 3,000M 0.60T12x3,000M0.60TCLEAR, 15 x 1,000M 0.7T H/D Black15 x 1,000M 0.7T H/D Black 외 4개",19609.0,44628715.0
2026-05-05,2026,5,5,경인산업,2025-12-04,19.0,"PP12MPP12M／M10KG(백), PP12MPP12M／M10KG(청), PP12MPP12M／M10KG(황) 외 1개",1825.0,3714000.0
2026-05-05,2026,5,5,경인팩,2026-01-05,2.0,"PE28mm 2kgPE28M／M(백)2KG, PE28mm 2kgPE28M／M(적)2KG, PE28mm 2kgPE28M／M(황)2KG 외 11개",4721.0,11768386.0
2026-05-05,2026,5,5,동원팩,2026-01-05,4.0,"PE28mm 2kgPE28M／M(녹)2KG, PE28mm 2kgPE28M／M(백)2KG, PE28mm 2kgPE28M／M(청)2KG 외 6개",101.0,2608157.0
2026-05-05,2026,5,5,보우팩,2025-08-06,16.0,"PE28mm 2kgPE28M／M(백)2KG, PE28mm 2kgPE28M／M(적)2KG, PE28mm 2kgPE28M／M(청)2KG 외 28개",14014.0,48149165.0
2026-05-05,2026,5,5,신광포장기계,2026-01-05,6.0,"PE28mm 2kgPE28M／M(백)2KG, PE28mm, 6KGPE28M／M(백)6KG, PP12MPP12M／M10KG(백) 외 10개",4239.0,8956157.0
2026-05-05,2026,5,5,제일산업(주)(화성),2014-03-19,10.0,"PP12MPP 12M／M 9KG, PP12MPP12M／M10KG(황), PP12MPP12M／M9KG 외 21개",7048.0,14479062.0
2026-05-05,2026,5,5,주식회사 동원피앤아이,2025-12-26,26.0,"PE 결속끈PE#50 (백) 5500m 5KG, PE28mm 2kgPE28M／M(백)2KG, PE50mm, 4.7KGPE50M／M(황)4.7KG",4002.0,10753000.0
2026-05-05,2026,5,5,주식회사 에이씨티,2016-01-20,2.0,".PP18MMx 15kg 삼성.11650M두께0.9mm단중8.56g, 0PP18MMx 21kg 삼성.22300M두께0.80mm단중8.8g, PP18MMx .121kg 삼성.32300M두께0.85mm단중8.8g 외 38개",19759.0,40668339.0
2026-05-05,2026,5,5,한솔포장,2020-03-27,11.0,"PE28mm 2kgPE28M／M(녹)2KG, PE28mm 2kgPE28M／M(백)2KG, PE28mm 2kgPE28M／M(적)2KG 외 6개",2203.0,5624915.0
2026-05-06,2026,5,6,(주)지엔에스트레이딩,2014-06-05,3.0,".02PP18MMx 21kg 삼성.022300M두께0.9mm단중9.1g, .PP18MMx 21kg 삼성.12300M두께0.9mm단중8.8g, .PP18MMx 21kg 삼성.32300M두께0.9mm단중8.8g 외 48개",19327.0,39698211.0
2026-05-06,2026,5,6,CYKLOP PACKAGING SYSTEMS PTY LTD.,2025-12-25,34.0,"12 x 3,000M 0.65T12x3,000M0.65T BLUE, 12 x 3,000M 0.65T12x3,000M0.65T CLEAR, 15 x 1,000M 0.65T Blue15x1,000M0.65T청색 외 9개",32917.0,74746924.0
2026-05-06,2026,5,6,광림포장기계,2025-12-31,22.0,PP12MPP12M／M10KG(황),640.0,1216000.0
2026-05-06,2026,5,6,대상산업,2026-01-02,5.0,"PE28mm 2kgPE28M／M(백)2KG, PE28mm 2kgPE28M／M(청)2KG, PE28mm 2kgPE28M／M(황)2KG 외 7개",2026.0,5153024.0
2026-05-06,2026,5,6,주식회사 광림파워팩,2025-12-31,18.0,"PP12MPP12M／M10KG(황), PP12MPP12M／M12.5KG (황), PP12MPP12mm*0.72T*2800m 12.5KG(투명) 외 5개",4564.0,8718553.0
2026-05-07,2026,5,7,"SANYU CO.,LTD",2020-03-02,62.0,"15 x 100M 0.55T15 x 100M 0.55T 황색, 15 x 100M 0.55T15x100M0.55T황색, 15 x 170M 0.55T15x170M0.55T녹색 외 20개",333470.0,39286732.0
2026-05-07,2026,5,7,경인팩,2026-01-05,2.0,"PE28mm 2kgPE28M／M(백)2KG, PE28mm 2kgPE28M／M(적)2KG, PE28mm 2kgPE28M／M(황)2KG 외 11개",4721.0,11768386.0
2026-05-07,2026,5,7,신광포장기계(부산),2025-11-04,47.0,"PE28mm 2kgPE28M／M(백)2KG, 운송료",218.0,640667.0
2026-05-07,2026,5,7,주식회사 에이씨티,2016-01-20,2.0,".PP18MMx 15kg 삼성.11650M두께0.9mm단중8.56g, 0PP18MMx 21kg 삼성.22300M두께0.80mm단중8.8g, PP18MMx .121kg 삼성.32300M두께0.85mm단중8.8g 외 38개",19759.0,40668339.0
2026-05-07,2026,5,7,파워엠팩,2025-07-23,4.0,"15M/M (수축밴드)15M/M * 10KG, 18MMx 15kg 삼성1650M두께0.9mm단중8.56g, PE28mm 2kgPE 28M／M (백) 2KG 외 150개",83676.0,146265423.0
2026-05-08,2026,5,8,(주)아이마켓코리아,2025-12-24,4.0,"PP11MM*13.34KG삼성경량밴드(황색)2300m*두께0.84mm단중5.8g GRS, PP11MM*13.34KG삼성경량밴드2300m*두께0.84mm단중5.8g GRS, PP18MM x 21Kg 삼성 황색2300M 포장중량 21Kg, 1롤/1pcs 포장 (황색) 외 1개",3843.0,7805629.0
2026-05-08,2026,5,8,대영포장(주)발안공장,2021-01-04,13.0,"MOSCA 히터 수리MOSCA 히터 수리, PE 결속끈PE#50 (백) 5500m 5KG, PP12MPP12M／M10KG(황) 외 25개",9034.0,28061359.0
2026-05-08,2026,5,8,전주삼신산업,2025-12-29,13.0,"PE28mm 2kgPE28M／M(백)2KG, PP12MPP12M／M10KG(황), PP15MPP15MM*10KG(황색) 외 4개",1054.0,2411096.0
2026-05-09,2026,5,9,(주)지엔에스트레이딩,2014-06-05,3.0,".02PP18MMx 21kg 삼성.022300M두께0.9mm단중9.1g, .PP18MMx 21kg 삼성.12300M두께0.9mm단중8.8g, .PP18MMx 21kg 삼성.32300M두께0.9mm단중8.8g 외 48개",19327.0,39698211.0
2026-05-09,2026,5,9,RLBUTTON,2025-12-16,36.0,"PP 12MM12MMx1000Mx0.55MM Blue, PP19M * 1000M HD BlackPP19MM*1000M*0.85T Black, PP19M BUILDERSPP19M／M*300M 0.60T Blue 외 4개",12993.0,33425099.0
2026-05-09,2026,5,9,경인팩,2026-01-05,2.0,"PE28mm 2kgPE28M／M(백)2KG, PE28mm 2kgPE28M／M(적)2KG, PE28mm 2kgPE28M／M(황)2KG 외 11개",4721.0,11768386.0
2026-05-09,2026,5,9,동원팩,2026-01-05,4.0,"PE28mm 2kgPE28M／M(녹)2KG, PE28mm 2kgPE28M／M(백)2KG, PE28mm 2kgPE28M／M(청)2KG 외 6개",101.0,2608157.0
2026-05-09,2026,5,9,주식회사 에이씨티,2016-01-20,2.0,".PP18MMx 15kg 삼성.11650M두께0.9mm단중8.56g, 0PP18MMx 21kg 삼성.22300M두께0.80mm단중8.8g, PP18MMx .121kg 삼성.32300M두께0.85mm단중8.8g 외 38개",19759.0,40668339.0
2026-05-10,2026,5,10,광림파워팩,2021-11-04,9.0,"PE28mm 2kgPE28M／M(백)2KG, PE28mm 2kgPE28M／M(적)2KG, PE28mm 2kgPE28M／M(청)2KG 외 46개",21773.0,37841336.0
2026-05-10,2026,5,10,대상산업,2026-01-02,5.0,"PE28mm 2kgPE28M／M(백)2KG, PE28mm 2kgPE28M／M(청)2KG, PE28mm 2kgPE28M／M(황)2KG 외 7개",2026.0,5153024.0
2026-05-10,2026,5,10,서울포장기계,2022-01-21,10.0,"PP12MPP12M／M10KG(백), PP12MPP12M／M10KG(투명), PP12MPP12M／M10KG(황) 외 4개",2604.0,4541561.0
2026-05-10,2026,5,10,신광포장기계,2026-01-05,6.0,"PE28mm 2kgPE28M／M(백)2KG, PE28mm, 6KGPE28M／M(백)6KG, PP12MPP12M／M10KG(백) 외 10개",4239.0,8956157.0
2026-05-10,2026,5,10,한서포장,2021-07-29,18.0,"PE28mm 2kg.1PE28M／M(백)2KG, PE28mm 2kg.2PE28M／M(백)2KG, PE28mm 2kgPE 28M／M (백) 2KG 외 19개",7208.0,15354014.0
2026-05-10,2026,5,10,해성수출포장,2022-12-15,55.0,"PE28mm 2kgPE 28M／M (백) 2KG, PE28mm 2kgPE28M／M(백)2KG, PE28mm 2kgPE28M／M(적)2KG 외 6개",885.0,2120255.0
2026-05-11,2026,5,11,(주)아이마켓코리아,2025-12-24,4.0,"PP11MM*13.34KG삼성경량밴드(황색)2300m*두께0.84mm단중5.8g GRS, PP11MM*13.34KG삼성경량밴드2300m*두께0.84mm단중5.8g GRS, PP18MM x 21Kg 삼성 황색2300M 포장중량 21Kg, 1롤/1pcs 포장 (황색) 외 1개",3843.0,7805629.0
2026-05-11,2026,5,11,경인팩,2026-01-05,2.0,"PE28mm 2kgPE28M／M(백)2KG, PE28mm 2kgPE28M／M(적)2KG, PE28mm 2kgPE28M／M(황)2KG 외 11개",4721.0,11768386.0
2026-05-11,2026,5,11,동서포장종합상사,2025-12-18,36.0,PE28mm 2kgPE28M／M(백)2KG,120.0,372000.0
2026-05-11,2026,5,11,주식회사 에이씨티,2016-01-20,2.0,".PP18MMx 15kg 삼성.11650M두께0.9mm단중8.56g, 0PP18MMx 21kg 삼성.22300M두께0.80mm단중8.8g, PP18MMx .121kg 삼성.32300M두께0.85mm단중8.8g 외 38개",19759.0,40668339.0
2026-05-11,2026,5,11,주신산업,2026-01-05,9.0,"PE28mm 2kgPE28M／M(백)2KG, PP12MPP12M／M10KG(황), 운송료택배비",775.0,1647675.0
2026-05-11,2026,5,11,파워엠팩,2025-07-23,4.0,"15M/M (수축밴드)15M/M * 10KG, 18MMx 15kg 삼성1650M두께0.9mm단중8.56g, PE28mm 2kgPE 28M／M (백) 2KG 외 150개",83676.0,146265423.0
2026-05-12,2026,5,12,(주)지엔에스트레이딩,2014-06-05,3.0,".02PP18MMx 21kg 삼성.022300M두께0.9mm단중9.1g, .PP18MMx 21kg 삼성.12300M두께0.9mm단중8.8g, .PP18MMx 21kg 삼성.32300M두께0.9mm단중8.8g 외 48개",19327.0,39698211.0
2026-05-12,2026,5,12,KOMERI,2025-11-23,35.0,"15 x 1,000M 0.55T Yellow15x1,000M0.55T 황색, 15 x 100M 0.55T15x100M 0.55T 황색, 15 x 100M 0.55T15x100M0.55T녹색 외 6개",14064.0,39131390.0
2026-05-12,2026,5,12,광림포장기계컨베이어,2011-05-03,9.0,"PE28mm 2kgPE 28M／M (백) 2KG, PE28mm 2kgPE28M／M(백)2KG, PE28mm 2kgPE28M／M(적)2KG 외 26개",20880.0,34859790.0
2026-05-12,2026,5,12,진송팩,2026-01-02,13.0,"PE28mm 2kgPE28M／M(백)2KG, PE28mm 2kgPE28M／M(적)2KG, PE28mm 2kgPE28M／M(청)2KG 외 5개",1520.0,4001822.0
2026-05-13,2026,5,13,PARAMOUNT PAPER MERCHANTS PTY LTD.,2025-11-02,193.0,"12 x 3,000M 0.55T12 x 3,000M 0.55T 청색, 12 x 3,000M 0.55T12 x 3,000M 0.55T 투명, 12 x 3,000M 0.65T12x3,000M0.65T BLUE 외 4개",7104.0,18886177.0
2026-05-13,2026,5,13,POWERPAK,2024-04-25,69.0,"12 x 2,250M x 0.75T12x2,250M0.75TWHITE, 12 x 3,000M 0.52T12 x 3,000M 0.52T 청색, 12 x 3,000M 0.52T12 x 3,000M 0.52T 투명 외 26개",35352.0,81851283.0
2026-05-13,2026,5,13,경인팩,2026-01-05,2.0,"PE28mm 2kgPE28M／M(백)2KG, PE28mm 2kgPE28M／M(적)2KG, PE28mm 2kgPE28M／M(황)2KG 외 11개",4721.0,11768386.0
2026-05-13,2026,5,13,금산포장,2026-01-05,17.0,"PE28mm 2kgPE28M／M(백)2KG, PE28mm, 6KGPE28M／M(백)6KG, PP12MPP12M／M10KG(투명) 외 2개",1205.0,2820867.0
2026-05-13,2026,5,13,동원팩,2026-01-05,4.0,"PE28mm 2kgPE28M／M(녹)2KG, PE28mm 2kgPE28M／M(백)2KG, PE28mm 2kgPE28M／M(청)2KG 외 6개",101.0,2608157.0
2026-05-13,2026,5,13,주식회사 에이씨티,2016-01-20,2.0,".PP18MMx 15kg 삼성.11650M두께0.9mm단중8.56g, 0PP18MMx 21kg 삼성.22300M두께0.80mm단중8.8g, PP18MMx .121kg 삼성.32300M두께0.85mm단중8.8g 외 38개",19759.0,40668339.0
2026-05-14,2026,5,14,(주)아이마켓코리아,2025-12-24,4.0,"PP11MM*13.34KG삼성경량밴드(황색)2300m*두께0.84mm단중5.8g GRS, PP11MM*13.34KG삼성경량밴드2300m*두께0.84mm단중5.8g GRS, PP18MM x 21Kg 삼성 황색2300M 포장중량 21Kg, 1롤/1pcs 포장 (황색) 외 1개",3843.0,7805629.0
2026-05-14,2026,5,14,대상산업,2026-01-02,5.0,"PE28mm 2kgPE28M／M(백)2KG, PE28mm 2kgPE28M／M(청)2KG, PE28mm 2kgPE28M／M(황)2KG 외 7개",2026.0,5153024.0
2026-05-14,2026,5,14,주식회사 대한종합포장,2025-11-24,20.0,"PP12MPP12M／M10KG(백), PP15MPP15MM*10KG(황색), PP5MMx7000Mx0.5T 백색 외 1개",3945.0,10935000.0
2026-05-15,2026,5,15,(주)지엔에스트레이딩,2014-06-05,3.0,".02PP18MMx 21kg 삼성.022300M두께0.9mm단중9.1g, .PP18MMx 21kg 삼성.12300M두께0.9mm단중8.8g, .PP18MMx 21kg 삼성.32300M두께0.9mm단중8.8g 외 48개",19327.0,39698211.0
2026-05-15,2026,5,15,경인팩,2026-01-05,2.0,"PE28mm 2kgPE28M／M(백)2KG, PE28mm 2kgPE28M／M(적)2KG, PE28mm 2kgPE28M／M(황)2KG 외 11개",4721.0,11768386.0
2026-05-15,2026,5,15,대경(박타원),2017-01-02,16.0,"PE28mm 2kgPE 28M／M (백) 2KG, PE28mm 2kgPE 28M／M (적) 2KG, PE28mm 2kgPE 28M／M (적)2KG 외 26개",8087.0,18034594.0
2026-05-15,2026,5,15,신광포장기계,2026-01-05,6.0,"PE28mm 2kgPE28M／M(백)2KG, PE28mm, 6KGPE28M／M(백)6KG, PP12MPP12M／M10KG(백) 외 10개",4239.0,8956157.0
2026-05-15,2026,5,15,제일산업(주)(화성),2014-03-19,10.0,"PP12MPP 12M／M 9KG, PP12MPP12M／M10KG(황), PP12MPP12M／M9KG 외 21개",7048.0,14479062.0
2026-05-15,2026,5,15,주)대성씨앤씨,2025-12-22,13.0,"PP12MPP12M／M10KG(백), PP12MPP12M／M10KG(황), PP5MMx7000Mx0.5T 11.4kg 백색core 200x8T OD400 롤랩핑 400*200 외 2개",1470.0,6867600.0
2026-05-15,2026,5,15,주식회사 에이씨티,2016-01-20,2.0,".PP18MMx 15kg 삼성.11650M두께0.9mm단중8.56g, 0PP18MMx 21kg 삼성.22300M두께0.80mm단중8.8g, PP18MMx .121kg 삼성.32300M두께0.85mm단중8.8g 외 38개",19759.0,40668339.0
2026-05-15,2026,5,15,파워엠팩,2025-07-23,4.0,"15M/M (수축밴드)15M/M * 10KG, 18MMx 15kg 삼성1650M두께0.9mm단중8.56g, PE28mm 2kgPE 28M／M (백) 2KG 외 150개",83676.0,146265423.0
2026-05-15,2026,5,15,한국전자금융(주),2018-12-17,22.0,"무인쇄 11mm x 0.70T x 1000m화폐밴딩끈 지관200x190, 스트레치필름(Baby Roll)20*100mm*150m (Plastic Handle), 스트레치필름(일반 핸드랩)15*500mm*400m 외 1개",176.0,665812.0
2026-05-15,2026,5,15,한남포장기계,2025-12-16,25.0,"PE28mm 2kgPE28M／M(백)2KG, PP12MPP12M／M9KG(황)",1900.0,4650000.0
2026-05-15,2026,5,15,한솔포장,2020-03-27,11.0,"PE28mm 2kgPE28M／M(녹)2KG, PE28mm 2kgPE28M／M(백)2KG, PE28mm 2kgPE28M／M(적)2KG 외 6개",2203.0,5624915.0
2026-05-16,2026,5,16,(주)탐스텍,2025-12-29,70.0,"12 x 3,000M 0.60T12x3,000M0.60TBLUE, 15 x 2,000M 0.50T15 x 2,000M 0.50T 청색, PP 12MM 2000M 0.80MM Blue12mm 2000m 0.80mm Blue",7022.0,14044140.0
2026-05-17,2026,5,17,(주)아이마켓코리아,2025-12-24,4.0,"PP11MM*13.34KG삼성경량밴드(황색)2300m*두께0.84mm단중5.8g GRS, PP11MM*13.34KG삼성경량밴드2300m*두께0.84mm단중5.8g GRS, PP18MM x 21Kg 삼성 황색2300M 포장중량 21Kg, 1롤/1pcs 포장 (황색) 외 1개",3843.0,7805629.0
2026-05-17,2026,5,17,경인팩,2026-01-05,2.0,"PE28mm 2kgPE28M／M(백)2KG, PE28mm 2kgPE28M／M(적)2KG, PE28mm 2kgPE28M／M(황)2KG 외 11개",4721.0,11768386.0
2026-05-17,2026,5,17,동원팩,2026-01-05,4.0,"PE28mm 2kgPE28M／M(녹)2KG, PE28mm 2kgPE28M／M(백)2KG, PE28mm 2kgPE28M／M(청)2KG 외 6개",101.0,2608157.0
2026-05-17,2026,5,17,주식회사 에이씨티,2016-01-20,2.0,".PP18MMx 15kg 삼성.11650M두께0.9mm단중8.56g, 0PP18MMx 21kg 삼성.22300M두께0.80mm단중8.8g, PP18MMx .121kg 삼성.32300M두께0.85mm단중8.8g 외 38개",19759.0,40668339.0
2026-05-18,2026,5,18,(주)삼화인쇄,2023-07-18,24.0,"PE28mm 2kgPE28M／M(백)2KG, PP 11MM11MM -10KG (백), PP 11MM11MM-10KG(백) 외 20개",15071.0,28566924.0
2026-05-18,2026,5,18,(주)지엔에스트레이딩,2014-06-05,3.0,".02PP18MMx 21kg 삼성.022300M두께0.9mm단중9.1g, .PP18MMx 21kg 삼성.12300M두께0.9mm단중8.8g, .PP18MMx 21kg 삼성.32300M두께0.9mm단중8.8g 외 48개",19327.0,39698211.0
2026-05-18,2026,5,18,광림파워팩,2021-11-04,9.0,"PE28mm 2kgPE28M／M(백)2KG, PE28mm 2kgPE28M／M(적)2KG, PE28mm 2kgPE28M／M(청)2KG 외 46개",21773.0,37841336.0
2026-05-18,2026,5,18,대상산업,2026-01-02,5.0,"PE28mm 2kgPE28M／M(백)2KG, PE28mm 2kgPE28M／M(청)2KG, PE28mm 2kgPE28M／M(황)2KG 외 7개",2026.0,5153024.0
2026-05-18,2026,5,18,합동포장기계,2026-01-05,20.0,"PE28mm 2kgPE28M／M(백)2KG, PP12MPP12M／M10KG(백), PP12MPP12M／M10KG(황) 외 8개",4658.0,10400083.0
2026-05-19,2026,5,19,경인팩,2026-01-05,2.0,"PE28mm 2kgPE28M／M(백)2KG, PE28mm 2kgPE28M／M(적)2KG, PE28mm 2kgPE28M／M(황)2KG 외 11개",4721.0,11768386.0
2026-05-19,2026,5,19,우선산업,2025-12-26,24.0,"PE28mm 2kgPE28M／M(백)2KG, PE50mm, 4.5KGPE50M／M(백)4.5KG, PP 재생원료적색",2942.0,5004300.0
2026-05-19,2026,5,19,주식회사 에이씨티,2016-01-20,2.0,".PP18MMx 15kg 삼성.11650M두께0.9mm단중8.56g, 0PP18MMx 21kg 삼성.22300M두께0.80mm단중8.8g, PP18MMx .121kg 삼성.32300M두께0.85mm단중8.8g 외 38개",19759.0,40668339.0
2026-05-19,2026,5,19,파워엠팩,2025-07-23,4.0,"15M/M (수축밴드)15M/M * 10KG, 18MMx 15kg 삼성1650M두께0.9mm단중8.56g, PE28mm 2kgPE 28M／M (백) 2KG 외 150개",83676.0,146265423.0
2026-05-20,2026,5,20,(주)아이마켓코리아,2025-12-24,4.0,"PP11MM*13.34KG삼성경량밴드(황색)2300m*두께0.84mm단중5.8g GRS, PP11MM*13.34KG삼성경량밴드2300m*두께0.84mm단중5.8g GRS, PP18MM x 21Kg 삼성 황색2300M 포장중량 21Kg, 1롤/1pcs 포장 (황색) 외 1개",3843.0,7805629.0
2026-05-20,2026,5,20,광림포장기계컨베이어,2011-05-03,9.0,"PE28mm 2kgPE 28M／M (백) 2KG, PE28mm 2kgPE28M／M(백)2KG, PE28mm 2kgPE28M／M(적)2KG 외 26개",20880.0,34859790.0
2026-05-20,2026,5,20,서울포장기계,2022-01-21,10.0,"PP12MPP12M／M10KG(백), PP12MPP12M／M10KG(투명), PP12MPP12M／M10KG(황) 외 4개",2604.0,4541561.0
2026-05-20,2026,5,20,신광포장기계,2026-01-05,6.0,"PE28mm 2kgPE28M／M(백)2KG, PE28mm, 6KGPE28M／M(백)6KG, PP12MPP12M／M10KG(백) 외 10개",4239.0,8956157.0
2026-05-20,2026,5,20,주신산업,2026-01-05,9.0,"PE28mm 2kgPE28M／M(백)2KG, PP12MPP12M／M10KG(황), 운송료택배비",775.0,1647675.0
2026-05-21,2026,5,21,(주)지엔에스트레이딩,2014-06-05,3.0,".02PP18MMx 21kg 삼성.022300M두께0.9mm단중9.1g, .PP18MMx 21kg 삼성.12300M두께0.9mm단중8.8g, .PP18MMx 21kg 삼성.32300M두께0.9mm단중8.8g 외 48개",19327.0,39698211.0
2026-05-21,2026,5,21,경인팩,2026-01-05,2.0,"PE28mm 2kgPE28M／M(백)2KG, PE28mm 2kgPE28M／M(적)2KG, PE28mm 2kgPE28M／M(황)2KG 외 11개",4721.0,11768386.0
2026-05-21,2026,5,21,대영포장(주)발안공장,2021-01-04,13.0,"MOSCA 히터 수리MOSCA 히터 수리, PE 결속끈PE#50 (백) 5500m 5KG, PP12MPP12M／M10KG(황) 외 25개",9034.0,28061359.0
2026-05-21,2026,5,21,동원팩,2026-01-05,4.0,"PE28mm 2kgPE28M／M(녹)2KG, PE28mm 2kgPE28M／M(백)2KG, PE28mm 2kgPE28M／M(청)2KG 외 6개",101.0,2608157.0
2026-05-21,2026,5,21,보우팩,2025-08-06,16.0,"PE28mm 2kgPE28M／M(백)2KG, PE28mm 2kgPE28M／M(적)2KG, PE28mm 2kgPE28M／M(청)2KG 외 28개",14014.0,48149165.0
2026-05-21,2026,5,21,전주삼신산업,2025-12-29,13.0,"PE28mm 2kgPE28M／M(백)2KG, PP12MPP12M／M10KG(황), PP15MPP15MM*10KG(황색) 외 4개",1054.0,2411096.0
2026-05-21,2026,5,21,주식회사 에이스팩,2024-08-08,31.0,"PP15MPP15MM*10KG(황색), PP15MPP15M／M13KG(황), 스트레치필름(일반 기계)25*500*1400 외 6개",565.0,4935364.0
2026-05-21,2026,5,21,주식회사 에이씨티,2016-01-20,2.0,".PP18MMx 15kg 삼성.11650M두께0.9mm단중8.56g, 0PP18MMx 21kg 삼성.22300M두께0.80mm단중8.8g, PP18MMx .121kg 삼성.32300M두께0.85mm단중8.8g 외 38개",19759.0,40668339.0
2026-05-22,2026,5,22,대상산업,2026-01-02,5.0,"PE28mm 2kgPE28M／M(백)2KG, PE28mm 2kgPE28M／M(청)2KG, PE28mm 2kgPE28M／M(황)2KG 외 7개",2026.0,5153024.0
2026-05-22,2026,5,22,한국미쓰비시상사(주),2015-04-03,49.0,"CALPETCALPET, PE28mm 2kgPE 28M／M (적) 2KG, PE28mm 2kgPE 28M／M(청) 2KG 외 45개",86912.0,182354769.0
2026-05-23,2026,5,23,(주)아이마켓코리아,2025-12-24,4.0,"PP11MM*13.34KG삼성경량밴드(황색)2300m*두께0.84mm단중5.8g GRS, PP11MM*13.34KG삼성경량밴드2300m*두께0.84mm단중5.8g GRS, PP18MM x 21Kg 삼성 황색2300M 포장중량 21Kg, 1롤/1pcs 포장 (황색) 외 1개",3843.0,7805629.0
2026-05-23,2026,5,23,경인팩,2026-01-05,2.0,"PE28mm 2kgPE28M／M(백)2KG, PE28mm 2kgPE28M／M(적)2KG, PE28mm 2kgPE28M／M(황)2KG 외 11개",4721.0,11768386.0
2026-05-23,2026,5,23,주식회사 에이씨티,2016-01-20,2.0,".PP18MMx 15kg 삼성.11650M두께0.9mm단중8.56g, 0PP18MMx 21kg 삼성.22300M두께0.80mm단중8.8g, PP18MMx .121kg 삼성.32300M두께0.85mm단중8.8g 외 38개",19759.0,40668339.0
2026-05-23,2026,5,23,파워엠팩,2025-07-23,4.0,"15M/M (수축밴드)15M/M * 10KG, 18MMx 15kg 삼성1650M두께0.9mm단중8.56g, PE28mm 2kgPE 28M／M (백) 2KG 외 150개",83676.0,146265423.0
2026-05-24,2026,5,24,(주)낙원포장,2025-12-23,19.0,"PE28mm 2kgPE28M／M(백)2KG, PP10.5MPP10.5M10KG(청), PP10.5MPP10.5M10KG투명 외 5개",6033.0,11884000.0
2026-05-24,2026,5,24,(주)지엔에스트레이딩,2014-06-05,3.0,".02PP18MMx 21kg 삼성.022300M두께0.9mm단중9.1g, .PP18MMx 21kg 삼성.12300M두께0.9mm단중8.8g, .PP18MMx 21kg 삼성.32300M두께0.9mm단중8.8g 외 48개",19327.0,39698211.0
2026-05-24,2026,5,24,경인산업,2025-12-04,19.0,"PP12MPP12M／M10KG(백), PP12MPP12M／M10KG(청), PP12MPP12M／M10KG(황) 외 1개",1825.0,3714000.0
2026-05-24,2026,5,24,주식회사 광림파워팩,2025-12-31,18.0,"PP12MPP12M／M10KG(황), PP12MPP12M／M12.5KG (황), PP12MPP12mm*0.72T*2800m 12.5KG(투명) 외 5개",4564.0,8718553.0
2026-05-25,2026,5,25,경인팩,2026-01-05,2.0,"PE28mm 2kgPE28M／M(백)2KG, PE28mm 2kgPE28M／M(적)2KG, PE28mm 2kgPE28M／M(황)2KG 외 11개",4721.0,11768386.0
2026-05-25,2026,5,25,동원팩,2026-01-05,4.0,"PE28mm 2kgPE28M／M(녹)2KG, PE28mm 2kgPE28M／M(백)2KG, PE28mm 2kgPE28M／M(청)2KG 외 6개",101.0,2608157.0
2026-05-25,2026,5,25,신광포장기계,2026-01-05,6.0,"PE28mm 2kgPE28M／M(백)2KG, PE28mm, 6KGPE28M／M(백)6KG, PP12MPP12M／M10KG(백) 외 10개",4239.0,8956157.0
2026-05-25,2026,5,25,신대한판지(주),2024-08-12,21.0,"PP Band(자동)8mm x 0.6T x 3800m (백색) 10Kg/roll, PP12MPP12M／M10KG(검정), PP12MPP12M／M10KG(녹) 외 50개",18211.0,52711272.0
2026-05-25,2026,5,25,제일산업(주)(화성),2014-03-19,10.0,"PP12MPP 12M／M 9KG, PP12MPP12M／M10KG(황), PP12MPP12M／M9KG 외 21개",7048.0,14479062.0
2026-05-25,2026,5,25,주식회사 에이씨티,2016-01-20,2.0,".PP18MMx 15kg 삼성.11650M두께0.9mm단중8.56g, 0PP18MMx 21kg 삼성.22300M두께0.80mm단중8.8g, PP18MMx .121kg 삼성.32300M두께0.85mm단중8.8g 외 38개",19759.0,40668339.0
2026-05-25,2026,5,25,진송팩,2026-01-02,13.0,"PE28mm 2kgPE28M／M(백)2KG, PE28mm 2kgPE28M／M(적)2KG, PE28mm 2kgPE28M／M(청)2KG 외 5개",1520.0,4001822.0
2026-05-25,2026,5,25,한솔포장,2020-03-27,11.0,"PE28mm 2kgPE28M／M(녹)2KG, PE28mm 2kgPE28M／M(백)2KG, PE28mm 2kgPE28M／M(적)2KG 외 6개",2203.0,5624915.0
2026-05-26,2026,5,26,(주)아이마켓코리아,2025-12-24,4.0,"PP11MM*13.34KG삼성경량밴드(황색)2300m*두께0.84mm단중5.8g GRS, PP11MM*13.34KG삼성경량밴드2300m*두께0.84mm단중5.8g GRS, PP18MM x 21Kg 삼성 황색2300M 포장중량 21Kg, 1롤/1pcs 포장 (황색) 외 1개",3843.0,7805629.0
2026-05-26,2026,5,26,광림파워팩,2021-11-04,9.0,"PE28mm 2kgPE28M／M(백)2KG, PE28mm 2kgPE28M／M(적)2KG, PE28mm 2kgPE28M／M(청)2KG 외 46개",21773.0,37841336.0
2026-05-26,2026,5,26,대상산업,2026-01-02,5.0,"PE28mm 2kgPE28M／M(백)2KG, PE28mm 2kgPE28M／M(청)2KG, PE28mm 2kgPE28M／M(황)2KG 외 7개",2026.0,5153024.0
2026-05-26,2026,5,26,제일포장(김해),2025-04-08,59.0,"PE28mm 2kgPE 28M／M (백) 2KG, PE28mm 2kgPE28M／M(녹)2KG, PE28mm 2kgPE28M／M(백)2KG 외 5개",3968.0,10800691.0
2026-05-27,2026,5,27,(주)지엔에스트레이딩,2014-06-05,3.0,".02PP18MMx 21kg 삼성.022300M두께0.9mm단중9.1g, .PP18MMx 21kg 삼성.12300M두께0.9mm단중8.8g, .PP18MMx 21kg 삼성.32300M두께0.9mm단중8.8g 외 48개",19327.0,39698211.0
2026-05-27,2026,5,27,경인팩,2026-01-05,2.0,"PE28mm 2kgPE28M／M(백)2KG, PE28mm 2kgPE28M／M(적)2KG, PE28mm 2kgPE28M／M(황)2KG 외 11개",4721.0,11768386.0
2026-05-27,2026,5,27,광림포장기계,2025-12-31,22.0,PP12MPP12M／M10KG(황),640.0,1216000.0
2026-05-27,2026,5,27,주)대성씨앤씨,2025-12-22,13.0,"PP12MPP12M／M10KG(백), PP12MPP12M／M10KG(황), PP5MMx7000Mx0.5T 11.4kg 백색core 200x8T OD400 롤랩핑 400*200 외 2개",1470.0,6867600.0
2026-05-27,2026,5,27,주식회사 에이씨티,2016-01-20,2.0,".PP18MMx 15kg 삼성.11650M두께0.9mm단중8.56g, 0PP18MMx 21kg 삼성.22300M두께0.80mm단중8.8g, PP18MMx .121kg 삼성.32300M두께0.85mm단중8.8g 외 38개",19759.0,40668339.0
2026-05-27,2026,5,27,파워엠팩,2025-07-23,4.0,"15M/M (수축밴드)15M/M * 10KG, 18MMx 15kg 삼성1650M두께0.9mm단중8.56g, PE28mm 2kgPE 28M／M (백) 2KG 외 150개",83676.0,146265423.0
2026-05-28,2026,5,28,광림포장기계컨베이어,2011-05-03,9.0,"PE28mm 2kgPE 28M／M (백) 2KG, PE28mm 2kgPE28M／M(백)2KG, PE28mm 2kgPE28M／M(적)2KG 외 26개",20880.0,34859790.0
2026-05-28,2026,5,28,한서포장,2021-07-29,18.0,"PE28mm 2kg.1PE28M／M(백)2KG, PE28mm 2kg.2PE28M／M(백)2KG, PE28mm 2kgPE 28M／M (백) 2KG 외 19개",7208.0,15354014.0
2026-05-29,2026,5,29,(주)아이마켓코리아,2025-12-24,4.0,"PP11MM*13.34KG삼성경량밴드(황색)2300m*두께0.84mm단중5.8g GRS, PP11MM*13.34KG삼성경량밴드2300m*두께0.84mm단중5.8g GRS, PP18MM x 21Kg 삼성 황색2300M 포장중량 21Kg, 1롤/1pcs 포장 (황색) 외 1개",3843.0,7805629.0
2026-05-29,2026,5,29,경인팩,2026-01-05,2.0,"PE28mm 2kgPE28M／M(백)2KG, PE28mm 2kgPE28M／M(적)2KG, PE28mm 2kgPE28M／M(황)2KG 외 11개",4721.0,11768386.0
2026-05-29,2026,5,29,금산포장,2026-01-05,17.0,"PE28mm 2kgPE28M／M(백)2KG, PE28mm, 6KGPE28M／M(백)6KG, PP12MPP12M／M10KG(투명) 외 2개",1205.0,2820867.0
2026-05-29,2026,5,29,동원팩,2026-01-05,4.0,"PE28mm 2kgPE28M／M(녹)2KG, PE28mm 2kgPE28M／M(백)2KG, PE28mm 2kgPE28M／M(청)2KG 외 6개",101.0,2608157.0
2026-05-29,2026,5,29,제이케이머티리얼즈(주)／순성공장,2023-12-27,27.0,"ITA20용 배터리14.8V 2AH Li-Po, PET 16MMPET 16mm x 0.8T x 1200m Embossed (반투명 녹색), PET 16mm x 0.8T x 1200mPET 16mm x 0.8T x 1200m Embossed (반투명 녹색) 외 12개",1266.0,9761113.0
2026-05-29,2026,5,29,주식회사 에이씨티,2016-01-20,2.0,".PP18MMx 15kg 삼성.11650M두께0.9mm단중8.56g, 0PP18MMx 21kg 삼성.22300M두께0.80mm단중8.8g, PP18MMx .121kg 삼성.32300M두께0.85mm단중8.8g 외 38개",19759.0,40668339.0
2026-05-29,2026,5,29,주신산업,2026-01-05,9.0,"PE28mm 2kgPE28M／M(백)2KG, PP12MPP12M／M10KG(황), 운송료택배비",775.0,1647675.0
2026-05-30,2026,5,30,(주)지엔에스트레이딩,2014-06-05,3.0,".02PP18MMx 21kg 삼성.022300M두께0.9mm단중9.1g, .PP18MMx 21kg 삼성.12300M두께0.9mm단중8.8g, .PP18MMx 21kg 삼성.32300M두께0.9mm단중8.8g 외 48개",19327.0,39698211.0
2026-05-30,2026,5,30,대경(박타원),2017-01-02,16.0,"PE28mm 2kgPE 28M／M (백) 2KG, PE28mm 2kgPE 28M／M (적) 2KG, PE28mm 2kgPE 28M／M (적)2KG 외 26개",8087.0,18034594.0
2026-05-30,2026,5,30,대상산업,2026-01-02,5.0,"PE28mm 2kgPE28M／M(백)2KG, PE28mm 2kgPE28M／M(청)2KG, PE28mm 2kgPE28M／M(황)2KG 외 7개",2026.0,5153024.0
2026-05-30,2026,5,30,삼원산업,2025-12-31,30.0,"PP12MPP12M／M10KG(황), PP12MPP12M／M12KG(투명), PP12MPP12M／M12KG(황) 외 2개",2700.0,5300000.0
2026-05-30,2026,5,30,서울포장기계,2022-01-21,10.0,"PP12MPP12M／M10KG(백), PP12MPP12M／M10KG(투명), PP12MPP12M／M10KG(황) 외 4개",2604.0,4541561.0
2026-05-30,2026,5,30,신광포장기계,2026-01-05,6.0,"PE28mm 2kgPE28M／M(백)2KG, PE28mm, 6KGPE28M／M(백)6KG, PP12MPP12M／M10KG(백) 외 10개",4239.0,8956157.0
2026-05-30,2026,5,30,한국포장기계,2025-12-29,39.0,"PE28mm 2kgPE28M／M(백)2KG, PE28mm 2kgPE28M／M(적)2KG, PE28mm 2kgPE28M／M(청)2KG 외 4개",4551.0,11201933.0
2026-05-31,2026,5,31,강원농협연합포장재가공사업소,2025-11-17,40.0,PP12MPP12M／M12.5KG (황),2812.0,4893750.0
2026-05-31,2026,5,31,경인팩,2026-01-05,2.0,"PE28mm 2kgPE28M／M(백)2KG, PE28mm 2kgPE28M／M(적)2KG, PE28mm 2kgPE28M／M(황)2KG 외 11개",4721.0,11768386.0
2026-05-31,2026,5,31,주식회사 동원피앤아이,2025-12-26,26.0,"PE 결속끈PE#50 (백) 5500m 5KG, PE28mm 2kgPE28M／M(백)2KG, PE50mm, 4.7KGPE50M／M(황)4.7KG",4002.0,10753000.0
2026-05-31,2026,5,31,주식회사 에이씨티,2016-01-20,2.0,".PP18MMx 15kg 삼성.11650M두께0.9mm단중8.56g, 0PP18MMx 21kg 삼성.22300M두께0.80mm단중8.8g, PP18MMx .121kg 삼성.32300M두께0.85mm단중8.8g 외 38개",19759.0,40668339.0
2026-05-31,2026,5,31,파워엠팩,2025-07-23,4.0,"15M/M (수축밴드)15M/M * 10KG, 18MMx 15kg 삼성1650M두께0.9mm단중8.56g, PE28mm 2kgPE 28M／M (백) 2KG 외 150개",83676.0,146265423.0
2026-06-01,2026,6,1,(주)아이마켓코리아,2025-12-24,4.0,"PP11MM*13.34KG삼성경량밴드(황색)2300m*두께0.84mm단중5.8g GRS, PP11MM*13.34KG삼성경량밴드2300m*두께0.84mm단중5.8g GRS, PP18MM x 21Kg 삼성 황색2300M 포장중량 21Kg, 1롤/1pcs 포장 (황색) 외 1개",3843.0,7805629.0
2026-06-02,2026,6,2,(주)지엔에스트레이딩,2014-06-05,3.0,".02PP18MMx 21kg 삼성.022300M두께0.9mm단중9.1g, .PP18MMx 21kg 삼성.12300M두께0.9mm단중8.8g, .PP18MMx 21kg 삼성.32300M두께0.9mm단중8.8g 외 48개",19327.0,39698211.0
2026-06-02,2026,6,2,경인팩,2026-01-05,2.0,"PE28mm 2kgPE28M／M(백)2KG, PE28mm 2kgPE28M／M(적)2KG, PE28mm 2kgPE28M／M(황)2KG 외 11개",4721.0,11768386.0
2026-06-02,2026,6,2,동방포장기자재,2025-11-24,39.0,PP12MPP12M／M10KG(황),845.0,1647750.0
2026-06-02,2026,6,2,동원팩,2026-01-05,4.0,"PE28mm 2kgPE28M／M(녹)2KG, PE28mm 2kgPE28M／M(백)2KG, PE28mm 2kgPE28M／M(청)2KG 외 6개",101.0,2608157.0
2026-06-02,2026,6,2,주식회사 대한종합포장,2025-11-24,20.0,"PP12MPP12M／M10KG(백), PP15MPP15MM*10KG(황색), PP5MMx7000Mx0.5T 백색 외 1개",3945.0,10935000.0
2026-06-02,2026,6,2,주식회사 에이씨티,2016-01-20,2.0,".PP18MMx 15kg 삼성.11650M두께0.9mm단중8.56g, 0PP18MMx 21kg 삼성.22300M두께0.80mm단중8.8g, PP18MMx .121kg 삼성.32300M두께0.85mm단중8.8g 외 38개",19759.0,40668339.0
2026-06-03,2026,6,3,광림파워팩,2021-11-04,9.0,"PE28mm 2kgPE28M／M(백)2KG, PE28mm 2kgPE28M／M(적)2KG, PE28mm 2kgPE28M／M(청)2KG 외 46개",21773.0,37841336.0
2026-06-03,2026,6,3,대상산업,2026-01-02,5.0,"PE28mm 2kgPE28M／M(백)2KG, PE28mm 2kgPE28M／M(청)2KG, PE28mm 2kgPE28M／M(황)2KG 외 7개",2026.0,5153024.0
2026-06-03,2026,6,3,대영포장(주)발안공장,2021-01-04,13.0,"MOSCA 히터 수리MOSCA 히터 수리, PE 결속끈PE#50 (백) 5500m 5KG, PP12MPP12M／M10KG(황) 외 25개",9034.0,28061359.0
2026-06-03,2026,6,3,전주삼신산업,2025-12-29,13.0,"PE28mm 2kgPE28M／M(백)2KG, PP12MPP12M／M10KG(황), PP15MPP15MM*10KG(황색) 외 4개",1054.0,2411096.0
2026-06-04,2026,6,4,(주)아이마켓코리아,2025-12-24,4.0,"PP11MM*13.34KG삼성경량밴드(황색)2300m*두께0.84mm단중5.8g GRS, PP11MM*13.34KG삼성경량밴드2300m*두께0.84mm단중5.8g GRS, PP18MM x 21Kg 삼성 황색2300M 포장중량 21Kg, 1롤/1pcs 포장 (황색) 외 1개",3843.0,7805629.0
2026-06-04,2026,6,4,HIGHGATE DISTRIBUTION,2024-04-11,99.0,"12 x 3,000M 0.63T Clear w/EST 2497 Black printed12 x 3,000M 0.63T Clear w/EST 2497 Black printed, 12 x 3,000M 0.63T Clear w/EST 2497 Black printed12 x 3,000M 0.65T Clear w/EST 2497 Black printed, 12 x 3,000M 0.63T White w/EST 206 Black printed12 x 3,000M 0.63T White w/EST 206 Black printed 외 22개",57026.0,123889414.0
2026-06-04,2026,6,4,경인팩,2026-01-05,2.0,"PE28mm 2kgPE28M／M(백)2KG, PE28mm 2kgPE28M／M(적)2KG, PE28mm 2kgPE28M／M(황)2KG 외 11개",4721.0,11768386.0
2026-06-04,2026,6,4,신광포장기계,2026-01-05,6.0,"PE28mm 2kgPE28M／M(백)2KG, PE28mm, 6KGPE28M／M(백)6KG, PP12MPP12M／M10KG(백) 외 10개",4239.0,8956157.0
2026-06-04,2026,6,4,제일산업(주)(화성),2014-03-19,10.0,"PP12MPP 12M／M 9KG, PP12MPP12M／M10KG(황), PP12MPP12M／M9KG 외 21개",7048.0,14479062.0
2026-06-04,2026,6,4,주식회사 에이씨티,2016-01-20,2.0,".PP18MMx 15kg 삼성.11650M두께0.9mm단중8.56g, 0PP18MMx 21kg 삼성.22300M두께0.80mm단중8.8g, PP18MMx .121kg 삼성.32300M두께0.85mm단중8.8g 외 38개",19759.0,40668339.0
2026-06-04,2026,6,4,파워엠팩,2025-07-23,4.0,"15M/M (수축밴드)15M/M * 10KG, 18MMx 15kg 삼성1650M두께0.9mm단중8.56g, PE28mm 2kgPE 28M／M (백) 2KG 외 150개",83676.0,146265423.0
2026-06-04,2026,6,4,한솔포장,2020-03-27,11.0,"PE28mm 2kgPE28M／M(녹)2KG, PE28mm 2kgPE28M／M(백)2KG, PE28mm 2kgPE28M／M(적)2KG 외 6개",2203.0,5624915.0
2026-06-05,2026,6,5,(주)지엔에스트레이딩,2014-06-05,3.0,".02PP18MMx 21kg 삼성.022300M두께0.9mm단중9.1g, .PP18MMx 21kg 삼성.12300M두께0.9mm단중8.8g, .PP18MMx 21kg 삼성.32300M두께0.9mm단중8.8g 외 48개",19327.0,39698211.0
2026-06-05,2026,6,5,광림포장기계컨베이어,2011-05-03,9.0,"PE28mm 2kgPE 28M／M (백) 2KG, PE28mm 2kgPE28M／M(백)2KG, PE28mm 2kgPE28M／M(적)2KG 외 26개",20880.0,34859790.0
2026-06-05,2026,6,5,상일교역상사,2025-08-13,75.0,"12 x 1,707M 0.78T12x1,707M 0.78T 백색, 12 x 3,017M 0.55T12x3,017M 0.55T 검정, 12 x 3,017M 0.55T12x3,017M 0.55T 녹색 외 20개",49231.0,112608367.0
2026-06-06,2026,6,6,경인팩,2026-01-05,2.0,"PE28mm 2kgPE28M／M(백)2KG, PE28mm 2kgPE28M／M(적)2KG, PE28mm 2kgPE28M／M(황)2KG 외 11개",4721.0,11768386.0
2026-06-06,2026,6,6,동원팩,2026-01-05,4.0,"PE28mm 2kgPE28M／M(녹)2KG, PE28mm 2kgPE28M／M(백)2KG, PE28mm 2kgPE28M／M(청)2KG 외 6개",101.0,2608157.0
2026-06-06,2026,6,6,보우팩,2025-08-06,16.0,"PE28mm 2kgPE28M／M(백)2KG, PE28mm 2kgPE28M／M(적)2KG, PE28mm 2kgPE28M／M(청)2KG 외 28개",14014.0,48149165.0
2026-06-06,2026,6,6,주식회사 에이씨티,2016-01-20,2.0,".PP18MMx 15kg 삼성.11650M두께0.9mm단중8.56g, 0PP18MMx 21kg 삼성.22300M두께0.80mm단중8.8g, PP18MMx .121kg 삼성.32300M두께0.85mm단중8.8g 외 38개",19759.0,40668339.0
2026-06-06,2026,6,6,한국전자금융(주),2018-12-17,22.0,"무인쇄 11mm x 0.70T x 1000m화폐밴딩끈 지관200x190, 스트레치필름(Baby Roll)20*100mm*150m (Plastic Handle), 스트레치필름(일반 핸드랩)15*500mm*400m 외 1개",176.0,665812.0
2026-06-06,2026,6,6,합동포장기계,2026-01-05,20.0,"PE28mm 2kgPE28M／M(백)2KG, PP12MPP12M／M10KG(백), PP12MPP12M／M10KG(황) 외 8개",4658.0,10400083.0
2026-06-07,2026,6,7,(주)아이마켓코리아,2025-12-24,4.0,"PP11MM*13.34KG삼성경량밴드(황색)2300m*두께0.84mm단중5.8g GRS, PP11MM*13.34KG삼성경량밴드2300m*두께0.84mm단중5.8g GRS, PP18MM x 21Kg 삼성 황색2300M 포장중량 21Kg, 1롤/1pcs 포장 (황색) 외 1개",3843.0,7805629.0
2026-06-07,2026,6,7,대상산업,2026-01-02,5.0,"PE28mm 2kgPE28M／M(백)2KG, PE28mm 2kgPE28M／M(청)2KG, PE28mm 2kgPE28M／M(황)2KG 외 7개",2026.0,5153024.0
2026-06-07,2026,6,7,주신산업,2026-01-05,9.0,"PE28mm 2kgPE28M／M(백)2KG, PP12MPP12M／M10KG(황), 운송료택배비",775.0,1647675.0
2026-06-07,2026,6,7,진송팩,2026-01-02,13.0,"PE28mm 2kgPE28M／M(백)2KG, PE28mm 2kgPE28M／M(적)2KG, PE28mm 2kgPE28M／M(청)2KG 외 5개",1520.0,4001822.0
2026-06-08,2026,6,8,(주)지엔에스트레이딩,2014-06-05,3.0,".02PP18MMx 21kg 삼성.022300M두께0.9mm단중9.1g, .PP18MMx 21kg 삼성.12300M두께0.9mm단중8.8g, .PP18MMx 21kg 삼성.32300M두께0.9mm단중8.8g 외 48개",19327.0,39698211.0
2026-06-08,2026,6,8,CYKLOP PACKAGING SYSTEMS PTY LTD.,2025-12-25,34.0,"12 x 3,000M 0.65T12x3,000M0.65T BLUE, 12 x 3,000M 0.65T12x3,000M0.65T CLEAR, 15 x 1,000M 0.65T Blue15x1,000M0.65T청색 외 9개",32917.0,74746924.0
2026-06-08,2026,6,8,경인팩,2026-01-05,2.0,"PE28mm 2kgPE28M／M(백)2KG, PE28mm 2kgPE28M／M(적)2KG, PE28mm 2kgPE28M／M(황)2KG 외 11개",4721.0,11768386.0
2026-06-08,2026,6,8,주)대성씨앤씨,2025-12-22,13.0,"PP12MPP12M／M10KG(백), PP12MPP12M／M10KG(황), PP5MMx7000Mx0.5T 11.4kg 백색core 200x8T OD400 롤랩핑 400*200 외 2개",1470.0,6867600.0
2026-06-08,2026,6,8,주식회사 에이씨티,2016-01-20,2.0,".PP18MMx 15kg 삼성.11650M두께0.9mm단중8.56g, 0PP18MMx 21kg 삼성.22300M두께0.80mm단중8.8g, PP18MMx .121kg 삼성.32300M두께0.85mm단중8.8g 외 38개",19759.0,40668339.0
2026-06-08,2026,6,8,파워엠팩,2025-07-23,4.0,"15M/M (수축밴드)15M/M * 10KG, 18MMx 15kg 삼성1650M두께0.9mm단중8.56g, PE28mm 2kgPE 28M／M (백) 2KG 외 150개",83676.0,146265423.0
2026-06-09,2026,6,9,PACKAGING HOUSE,2017-01-07,43.0,"12 x 3,000M 0.60T12x3,000M0.60TBLUE, 12 x 3,000M 0.60T12x3,000M0.60TCLEAR, PP 12MM12MMx1000Mx0.55MM Blue 외 5개",15176.0,33485729.0
2026-06-09,2026,6,9,서울포장기계,2022-01-21,10.0,"PP12MPP12M／M10KG(백), PP12MPP12M／M10KG(투명), PP12MPP12M／M10KG(황) 외 4개",2604.0,4541561.0
2026-06-09,2026,6,9,신광포장기계,2026-01-05,6.0,"PE28mm 2kgPE28M／M(백)2KG, PE28mm, 6KGPE28M／M(백)6KG, PP12MPP12M／M10KG(백) 외 10개",4239.0,8956157.0
2026-06-09,2026,6,9,한남포장기계,2025-12-16,25.0,"PE28mm 2kgPE28M／M(백)2KG, PP12MPP12M／M9KG(황)",1900.0,4650000.0
2026-06-10,2026,6,10,(주)삼화인쇄,2023-07-18,24.0,"PE28mm 2kgPE28M／M(백)2KG, PP 11MM11MM -10KG (백), PP 11MM11MM-10KG(백) 외 20개",15071.0,28566924.0
2026-06-10,2026,6,10,(주)아이마켓코리아,2025-12-24,4.0,"PP11MM*13.34KG삼성경량밴드(황색)2300m*두께0.84mm단중5.8g GRS, PP11MM*13.34KG삼성경량밴드2300m*두께0.84mm단중5.8g GRS, PP18MM x 21Kg 삼성 황색2300M 포장중량 21Kg, 1롤/1pcs 포장 (황색) 외 1개",3843.0,7805629.0
2026-06-10,2026,6,10,경인팩,2026-01-05,2.0,"PE28mm 2kgPE28M／M(백)2KG, PE28mm 2kgPE28M／M(적)2KG, PE28mm 2kgPE28M／M(황)2KG 외 11개",4721.0,11768386.0
2026-06-10,2026,6,10,동원팩,2026-01-05,4.0,"PE28mm 2kgPE28M／M(녹)2KG, PE28mm 2kgPE28M／M(백)2KG, PE28mm 2kgPE28M／M(청)2KG 외 6개",101.0,2608157.0
2026-06-10,2026,6,10,주식회사 에이씨티,2016-01-20,2.0,".PP18MMx 15kg 삼성.11650M두께0.9mm단중8.56g, 0PP18MMx 21kg 삼성.22300M두께0.80mm단중8.8g, PP18MMx .121kg 삼성.32300M두께0.85mm단중8.8g 외 38개",19759.0,40668339.0
2026-06-11,2026,6,11,(주)지엔에스트레이딩,2014-06-05,3.0,".02PP18MMx 21kg 삼성.022300M두께0.9mm단중9.1g, .PP18MMx 21kg 삼성.12300M두께0.9mm단중8.8g, .PP18MMx 21kg 삼성.32300M두께0.9mm단중8.8g 외 48개",19327.0,39698211.0
2026-06-11,2026,6,11,광림파워팩,2021-11-04,9.0,"PE28mm 2kgPE28M／M(백)2KG, PE28mm 2kgPE28M／M(적)2KG, PE28mm 2kgPE28M／M(청)2KG 외 46개",21773.0,37841336.0
2026-06-11,2026,6,11,대상산업,2026-01-02,5.0,"PE28mm 2kgPE28M／M(백)2KG, PE28mm 2kgPE28M／M(청)2KG, PE28mm 2kgPE28M／M(황)2KG 외 7개",2026.0,5153024.0
2026-06-11,2026,6,11,주식회사 광림파워팩,2025-12-31,18.0,"PP12MPP12M／M10KG(황), PP12MPP12M／M12.5KG (황), PP12MPP12mm*0.72T*2800m 12.5KG(투명) 외 5개",4564.0,8718553.0
2026-06-12,2026,6,12,(주)낙원포장,2025-12-23,19.0,"PE28mm 2kgPE28M／M(백)2KG, PP10.5MPP10.5M10KG(청), PP10.5MPP10.5M10KG투명 외 5개",6033.0,11884000.0
2026-06-12,2026,6,12,경인산업,2025-12-04,19.0,"PP12MPP12M／M10KG(백), PP12MPP12M／M10KG(청), PP12MPP12M／M10KG(황) 외 1개",1825.0,3714000.0
2026-06-12,2026,6,12,경인팩,2026-01-05,2.0,"PE28mm 2kgPE28M／M(백)2KG, PE28mm 2kgPE28M／M(적)2KG, PE28mm 2kgPE28M／M(황)2KG 외 11개",4721.0,11768386.0
2026-06-12,2026,6,12,우선산업,2025-12-26,24.0,"PE28mm 2kgPE28M／M(백)2KG, PE50mm, 4.5KGPE50M／M(백)4.5KG, PP 재생원료적색",2942.0,5004300.0
2026-06-12,2026,6,12,주식회사 에이씨티,2016-01-20,2.0,".PP18MMx 15kg 삼성.11650M두께0.9mm단중8.56g, 0PP18MMx 21kg 삼성.22300M두께0.80mm단중8.8g, PP18MMx .121kg 삼성.32300M두께0.85mm단중8.8g 외 38개",19759.0,40668339.0
2026-06-12,2026,6,12,파워엠팩,2025-07-23,4.0,"15M/M (수축밴드)15M/M * 10KG, 18MMx 15kg 삼성1650M두께0.9mm단중8.56g, PE28mm 2kgPE 28M／M (백) 2KG 외 150개",83676.0,146265423.0
2026-06-13,2026,6,13,(주)아이마켓코리아,2025-12-24,4.0,"PP11MM*13.34KG삼성경량밴드(황색)2300m*두께0.84mm단중5.8g GRS, PP11MM*13.34KG삼성경량밴드2300m*두께0.84mm단중5.8g GRS, PP18MM x 21Kg 삼성 황색2300M 포장중량 21Kg, 1롤/1pcs 포장 (황색) 외 1개",3843.0,7805629.0
2026-06-13,2026,6,13,광림포장기계컨베이어,2011-05-03,9.0,"PE28mm 2kgPE 28M／M (백) 2KG, PE28mm 2kgPE28M／M(백)2KG, PE28mm 2kgPE28M／M(적)2KG 외 26개",20880.0,34859790.0
2026-06-14,2026,6,14,(주)지엔에스트레이딩,2014-06-05,3.0,".02PP18MMx 21kg 삼성.022300M두께0.9mm단중9.1g, .PP18MMx 21kg 삼성.12300M두께0.9mm단중8.8g, .PP18MMx 21kg 삼성.32300M두께0.9mm단중8.8g 외 48개",19327.0,39698211.0
2026-06-14,2026,6,14,RLBUTTON,2025-12-16,36.0,"PP 12MM12MMx1000Mx0.55MM Blue, PP19M * 1000M HD BlackPP19MM*1000M*0.85T Black, PP19M BUILDERSPP19M／M*300M 0.60T Blue 외 4개",12993.0,33425099.0
2026-06-14,2026,6,14,경인팩,2026-01-05,2.0,"PE28mm 2kgPE28M／M(백)2KG, PE28mm 2kgPE28M／M(적)2KG, PE28mm 2kgPE28M／M(황)2KG 외 11개",4721.0,11768386.0
2026-06-14,2026,6,14,금산포장,2026-01-05,17.0,"PE28mm 2kgPE28M／M(백)2KG, PE28mm, 6KGPE28M／M(백)6KG, PP12MPP12M／M10KG(투명) 외 2개",1205.0,2820867.0
2026-06-14,2026,6,14,대경(박타원),2017-01-02,16.0,"PE28mm 2kgPE 28M／M (백) 2KG, PE28mm 2kgPE 28M／M (적) 2KG, PE28mm 2kgPE 28M／M (적)2KG 외 26개",8087.0,18034594.0
2026-06-14,2026,6,14,동원팩,2026-01-05,4.0,"PE28mm 2kgPE28M／M(녹)2KG, PE28mm 2kgPE28M／M(백)2KG, PE28mm 2kgPE28M／M(청)2KG 외 6개",101.0,2608157.0
2026-06-14,2026,6,14,신광포장기계,2026-01-05,6.0,"PE28mm 2kgPE28M／M(백)2KG, PE28mm, 6KGPE28M／M(백)6KG, PP12MPP12M／M10KG(백) 외 10개",4239.0,8956157.0
2026-06-14,2026,6,14,제일산업(주)(화성),2014-03-19,10.0,"PP12MPP 12M／M 9KG, PP12MPP12M／M10KG(황), PP12MPP12M／M9KG 외 21개",7048.0,14479062.0
2026-06-14,2026,6,14,주식회사 에이씨티,2016-01-20,2.0,".PP18MMx 15kg 삼성.11650M두께0.9mm단중8.56g, 0PP18MMx 21kg 삼성.22300M두께0.80mm단중8.8g, PP18MMx .121kg 삼성.32300M두께0.85mm단중8.8g 외 38개",19759.0,40668339.0
2026-06-14,2026,6,14,한솔포장,2020-03-27,11.0,"PE28mm 2kgPE28M／M(녹)2KG, PE28mm 2kgPE28M／M(백)2KG, PE28mm 2kgPE28M／M(적)2KG 외 6개",2203.0,5624915.0
2026-06-15,2026,6,15,KOMERI,2025-11-23,35.0,"15 x 1,000M 0.55T Yellow15x1,000M0.55T 황색, 15 x 100M 0.55T15x100M 0.55T 황색, 15 x 100M 0.55T15x100M0.55T녹색 외 6개",14064.0,39131390.0
2026-06-15,2026,6,15,대상산업,2026-01-02,5.0,"PE28mm 2kgPE28M／M(백)2KG, PE28mm 2kgPE28M／M(청)2KG, PE28mm 2kgPE28M／M(황)2KG 외 7개",2026.0,5153024.0
2026-06-15,2026,6,15,신대한판지(주),2024-08-12,21.0,"PP Band(자동)8mm x 0.6T x 3800m (백색) 10Kg/roll, PP12MPP12M／M10KG(검정), PP12MPP12M／M10KG(녹) 외 50개",18211.0,52711272.0
2026-06-15,2026,6,15,한서포장,2021-07-29,18.0,"PE28mm 2kg.1PE28M／M(백)2KG, PE28mm 2kg.2PE28M／M(백)2KG, PE28mm 2kgPE 28M／M (백) 2KG 외 19개",7208.0,15354014.0
2026-06-16,2026,6,16,(주)아이마켓코리아,2025-12-24,4.0,"PP11MM*13.34KG삼성경량밴드(황색)2300m*두께0.84mm단중5.8g GRS, PP11MM*13.34KG삼성경량밴드2300m*두께0.84mm단중5.8g GRS, PP18MM x 21Kg 삼성 황색2300M 포장중량 21Kg, 1롤/1pcs 포장 (황색) 외 1개",3843.0,7805629.0
2026-06-16,2026,6,16,경인팩,2026-01-05,2.0,"PE28mm 2kgPE28M／M(백)2KG, PE28mm 2kgPE28M／M(적)2KG, PE28mm 2kgPE28M／M(황)2KG 외 11개",4721.0,11768386.0
2026-06-16,2026,6,16,대영포장(주)발안공장,2021-01-04,13.0,"MOSCA 히터 수리MOSCA 히터 수리, PE 결속끈PE#50 (백) 5500m 5KG, PP12MPP12M／M10KG(황) 외 25개",9034.0,28061359.0
2026-06-16,2026,6,16,동서포장종합상사,2025-12-18,36.0,PE28mm 2kgPE28M／M(백)2KG,120.0,372000.0
2026-06-16,2026,6,16,백암지관공업사,2025-12-03,65.0,"PP12MPP12M／M11KG(청), PP12MPP12M／M12.5KG (황)",300.0,630000.0
2026-06-16,2026,6,16,전주삼신산업,2025-12-29,13.0,"PE28mm 2kgPE28M／M(백)2KG, PP12MPP12M／M10KG(황), PP15MPP15MM*10KG(황색) 외 4개",1054.0,2411096.0
2026-06-16,2026,6,16,주식회사 에이씨티,2016-01-20,2.0,".PP18MMx 15kg 삼성.11650M두께0.9mm단중8.56g, 0PP18MMx 21kg 삼성.22300M두께0.80mm단중8.8g, PP18MMx .121kg 삼성.32300M두께0.85mm단중8.8g 외 38개",19759.0,40668339.0
2026-06-16,2026,6,16,주신산업,2026-01-05,9.0,"PE28mm 2kgPE28M／M(백)2KG, PP12MPP12M／M10KG(황), 운송료택배비",775.0,1647675.0
2026-06-16,2026,6,16,파워엠팩,2025-07-23,4.0,"15M/M (수축밴드)15M/M * 10KG, 18MMx 15kg 삼성1650M두께0.9mm단중8.56g, PE28mm 2kgPE 28M／M (백) 2KG 외 150개",83676.0,146265423.0
2026-06-17,2026,6,17,(주)지엔에스트레이딩,2014-06-05,3.0,".02PP18MMx 21kg 삼성.022300M두께0.9mm단중9.1g, .PP18MMx 21kg 삼성.12300M두께0.9mm단중8.8g, .PP18MMx 21kg 삼성.32300M두께0.9mm단중8.8g 외 48개",19327.0,39698211.0
2026-06-17,2026,6,17,광림포장기계,2025-12-31,22.0,PP12MPP12M／M10KG(황),640.0,1216000.0
2026-06-18,2026,6,18,NZ SAFETY BLACKWOODS,2025-11-02,58.0,"12 x 3,000M 0.60T12x3,000M0.60TBLUE, PP 12MM12MMx1000Mx0.55MM Blue, PP19M BUILDERSPP19M／M*300M 0.60T Blue 외 2개",6983.0,17625364.0
2026-06-18,2026,6,18,경인팩,2026-01-05,2.0,"PE28mm 2kgPE28M／M(백)2KG, PE28mm 2kgPE28M／M(적)2KG, PE28mm 2kgPE28M／M(황)2KG 외 11개",4721.0,11768386.0
2026-06-18,2026,6,18,동원팩,2026-01-05,4.0,"PE28mm 2kgPE28M／M(녹)2KG, PE28mm 2kgPE28M／M(백)2KG, PE28mm 2kgPE28M／M(청)2KG 외 6개",101.0,2608157.0
2026-06-18,2026,6,18,주식회사 에이씨티,2016-01-20,2.0,".PP18MMx 15kg 삼성.11650M두께0.9mm단중8.56g, 0PP18MMx 21kg 삼성.22300M두께0.80mm단중8.8g, PP18MMx .121kg 삼성.32300M두께0.85mm단중8.8g 외 38개",19759.0,40668339.0
2026-06-19,2026,6,19,(주)아이마켓코리아,2025-12-24,4.0,"PP11MM*13.34KG삼성경량밴드(황색)2300m*두께0.84mm단중5.8g GRS, PP11MM*13.34KG삼성경량밴드2300m*두께0.84mm단중5.8g GRS, PP18MM x 21Kg 삼성 황색2300M 포장중량 21Kg, 1롤/1pcs 포장 (황색) 외 1개",3843.0,7805629.0
2026-06-19,2026,6,19,광림파워팩,2021-11-04,9.0,"PE28mm 2kgPE28M／M(백)2KG, PE28mm 2kgPE28M／M(적)2KG, PE28mm 2kgPE28M／M(청)2KG 외 46개",21773.0,37841336.0
2026-06-19,2026,6,19,대상산업,2026-01-02,5.0,"PE28mm 2kgPE28M／M(백)2KG, PE28mm 2kgPE28M／M(청)2KG, PE28mm 2kgPE28M／M(황)2KG 외 7개",2026.0,5153024.0
2026-06-19,2026,6,19,서울포장기계,2022-01-21,10.0,"PP12MPP12M／M10KG(백), PP12MPP12M／M10KG(투명), PP12MPP12M／M10KG(황) 외 4개",2604.0,4541561.0
2026-06-19,2026,6,19,신광포장기계,2026-01-05,6.0,"PE28mm 2kgPE28M／M(백)2KG, PE28mm, 6KGPE28M／M(백)6KG, PP12MPP12M／M10KG(백) 외 10개",4239.0,8956157.0
2026-06-20,2026,6,20,(주)지엔에스트레이딩,2014-06-05,3.0,".02PP18MMx 21kg 삼성.022300M두께0.9mm단중9.1g, .PP18MMx 21kg 삼성.12300M두께0.9mm단중8.8g, .PP18MMx 21kg 삼성.32300M두께0.9mm단중8.8g 외 48개",19327.0,39698211.0
2026-06-20,2026,6,20,경인팩,2026-01-05,2.0,"PE28mm 2kgPE28M／M(백)2KG, PE28mm 2kgPE28M／M(적)2KG, PE28mm 2kgPE28M／M(황)2KG 외 11개",4721.0,11768386.0
2026-06-20,2026,6,20,주)대성씨앤씨,2025-12-22,13.0,"PP12MPP12M／M10KG(백), PP12MPP12M／M10KG(황), PP5MMx7000Mx0.5T 11.4kg 백색core 200x8T OD400 롤랩핑 400*200 외 2개",1470.0,6867600.0
2026-06-20,2026,6,20,주식회사 에이씨티,2016-01-20,2.0,".PP18MMx 15kg 삼성.11650M두께0.9mm단중8.56g, 0PP18MMx 21kg 삼성.22300M두께0.80mm단중8.8g, PP18MMx .121kg 삼성.32300M두께0.85mm단중8.8g 외 38개",19759.0,40668339.0
2026-06-20,2026,6,20,진송팩,2026-01-02,13.0,"PE28mm 2kgPE28M／M(백)2KG, PE28mm 2kgPE28M／M(적)2KG, PE28mm 2kgPE28M／M(청)2KG 외 5개",1520.0,4001822.0
2026-06-20,2026,6,20,파워엠팩,2025-07-23,4.0,"15M/M (수축밴드)15M/M * 10KG, 18MMx 15kg 삼성1650M두께0.9mm단중8.56g, PE28mm 2kgPE 28M／M (백) 2KG 외 150개",83676.0,146265423.0
2026-06-21,2026,6,21,광림포장기계컨베이어,2011-05-03,9.0,"PE28mm 2kgPE 28M／M (백) 2KG, PE28mm 2kgPE28M／M(백)2KG, PE28mm 2kgPE28M／M(적)2KG 외 26개",20880.0,34859790.0
2026-06-21,2026,6,21,주식회사 대한종합포장,2025-11-24,20.0,"PP12MPP12M／M10KG(백), PP15MPP15MM*10KG(황색), PP5MMx7000Mx0.5T 백색 외 1개",3945.0,10935000.0
2026-06-21,2026,6,21,주식회사 에이스팩,2024-08-08,31.0,"PP15MPP15MM*10KG(황색), PP15MPP15M／M13KG(황), 스트레치필름(일반 기계)25*500*1400 외 6개",565.0,4935364.0
2026-06-22,2026,6,22,(주)아이마켓코리아,2025-12-24,4.0,"PP11MM*13.34KG삼성경량밴드(황색)2300m*두께0.84mm단중5.8g GRS, PP11MM*13.34KG삼성경량밴드2300m*두께0.84mm단중5.8g GRS, PP18MM x 21Kg 삼성 황색2300M 포장중량 21Kg, 1롤/1pcs 포장 (황색) 외 1개",3843.0,7805629.0
2026-06-22,2026,6,22,경인팩,2026-01-05,2.0,"PE28mm 2kgPE28M／M(백)2KG, PE28mm 2kgPE28M／M(적)2KG, PE28mm 2kgPE28M／M(황)2KG 외 11개",4721.0,11768386.0
2026-06-22,2026,6,22,동원팩,2026-01-05,4.0,"PE28mm 2kgPE28M／M(녹)2KG, PE28mm 2kgPE28M／M(백)2KG, PE28mm 2kgPE28M／M(청)2KG 외 6개",101.0,2608157.0
2026-06-22,2026,6,22,보우팩,2025-08-06,16.0,"PE28mm 2kgPE28M／M(백)2KG, PE28mm 2kgPE28M／M(적)2KG, PE28mm 2kgPE28M／M(청)2KG 외 28개",14014.0,48149165.0
2026-06-22,2026,6,22,신광포장기계(부산),2025-11-04,47.0,"PE28mm 2kgPE28M／M(백)2KG, 운송료",218.0,640667.0
2026-06-22,2026,6,22,주식회사 에이씨티,2016-01-20,2.0,".PP18MMx 15kg 삼성.11650M두께0.9mm단중8.56g, 0PP18MMx 21kg 삼성.22300M두께0.80mm단중8.8g, PP18MMx .121kg 삼성.32300M두께0.85mm단중8.8g 외 38개",19759.0,40668339.0
2026-06-23,2026,6,23,(주)지엔에스트레이딩,2014-06-05,3.0,".02PP18MMx 21kg 삼성.022300M두께0.9mm단중9.1g, .PP18MMx 21kg 삼성.12300M두께0.9mm단중8.8g, .PP18MMx 21kg 삼성.32300M두께0.9mm단중8.8g 외 48개",19327.0,39698211.0
2026-06-23,2026,6,23,TIGERPAK PACKAGING,2025-12-25,91.0,"12 x 2800M 0.60T12 x 2800M 0.60T BLACK, 12 x 2800M 0.60T12 x 2800M 0.60T BLUE, 12 x 2800M 0.60T12 x 2800M 0.60T CLEAR 외 4개",31176.0,69901568.0
2026-06-23,2026,6,23,대상산업,2026-01-02,5.0,"PE28mm 2kgPE28M／M(백)2KG, PE28mm 2kgPE28M／M(청)2KG, PE28mm 2kgPE28M／M(황)2KG 외 7개",2026.0,5153024.0
2026-06-24,2026,6,24,경인팩,2026-01-05,2.0,"PE28mm 2kgPE28M／M(백)2KG, PE28mm 2kgPE28M／M(적)2KG, PE28mm 2kgPE28M／M(황)2KG 외 11개",4721.0,11768386.0
2026-06-24,2026,6,24,신광포장기계,2026-01-05,6.0,"PE28mm 2kgPE28M／M(백)2KG, PE28mm, 6KGPE28M／M(백)6KG, PP12MPP12M／M10KG(백) 외 10개",4239.0,8956157.0
2026-06-24,2026,6,24,제이케이머티리얼즈(주)／순성공장,2023-12-27,27.0,"ITA20용 배터리14.8V 2AH Li-Po, PET 16MMPET 16mm x 0.8T x 1200m Embossed (반투명 녹색), PET 16mm x 0.8T x 1200mPET 16mm x 0.8T x 1200m Embossed (반투명 녹색) 외 12개",1266.0,9761113.0
2026-06-24,2026,6,24,제일산업(주)(화성),2014-03-19,10.0,"PP12MPP 12M／M 9KG, PP12MPP12M／M10KG(황), PP12MPP12M／M9KG 외 21개",7048.0,14479062.0
2026-06-24,2026,6,24,주식회사 에이씨티,2016-01-20,2.0,".PP18MMx 15kg 삼성.11650M두께0.9mm단중8.56g, 0PP18MMx 21kg 삼성.22300M두께0.80mm단중8.8g, PP18MMx .121kg 삼성.32300M두께0.85mm단중8.8g 외 38개",19759.0,40668339.0
2026-06-24,2026,6,24,파워엠팩,2025-07-23,4.0,"15M/M (수축밴드)15M/M * 10KG, 18MMx 15kg 삼성1650M두께0.9mm단중8.56g, PE28mm 2kgPE 28M／M (백) 2KG 외 150개",83676.0,146265423.0
2026-06-24,2026,6,24,한솔포장,2020-03-27,11.0,"PE28mm 2kgPE28M／M(녹)2KG, PE28mm 2kgPE28M／M(백)2KG, PE28mm 2kgPE28M／M(적)2KG 외 6개",2203.0,5624915.0
2026-06-25,2026,6,25,(주)아이마켓코리아,2025-12-24,4.0,"PP11MM*13.34KG삼성경량밴드(황색)2300m*두께0.84mm단중5.8g GRS, PP11MM*13.34KG삼성경량밴드2300m*두께0.84mm단중5.8g GRS, PP18MM x 21Kg 삼성 황색2300M 포장중량 21Kg, 1롤/1pcs 포장 (황색) 외 1개",3843.0,7805629.0
2026-06-25,2026,6,25,주신산업,2026-01-05,9.0,"PE28mm 2kgPE28M／M(백)2KG, PP12MPP12M／M10KG(황), 운송료택배비",775.0,1647675.0
2026-06-25,2026,6,25,합동포장기계,2026-01-05,20.0,"PE28mm 2kgPE28M／M(백)2KG, PP12MPP12M／M10KG(백), PP12MPP12M／M10KG(황) 외 8개",4658.0,10400083.0
2026-06-26,2026,6,26,(주)지엔에스트레이딩,2014-06-05,3.0,".02PP18MMx 21kg 삼성.022300M두께0.9mm단중9.1g, .PP18MMx 21kg 삼성.12300M두께0.9mm단중8.8g, .PP18MMx 21kg 삼성.32300M두께0.9mm단중8.8g 외 48개",19327.0,39698211.0
2026-06-26,2026,6,26,경인팩,2026-01-05,2.0,"PE28mm 2kgPE28M／M(백)2KG, PE28mm 2kgPE28M／M(적)2KG, PE28mm 2kgPE28M／M(황)2KG 외 11개",4721.0,11768386.0
2026-06-26,2026,6,26,동원팩,2026-01-05,4.0,"PE28mm 2kgPE28M／M(녹)2KG, PE28mm 2kgPE28M／M(백)2KG, PE28mm 2kgPE28M／M(청)2KG 외 6개",101.0,2608157.0
2026-06-26,2026,6,26,주식회사 동원피앤아이,2025-12-26,26.0,"PE 결속끈PE#50 (백) 5500m 5KG, PE28mm 2kgPE28M／M(백)2KG, PE50mm, 4.7KGPE50M／M(황)4.7KG",4002.0,10753000.0
2026-06-26,2026,6,26,주식회사 에이씨티,2016-01-20,2.0,".PP18MMx 15kg 삼성.11650M두께0.9mm단중8.56g, 0PP18MMx 21kg 삼성.22300M두께0.80mm단중8.8g, PP18MMx .121kg 삼성.32300M두께0.85mm단중8.8g 외 38개",19759.0,40668339.0
2026-06-27,2026,6,27,(주)한제피앤에스,2023-10-25,61.0,"12 x 3,000M 0.55T12 x 3,000M 0.55T 백색, 12 x 3,000M 0.55T12 x 3,000M 0.55T 백색 W/Blue print, 12 x 3,000M 0.55T12 x 3,000M 0.55T 적색 외 51개",124972.0,108633081.0
2026-06-27,2026,6,27,광림파워팩,2021-11-04,9.0,"PE28mm 2kgPE28M／M(백)2KG, PE28mm 2kgPE28M／M(적)2KG, PE28mm 2kgPE28M／M(청)2KG 외 46개",21773.0,37841336.0
2026-06-27,2026,6,27,대상산업,2026-01-02,5.0,"PE28mm 2kgPE28M／M(백)2KG, PE28mm 2kgPE28M／M(청)2KG, PE28mm 2kgPE28M／M(황)2KG 외 7개",2026.0,5153024.0
2026-06-28,2026,6,28,(주)아이마켓코리아,2025-12-24,4.0,"PP11MM*13.34KG삼성경량밴드(황색)2300m*두께0.84mm단중5.8g GRS, PP11MM*13.34KG삼성경량밴드2300m*두께0.84mm단중5.8g GRS, PP18MM x 21Kg 삼성 황색2300M 포장중량 21Kg, 1롤/1pcs 포장 (황색) 외 1개",3843.0,7805629.0
2026-06-28,2026,6,28,경인팩,2026-01-05,2.0,"PE28mm 2kgPE28M／M(백)2KG, PE28mm 2kgPE28M／M(적)2KG, PE28mm 2kgPE28M／M(황)2KG 외 11개",4721.0,11768386.0
2026-06-28,2026,6,28,주식회사 에이씨티,2016-01-20,2.0,".PP18MMx 15kg 삼성.11650M두께0.9mm단중8.56g, 0PP18MMx 21kg 삼성.22300M두께0.80mm단중8.8g, PP18MMx .121kg 삼성.32300M두께0.85mm단중8.8g 외 38개",19759.0,40668339.0
2026-06-28,2026,6,28,파워엠팩,2025-07-23,4.0,"15M/M (수축밴드)15M/M * 10KG, 18MMx 15kg 삼성1650M두께0.9mm단중8.56g, PE28mm 2kgPE 28M／M (백) 2KG 외 150개",83676.0,146265423.0
2026-06-28,2026,6,28,한국전자금융(주),2018-12-17,22.0,"무인쇄 11mm x 0.70T x 1000m화폐밴딩끈 지관200x190, 스트레치필름(Baby Roll)20*100mm*150m (Plastic Handle), 스트레치필름(일반 핸드랩)15*500mm*400m 외 1개",176.0,665812.0
2026-06-29,2026,6,29,(주)지엔에스트레이딩,2014-06-05,3.0,".02PP18MMx 21kg 삼성.022300M두께0.9mm단중9.1g, .PP18MMx 21kg 삼성.12300M두께0.9mm단중8.8g, .PP18MMx 21kg 삼성.32300M두께0.9mm단중8.8g 외 48개",19327.0,39698211.0
2026-06-29,2026,6,29,광림포장기계컨베이어,2011-05-03,9.0,"PE28mm 2kgPE 28M／M (백) 2KG, PE28mm 2kgPE28M／M(백)2KG, PE28mm 2kgPE28M／M(적)2KG 외 26개",20880.0,34859790.0
2026-06-29,2026,6,29,대경(박타원),2017-01-02,16.0,"PE28mm 2kgPE 28M／M (백) 2KG, PE28mm 2kgPE 28M／M (적) 2KG, PE28mm 2kgPE 28M／M (적)2KG 외 26개",8087.0,18034594.0
2026-06-29,2026,6,29,대영포장(주)발안공장,2021-01-04,13.0,"MOSCA 히터 수리MOSCA 히터 수리, PE 결속끈PE#50 (백) 5500m 5KG, PP12MPP12M／M10KG(황) 외 25개",9034.0,28061359.0
2026-06-29,2026,6,29,삼원산업,2025-12-31,30.0,"PP12MPP12M／M10KG(황), PP12MPP12M／M12KG(투명), PP12MPP12M／M12KG(황) 외 2개",2700.0,5300000.0
2026-06-29,2026,6,29,서울포장기계,2022-01-21,10.0,"PP12MPP12M／M10KG(백), PP12MPP12M／M10KG(투명), PP12MPP12M／M10KG(황) 외 4개",2604.0,4541561.0
2026-06-29,2026,6,29,신광포장기계,2026-01-05,6.0,"PE28mm 2kgPE28M／M(백)2KG, PE28mm, 6KGPE28M／M(백)6KG, PP12MPP12M／M10KG(백) 외 10개",4239.0,8956157.0
2026-06-29,2026,6,29,전주삼신산업,2025-12-29,13.0,"PE28mm 2kgPE28M／M(백)2KG, PP12MPP12M／M10KG(황), PP15MPP15MM*10KG(황색) 외 4개",1054.0,2411096.0
2026-06-29,2026,6,29,주식회사 광림파워팩,2025-12-31,18.0,"PP12MPP12M／M10KG(황), PP12MPP12M／M12.5KG (황), PP12MPP12mm*0.72T*2800m 12.5KG(투명) 외 5개",4564.0,8718553.0
2026-06-30,2026,6,30,경인팩,2026-01-05,2.0,"PE28mm 2kgPE28M／M(백)2KG, PE28mm 2kgPE28M／M(적)2KG, PE28mm 2kgPE28M／M(황)2KG 외 11개",4721.0,11768386.0
2026-06-30,2026,6,30,금산포장,2026-01-05,17.0,"PE28mm 2kgPE28M／M(백)2KG, PE28mm, 6KGPE28M／M(백)6KG, PP12MPP12M／M10KG(투명) 외 2개",1205.0,2820867.0
2026-06-30,2026,6,30,동원팩,2026-01-05,4.0,"PE28mm 2kgPE28M／M(녹)2KG, PE28mm 2kgPE28M／M(백)2KG, PE28mm 2kgPE28M／M(청)2KG 외 6개",101.0,2608157.0
2026-06-30,2026,6,30,주식회사 에이씨티,2016-01-20,2.0,".PP18MMx 15kg 삼성.11650M두께0.9mm단중8.56g, 0PP18MMx 21kg 삼성.22300M두께0.80mm단중8.8g, PP18MMx .121kg 삼성.32300M두께0.85mm단중8.8g 외 38개",19759.0,40668339.0
2026-07-01,2026,7,1,(주)낙원포장,2025-12-23,19.0,"PE28mm 2kgPE28M／M(백)2KG, PP10.5MPP10.5M10KG(청), PP10.5MPP10.5M10KG투명 외 5개",6033.0,11884000.0
2026-07-01,2026,7,1,(주)아이마켓코리아,2025-12-24,4.0,"PP11MM*13.34KG삼성경량밴드(황색)2300m*두께0.84mm단중5.8g GRS, PP11MM*13.34KG삼성경량밴드2300m*두께0.84mm단중5.8g GRS, PP18MM x 21Kg 삼성 황색2300M 포장중량 21Kg, 1롤/1pcs 포장 (황색) 외 1개",3843.0,7805629.0
2026-07-01,2026,7,1,경인산업,2025-12-04,19.0,"PP12MPP12M／M10KG(백), PP12MPP12M／M10KG(청), PP12MPP12M／M10KG(황) 외 1개",1825.0,3714000.0
2026-07-01,2026,7,1,대상산업,2026-01-02,5.0,"PE28mm 2kgPE28M／M(백)2KG, PE28mm 2kgPE28M／M(청)2KG, PE28mm 2kgPE28M／M(황)2KG 외 7개",2026.0,5153024.0
2026-07-02,2026,7,2,(주)지엔에스트레이딩,2014-06-05,3.0,".02PP18MMx 21kg 삼성.022300M두께0.9mm단중9.1g, .PP18MMx 21kg 삼성.12300M두께0.9mm단중8.8g, .PP18MMx 21kg 삼성.32300M두께0.9mm단중8.8g 외 48개",19327.0,39698211.0
2026-07-02,2026,7,2,경인팩,2026-01-05,2.0,"PE28mm 2kgPE28M／M(백)2KG, PE28mm 2kgPE28M／M(적)2KG, PE28mm 2kgPE28M／M(황)2KG 외 11개",4721.0,11768386.0
2026-07-02,2026,7,2,주)대성씨앤씨,2025-12-22,13.0,"PP12MPP12M／M10KG(백), PP12MPP12M／M10KG(황), PP5MMx7000Mx0.5T 11.4kg 백색core 200x8T OD400 롤랩핑 400*200 외 2개",1470.0,6867600.0
2026-07-02,2026,7,2,주식회사 에이씨티,2016-01-20,2.0,".PP18MMx 15kg 삼성.11650M두께0.9mm단중8.56g, 0PP18MMx 21kg 삼성.22300M두께0.80mm단중8.8g, PP18MMx .121kg 삼성.32300M두께0.85mm단중8.8g 외 38개",19759.0,40668339.0
2026-07-02,2026,7,2,파워엠팩,2025-07-23,4.0,"15M/M (수축밴드)15M/M * 10KG, 18MMx 15kg 삼성1650M두께0.9mm단중8.56g, PE28mm 2kgPE 28M／M (백) 2KG 외 150개",83676.0,146265423.0
2026-07-03,2026,7,3,(주)삼화인쇄,2023-07-18,24.0,"PE28mm 2kgPE28M／M(백)2KG, PP 11MM11MM -10KG (백), PP 11MM11MM-10KG(백) 외 20개",15071.0,28566924.0
2026-07-03,2026,7,3,진송팩,2026-01-02,13.0,"PE28mm 2kgPE28M／M(백)2KG, PE28mm 2kgPE28M／M(적)2KG, PE28mm 2kgPE28M／M(청)2KG 외 5개",1520.0,4001822.0
2026-07-03,2026,7,3,한서포장,2021-07-29,18.0,"PE28mm 2kg.1PE28M／M(백)2KG, PE28mm 2kg.2PE28M／M(백)2KG, PE28mm 2kgPE 28M／M (백) 2KG 외 19개",7208.0,15354014.0
2026-07-03,2026,7,3,해성수출포장,2022-12-15,55.0,"PE28mm 2kgPE 28M／M (백) 2KG, PE28mm 2kgPE28M／M(백)2KG, PE28mm 2kgPE28M／M(적)2KG 외 6개",885.0,2120255.0
2026-07-04,2026,7,4,(주)아이마켓코리아,2025-12-24,4.0,"PP11MM*13.34KG삼성경량밴드(황색)2300m*두께0.84mm단중5.8g GRS, PP11MM*13.34KG삼성경량밴드2300m*두께0.84mm단중5.8g GRS, PP18MM x 21Kg 삼성 황색2300M 포장중량 21Kg, 1롤/1pcs 포장 (황색) 외 1개",3843.0,7805629.0
2026-07-04,2026,7,4,경인팩,2026-01-05,2.0,"PE28mm 2kgPE28M／M(백)2KG, PE28mm 2kgPE28M／M(적)2KG, PE28mm 2kgPE28M／M(황)2KG 외 11개",4721.0,11768386.0
2026-07-04,2026,7,4,동원팩,2026-01-05,4.0,"PE28mm 2kgPE28M／M(녹)2KG, PE28mm 2kgPE28M／M(백)2KG, PE28mm 2kgPE28M／M(청)2KG 외 6개",101.0,2608157.0
2026-07-04,2026,7,4,신광포장기계,2026-01-05,6.0,"PE28mm 2kgPE28M／M(백)2KG, PE28mm, 6KGPE28M／M(백)6KG, PP12MPP12M／M10KG(백) 외 10개",4239.0,8956157.0
2026-07-04,2026,7,4,제일산업(주)(화성),2014-03-19,10.0,"PP12MPP 12M／M 9KG, PP12MPP12M／M10KG(황), PP12MPP12M／M9KG 외 21개",7048.0,14479062.0
2026-07-04,2026,7,4,주식회사 에이씨티,2016-01-20,2.0,".PP18MMx 15kg 삼성.11650M두께0.9mm단중8.56g, 0PP18MMx 21kg 삼성.22300M두께0.80mm단중8.8g, PP18MMx .121kg 삼성.32300M두께0.85mm단중8.8g 외 38개",19759.0,40668339.0
2026-07-04,2026,7,4,주신산업,2026-01-05,9.0,"PE28mm 2kgPE28M／M(백)2KG, PP12MPP12M／M10KG(황), 운송료택배비",775.0,1647675.0
2026-07-04,2026,7,4,한남포장기계,2025-12-16,25.0,"PE28mm 2kgPE28M／M(백)2KG, PP12MPP12M／M9KG(황)",1900.0,4650000.0
2026-07-04,2026,7,4,한솔포장,2020-03-27,11.0,"PE28mm 2kgPE28M／M(녹)2KG, PE28mm 2kgPE28M／M(백)2KG, PE28mm 2kgPE28M／M(적)2KG 외 6개",2203.0,5624915.0
2026-07-05,2026,7,5,(주)지엔에스트레이딩,2014-06-05,3.0,".02PP18MMx 21kg 삼성.022300M두께0.9mm단중9.1g, .PP18MMx 21kg 삼성.12300M두께0.9mm단중8.8g, .PP18MMx 21kg 삼성.32300M두께0.9mm단중8.8g 외 48개",19327.0,39698211.0
2026-07-05,2026,7,5,광림파워팩,2021-11-04,9.0,"PE28mm 2kgPE28M／M(백)2KG, PE28mm 2kgPE28M／M(적)2KG, PE28mm 2kgPE28M／M(청)2KG 외 46개",21773.0,37841336.0
2026-07-05,2026,7,5,대상산업,2026-01-02,5.0,"PE28mm 2kgPE28M／M(백)2KG, PE28mm 2kgPE28M／M(청)2KG, PE28mm 2kgPE28M／M(황)2KG 외 7개",2026.0,5153024.0
2026-07-06,2026,7,6,경인팩,2026-01-05,2.0,"PE28mm 2kgPE28M／M(백)2KG, PE28mm 2kgPE28M／M(적)2KG, PE28mm 2kgPE28M／M(황)2KG 외 11개",4721.0,11768386.0
2026-07-06,2026,7,6,신대한판지(주),2024-08-12,21.0,"PP Band(자동)8mm x 0.6T x 3800m (백색) 10Kg/roll, PP12MPP12M／M10KG(검정), PP12MPP12M／M10KG(녹) 외 50개",18211.0,52711272.0
2026-07-06,2026,7,6,우선산업,2025-12-26,24.0,"PE28mm 2kgPE28M／M(백)2KG, PE50mm, 4.5KGPE50M／M(백)4.5KG, PP 재생원료적색",2942.0,5004300.0
2026-07-06,2026,7,6,주식회사 에이씨티,2016-01-20,2.0,".PP18MMx 15kg 삼성.11650M두께0.9mm단중8.56g, 0PP18MMx 21kg 삼성.22300M두께0.80mm단중8.8g, PP18MMx .121kg 삼성.32300M두께0.85mm단중8.8g 외 38개",19759.0,40668339.0
2026-07-06,2026,7,6,파워엠팩,2025-07-23,4.0,"15M/M (수축밴드)15M/M * 10KG, 18MMx 15kg 삼성1650M두께0.9mm단중8.56g, PE28mm 2kgPE 28M／M (백) 2KG 외 150개",83676.0,146265423.0
2026-07-07,2026,7,7,(주)아이마켓코리아,2025-12-24,4.0,"PP11MM*13.34KG삼성경량밴드(황색)2300m*두께0.84mm단중5.8g GRS, PP11MM*13.34KG삼성경량밴드2300m*두께0.84mm단중5.8g GRS, PP18MM x 21Kg 삼성 황색2300M 포장중량 21Kg, 1롤/1pcs 포장 (황색) 외 1개",3843.0,7805629.0
2026-07-07,2026,7,7,"SANYU CO.,LTD",2020-03-02,62.0,"15 x 100M 0.55T15 x 100M 0.55T 황색, 15 x 100M 0.55T15x100M0.55T황색, 15 x 170M 0.55T15x170M0.55T녹색 외 20개",333470.0,39286732.0
2026-07-07,2026,7,7,광림포장기계컨베이어,2011-05-03,9.0,"PE28mm 2kgPE 28M／M (백) 2KG, PE28mm 2kgPE28M／M(백)2KG, PE28mm 2kgPE28M／M(적)2KG 외 26개",20880.0,34859790.0
2026-07-07,2026,7,7,한국포장기계,2025-12-29,39.0,"PE28mm 2kgPE28M／M(백)2KG, PE28mm 2kgPE28M／M(적)2KG, PE28mm 2kgPE28M／M(청)2KG 외 4개",4551.0,11201933.0
2026-07-08,2026,7,8,(주)지엔에스트레이딩,2014-06-05,3.0,".02PP18MMx 21kg 삼성.022300M두께0.9mm단중9.1g, .PP18MMx 21kg 삼성.12300M두께0.9mm단중8.8g, .PP18MMx 21kg 삼성.32300M두께0.9mm단중8.8g 외 48개",19327.0,39698211.0
2026-07-08,2026,7,8,PUNCHBOWL,2025-12-16,103.0,"12 x 2,500M 0.65T12x2,500M0.65TBLACK, 12 x 2,500M 0.65T12x2,500M0.65TWHITE",5616.0,13569916.0
2026-07-08,2026,7,8,경인팩,2026-01-05,2.0,"PE28mm 2kgPE28M／M(백)2KG, PE28mm 2kgPE28M／M(적)2KG, PE28mm 2kgPE28M／M(황)2KG 외 11개",4721.0,11768386.0
2026-07-08,2026,7,8,광림포장기계,2025-12-31,22.0,PP12MPP12M／M10KG(황),640.0,1216000.0
2026-07-08,2026,7,8,동원팩,2026-01-05,4.0,"PE28mm 2kgPE28M／M(녹)2KG, PE28mm 2kgPE28M／M(백)2KG, PE28mm 2kgPE28M／M(청)2KG 외 6개",101.0,2608157.0
2026-07-08,2026,7,8,보우팩,2025-08-06,16.0,"PE28mm 2kgPE28M／M(백)2KG, PE28mm 2kgPE28M／M(적)2KG, PE28mm 2kgPE28M／M(청)2KG 외 28개",14014.0,48149165.0
2026-07-08,2026,7,8,주식회사 에이씨티,2016-01-20,2.0,".PP18MMx 15kg 삼성.11650M두께0.9mm단중8.56g, 0PP18MMx 21kg 삼성.22300M두께0.80mm단중8.8g, PP18MMx .121kg 삼성.32300M두께0.85mm단중8.8g 외 38개",19759.0,40668339.0
2026-07-09,2026,7,9,강원농협연합포장재가공사업소,2025-11-17,40.0,PP12MPP12M／M12.5KG (황),2812.0,4893750.0
2026-07-09,2026,7,9,대상산업,2026-01-02,5.0,"PE28mm 2kgPE28M／M(백)2KG, PE28mm 2kgPE28M／M(청)2KG, PE28mm 2kgPE28M／M(황)2KG 외 7개",2026.0,5153024.0
2026-07-09,2026,7,9,서울포장기계,2022-01-21,10.0,"PP12MPP12M／M10KG(백), PP12MPP12M／M10KG(투명), PP12MPP12M／M10KG(황) 외 4개",2604.0,4541561.0
2026-07-09,2026,7,9,신광포장기계,2026-01-05,6.0,"PE28mm 2kgPE28M／M(백)2KG, PE28mm, 6KGPE28M／M(백)6KG, PP12MPP12M／M10KG(백) 외 10개",4239.0,8956157.0
2026-07-10,2026,7,10,(주)아이마켓코리아,2025-12-24,4.0,"PP11MM*13.34KG삼성경량밴드(황색)2300m*두께0.84mm단중5.8g GRS, PP11MM*13.34KG삼성경량밴드2300m*두께0.84mm단중5.8g GRS, PP18MM x 21Kg 삼성 황색2300M 포장중량 21Kg, 1롤/1pcs 포장 (황색) 외 1개",3843.0,7805629.0
2026-07-10,2026,7,10,경인팩,2026-01-05,2.0,"PE28mm 2kgPE28M／M(백)2KG, PE28mm 2kgPE28M／M(적)2KG, PE28mm 2kgPE28M／M(황)2KG 외 11개",4721.0,11768386.0
2026-07-10,2026,7,10,동방포장기자재,2025-11-24,39.0,PP12MPP12M／M10KG(황),845.0,1647750.0
2026-07-10,2026,7,10,주식회사 대한종합포장,2025-11-24,20.0,"PP12MPP12M／M10KG(백), PP15MPP15MM*10KG(황색), PP5MMx7000Mx0.5T 백색 외 1개",3945.0,10935000.0
2026-07-10,2026,7,10,주식회사 에이씨티,2016-01-20,2.0,".PP18MMx 15kg 삼성.11650M두께0.9mm단중8.56g, 0PP18MMx 21kg 삼성.22300M두께0.80mm단중8.8g, PP18MMx .121kg 삼성.32300M두께0.85mm단중8.8g 외 38개",19759.0,40668339.0
2026-07-10,2026,7,10,파워엠팩,2025-07-23,4.0,"15M/M (수축밴드)15M/M * 10KG, 18MMx 15kg 삼성1650M두께0.9mm단중8.56g, PE28mm 2kgPE 28M／M (백) 2KG 외 150개",83676.0,146265423.0
2026-07-10,2026,7,10,한국미쓰비시상사(주),2015-04-03,49.0,"CALPETCALPET, PE28mm 2kgPE 28M／M (적) 2KG, PE28mm 2kgPE 28M／M(청) 2KG 외 45개",86912.0,182354769.0
2026-07-10,2026,7,10,한길포장기계,2026-01-05,93.0,"PE28mm 2kgPE28M／M(백)2KG, PP12MPP12M／M10KG(백), PP12MPP12M／M10KG(청) 외 4개",3067.0,6408333.0
2026-07-11,2026,7,11,(주)지엔에스트레이딩,2014-06-05,3.0,".02PP18MMx 21kg 삼성.022300M두께0.9mm단중9.1g, .PP18MMx 21kg 삼성.12300M두께0.9mm단중8.8g, .PP18MMx 21kg 삼성.32300M두께0.9mm단중8.8g 외 48개",19327.0,39698211.0
2026-07-11,2026,7,11,CYKLOP PACKAGING SYSTEMS PTY LTD.,2025-12-25,34.0,"12 x 3,000M 0.65T12x3,000M0.65T BLUE, 12 x 3,000M 0.65T12x3,000M0.65T CLEAR, 15 x 1,000M 0.65T Blue15x1,000M0.65T청색 외 9개",32917.0,74746924.0
2026-07-12,2026,7,12,경인팩,2026-01-05,2.0,"PE28mm 2kgPE28M／M(백)2KG, PE28mm 2kgPE28M／M(적)2KG, PE28mm 2kgPE28M／M(황)2KG 외 11개",4721.0,11768386.0
2026-07-12,2026,7,12,대영포장(주)발안공장,2021-01-04,13.0,"MOSCA 히터 수리MOSCA 히터 수리, PE 결속끈PE#50 (백) 5500m 5KG, PP12MPP12M／M10KG(황) 외 25개",9034.0,28061359.0
2026-07-12,2026,7,12,동원팩,2026-01-05,4.0,"PE28mm 2kgPE28M／M(녹)2KG, PE28mm 2kgPE28M／M(백)2KG, PE28mm 2kgPE28M／M(청)2KG 외 6개",101.0,2608157.0
2026-07-12,2026,7,12,전주삼신산업,2025-12-29,13.0,"PE28mm 2kgPE28M／M(백)2KG, PP12MPP12M／M10KG(황), PP15MPP15MM*10KG(황색) 외 4개",1054.0,2411096.0
2026-07-12,2026,7,12,주식회사 에이씨티,2016-01-20,2.0,".PP18MMx 15kg 삼성.11650M두께0.9mm단중8.56g, 0PP18MMx 21kg 삼성.22300M두께0.80mm단중8.8g, PP18MMx .121kg 삼성.32300M두께0.85mm단중8.8g 외 38개",19759.0,40668339.0
2026-07-13,2026,7,13,(주)아이마켓코리아,2025-12-24,4.0,"PP11MM*13.34KG삼성경량밴드(황색)2300m*두께0.84mm단중5.8g GRS, PP11MM*13.34KG삼성경량밴드2300m*두께0.84mm단중5.8g GRS, PP18MM x 21Kg 삼성 황색2300M 포장중량 21Kg, 1롤/1pcs 포장 (황색) 외 1개",3843.0,7805629.0
2026-07-13,2026,7,13,광림파워팩,2021-11-04,9.0,"PE28mm 2kgPE28M／M(백)2KG, PE28mm 2kgPE28M／M(적)2KG, PE28mm 2kgPE28M／M(청)2KG 외 46개",21773.0,37841336.0
2026-07-13,2026,7,13,대상산업,2026-01-02,5.0,"PE28mm 2kgPE28M／M(백)2KG, PE28mm 2kgPE28M／M(청)2KG, PE28mm 2kgPE28M／M(황)2KG 외 7개",2026.0,5153024.0
2026-07-13,2026,7,13,주신산업,2026-01-05,9.0,"PE28mm 2kgPE28M／M(백)2KG, PP12MPP12M／M10KG(황), 운송료택배비",775.0,1647675.0
2026-07-14,2026,7,14,(주)지엔에스트레이딩,2014-06-05,3.0,".02PP18MMx 21kg 삼성.022300M두께0.9mm단중9.1g, .PP18MMx 21kg 삼성.12300M두께0.9mm단중8.8g, .PP18MMx 21kg 삼성.32300M두께0.9mm단중8.8g 외 48개",19327.0,39698211.0
2026-07-14,2026,7,14,경인팩,2026-01-05,2.0,"PE28mm 2kgPE28M／M(백)2KG, PE28mm 2kgPE28M／M(적)2KG, PE28mm 2kgPE28M／M(황)2KG 외 11개",4721.0,11768386.0
2026-07-14,2026,7,14,대경(박타원),2017-01-02,16.0,"PE28mm 2kgPE 28M／M (백) 2KG, PE28mm 2kgPE 28M／M (적) 2KG, PE28mm 2kgPE 28M／M (적)2KG 외 26개",8087.0,18034594.0
2026-07-14,2026,7,14,신광포장기계,2026-01-05,6.0,"PE28mm 2kgPE28M／M(백)2KG, PE28mm, 6KGPE28M／M(백)6KG, PP12MPP12M／M10KG(백) 외 10개",4239.0,8956157.0
2026-07-14,2026,7,14,제일산업(주)(화성),2014-03-19,10.0,"PP12MPP 12M／M 9KG, PP12MPP12M／M10KG(황), PP12MPP12M／M9KG 외 21개",7048.0,14479062.0
2026-07-14,2026,7,14,주)대성씨앤씨,2025-12-22,13.0,"PP12MPP12M／M10KG(백), PP12MPP12M／M10KG(황), PP5MMx7000Mx0.5T 11.4kg 백색core 200x8T OD400 롤랩핑 400*200 외 2개",1470.0,6867600.0
2026-07-14,2026,7,14,주식회사 에이씨티,2016-01-20,2.0,".PP18MMx 15kg 삼성.11650M두께0.9mm단중8.56g, 0PP18MMx 21kg 삼성.22300M두께0.80mm단중8.8g, PP18MMx .121kg 삼성.32300M두께0.85mm단중8.8g 외 38개",19759.0,40668339.0
2026-07-14,2026,7,14,파워엠팩,2025-07-23,4.0,"15M/M (수축밴드)15M/M * 10KG, 18MMx 15kg 삼성1650M두께0.9mm단중8.56g, PE28mm 2kgPE 28M／M (백) 2KG 외 150개",83676.0,146265423.0
2026-07-14,2026,7,14,한솔포장,2020-03-27,11.0,"PE28mm 2kgPE28M／M(녹)2KG, PE28mm 2kgPE28M／M(백)2KG, PE28mm 2kgPE28M／M(적)2KG 외 6개",2203.0,5624915.0
2026-07-14,2026,7,14,합동포장기계,2026-01-05,20.0,"PE28mm 2kgPE28M／M(백)2KG, PP12MPP12M／M10KG(백), PP12MPP12M／M10KG(황) 외 8개",4658.0,10400083.0
2026-07-15,2026,7,15,ANDERSON WHOLESALE PACKAGING PTY LTD.,2025-12-14,71.0,"12 x 3,000M 0.60T12x3,000M0.60TBLUE, 12 x 3,000M 0.60T12x3,000M0.60TCLEAR, 15 x 1,000M 0.7T H/D Black15 x 1,000M 0.7T H/D Black 외 4개",19609.0,44628715.0
2026-07-15,2026,7,15,광림포장기계컨베이어,2011-05-03,9.0,"PE28mm 2kgPE 28M／M (백) 2KG, PE28mm 2kgPE28M／M(백)2KG, PE28mm 2kgPE28M／M(적)2KG 외 26개",20880.0,34859790.0
2026-07-16,2026,7,16,(주)아이마켓코리아,2025-12-24,4.0,"PP11MM*13.34KG삼성경량밴드(황색)2300m*두께0.84mm단중5.8g GRS, PP11MM*13.34KG삼성경량밴드2300m*두께0.84mm단중5.8g GRS, PP18MM x 21Kg 삼성 황색2300M 포장중량 21Kg, 1롤/1pcs 포장 (황색) 외 1개",3843.0,7805629.0
2026-07-16,2026,7,16,경인팩,2026-01-05,2.0,"PE28mm 2kgPE28M／M(백)2KG, PE28mm 2kgPE28M／M(적)2KG, PE28mm 2kgPE28M／M(황)2KG 외 11개",4721.0,11768386.0
2026-07-16,2026,7,16,금산포장,2026-01-05,17.0,"PE28mm 2kgPE28M／M(백)2KG, PE28mm, 6KGPE28M／M(백)6KG, PP12MPP12M／M10KG(투명) 외 2개",1205.0,2820867.0
2026-07-16,2026,7,16,동원팩,2026-01-05,4.0,"PE28mm 2kgPE28M／M(녹)2KG, PE28mm 2kgPE28M／M(백)2KG, PE28mm 2kgPE28M／M(청)2KG 외 6개",101.0,2608157.0
2026-07-16,2026,7,16,주식회사 에이씨티,2016-01-20,2.0,".PP18MMx 15kg 삼성.11650M두께0.9mm단중8.56g, 0PP18MMx 21kg 삼성.22300M두께0.80mm단중8.8g, PP18MMx .121kg 삼성.32300M두께0.85mm단중8.8g 외 38개",19759.0,40668339.0
2026-07-16,2026,7,16,진송팩,2026-01-02,13.0,"PE28mm 2kgPE28M／M(백)2KG, PE28mm 2kgPE28M／M(적)2KG, PE28mm 2kgPE28M／M(청)2KG 외 5개",1520.0,4001822.0
2026-07-17,2026,7,17,(주)지엔에스트레이딩,2014-06-05,3.0,".02PP18MMx 21kg 삼성.022300M두께0.9mm단중9.1g, .PP18MMx 21kg 삼성.12300M두께0.9mm단중8.8g, .PP18MMx 21kg 삼성.32300M두께0.9mm단중8.8g 외 48개",19327.0,39698211.0
2026-07-17,2026,7,17,대상산업,2026-01-02,5.0,"PE28mm 2kgPE28M／M(백)2KG, PE28mm 2kgPE28M／M(청)2KG, PE28mm 2kgPE28M／M(황)2KG 외 7개",2026.0,5153024.0
2026-07-17,2026,7,17,주식회사 광림파워팩,2025-12-31,18.0,"PP12MPP12M／M10KG(황), PP12MPP12M／M12.5KG (황), PP12MPP12mm*0.72T*2800m 12.5KG(투명) 외 5개",4564.0,8718553.0
2026-07-18,2026,7,18,경인팩,2026-01-05,2.0,"PE28mm 2kgPE28M／M(백)2KG, PE28mm 2kgPE28M／M(적)2KG, PE28mm 2kgPE28M／M(황)2KG 외 11개",4721.0,11768386.0
2026-07-18,2026,7,18,주식회사 에이씨티,2016-01-20,2.0,".PP18MMx 15kg 삼성.11650M두께0.9mm단중8.56g, 0PP18MMx 21kg 삼성.22300M두께0.80mm단중8.8g, PP18MMx .121kg 삼성.32300M두께0.85mm단중8.8g 외 38개",19759.0,40668339.0
2026-07-18,2026,7,18,파워엠팩,2025-07-23,4.0,"15M/M (수축밴드)15M/M * 10KG, 18MMx 15kg 삼성1650M두께0.9mm단중8.56g, PE28mm 2kgPE 28M／M (백) 2KG 외 150개",83676.0,146265423.0
2026-07-19,2026,7,19,(주)아이마켓코리아,2025-12-24,4.0,"PP11MM*13.34KG삼성경량밴드(황색)2300m*두께0.84mm단중5.8g GRS, PP11MM*13.34KG삼성경량밴드2300m*두께0.84mm단중5.8g GRS, PP18MM x 21Kg 삼성 황색2300M 포장중량 21Kg, 1롤/1pcs 포장 (황색) 외 1개",3843.0,7805629.0
2026-07-19,2026,7,19,KOMERI,2025-11-23,35.0,"15 x 1,000M 0.55T Yellow15x1,000M0.55T 황색, 15 x 100M 0.55T15x100M 0.55T 황색, 15 x 100M 0.55T15x100M0.55T녹색 외 6개",14064.0,39131390.0
2026-07-19,2026,7,19,서울포장기계,2022-01-21,10.0,"PP12MPP12M／M10KG(백), PP12MPP12M／M10KG(투명), PP12MPP12M／M10KG(황) 외 4개",2604.0,4541561.0
2026-07-19,2026,7,19,신광포장기계,2026-01-05,6.0,"PE28mm 2kgPE28M／M(백)2KG, PE28mm, 6KGPE28M／M(백)6KG, PP12MPP12M／M10KG(백) 외 10개",4239.0,8956157.0
2026-07-20,2026,7,20,(주)낙원포장,2025-12-23,19.0,"PE28mm 2kgPE28M／M(백)2KG, PP10.5MPP10.5M10KG(청), PP10.5MPP10.5M10KG투명 외 5개",6033.0,11884000.0
2026-07-20,2026,7,20,(주)지엔에스트레이딩,2014-06-05,3.0,".02PP18MMx 21kg 삼성.022300M두께0.9mm단중9.1g, .PP18MMx 21kg 삼성.12300M두께0.9mm단중8.8g, .PP18MMx 21kg 삼성.32300M두께0.9mm단중8.8g 외 48개",19327.0,39698211.0
2026-07-20,2026,7,20,POWERPAK,2024-04-25,69.0,"12 x 2,250M x 0.75T12x2,250M0.75TWHITE, 12 x 3,000M 0.52T12 x 3,000M 0.52T 청색, 12 x 3,000M 0.52T12 x 3,000M 0.52T 투명 외 26개",35352.0,81851283.0
2026-07-20,2026,7,20,RLBUTTON,2025-12-16,36.0,"PP 12MM12MMx1000Mx0.55MM Blue, PP19M * 1000M HD BlackPP19MM*1000M*0.85T Black, PP19M BUILDERSPP19M／M*300M 0.60T Blue 외 4개",12993.0,33425099.0
2026-07-20,2026,7,20,경인산업,2025-12-04,19.0,"PP12MPP12M／M10KG(백), PP12MPP12M／M10KG(청), PP12MPP12M／M10KG(황) 외 1개",1825.0,3714000.0
2026-07-20,2026,7,20,경인팩,2026-01-05,2.0,"PE28mm 2kgPE28M／M(백)2KG, PE28mm 2kgPE28M／M(적)2KG, PE28mm 2kgPE28M／M(황)2KG 외 11개",4721.0,11768386.0
2026-07-20,2026,7,20,동원팩,2026-01-05,4.0,"PE28mm 2kgPE28M／M(녹)2KG, PE28mm 2kgPE28M／M(백)2KG, PE28mm 2kgPE28M／M(청)2KG 외 6개",101.0,2608157.0
2026-07-20,2026,7,20,제이케이머티리얼즈(주)／순성공장,2023-12-27,27.0,"ITA20용 배터리14.8V 2AH Li-Po, PET 16MMPET 16mm x 0.8T x 1200m Embossed (반투명 녹색), PET 16mm x 0.8T x 1200mPET 16mm x 0.8T x 1200m Embossed (반투명 녹색) 외 12개",1266.0,9761113.0
2026-07-20,2026,7,20,주식회사 에이씨티,2016-01-20,2.0,".PP18MMx 15kg 삼성.11650M두께0.9mm단중8.56g, 0PP18MMx 21kg 삼성.22300M두께0.80mm단중8.8g, PP18MMx .121kg 삼성.32300M두께0.85mm단중8.8g 외 38개",19759.0,40668339.0
2026-07-20,2026,7,20,한국전자금융(주),2018-12-17,22.0,"무인쇄 11mm x 0.70T x 1000m화폐밴딩끈 지관200x190, 스트레치필름(Baby Roll)20*100mm*150m (Plastic Handle), 스트레치필름(일반 핸드랩)15*500mm*400m 외 1개",176.0,665812.0
2026-07-21,2026,7,21,광림파워팩,2021-11-04,9.0,"PE28mm 2kgPE28M／M(백)2KG, PE28mm 2kgPE28M／M(적)2KG, PE28mm 2kgPE28M／M(청)2KG 외 46개",21773.0,37841336.0
2026-07-21,2026,7,21,대상산업,2026-01-02,5.0,"PE28mm 2kgPE28M／M(백)2KG, PE28mm 2kgPE28M／M(청)2KG, PE28mm 2kgPE28M／M(황)2KG 외 7개",2026.0,5153024.0
2026-07-21,2026,7,21,한서포장,2021-07-29,18.0,"PE28mm 2kg.1PE28M／M(백)2KG, PE28mm 2kg.2PE28M／M(백)2KG, PE28mm 2kgPE 28M／M (백) 2KG 외 19개",7208.0,15354014.0
2026-07-22,2026,7,22,(주)아이마켓코리아,2025-12-24,4.0,"PP11MM*13.34KG삼성경량밴드(황색)2300m*두께0.84mm단중5.8g GRS, PP11MM*13.34KG삼성경량밴드2300m*두께0.84mm단중5.8g GRS, PP18MM x 21Kg 삼성 황색2300M 포장중량 21Kg, 1롤/1pcs 포장 (황색) 외 1개",3843.0,7805629.0
2026-07-22,2026,7,22,PACKAGING HOUSE,2017-01-07,43.0,"12 x 3,000M 0.60T12x3,000M0.60TBLUE, 12 x 3,000M 0.60T12x3,000M0.60TCLEAR, PP 12MM12MMx1000Mx0.55MM Blue 외 5개",15176.0,33485729.0
2026-07-22,2026,7,22,경인팩,2026-01-05,2.0,"PE28mm 2kgPE28M／M(백)2KG, PE28mm 2kgPE28M／M(적)2KG, PE28mm 2kgPE28M／M(황)2KG 외 11개",4721.0,11768386.0
2026-07-22,2026,7,22,동서포장종합상사,2025-12-18,36.0,PE28mm 2kgPE28M／M(백)2KG,120.0,372000.0
2026-07-22,2026,7,22,주식회사 동원피앤아이,2025-12-26,26.0,"PE 결속끈PE#50 (백) 5500m 5KG, PE28mm 2kgPE28M／M(백)2KG, PE50mm, 4.7KGPE50M／M(황)4.7KG",4002.0,10753000.0
2026-07-22,2026,7,22,주식회사 에이스팩,2024-08-08,31.0,"PP15MPP15MM*10KG(황색), PP15MPP15M／M13KG(황), 스트레치필름(일반 기계)25*500*1400 외 6개",565.0,4935364.0
2026-07-22,2026,7,22,주식회사 에이씨티,2016-01-20,2.0,".PP18MMx 15kg 삼성.11650M두께0.9mm단중8.56g, 0PP18MMx 21kg 삼성.22300M두께0.80mm단중8.8g, PP18MMx .121kg 삼성.32300M두께0.85mm단중8.8g 외 38개",19759.0,40668339.0
2026-07-22,2026,7,22,주신산업,2026-01-05,9.0,"PE28mm 2kgPE28M／M(백)2KG, PP12MPP12M／M10KG(황), 운송료택배비",775.0,1647675.0
2026-07-22,2026,7,22,파워엠팩,2025-07-23,4.0,"15M/M (수축밴드)15M/M * 10KG, 18MMx 15kg 삼성1650M두께0.9mm단중8.56g, PE28mm 2kgPE 28M／M (백) 2KG 외 150개",83676.0,146265423.0
2026-07-23,2026,7,23,(주)지엔에스트레이딩,2014-06-05,3.0,".02PP18MMx 21kg 삼성.022300M두께0.9mm단중9.1g, .PP18MMx 21kg 삼성.12300M두께0.9mm단중8.8g, .PP18MMx 21kg 삼성.32300M두께0.9mm단중8.8g 외 48개",19327.0,39698211.0
2026-07-23,2026,7,23,광림포장기계컨베이어,2011-05-03,9.0,"PE28mm 2kgPE 28M／M (백) 2KG, PE28mm 2kgPE28M／M(백)2KG, PE28mm 2kgPE28M／M(적)2KG 외 26개",20880.0,34859790.0
2026-07-24,2026,7,24,(주)탐스텍,2025-12-29,70.0,"12 x 3,000M 0.60T12x3,000M0.60TBLUE, 15 x 2,000M 0.50T15 x 2,000M 0.50T 청색, PP 12MM 2000M 0.80MM Blue12mm 2000m 0.80mm Blue",7022.0,14044140.0
2026-07-24,2026,7,24,경인팩,2026-01-05,2.0,"PE28mm 2kgPE28M／M(백)2KG, PE28mm 2kgPE28M／M(적)2KG, PE28mm 2kgPE28M／M(황)2KG 외 11개",4721.0,11768386.0
2026-07-24,2026,7,24,동원팩,2026-01-05,4.0,"PE28mm 2kgPE28M／M(녹)2KG, PE28mm 2kgPE28M／M(백)2KG, PE28mm 2kgPE28M／M(청)2KG 외 6개",101.0,2608157.0
2026-07-24,2026,7,24,보우팩,2025-08-06,16.0,"PE28mm 2kgPE28M／M(백)2KG, PE28mm 2kgPE28M／M(적)2KG, PE28mm 2kgPE28M／M(청)2KG 외 28개",14014.0,48149165.0
2026-07-24,2026,7,24,신광포장기계,2026-01-05,6.0,"PE28mm 2kgPE28M／M(백)2KG, PE28mm, 6KGPE28M／M(백)6KG, PP12MPP12M／M10KG(백) 외 10개",4239.0,8956157.0
2026-07-24,2026,7,24,제일산업(주)(화성),2014-03-19,10.0,"PP12MPP 12M／M 9KG, PP12MPP12M／M10KG(황), PP12MPP12M／M9KG 외 21개",7048.0,14479062.0
2026-07-24,2026,7,24,제일포장(김해),2025-04-08,59.0,"PE28mm 2kgPE 28M／M (백) 2KG, PE28mm 2kgPE28M／M(녹)2KG, PE28mm 2kgPE28M／M(백)2KG 외 5개",3968.0,10800691.0
2026-07-24,2026,7,24,주식회사 에이씨티,2016-01-20,2.0,".PP18MMx 15kg 삼성.11650M두께0.9mm단중8.56g, 0PP18MMx 21kg 삼성.22300M두께0.80mm단중8.8g, PP18MMx .121kg 삼성.32300M두께0.85mm단중8.8g 외 38개",19759.0,40668339.0
2026-07-24,2026,7,24,한솔포장,2020-03-27,11.0,"PE28mm 2kgPE28M／M(녹)2KG, PE28mm 2kgPE28M／M(백)2KG, PE28mm 2kgPE28M／M(적)2KG 외 6개",2203.0,5624915.0
2026-07-25,2026,7,25,(주)아이마켓코리아,2025-12-24,4.0,"PP11MM*13.34KG삼성경량밴드(황색)2300m*두께0.84mm단중5.8g GRS, PP11MM*13.34KG삼성경량밴드2300m*두께0.84mm단중5.8g GRS, PP18MM x 21Kg 삼성 황색2300M 포장중량 21Kg, 1롤/1pcs 포장 (황색) 외 1개",3843.0,7805629.0
2026-07-25,2026,7,25,대상산업,2026-01-02,5.0,"PE28mm 2kgPE28M／M(백)2KG, PE28mm 2kgPE28M／M(청)2KG, PE28mm 2kgPE28M／M(황)2KG 외 7개",2026.0,5153024.0
2026-07-25,2026,7,25,대영포장(주)발안공장,2021-01-04,13.0,"MOSCA 히터 수리MOSCA 히터 수리, PE 결속끈PE#50 (백) 5500m 5KG, PP12MPP12M／M10KG(황) 외 25개",9034.0,28061359.0
2026-07-25,2026,7,25,전주삼신산업,2025-12-29,13.0,"PE28mm 2kgPE28M／M(백)2KG, PP12MPP12M／M10KG(황), PP15MPP15MM*10KG(황색) 외 4개",1054.0,2411096.0
2026-07-26,2026,7,26,(주)삼화인쇄,2023-07-18,24.0,"PE28mm 2kgPE28M／M(백)2KG, PP 11MM11MM -10KG (백), PP 11MM11MM-10KG(백) 외 20개",15071.0,28566924.0
2026-07-26,2026,7,26,(주)지엔에스트레이딩,2014-06-05,3.0,".02PP18MMx 21kg 삼성.022300M두께0.9mm단중9.1g, .PP18MMx 21kg 삼성.12300M두께0.9mm단중8.8g, .PP18MMx 21kg 삼성.32300M두께0.9mm단중8.8g 외 48개",19327.0,39698211.0
2026-07-26,2026,7,26,경인팩,2026-01-05,2.0,"PE28mm 2kgPE28M／M(백)2KG, PE28mm 2kgPE28M／M(적)2KG, PE28mm 2kgPE28M／M(황)2KG 외 11개",4721.0,11768386.0
2026-07-26,2026,7,26,주)대성씨앤씨,2025-12-22,13.0,"PP12MPP12M／M10KG(백), PP12MPP12M／M10KG(황), PP5MMx7000Mx0.5T 11.4kg 백색core 200x8T OD400 롤랩핑 400*200 외 2개",1470.0,6867600.0
2026-07-26,2026,7,26,주식회사 에이씨티,2016-01-20,2.0,".PP18MMx 15kg 삼성.11650M두께0.9mm단중8.56g, 0PP18MMx 21kg 삼성.22300M두께0.80mm단중8.8g, PP18MMx .121kg 삼성.32300M두께0.85mm단중8.8g 외 38개",19759.0,40668339.0
2026-07-26,2026,7,26,파워엠팩,2025-07-23,4.0,"15M/M (수축밴드)15M/M * 10KG, 18MMx 15kg 삼성1650M두께0.9mm단중8.56g, PE28mm 2kgPE 28M／M (백) 2KG 외 150개",83676.0,146265423.0
2026-07-27,2026,7,27,신대한판지(주),2024-08-12,21.0,"PP Band(자동)8mm x 0.6T x 3800m (백색) 10Kg/roll, PP12MPP12M／M10KG(검정), PP12MPP12M／M10KG(녹) 외 50개",18211.0,52711272.0
2026-07-28,2026,7,28,(주)아이마켓코리아,2025-12-24,4.0,"PP11MM*13.34KG삼성경량밴드(황색)2300m*두께0.84mm단중5.8g GRS, PP11MM*13.34KG삼성경량밴드2300m*두께0.84mm단중5.8g GRS, PP18MM x 21Kg 삼성 황색2300M 포장중량 21Kg, 1롤/1pcs 포장 (황색) 외 1개",3843.0,7805629.0
2026-07-28,2026,7,28,경인팩,2026-01-05,2.0,"PE28mm 2kgPE28M／M(백)2KG, PE28mm 2kgPE28M／M(적)2KG, PE28mm 2kgPE28M／M(황)2KG 외 11개",4721.0,11768386.0
2026-07-28,2026,7,28,동원팩,2026-01-05,4.0,"PE28mm 2kgPE28M／M(녹)2KG, PE28mm 2kgPE28M／M(백)2KG, PE28mm 2kgPE28M／M(청)2KG 외 6개",101.0,2608157.0
2026-07-28,2026,7,28,주식회사 에이씨티,2016-01-20,2.0,".PP18MMx 15kg 삼성.11650M두께0.9mm단중8.56g, 0PP18MMx 21kg 삼성.22300M두께0.80mm단중8.8g, PP18MMx .121kg 삼성.32300M두께0.85mm단중8.8g 외 38개",19759.0,40668339.0
2026-07-29,2026,7,29,(주)지엔에스트레이딩,2014-06-05,3.0,".02PP18MMx 21kg 삼성.022300M두께0.9mm단중9.1g, .PP18MMx 21kg 삼성.12300M두께0.9mm단중8.8g, .PP18MMx 21kg 삼성.32300M두께0.9mm단중8.8g 외 48개",19327.0,39698211.0
2026-07-29,2026,7,29,광림파워팩,2021-11-04,9.0,"PE28mm 2kgPE28M／M(백)2KG, PE28mm 2kgPE28M／M(적)2KG, PE28mm 2kgPE28M／M(청)2KG 외 46개",21773.0,37841336.0
2026-07-29,2026,7,29,광림포장기계,2025-12-31,22.0,PP12MPP12M／M10KG(황),640.0,1216000.0
2026-07-29,2026,7,29,대경(박타원),2017-01-02,16.0,"PE28mm 2kgPE 28M／M (백) 2KG, PE28mm 2kgPE 28M／M (적) 2KG, PE28mm 2kgPE 28M／M (적)2KG 외 26개",8087.0,18034594.0
2026-07-29,2026,7,29,대상산업,2026-01-02,5.0,"PE28mm 2kgPE28M／M(백)2KG, PE28mm 2kgPE28M／M(청)2KG, PE28mm 2kgPE28M／M(황)2KG 외 7개",2026.0,5153024.0
2026-07-29,2026,7,29,삼원산업,2025-12-31,30.0,"PP12MPP12M／M10KG(황), PP12MPP12M／M12KG(투명), PP12MPP12M／M12KG(황) 외 2개",2700.0,5300000.0
2026-07-29,2026,7,29,서울포장기계,2022-01-21,10.0,"PP12MPP12M／M10KG(백), PP12MPP12M／M10KG(투명), PP12MPP12M／M10KG(황) 외 4개",2604.0,4541561.0
2026-07-29,2026,7,29,신광포장기계,2026-01-05,6.0,"PE28mm 2kgPE28M／M(백)2KG, PE28mm, 6KGPE28M／M(백)6KG, PP12MPP12M／M10KG(백) 외 10개",4239.0,8956157.0
2026-07-29,2026,7,29,주식회사 대한종합포장,2025-11-24,20.0,"PP12MPP12M／M10KG(백), PP15MPP15MM*10KG(황색), PP5MMx7000Mx0.5T 백색 외 1개",3945.0,10935000.0
2026-07-29,2026,7,29,진송팩,2026-01-02,13.0,"PE28mm 2kgPE28M／M(백)2KG, PE28mm 2kgPE28M／M(적)2KG, PE28mm 2kgPE28M／M(청)2KG 외 5개",1520.0,4001822.0
2026-07-29,2026,7,29,한남포장기계,2025-12-16,25.0,"PE28mm 2kgPE28M／M(백)2KG, PP12MPP12M／M9KG(황)",1900.0,4650000.0
2026-07-30,2026,7,30,경인팩,2026-01-05,2.0,"PE28mm 2kgPE28M／M(백)2KG, PE28mm 2kgPE28M／M(적)2KG, PE28mm 2kgPE28M／M(황)2KG 외 11개",4721.0,11768386.0
2026-07-30,2026,7,30,우선산업,2025-12-26,24.0,"PE28mm 2kgPE28M／M(백)2KG, PE50mm, 4.5KGPE50M／M(백)4.5KG, PP 재생원료적색",2942.0,5004300.0
2026-07-30,2026,7,30,주식회사 에이씨티,2016-01-20,2.0,".PP18MMx 15kg 삼성.11650M두께0.9mm단중8.56g, 0PP18MMx 21kg 삼성.22300M두께0.80mm단중8.8g, PP18MMx .121kg 삼성.32300M두께0.85mm단중8.8g 외 38개",19759.0,40668339.0
2026-07-30,2026,7,30,파워엠팩,2025-07-23,4.0,"15M/M (수축밴드)15M/M * 10KG, 18MMx 15kg 삼성1650M두께0.9mm단중8.56g, PE28mm 2kgPE 28M／M (백) 2KG 외 150개",83676.0,146265423.0
2026-07-31,2026,7,31,(주)아이마켓코리아,2025-12-24,4.0,"PP11MM*13.34KG삼성경량밴드(황색)2300m*두께0.84mm단중5.8g GRS, PP11MM*13.34KG삼성경량밴드2300m*두께0.84mm단중5.8g GRS, PP18MM x 21Kg 삼성 황색2300M 포장중량 21Kg, 1롤/1pcs 포장 (황색) 외 1개",3843.0,7805629.0
2026-07-31,2026,7,31,광림포장기계컨베이어,2011-05-03,9.0,"PE28mm 2kgPE 28M／M (백) 2KG, PE28mm 2kgPE28M／M(백)2KG, PE28mm 2kgPE28M／M(적)2KG 외 26개",20880.0,34859790.0
2026-07-31,2026,7,31,주신산업,2026-01-05,9.0,"PE28mm 2kgPE28M／M(백)2KG, PP12MPP12M／M10KG(황), 운송료택배비",775.0,1647675.0
2026-08-01,2026,8,1,(주)지엔에스트레이딩,2014-06-05,3.0,".02PP18MMx 21kg 삼성.022300M두께0.9mm단중9.1g, .PP18MMx 21kg 삼성.12300M두께0.9mm단중8.8g, .PP18MMx 21kg 삼성.32300M두께0.9mm단중8.8g 외 48개",19327.0,39698211.0
2026-08-01,2026,8,1,경인팩,2026-01-05,2.0,"PE28mm 2kgPE28M／M(백)2KG, PE28mm 2kgPE28M／M(적)2KG, PE28mm 2kgPE28M／M(황)2KG 외 11개",4721.0,11768386.0
2026-08-01,2026,8,1,금산포장,2026-01-05,17.0,"PE28mm 2kgPE28M／M(백)2KG, PE28mm, 6KGPE28M／M(백)6KG, PP12MPP12M／M10KG(투명) 외 2개",1205.0,2820867.0
2026-08-01,2026,8,1,동원팩,2026-01-05,4.0,"PE28mm 2kgPE28M／M(녹)2KG, PE28mm 2kgPE28M／M(백)2KG, PE28mm 2kgPE28M／M(청)2KG 외 6개",101.0,2608157.0
2026-08-01,2026,8,1,주식회사 에이씨티,2016-01-20,2.0,".PP18MMx 15kg 삼성.11650M두께0.9mm단중8.56g, 0PP18MMx 21kg 삼성.22300M두께0.80mm단중8.8g, PP18MMx .121kg 삼성.32300M두께0.85mm단중8.8g 외 38개",19759.0,40668339.0
2026-08-02,2026,8,2,대상산업,2026-01-02,5.0,"PE28mm 2kgPE28M／M(백)2KG, PE28mm 2kgPE28M／M(청)2KG, PE28mm 2kgPE28M／M(황)2KG 외 7개",2026.0,5153024.0
2026-08-02,2026,8,2,합동포장기계,2026-01-05,20.0,"PE28mm 2kgPE28M／M(백)2KG, PP12MPP12M／M10KG(백), PP12MPP12M／M10KG(황) 외 8개",4658.0,10400083.0
2026-08-03,2026,8,3,(주)아이마켓코리아,2025-12-24,4.0,"PP11MM*13.34KG삼성경량밴드(황색)2300m*두께0.84mm단중5.8g GRS, PP11MM*13.34KG삼성경량밴드2300m*두께0.84mm단중5.8g GRS, PP18MM x 21Kg 삼성 황색2300M 포장중량 21Kg, 1롤/1pcs 포장 (황색) 외 1개",3843.0,7805629.0
2026-08-03,2026,8,3,경인팩,2026-01-05,2.0,"PE28mm 2kgPE28M／M(백)2KG, PE28mm 2kgPE28M／M(적)2KG, PE28mm 2kgPE28M／M(황)2KG 외 11개",4721.0,11768386.0
2026-08-03,2026,8,3,신광포장기계,2026-01-05,6.0,"PE28mm 2kgPE28M／M(백)2KG, PE28mm, 6KGPE28M／M(백)6KG, PP12MPP12M／M10KG(백) 외 10개",4239.0,8956157.0
2026-08-03,2026,8,3,제일산업(주)(화성),2014-03-19,10.0,"PP12MPP 12M／M 9KG, PP12MPP12M／M10KG(황), PP12MPP12M／M9KG 외 21개",7048.0,14479062.0
2026-08-03,2026,8,3,주식회사 에이씨티,2016-01-20,2.0,".PP18MMx 15kg 삼성.11650M두께0.9mm단중8.56g, 0PP18MMx 21kg 삼성.22300M두께0.80mm단중8.8g, PP18MMx .121kg 삼성.32300M두께0.85mm단중8.8g 외 38개",19759.0,40668339.0
2026-08-03,2026,8,3,파워엠팩,2025-07-23,4.0,"15M/M (수축밴드)15M/M * 10KG, 18MMx 15kg 삼성1650M두께0.9mm단중8.56g, PE28mm 2kgPE 28M／M (백) 2KG 외 150개",83676.0,146265423.0
2026-08-03,2026,8,3,한솔포장,2020-03-27,11.0,"PE28mm 2kgPE28M／M(녹)2KG, PE28mm 2kgPE28M／M(백)2KG, PE28mm 2kgPE28M／M(적)2KG 외 6개",2203.0,5624915.0
2026-08-04,2026,8,4,(주)지엔에스트레이딩,2014-06-05,3.0,".02PP18MMx 21kg 삼성.022300M두께0.9mm단중9.1g, .PP18MMx 21kg 삼성.12300M두께0.9mm단중8.8g, .PP18MMx 21kg 삼성.32300M두께0.9mm단중8.8g 외 48개",19327.0,39698211.0
2026-08-04,2026,8,4,주식회사 광림파워팩,2025-12-31,18.0,"PP12MPP12M／M10KG(황), PP12MPP12M／M12.5KG (황), PP12MPP12mm*0.72T*2800m 12.5KG(투명) 외 5개",4564.0,8718553.0
2026-08-05,2026,8,5,경인팩,2026-01-05,2.0,"PE28mm 2kgPE28M／M(백)2KG, PE28mm 2kgPE28M／M(적)2KG, PE28mm 2kgPE28M／M(황)2KG 외 11개",4721.0,11768386.0
2026-08-05,2026,8,5,동원팩,2026-01-05,4.0,"PE28mm 2kgPE28M／M(녹)2KG, PE28mm 2kgPE28M／M(백)2KG, PE28mm 2kgPE28M／M(청)2KG 외 6개",101.0,2608157.0
2026-08-05,2026,8,5,주식회사 에이씨티,2016-01-20,2.0,".PP18MMx 15kg 삼성.11650M두께0.9mm단중8.56g, 0PP18MMx 21kg 삼성.22300M두께0.80mm단중8.8g, PP18MMx .121kg 삼성.32300M두께0.85mm단중8.8g 외 38개",19759.0,40668339.0
2026-08-06,2026,8,6,(주)아이마켓코리아,2025-12-24,4.0,"PP11MM*13.34KG삼성경량밴드(황색)2300m*두께0.84mm단중5.8g GRS, PP11MM*13.34KG삼성경량밴드2300m*두께0.84mm단중5.8g GRS, PP18MM x 21Kg 삼성 황색2300M 포장중량 21Kg, 1롤/1pcs 포장 (황색) 외 1개",3843.0,7805629.0
2026-08-06,2026,8,6,광림파워팩,2021-11-04,9.0,"PE28mm 2kgPE28M／M(백)2KG, PE28mm 2kgPE28M／M(적)2KG, PE28mm 2kgPE28M／M(청)2KG 외 46개",21773.0,37841336.0
2026-08-06,2026,8,6,대상산업,2026-01-02,5.0,"PE28mm 2kgPE28M／M(백)2KG, PE28mm 2kgPE28M／M(청)2KG, PE28mm 2kgPE28M／M(황)2KG 외 7개",2026.0,5153024.0
2026-08-07,2026,8,7,(주)지엔에스트레이딩,2014-06-05,3.0,".02PP18MMx 21kg 삼성.022300M두께0.9mm단중9.1g, .PP18MMx 21kg 삼성.12300M두께0.9mm단중8.8g, .PP18MMx 21kg 삼성.32300M두께0.9mm단중8.8g 외 48개",19327.0,39698211.0
2026-08-07,2026,8,7,경인팩,2026-01-05,2.0,"PE28mm 2kgPE28M／M(백)2KG, PE28mm 2kgPE28M／M(적)2KG, PE28mm 2kgPE28M／M(황)2KG 외 11개",4721.0,11768386.0
2026-08-07,2026,8,7,대영포장(주)발안공장,2021-01-04,13.0,"MOSCA 히터 수리MOSCA 히터 수리, PE 결속끈PE#50 (백) 5500m 5KG, PP12MPP12M／M10KG(황) 외 25개",9034.0,28061359.0
2026-08-07,2026,8,7,신광포장기계(부산),2025-11-04,47.0,"PE28mm 2kgPE28M／M(백)2KG, 운송료",218.0,640667.0
2026-08-07,2026,8,7,전주삼신산업,2025-12-29,13.0,"PE28mm 2kgPE28M／M(백)2KG, PP12MPP12M／M10KG(황), PP15MPP15MM*10KG(황색) 외 4개",1054.0,2411096.0
2026-08-07,2026,8,7,주)대성씨앤씨,2025-12-22,13.0,"PP12MPP12M／M10KG(백), PP12MPP12M／M10KG(황), PP5MMx7000Mx0.5T 11.4kg 백색core 200x8T OD400 롤랩핑 400*200 외 2개",1470.0,6867600.0
2026-08-07,2026,8,7,주식회사 에이씨티,2016-01-20,2.0,".PP18MMx 15kg 삼성.11650M두께0.9mm단중8.56g, 0PP18MMx 21kg 삼성.22300M두께0.80mm단중8.8g, PP18MMx .121kg 삼성.32300M두께0.85mm단중8.8g 외 38개",19759.0,40668339.0
2026-08-07,2026,8,7,파워엠팩,2025-07-23,4.0,"15M/M (수축밴드)15M/M * 10KG, 18MMx 15kg 삼성1650M두께0.9mm단중8.56g, PE28mm 2kgPE 28M／M (백) 2KG 외 150개",83676.0,146265423.0
2026-08-08,2026,8,8,(주)낙원포장,2025-12-23,19.0,"PE28mm 2kgPE28M／M(백)2KG, PP10.5MPP10.5M10KG(청), PP10.5MPP10.5M10KG투명 외 5개",6033.0,11884000.0
2026-08-08,2026,8,8,경인산업,2025-12-04,19.0,"PP12MPP12M／M10KG(백), PP12MPP12M／M10KG(청), PP12MPP12M／M10KG(황) 외 1개",1825.0,3714000.0
2026-08-08,2026,8,8,광림포장기계컨베이어,2011-05-03,9.0,"PE28mm 2kgPE 28M／M (백) 2KG, PE28mm 2kgPE28M／M(백)2KG, PE28mm 2kgPE28M／M(적)2KG 외 26개",20880.0,34859790.0
2026-08-08,2026,8,8,서울포장기계,2022-01-21,10.0,"PP12MPP12M／M10KG(백), PP12MPP12M／M10KG(투명), PP12MPP12M／M10KG(황) 외 4개",2604.0,4541561.0
2026-08-08,2026,8,8,신광포장기계,2026-01-05,6.0,"PE28mm 2kgPE28M／M(백)2KG, PE28mm, 6KGPE28M／M(백)6KG, PP12MPP12M／M10KG(백) 외 10개",4239.0,8956157.0
2026-08-08,2026,8,8,한서포장,2021-07-29,18.0,"PE28mm 2kg.1PE28M／M(백)2KG, PE28mm 2kg.2PE28M／M(백)2KG, PE28mm 2kgPE 28M／M (백) 2KG 외 19개",7208.0,15354014.0
2026-08-09,2026,8,9,(주)아이마켓코리아,2025-12-24,4.0,"PP11MM*13.34KG삼성경량밴드(황색)2300m*두께0.84mm단중5.8g GRS, PP11MM*13.34KG삼성경량밴드2300m*두께0.84mm단중5.8g GRS, PP18MM x 21Kg 삼성 황색2300M 포장중량 21Kg, 1롤/1pcs 포장 (황색) 외 1개",3843.0,7805629.0
2026-08-09,2026,8,9,경인팩,2026-01-05,2.0,"PE28mm 2kgPE28M／M(백)2KG, PE28mm 2kgPE28M／M(적)2KG, PE28mm 2kgPE28M／M(황)2KG 외 11개",4721.0,11768386.0
2026-08-09,2026,8,9,동원팩,2026-01-05,4.0,"PE28mm 2kgPE28M／M(녹)2KG, PE28mm 2kgPE28M／M(백)2KG, PE28mm 2kgPE28M／M(청)2KG 외 6개",101.0,2608157.0
2026-08-09,2026,8,9,보우팩,2025-08-06,16.0,"PE28mm 2kgPE28M／M(백)2KG, PE28mm 2kgPE28M／M(적)2KG, PE28mm 2kgPE28M／M(청)2KG 외 28개",14014.0,48149165.0
2026-08-09,2026,8,9,주식회사 에이씨티,2016-01-20,2.0,".PP18MMx 15kg 삼성.11650M두께0.9mm단중8.56g, 0PP18MMx 21kg 삼성.22300M두께0.80mm단중8.8g, PP18MMx .121kg 삼성.32300M두께0.85mm단중8.8g 외 38개",19759.0,40668339.0
2026-08-09,2026,8,9,주신산업,2026-01-05,9.0,"PE28mm 2kgPE28M／M(백)2KG, PP12MPP12M／M10KG(황), 운송료택배비",775.0,1647675.0
2026-08-10,2026,8,10,(주)지엔에스트레이딩,2014-06-05,3.0,".02PP18MMx 21kg 삼성.022300M두께0.9mm단중9.1g, .PP18MMx 21kg 삼성.12300M두께0.9mm단중8.8g, .PP18MMx 21kg 삼성.32300M두께0.9mm단중8.8g 외 48개",19327.0,39698211.0
2026-08-10,2026,8,10,대상산업,2026-01-02,5.0,"PE28mm 2kgPE28M／M(백)2KG, PE28mm 2kgPE28M／M(청)2KG, PE28mm 2kgPE28M／M(황)2KG 외 7개",2026.0,5153024.0
2026-08-11,2026,8,11,경인팩,2026-01-05,2.0,"PE28mm 2kgPE28M／M(백)2KG, PE28mm 2kgPE28M／M(적)2KG, PE28mm 2kgPE28M／M(황)2KG 외 11개",4721.0,11768386.0
2026-08-11,2026,8,11,주식회사 에이씨티,2016-01-20,2.0,".PP18MMx 15kg 삼성.11650M두께0.9mm단중8.56g, 0PP18MMx 21kg 삼성.22300M두께0.80mm단중8.8g, PP18MMx .121kg 삼성.32300M두께0.85mm단중8.8g 외 38개",19759.0,40668339.0
2026-08-11,2026,8,11,진송팩,2026-01-02,13.0,"PE28mm 2kgPE28M／M(백)2KG, PE28mm 2kgPE28M／M(적)2KG, PE28mm 2kgPE28M／M(청)2KG 외 5개",1520.0,4001822.0
2026-08-11,2026,8,11,파워엠팩,2025-07-23,4.0,"15M/M (수축밴드)15M/M * 10KG, 18MMx 15kg 삼성1650M두께0.9mm단중8.56g, PE28mm 2kgPE 28M／M (백) 2KG 외 150개",83676.0,146265423.0
2026-08-11,2026,8,11,한국전자금융(주),2018-12-17,22.0,"무인쇄 11mm x 0.70T x 1000m화폐밴딩끈 지관200x190, 스트레치필름(Baby Roll)20*100mm*150m (Plastic Handle), 스트레치필름(일반 핸드랩)15*500mm*400m 외 1개",176.0,665812.0
2026-08-12,2026,8,12,(주)아이마켓코리아,2025-12-24,4.0,"PP11MM*13.34KG삼성경량밴드(황색)2300m*두께0.84mm단중5.8g GRS, PP11MM*13.34KG삼성경량밴드2300m*두께0.84mm단중5.8g GRS, PP18MM x 21Kg 삼성 황색2300M 포장중량 21Kg, 1롤/1pcs 포장 (황색) 외 1개",3843.0,7805629.0
2026-08-13,2026,8,13,(주)지엔에스트레이딩,2014-06-05,3.0,".02PP18MMx 21kg 삼성.022300M두께0.9mm단중9.1g, .PP18MMx 21kg 삼성.12300M두께0.9mm단중8.8g, .PP18MMx 21kg 삼성.32300M두께0.9mm단중8.8g 외 48개",19327.0,39698211.0
2026-08-13,2026,8,13,CYKLOP PACKAGING SYSTEMS PTY LTD.,2025-12-25,34.0,"12 x 3,000M 0.65T12x3,000M0.65T BLUE, 12 x 3,000M 0.65T12x3,000M0.65T CLEAR, 15 x 1,000M 0.65T Blue15x1,000M0.65T청색 외 9개",32917.0,74746924.0
2026-08-13,2026,8,13,경인팩,2026-01-05,2.0,"PE28mm 2kgPE28M／M(백)2KG, PE28mm 2kgPE28M／M(적)2KG, PE28mm 2kgPE28M／M(황)2KG 외 11개",4721.0,11768386.0
2026-08-13,2026,8,13,대경(박타원),2017-01-02,16.0,"PE28mm 2kgPE 28M／M (백) 2KG, PE28mm 2kgPE 28M／M (적) 2KG, PE28mm 2kgPE 28M／M (적)2KG 외 26개",8087.0,18034594.0
2026-08-13,2026,8,13,동원팩,2026-01-05,4.0,"PE28mm 2kgPE28M／M(녹)2KG, PE28mm 2kgPE28M／M(백)2KG, PE28mm 2kgPE28M／M(청)2KG 외 6개",101.0,2608157.0
2026-08-13,2026,8,13,신광포장기계,2026-01-05,6.0,"PE28mm 2kgPE28M／M(백)2KG, PE28mm, 6KGPE28M／M(백)6KG, PP12MPP12M／M10KG(백) 외 10개",4239.0,8956157.0
2026-08-13,2026,8,13,제일산업(주)(화성),2014-03-19,10.0,"PP12MPP 12M／M 9KG, PP12MPP12M／M10KG(황), PP12MPP12M／M9KG 외 21개",7048.0,14479062.0
2026-08-13,2026,8,13,주식회사 에이씨티,2016-01-20,2.0,".PP18MMx 15kg 삼성.11650M두께0.9mm단중8.56g, 0PP18MMx 21kg 삼성.22300M두께0.80mm단중8.8g, PP18MMx .121kg 삼성.32300M두께0.85mm단중8.8g 외 38개",19759.0,40668339.0
2026-08-13,2026,8,13,한솔포장,2020-03-27,11.0,"PE28mm 2kgPE28M／M(녹)2KG, PE28mm 2kgPE28M／M(백)2KG, PE28mm 2kgPE28M／M(적)2KG 외 6개",2203.0,5624915.0
2026-08-14,2026,8,14,NZ SAFETY BLACKWOODS,2025-11-02,58.0,"12 x 3,000M 0.60T12x3,000M0.60TBLUE, PP 12MM12MMx1000Mx0.55MM Blue, PP19M BUILDERSPP19M／M*300M 0.60T Blue 외 2개",6983.0,17625364.0
2026-08-14,2026,8,14,광림파워팩,2021-11-04,9.0,"PE28mm 2kgPE28M／M(백)2KG, PE28mm 2kgPE28M／M(적)2KG, PE28mm 2kgPE28M／M(청)2KG 외 46개",21773.0,37841336.0
2026-08-14,2026,8,14,대상산업,2026-01-02,5.0,"PE28mm 2kgPE28M／M(백)2KG, PE28mm 2kgPE28M／M(청)2KG, PE28mm 2kgPE28M／M(황)2KG 외 7개",2026.0,5153024.0
2026-08-14,2026,8,14,한국포장기계,2025-12-29,39.0,"PE28mm 2kgPE28M／M(백)2KG, PE28mm 2kgPE28M／M(적)2KG, PE28mm 2kgPE28M／M(청)2KG 외 4개",4551.0,11201933.0
2026-08-15,2026,8,15,(주)아이마켓코리아,2025-12-24,4.0,"PP11MM*13.34KG삼성경량밴드(황색)2300m*두께0.84mm단중5.8g GRS, PP11MM*13.34KG삼성경량밴드2300m*두께0.84mm단중5.8g GRS, PP18MM x 21Kg 삼성 황색2300M 포장중량 21Kg, 1롤/1pcs 포장 (황색) 외 1개",3843.0,7805629.0
2026-08-15,2026,8,15,경인팩,2026-01-05,2.0,"PE28mm 2kgPE28M／M(백)2KG, PE28mm 2kgPE28M／M(적)2KG, PE28mm 2kgPE28M／M(황)2KG 외 11개",4721.0,11768386.0
2026-08-15,2026,8,15,제이케이머티리얼즈(주)／순성공장,2023-12-27,27.0,"ITA20용 배터리14.8V 2AH Li-Po, PET 16MMPET 16mm x 0.8T x 1200m Embossed (반투명 녹색), PET 16mm x 0.8T x 1200mPET 16mm x 0.8T x 1200m Embossed (반투명 녹색) 외 12개",1266.0,9761113.0
2026-08-15,2026,8,15,주식회사 에이씨티,2016-01-20,2.0,".PP18MMx 15kg 삼성.11650M두께0.9mm단중8.56g, 0PP18MMx 21kg 삼성.22300M두께0.80mm단중8.8g, PP18MMx .121kg 삼성.32300M두께0.85mm단중8.8g 외 38개",19759.0,40668339.0
2026-08-15,2026,8,15,파워엠팩,2025-07-23,4.0,"15M/M (수축밴드)15M/M * 10KG, 18MMx 15kg 삼성1650M두께0.9mm단중8.56g, PE28mm 2kgPE 28M／M (백) 2KG 외 150개",83676.0,146265423.0
2026-08-16,2026,8,16,(주)지엔에스트레이딩,2014-06-05,3.0,".02PP18MMx 21kg 삼성.022300M두께0.9mm단중9.1g, .PP18MMx 21kg 삼성.12300M두께0.9mm단중8.8g, .PP18MMx 21kg 삼성.32300M두께0.9mm단중8.8g 외 48개",19327.0,39698211.0
2026-08-16,2026,8,16,NORTH SHORE,2024-10-25,110.0,"12 x 2,500M 0.50T12 x 2,500M 0.50T BLUE, 12 x 2,591M 0.61T12x2,591M 0.61T 검정, 12 x 2,620M 0.61T White (8x8)12 x 2,620M 0.61T White 외 82개",147487.0,326131427.0
2026-08-16,2026,8,16,광림포장기계컨베이어,2011-05-03,9.0,"PE28mm 2kgPE 28M／M (백) 2KG, PE28mm 2kgPE28M／M(백)2KG, PE28mm 2kgPE28M／M(적)2KG 외 26개",20880.0,34859790.0
2026-08-17,2026,8,17,강원농협연합포장재가공사업소,2025-11-17,40.0,PP12MPP12M／M12.5KG (황),2812.0,4893750.0
2026-08-17,2026,8,17,경인팩,2026-01-05,2.0,"PE28mm 2kgPE28M／M(백)2KG, PE28mm 2kgPE28M／M(적)2KG, PE28mm 2kgPE28M／M(황)2KG 외 11개",4721.0,11768386.0
2026-08-17,2026,8,17,금산포장,2026-01-05,17.0,"PE28mm 2kgPE28M／M(백)2KG, PE28mm, 6KGPE28M／M(백)6KG, PP12MPP12M／M10KG(투명) 외 2개",1205.0,2820867.0
2026-08-17,2026,8,17,동방포장기자재,2025-11-24,39.0,PP12MPP12M／M10KG(황),845.0,1647750.0
2026-08-17,2026,8,17,동원팩,2026-01-05,4.0,"PE28mm 2kgPE28M／M(녹)2KG, PE28mm 2kgPE28M／M(백)2KG, PE28mm 2kgPE28M／M(청)2KG 외 6개",101.0,2608157.0
2026-08-17,2026,8,17,신대한판지(주),2024-08-12,21.0,"PP Band(자동)8mm x 0.6T x 3800m (백색) 10Kg/roll, PP12MPP12M／M10KG(검정), PP12MPP12M／M10KG(녹) 외 50개",18211.0,52711272.0
2026-08-17,2026,8,17,주식회사 대한종합포장,2025-11-24,20.0,"PP12MPP12M／M10KG(백), PP15MPP15MM*10KG(황색), PP5MMx7000Mx0.5T 백색 외 1개",3945.0,10935000.0
2026-08-17,2026,8,17,주식회사 동원피앤아이,2025-12-26,26.0,"PE 결속끈PE#50 (백) 5500m 5KG, PE28mm 2kgPE28M／M(백)2KG, PE50mm, 4.7KGPE50M／M(황)4.7KG",4002.0,10753000.0
2026-08-17,2026,8,17,주식회사 에이씨티,2016-01-20,2.0,".PP18MMx 15kg 삼성.11650M두께0.9mm단중8.56g, 0PP18MMx 21kg 삼성.22300M두께0.80mm단중8.8g, PP18MMx .121kg 삼성.32300M두께0.85mm단중8.8g 외 38개",19759.0,40668339.0
2026-08-18,2026,8,18,(주)삼화인쇄,2023-07-18,24.0,"PE28mm 2kgPE28M／M(백)2KG, PP 11MM11MM -10KG (백), PP 11MM11MM-10KG(백) 외 20개",15071.0,28566924.0
2026-08-18,2026,8,18,(주)아이마켓코리아,2025-12-24,4.0,"PP11MM*13.34KG삼성경량밴드(황색)2300m*두께0.84mm단중5.8g GRS, PP11MM*13.34KG삼성경량밴드2300m*두께0.84mm단중5.8g GRS, PP18MM x 21Kg 삼성 황색2300M 포장중량 21Kg, 1롤/1pcs 포장 (황색) 외 1개",3843.0,7805629.0
2026-08-18,2026,8,18,대상산업,2026-01-02,5.0,"PE28mm 2kgPE28M／M(백)2KG, PE28mm 2kgPE28M／M(청)2KG, PE28mm 2kgPE28M／M(황)2KG 외 7개",2026.0,5153024.0
2026-08-18,2026,8,18,상일교역상사,2025-08-13,75.0,"12 x 1,707M 0.78T12x1,707M 0.78T 백색, 12 x 3,017M 0.55T12x3,017M 0.55T 검정, 12 x 3,017M 0.55T12x3,017M 0.55T 녹색 외 20개",49231.0,112608367.0
2026-08-18,2026,8,18,서울포장기계,2022-01-21,10.0,"PP12MPP12M／M10KG(백), PP12MPP12M／M10KG(투명), PP12MPP12M／M10KG(황) 외 4개",2604.0,4541561.0
2026-08-18,2026,8,18,신광포장기계,2026-01-05,6.0,"PE28mm 2kgPE28M／M(백)2KG, PE28mm, 6KGPE28M／M(백)6KG, PP12MPP12M／M10KG(백) 외 10개",4239.0,8956157.0
2026-08-18,2026,8,18,주신산업,2026-01-05,9.0,"PE28mm 2kgPE28M／M(백)2KG, PP12MPP12M／M10KG(황), 운송료택배비",775.0,1647675.0
2026-08-19,2026,8,19,(주)지엔에스트레이딩,2014-06-05,3.0,".02PP18MMx 21kg 삼성.022300M두께0.9mm단중9.1g, .PP18MMx 21kg 삼성.12300M두께0.9mm단중8.8g, .PP18MMx 21kg 삼성.32300M두께0.9mm단중8.8g 외 48개",19327.0,39698211.0
2026-08-19,2026,8,19,경인팩,2026-01-05,2.0,"PE28mm 2kgPE28M／M(백)2KG, PE28mm 2kgPE28M／M(적)2KG, PE28mm 2kgPE28M／M(황)2KG 외 11개",4721.0,11768386.0
2026-08-19,2026,8,19,광림포장기계,2025-12-31,22.0,PP12MPP12M／M10KG(황),640.0,1216000.0
2026-08-19,2026,8,19,주)대성씨앤씨,2025-12-22,13.0,"PP12MPP12M／M10KG(백), PP12MPP12M／M10KG(황), PP5MMx7000Mx0.5T 11.4kg 백색core 200x8T OD400 롤랩핑 400*200 외 2개",1470.0,6867600.0
2026-08-19,2026,8,19,주식회사 에이씨티,2016-01-20,2.0,".PP18MMx 15kg 삼성.11650M두께0.9mm단중8.56g, 0PP18MMx 21kg 삼성.22300M두께0.80mm단중8.8g, PP18MMx .121kg 삼성.32300M두께0.85mm단중8.8g 외 38개",19759.0,40668339.0
2026-08-19,2026,8,19,파워엠팩,2025-07-23,4.0,"15M/M (수축밴드)15M/M * 10KG, 18MMx 15kg 삼성1650M두께0.9mm단중8.56g, PE28mm 2kgPE 28M／M (백) 2KG 외 150개",83676.0,146265423.0
2026-08-20,2026,8,20,대영포장(주)발안공장,2021-01-04,13.0,"MOSCA 히터 수리MOSCA 히터 수리, PE 결속끈PE#50 (백) 5500m 5KG, PP12MPP12M／M10KG(황) 외 25개",9034.0,28061359.0
2026-08-20,2026,8,20,백암지관공업사,2025-12-03,65.0,"PP12MPP12M／M11KG(청), PP12MPP12M／M12.5KG (황)",300.0,630000.0
2026-08-20,2026,8,20,전주삼신산업,2025-12-29,13.0,"PE28mm 2kgPE28M／M(백)2KG, PP12MPP12M／M10KG(황), PP15MPP15MM*10KG(황색) 외 4개",1054.0,2411096.0
2026-08-21,2026,8,21,(주)아이마켓코리아,2025-12-24,4.0,"PP11MM*13.34KG삼성경량밴드(황색)2300m*두께0.84mm단중5.8g GRS, PP11MM*13.34KG삼성경량밴드2300m*두께0.84mm단중5.8g GRS, PP18MM x 21Kg 삼성 황색2300M 포장중량 21Kg, 1롤/1pcs 포장 (황색) 외 1개",3843.0,7805629.0
2026-08-21,2026,8,21,경인팩,2026-01-05,2.0,"PE28mm 2kgPE28M／M(백)2KG, PE28mm 2kgPE28M／M(적)2KG, PE28mm 2kgPE28M／M(황)2KG 외 11개",4721.0,11768386.0
2026-08-21,2026,8,21,동원팩,2026-01-05,4.0,"PE28mm 2kgPE28M／M(녹)2KG, PE28mm 2kgPE28M／M(백)2KG, PE28mm 2kgPE28M／M(청)2KG 외 6개",101.0,2608157.0
2026-08-21,2026,8,21,주식회사 에이씨티,2016-01-20,2.0,".PP18MMx 15kg 삼성.11650M두께0.9mm단중8.56g, 0PP18MMx 21kg 삼성.22300M두께0.80mm단중8.8g, PP18MMx .121kg 삼성.32300M두께0.85mm단중8.8g 외 38개",19759.0,40668339.0
2026-08-21,2026,8,21,합동포장기계,2026-01-05,20.0,"PE28mm 2kgPE28M／M(백)2KG, PP12MPP12M／M10KG(백), PP12MPP12M／M10KG(황) 외 8개",4658.0,10400083.0
2026-08-22,2026,8,22,(주)지엔에스트레이딩,2014-06-05,3.0,".02PP18MMx 21kg 삼성.022300M두께0.9mm단중9.1g, .PP18MMx 21kg 삼성.12300M두께0.9mm단중8.8g, .PP18MMx 21kg 삼성.32300M두께0.9mm단중8.8g 외 48개",19327.0,39698211.0
2026-08-22,2026,8,22,KOMERI,2025-11-23,35.0,"15 x 1,000M 0.55T Yellow15x1,000M0.55T 황색, 15 x 100M 0.55T15x100M 0.55T 황색, 15 x 100M 0.55T15x100M0.55T녹색 외 6개",14064.0,39131390.0
2026-08-22,2026,8,22,광림파워팩,2021-11-04,9.0,"PE28mm 2kgPE28M／M(백)2KG, PE28mm 2kgPE28M／M(적)2KG, PE28mm 2kgPE28M／M(청)2KG 외 46개",21773.0,37841336.0
2026-08-22,2026,8,22,대상산업,2026-01-02,5.0,"PE28mm 2kgPE28M／M(백)2KG, PE28mm 2kgPE28M／M(청)2KG, PE28mm 2kgPE28M／M(황)2KG 외 7개",2026.0,5153024.0
2026-08-22,2026,8,22,주식회사 광림파워팩,2025-12-31,18.0,"PP12MPP12M／M10KG(황), PP12MPP12M／M12.5KG (황), PP12MPP12mm*0.72T*2800m 12.5KG(투명) 외 5개",4564.0,8718553.0
2026-08-22,2026,8,22,주식회사 에이스팩,2024-08-08,31.0,"PP15MPP15MM*10KG(황색), PP15MPP15M／M13KG(황), 스트레치필름(일반 기계)25*500*1400 외 6개",565.0,4935364.0
2026-08-23,2026,8,23,경인팩,2026-01-05,2.0,"PE28mm 2kgPE28M／M(백)2KG, PE28mm 2kgPE28M／M(적)2KG, PE28mm 2kgPE28M／M(황)2KG 외 11개",4721.0,11768386.0
2026-08-23,2026,8,23,신광포장기계,2026-01-05,6.0,"PE28mm 2kgPE28M／M(백)2KG, PE28mm, 6KGPE28M／M(백)6KG, PP12MPP12M／M10KG(백) 외 10개",4239.0,8956157.0
2026-08-23,2026,8,23,우선산업,2025-12-26,24.0,"PE28mm 2kgPE28M／M(백)2KG, PE50mm, 4.5KGPE50M／M(백)4.5KG, PP 재생원료적색",2942.0,5004300.0
2026-08-23,2026,8,23,제일산업(주)(화성),2014-03-19,10.0,"PP12MPP 12M／M 9KG, PP12MPP12M／M10KG(황), PP12MPP12M／M9KG 외 21개",7048.0,14479062.0
2026-08-23,2026,8,23,주식회사 에이씨티,2016-01-20,2.0,".PP18MMx 15kg 삼성.11650M두께0.9mm단중8.56g, 0PP18MMx 21kg 삼성.22300M두께0.80mm단중8.8g, PP18MMx .121kg 삼성.32300M두께0.85mm단중8.8g 외 38개",19759.0,40668339.0
2026-08-23,2026,8,23,파워엠팩,2025-07-23,4.0,"15M/M (수축밴드)15M/M * 10KG, 18MMx 15kg 삼성1650M두께0.9mm단중8.56g, PE28mm 2kgPE 28M／M (백) 2KG 외 150개",83676.0,146265423.0
2026-08-23,2026,8,23,한남포장기계,2025-12-16,25.0,"PE28mm 2kgPE28M／M(백)2KG, PP12MPP12M／M9KG(황)",1900.0,4650000.0
2026-08-23,2026,8,23,한솔포장,2020-03-27,11.0,"PE28mm 2kgPE28M／M(녹)2KG, PE28mm 2kgPE28M／M(백)2KG, PE28mm 2kgPE28M／M(적)2KG 외 6개",2203.0,5624915.0
2026-08-24,2026,8,24,(주)아이마켓코리아,2025-12-24,4.0,"PP11MM*13.34KG삼성경량밴드(황색)2300m*두께0.84mm단중5.8g GRS, PP11MM*13.34KG삼성경량밴드2300m*두께0.84mm단중5.8g GRS, PP18MM x 21Kg 삼성 황색2300M 포장중량 21Kg, 1롤/1pcs 포장 (황색) 외 1개",3843.0,7805629.0
2026-08-24,2026,8,24,광림포장기계컨베이어,2011-05-03,9.0,"PE28mm 2kgPE 28M／M (백) 2KG, PE28mm 2kgPE28M／M(백)2KG, PE28mm 2kgPE28M／M(적)2KG 외 26개",20880.0,34859790.0
2026-08-24,2026,8,24,진송팩,2026-01-02,13.0,"PE28mm 2kgPE28M／M(백)2KG, PE28mm 2kgPE28M／M(적)2KG, PE28mm 2kgPE28M／M(청)2KG 외 5개",1520.0,4001822.0
2026-08-25,2026,8,25,(주)지엔에스트레이딩,2014-06-05,3.0,".02PP18MMx 21kg 삼성.022300M두께0.9mm단중9.1g, .PP18MMx 21kg 삼성.12300M두께0.9mm단중8.8g, .PP18MMx 21kg 삼성.32300M두께0.9mm단중8.8g 외 48개",19327.0,39698211.0
2026-08-25,2026,8,25,RLBUTTON,2025-12-16,36.0,"PP 12MM12MMx1000Mx0.55MM Blue, PP19M * 1000M HD BlackPP19MM*1000M*0.85T Black, PP19M BUILDERSPP19M／M*300M 0.60T Blue 외 4개",12993.0,33425099.0
2026-08-25,2026,8,25,경인팩,2026-01-05,2.0,"PE28mm 2kgPE28M／M(백)2KG, PE28mm 2kgPE28M／M(적)2KG, PE28mm 2kgPE28M／M(황)2KG 외 11개",4721.0,11768386.0
2026-08-25,2026,8,25,동원팩,2026-01-05,4.0,"PE28mm 2kgPE28M／M(녹)2KG, PE28mm 2kgPE28M／M(백)2KG, PE28mm 2kgPE28M／M(청)2KG 외 6개",101.0,2608157.0
2026-08-25,2026,8,25,보우팩,2025-08-06,16.0,"PE28mm 2kgPE28M／M(백)2KG, PE28mm 2kgPE28M／M(적)2KG, PE28mm 2kgPE28M／M(청)2KG 외 28개",14014.0,48149165.0
2026-08-25,2026,8,25,주식회사 에이씨티,2016-01-20,2.0,".PP18MMx 15kg 삼성.11650M두께0.9mm단중8.56g, 0PP18MMx 21kg 삼성.22300M두께0.80mm단중8.8g, PP18MMx .121kg 삼성.32300M두께0.85mm단중8.8g 외 38개",19759.0,40668339.0
2026-08-26,2026,8,26,대상산업,2026-01-02,5.0,"PE28mm 2kgPE28M／M(백)2KG, PE28mm 2kgPE28M／M(청)2KG, PE28mm 2kgPE28M／M(황)2KG 외 7개",2026.0,5153024.0
2026-08-26,2026,8,26,한서포장,2021-07-29,18.0,"PE28mm 2kg.1PE28M／M(백)2KG, PE28mm 2kg.2PE28M／M(백)2KG, PE28mm 2kgPE 28M／M (백) 2KG 외 19개",7208.0,15354014.0
2026-08-26,2026,8,26,해성수출포장,2022-12-15,55.0,"PE28mm 2kgPE 28M／M (백) 2KG, PE28mm 2kgPE28M／M(백)2KG, PE28mm 2kgPE28M／M(적)2KG 외 6개",885.0,2120255.0
2026-08-27,2026,8,27,(주)낙원포장,2025-12-23,19.0,"PE28mm 2kgPE28M／M(백)2KG, PP10.5MPP10.5M10KG(청), PP10.5MPP10.5M10KG투명 외 5개",6033.0,11884000.0
2026-08-27,2026,8,27,(주)아이마켓코리아,2025-12-24,4.0,"PP11MM*13.34KG삼성경량밴드(황색)2300m*두께0.84mm단중5.8g GRS, PP11MM*13.34KG삼성경량밴드2300m*두께0.84mm단중5.8g GRS, PP18MM x 21Kg 삼성 황색2300M 포장중량 21Kg, 1롤/1pcs 포장 (황색) 외 1개",3843.0,7805629.0
2026-08-27,2026,8,27,(주)한제피앤에스,2023-10-25,61.0,"12 x 3,000M 0.55T12 x 3,000M 0.55T 백색, 12 x 3,000M 0.55T12 x 3,000M 0.55T 백색 W/Blue print, 12 x 3,000M 0.55T12 x 3,000M 0.55T 적색 외 51개",124972.0,108633081.0
2026-08-27,2026,8,27,경인산업,2025-12-04,19.0,"PP12MPP12M／M10KG(백), PP12MPP12M／M10KG(청), PP12MPP12M／M10KG(황) 외 1개",1825.0,3714000.0
2026-08-27,2026,8,27,경인팩,2026-01-05,2.0,"PE28mm 2kgPE28M／M(백)2KG, PE28mm 2kgPE28M／M(적)2KG, PE28mm 2kgPE28M／M(황)2KG 외 11개",4721.0,11768386.0
2026-08-27,2026,8,27,동서포장종합상사,2025-12-18,36.0,PE28mm 2kgPE28M／M(백)2KG,120.0,372000.0
2026-08-27,2026,8,27,주식회사 에이씨티,2016-01-20,2.0,".PP18MMx 15kg 삼성.11650M두께0.9mm단중8.56g, 0PP18MMx 21kg 삼성.22300M두께0.80mm단중8.8g, PP18MMx .121kg 삼성.32300M두께0.85mm단중8.8g 외 38개",19759.0,40668339.0
2026-08-27,2026,8,27,주신산업,2026-01-05,9.0,"PE28mm 2kgPE28M／M(백)2KG, PP12MPP12M／M10KG(황), 운송료택배비",775.0,1647675.0
2026-08-27,2026,8,27,파워엠팩,2025-07-23,4.0,"15M/M (수축밴드)15M/M * 10KG, 18MMx 15kg 삼성1650M두께0.9mm단중8.56g, PE28mm 2kgPE 28M／M (백) 2KG 외 150개",83676.0,146265423.0
2026-08-28,2026,8,28,(주)지엔에스트레이딩,2014-06-05,3.0,".02PP18MMx 21kg 삼성.022300M두께0.9mm단중9.1g, .PP18MMx 21kg 삼성.12300M두께0.9mm단중8.8g, .PP18MMx 21kg 삼성.32300M두께0.9mm단중8.8g 외 48개",19327.0,39698211.0
2026-08-28,2026,8,28,대경(박타원),2017-01-02,16.0,"PE28mm 2kgPE 28M／M (백) 2KG, PE28mm 2kgPE 28M／M (적) 2KG, PE28mm 2kgPE 28M／M (적)2KG 외 26개",8087.0,18034594.0
2026-08-28,2026,8,28,삼원산업,2025-12-31,30.0,"PP12MPP12M／M10KG(황), PP12MPP12M／M12KG(투명), PP12MPP12M／M12KG(황) 외 2개",2700.0,5300000.0
2026-08-28,2026,8,28,서울포장기계,2022-01-21,10.0,"PP12MPP12M／M10KG(백), PP12MPP12M／M10KG(투명), PP12MPP12M／M10KG(황) 외 4개",2604.0,4541561.0
2026-08-28,2026,8,28,신광포장기계,2026-01-05,6.0,"PE28mm 2kgPE28M／M(백)2KG, PE28mm, 6KGPE28M／M(백)6KG, PP12MPP12M／M10KG(백) 외 10개",4239.0,8956157.0
2026-08-28,2026,8,28,한국미쓰비시상사(주),2015-04-03,49.0,"CALPETCALPET, PE28mm 2kgPE 28M／M (적) 2KG, PE28mm 2kgPE 28M／M(청) 2KG 외 45개",86912.0,182354769.0
2026-08-29,2026,8,29,경인팩,2026-01-05,2.0,"PE28mm 2kgPE28M／M(백)2KG, PE28mm 2kgPE28M／M(적)2KG, PE28mm 2kgPE28M／M(황)2KG 외 11개",4721.0,11768386.0
2026-08-29,2026,8,29,동원팩,2026-01-05,4.0,"PE28mm 2kgPE28M／M(녹)2KG, PE28mm 2kgPE28M／M(백)2KG, PE28mm 2kgPE28M／M(청)2KG 외 6개",101.0,2608157.0
2026-08-29,2026,8,29,주식회사 에이씨티,2016-01-20,2.0,".PP18MMx 15kg 삼성.11650M두께0.9mm단중8.56g, 0PP18MMx 21kg 삼성.22300M두께0.80mm단중8.8g, PP18MMx .121kg 삼성.32300M두께0.85mm단중8.8g 외 38개",19759.0,40668339.0
2026-08-30,2026,8,30,(주)아이마켓코리아,2025-12-24,4.0,"PP11MM*13.34KG삼성경량밴드(황색)2300m*두께0.84mm단중5.8g GRS, PP11MM*13.34KG삼성경량밴드2300m*두께0.84mm단중5.8g GRS, PP18MM x 21Kg 삼성 황색2300M 포장중량 21Kg, 1롤/1pcs 포장 (황색) 외 1개",3843.0,7805629.0
2026-08-30,2026,8,30,광림파워팩,2021-11-04,9.0,"PE28mm 2kgPE28M／M(백)2KG, PE28mm 2kgPE28M／M(적)2KG, PE28mm 2kgPE28M／M(청)2KG 외 46개",21773.0,37841336.0
2026-08-30,2026,8,30,대상산업,2026-01-02,5.0,"PE28mm 2kgPE28M／M(백)2KG, PE28mm 2kgPE28M／M(청)2KG, PE28mm 2kgPE28M／M(황)2KG 외 7개",2026.0,5153024.0
2026-08-31,2026,8,31,(주)지엔에스트레이딩,2014-06-05,3.0,".02PP18MMx 21kg 삼성.022300M두께0.9mm단중9.1g, .PP18MMx 21kg 삼성.12300M두께0.9mm단중8.8g, .PP18MMx 21kg 삼성.32300M두께0.9mm단중8.8g 외 48개",19327.0,39698211.0
2026-08-31,2026,8,31,경인팩,2026-01-05,2.0,"PE28mm 2kgPE28M／M(백)2KG, PE28mm 2kgPE28M／M(적)2KG, PE28mm 2kgPE28M／M(황)2KG 외 11개",4721.0,11768386.0
2026-08-31,2026,8,31,주)대성씨앤씨,2025-12-22,13.0,"PP12MPP12M／M10KG(백), PP12MPP12M／M10KG(황), PP5MMx7000Mx0.5T 11.4kg 백색core 200x8T OD400 롤랩핑 400*200 외 2개",1470.0,6867600.0
2026-08-31,2026,8,31,주식회사 에이씨티,2016-01-20,2.0,".PP18MMx 15kg 삼성.11650M두께0.9mm단중8.56g, 0PP18MMx 21kg 삼성.22300M두께0.80mm단중8.8g, PP18MMx .121kg 삼성.32300M두께0.85mm단중8.8g 외 38개",19759.0,40668339.0
2026-08-31,2026,8,31,파워엠팩,2025-07-23,4.0,"15M/M (수축밴드)15M/M * 10KG, 18MMx 15kg 삼성1650M두께0.9mm단중8.56g, PE28mm 2kgPE 28M／M (백) 2KG 외 150개",83676.0,146265423.0
2026-09-01,2026,9,1,광림포장기계컨베이어,2011-05-03,9.0,"PE28mm 2kgPE 28M／M (백) 2KG, PE28mm 2kgPE28M／M(백)2KG, PE28mm 2kgPE28M／M(적)2KG 외 26개",20880.0,34859790.0
2026-09-02,2026,9,2,(주)아이마켓코리아,2025-12-24,4.0,"PP11MM*13.34KG삼성경량밴드(황색)2300m*두께0.84mm단중5.8g GRS, PP11MM*13.34KG삼성경량밴드2300m*두께0.84mm단중5.8g GRS, PP18MM x 21Kg 삼성 황색2300M 포장중량 21Kg, 1롤/1pcs 포장 (황색) 외 1개",3843.0,7805629.0
2026-09-02,2026,9,2,경인팩,2026-01-05,2.0,"PE28mm 2kgPE28M／M(백)2KG, PE28mm 2kgPE28M／M(적)2KG, PE28mm 2kgPE28M／M(황)2KG 외 11개",4721.0,11768386.0
2026-09-02,2026,9,2,금산포장,2026-01-05,17.0,"PE28mm 2kgPE28M／M(백)2KG, PE28mm, 6KGPE28M／M(백)6KG, PP12MPP12M／M10KG(투명) 외 2개",1205.0,2820867.0
2026-09-02,2026,9,2,대영포장(주)발안공장,2021-01-04,13.0,"MOSCA 히터 수리MOSCA 히터 수리, PE 결속끈PE#50 (백) 5500m 5KG, PP12MPP12M／M10KG(황) 외 25개",9034.0,28061359.0
2026-09-02,2026,9,2,동원팩,2026-01-05,4.0,"PE28mm 2kgPE28M／M(녹)2KG, PE28mm 2kgPE28M／M(백)2KG, PE28mm 2kgPE28M／M(청)2KG 외 6개",101.0,2608157.0
2026-09-02,2026,9,2,신광포장기계,2026-01-05,6.0,"PE28mm 2kgPE28M／M(백)2KG, PE28mm, 6KGPE28M／M(백)6KG, PP12MPP12M／M10KG(백) 외 10개",4239.0,8956157.0
2026-09-02,2026,9,2,전주삼신산업,2025-12-29,13.0,"PE28mm 2kgPE28M／M(백)2KG, PP12MPP12M／M10KG(황), PP15MPP15MM*10KG(황색) 외 4개",1054.0,2411096.0
2026-09-02,2026,9,2,제일산업(주)(화성),2014-03-19,10.0,"PP12MPP 12M／M 9KG, PP12MPP12M／M10KG(황), PP12MPP12M／M9KG 외 21개",7048.0,14479062.0
2026-09-02,2026,9,2,주식회사 에이씨티,2016-01-20,2.0,".PP18MMx 15kg 삼성.11650M두께0.9mm단중8.56g, 0PP18MMx 21kg 삼성.22300M두께0.80mm단중8.8g, PP18MMx .121kg 삼성.32300M두께0.85mm단중8.8g 외 38개",19759.0,40668339.0
2026-09-02,2026,9,2,한국전자금융(주),2018-12-17,22.0,"무인쇄 11mm x 0.70T x 1000m화폐밴딩끈 지관200x190, 스트레치필름(Baby Roll)20*100mm*150m (Plastic Handle), 스트레치필름(일반 핸드랩)15*500mm*400m 외 1개",176.0,665812.0
2026-09-02,2026,9,2,한솔포장,2020-03-27,11.0,"PE28mm 2kgPE28M／M(녹)2KG, PE28mm 2kgPE28M／M(백)2KG, PE28mm 2kgPE28M／M(적)2KG 외 6개",2203.0,5624915.0
2026-09-03,2026,9,3,(주)지엔에스트레이딩,2014-06-05,3.0,".02PP18MMx 21kg 삼성.022300M두께0.9mm단중9.1g, .PP18MMx 21kg 삼성.12300M두께0.9mm단중8.8g, .PP18MMx 21kg 삼성.32300M두께0.9mm단중8.8g 외 48개",19327.0,39698211.0
2026-09-03,2026,9,3,PACKAGING HOUSE,2017-01-07,43.0,"12 x 3,000M 0.60T12x3,000M0.60TBLUE, 12 x 3,000M 0.60T12x3,000M0.60TCLEAR, PP 12MM12MMx1000Mx0.55MM Blue 외 5개",15176.0,33485729.0
2026-09-03,2026,9,3,대상산업,2026-01-02,5.0,"PE28mm 2kgPE28M／M(백)2KG, PE28mm 2kgPE28M／M(청)2KG, PE28mm 2kgPE28M／M(황)2KG 외 7개",2026.0,5153024.0
2026-09-04,2026,9,4,경인팩,2026-01-05,2.0,"PE28mm 2kgPE28M／M(백)2KG, PE28mm 2kgPE28M／M(적)2KG, PE28mm 2kgPE28M／M(황)2KG 외 11개",4721.0,11768386.0
2026-09-04,2026,9,4,주식회사 에이씨티,2016-01-20,2.0,".PP18MMx 15kg 삼성.11650M두께0.9mm단중8.56g, 0PP18MMx 21kg 삼성.22300M두께0.80mm단중8.8g, PP18MMx .121kg 삼성.32300M두께0.85mm단중8.8g 외 38개",19759.0,40668339.0
2026-09-04,2026,9,4,파워엠팩,2025-07-23,4.0,"15M/M (수축밴드)15M/M * 10KG, 18MMx 15kg 삼성1650M두께0.9mm단중8.56g, PE28mm 2kgPE 28M／M (백) 2KG 외 150개",83676.0,146265423.0
2026-09-05,2026,9,5,(주)아이마켓코리아,2025-12-24,4.0,"PP11MM*13.34KG삼성경량밴드(황색)2300m*두께0.84mm단중5.8g GRS, PP11MM*13.34KG삼성경량밴드2300m*두께0.84mm단중5.8g GRS, PP18MM x 21Kg 삼성 황색2300M 포장중량 21Kg, 1롤/1pcs 포장 (황색) 외 1개",3843.0,7805629.0
2026-09-05,2026,9,5,주식회사 대한종합포장,2025-11-24,20.0,"PP12MPP12M／M10KG(백), PP15MPP15MM*10KG(황색), PP5MMx7000Mx0.5T 백색 외 1개",3945.0,10935000.0
2026-09-05,2026,9,5,주신산업,2026-01-05,9.0,"PE28mm 2kgPE28M／M(백)2KG, PP12MPP12M／M10KG(황), 운송료택배비",775.0,1647675.0
2026-09-06,2026,9,6,(주)지엔에스트레이딩,2014-06-05,3.0,".02PP18MMx 21kg 삼성.022300M두께0.9mm단중9.1g, .PP18MMx 21kg 삼성.12300M두께0.9mm단중8.8g, .PP18MMx 21kg 삼성.32300M두께0.9mm단중8.8g 외 48개",19327.0,39698211.0
2026-09-06,2026,9,6,"SANYU CO.,LTD",2020-03-02,62.0,"15 x 100M 0.55T15 x 100M 0.55T 황색, 15 x 100M 0.55T15x100M0.55T황색, 15 x 170M 0.55T15x170M0.55T녹색 외 20개",333470.0,39286732.0
2026-09-06,2026,9,6,경인팩,2026-01-05,2.0,"PE28mm 2kgPE28M／M(백)2KG, PE28mm 2kgPE28M／M(적)2KG, PE28mm 2kgPE28M／M(황)2KG 외 11개",4721.0,11768386.0
2026-09-06,2026,9,6,동원팩,2026-01-05,4.0,"PE28mm 2kgPE28M／M(녹)2KG, PE28mm 2kgPE28M／M(백)2KG, PE28mm 2kgPE28M／M(청)2KG 외 6개",101.0,2608157.0
2026-09-06,2026,9,6,주식회사 에이씨티,2016-01-20,2.0,".PP18MMx 15kg 삼성.11650M두께0.9mm단중8.56g, 0PP18MMx 21kg 삼성.22300M두께0.80mm단중8.8g, PP18MMx .121kg 삼성.32300M두께0.85mm단중8.8g 외 38개",19759.0,40668339.0
2026-09-06,2026,9,6,진송팩,2026-01-02,13.0,"PE28mm 2kgPE28M／M(백)2KG, PE28mm 2kgPE28M／M(적)2KG, PE28mm 2kgPE28M／M(청)2KG 외 5개",1520.0,4001822.0
2026-09-07,2026,9,7,광림파워팩,2021-11-04,9.0,"PE28mm 2kgPE28M／M(백)2KG, PE28mm 2kgPE28M／M(적)2KG, PE28mm 2kgPE28M／M(청)2KG 외 46개",21773.0,37841336.0
2026-09-07,2026,9,7,대상산업,2026-01-02,5.0,"PE28mm 2kgPE28M／M(백)2KG, PE28mm 2kgPE28M／M(청)2KG, PE28mm 2kgPE28M／M(황)2KG 외 7개",2026.0,5153024.0
2026-09-07,2026,9,7,서울포장기계,2022-01-21,10.0,"PP12MPP12M／M10KG(백), PP12MPP12M／M10KG(투명), PP12MPP12M／M10KG(황) 외 4개",2604.0,4541561.0
2026-09-07,2026,9,7,신광포장기계,2026-01-05,6.0,"PE28mm 2kgPE28M／M(백)2KG, PE28mm, 6KGPE28M／M(백)6KG, PP12MPP12M／M10KG(백) 외 10개",4239.0,8956157.0
2026-09-07,2026,9,7,신대한판지(주),2024-08-12,21.0,"PP Band(자동)8mm x 0.6T x 3800m (백색) 10Kg/roll, PP12MPP12M／M10KG(검정), PP12MPP12M／M10KG(녹) 외 50개",18211.0,52711272.0
2026-09-08,2026,9,8,(주)아이마켓코리아,2025-12-24,4.0,"PP11MM*13.34KG삼성경량밴드(황색)2300m*두께0.84mm단중5.8g GRS, PP11MM*13.34KG삼성경량밴드2300m*두께0.84mm단중5.8g GRS, PP18MM x 21Kg 삼성 황색2300M 포장중량 21Kg, 1롤/1pcs 포장 (황색) 외 1개",3843.0,7805629.0
2026-09-08,2026,9,8,경인팩,2026-01-05,2.0,"PE28mm 2kgPE28M／M(백)2KG, PE28mm 2kgPE28M／M(적)2KG, PE28mm 2kgPE28M／M(황)2KG 외 11개",4721.0,11768386.0
2026-09-08,2026,9,8,주식회사 에이씨티,2016-01-20,2.0,".PP18MMx 15kg 삼성.11650M두께0.9mm단중8.56g, 0PP18MMx 21kg 삼성.22300M두께0.80mm단중8.8g, PP18MMx .121kg 삼성.32300M두께0.85mm단중8.8g 외 38개",19759.0,40668339.0
2026-09-08,2026,9,8,파워엠팩,2025-07-23,4.0,"15M/M (수축밴드)15M/M * 10KG, 18MMx 15kg 삼성1650M두께0.9mm단중8.56g, PE28mm 2kgPE 28M／M (백) 2KG 외 150개",83676.0,146265423.0
2026-09-09,2026,9,9,(주)지엔에스트레이딩,2014-06-05,3.0,".02PP18MMx 21kg 삼성.022300M두께0.9mm단중9.1g, .PP18MMx 21kg 삼성.12300M두께0.9mm단중8.8g, .PP18MMx 21kg 삼성.32300M두께0.9mm단중8.8g 외 48개",19327.0,39698211.0
2026-09-09,2026,9,9,광림포장기계,2025-12-31,22.0,PP12MPP12M／M10KG(황),640.0,1216000.0
2026-09-09,2026,9,9,광림포장기계컨베이어,2011-05-03,9.0,"PE28mm 2kgPE 28M／M (백) 2KG, PE28mm 2kgPE28M／M(백)2KG, PE28mm 2kgPE28M／M(적)2KG 외 26개",20880.0,34859790.0
2026-09-09,2026,9,9,주식회사 광림파워팩,2025-12-31,18.0,"PP12MPP12M／M10KG(황), PP12MPP12M／M12.5KG (황), PP12MPP12mm*0.72T*2800m 12.5KG(투명) 외 5개",4564.0,8718553.0
2026-09-09,2026,9,9,합동포장기계,2026-01-05,20.0,"PE28mm 2kgPE28M／M(백)2KG, PP12MPP12M／M10KG(백), PP12MPP12M／M10KG(황) 외 8개",4658.0,10400083.0
2026-09-10,2026,9,10,(주)삼화인쇄,2023-07-18,24.0,"PE28mm 2kgPE28M／M(백)2KG, PP 11MM11MM -10KG (백), PP 11MM11MM-10KG(백) 외 20개",15071.0,28566924.0
2026-09-10,2026,9,10,HIGHGATE DISTRIBUTION,2024-04-11,99.0,"12 x 3,000M 0.63T Clear w/EST 2497 Black printed12 x 3,000M 0.63T Clear w/EST 2497 Black printed, 12 x 3,000M 0.63T Clear w/EST 2497 Black printed12 x 3,000M 0.65T Clear w/EST 2497 Black printed, 12 x 3,000M 0.63T White w/EST 206 Black printed12 x 3,000M 0.63T White w/EST 206 Black printed 외 22개",57026.0,123889414.0
2026-09-10,2026,9,10,경인팩,2026-01-05,2.0,"PE28mm 2kgPE28M／M(백)2KG, PE28mm 2kgPE28M／M(적)2KG, PE28mm 2kgPE28M／M(황)2KG 외 11개",4721.0,11768386.0
2026-09-10,2026,9,10,동원팩,2026-01-05,4.0,"PE28mm 2kgPE28M／M(녹)2KG, PE28mm 2kgPE28M／M(백)2KG, PE28mm 2kgPE28M／M(청)2KG 외 6개",101.0,2608157.0
2026-09-10,2026,9,10,보우팩,2025-08-06,16.0,"PE28mm 2kgPE28M／M(백)2KG, PE28mm 2kgPE28M／M(적)2KG, PE28mm 2kgPE28M／M(청)2KG 외 28개",14014.0,48149165.0
2026-09-10,2026,9,10,제이케이머티리얼즈(주)／순성공장,2023-12-27,27.0,"ITA20용 배터리14.8V 2AH Li-Po, PET 16MMPET 16mm x 0.8T x 1200m Embossed (반투명 녹색), PET 16mm x 0.8T x 1200mPET 16mm x 0.8T x 1200m Embossed (반투명 녹색) 외 12개",1266.0,9761113.0
2026-09-10,2026,9,10,주식회사 에이씨티,2016-01-20,2.0,".PP18MMx 15kg 삼성.11650M두께0.9mm단중8.56g, 0PP18MMx 21kg 삼성.22300M두께0.80mm단중8.8g, PP18MMx .121kg 삼성.32300M두께0.85mm단중8.8g 외 38개",19759.0,40668339.0
2026-09-11,2026,9,11,(주)아이마켓코리아,2025-12-24,4.0,"PP11MM*13.34KG삼성경량밴드(황색)2300m*두께0.84mm단중5.8g GRS, PP11MM*13.34KG삼성경량밴드2300m*두께0.84mm단중5.8g GRS, PP18MM x 21Kg 삼성 황색2300M 포장중량 21Kg, 1롤/1pcs 포장 (황색) 외 1개",3843.0,7805629.0
2026-09-11,2026,9,11,대상산업,2026-01-02,5.0,"PE28mm 2kgPE28M／M(백)2KG, PE28mm 2kgPE28M／M(청)2KG, PE28mm 2kgPE28M／M(황)2KG 외 7개",2026.0,5153024.0
2026-09-12,2026,9,12,(주)지엔에스트레이딩,2014-06-05,3.0,".02PP18MMx 21kg 삼성.022300M두께0.9mm단중9.1g, .PP18MMx 21kg 삼성.12300M두께0.9mm단중8.8g, .PP18MMx 21kg 삼성.32300M두께0.9mm단중8.8g 외 48개",19327.0,39698211.0
2026-09-12,2026,9,12,경인팩,2026-01-05,2.0,"PE28mm 2kgPE28M／M(백)2KG, PE28mm 2kgPE28M／M(적)2KG, PE28mm 2kgPE28M／M(황)2KG 외 11개",4721.0,11768386.0
2026-09-12,2026,9,12,대경(박타원),2017-01-02,16.0,"PE28mm 2kgPE 28M／M (백) 2KG, PE28mm 2kgPE 28M／M (적) 2KG, PE28mm 2kgPE 28M／M (적)2KG 외 26개",8087.0,18034594.0
2026-09-12,2026,9,12,신광포장기계,2026-01-05,6.0,"PE28mm 2kgPE28M／M(백)2KG, PE28mm, 6KGPE28M／M(백)6KG, PP12MPP12M／M10KG(백) 외 10개",4239.0,8956157.0
2026-09-12,2026,9,12,제일산업(주)(화성),2014-03-19,10.0,"PP12MPP 12M／M 9KG, PP12MPP12M／M10KG(황), PP12MPP12M／M9KG 외 21개",7048.0,14479062.0
2026-09-12,2026,9,12,주)대성씨앤씨,2025-12-22,13.0,"PP12MPP12M／M10KG(백), PP12MPP12M／M10KG(황), PP5MMx7000Mx0.5T 11.4kg 백색core 200x8T OD400 롤랩핑 400*200 외 2개",1470.0,6867600.0
2026-09-12,2026,9,12,주식회사 동원피앤아이,2025-12-26,26.0,"PE 결속끈PE#50 (백) 5500m 5KG, PE28mm 2kgPE28M／M(백)2KG, PE50mm, 4.7KGPE50M／M(황)4.7KG",4002.0,10753000.0
2026-09-12,2026,9,12,주식회사 에이씨티,2016-01-20,2.0,".PP18MMx 15kg 삼성.11650M두께0.9mm단중8.56g, 0PP18MMx 21kg 삼성.22300M두께0.80mm단중8.8g, PP18MMx .121kg 삼성.32300M두께0.85mm단중8.8g 외 38개",19759.0,40668339.0
2026-09-12,2026,9,12,파워엠팩,2025-07-23,4.0,"15M/M (수축밴드)15M/M * 10KG, 18MMx 15kg 삼성1650M두께0.9mm단중8.56g, PE28mm 2kgPE 28M／M (백) 2KG 외 150개",83676.0,146265423.0
2026-09-12,2026,9,12,한솔포장,2020-03-27,11.0,"PE28mm 2kgPE28M／M(녹)2KG, PE28mm 2kgPE28M／M(백)2KG, PE28mm 2kgPE28M／M(적)2KG 외 6개",2203.0,5624915.0
2026-09-13,2026,9,13,한서포장,2021-07-29,18.0,"PE28mm 2kg.1PE28M／M(백)2KG, PE28mm 2kg.2PE28M／M(백)2KG, PE28mm 2kgPE 28M／M (백) 2KG 외 19개",7208.0,15354014.0
2026-09-14,2026,9,14,(주)아이마켓코리아,2025-12-24,4.0,"PP11MM*13.34KG삼성경량밴드(황색)2300m*두께0.84mm단중5.8g GRS, PP11MM*13.34KG삼성경량밴드2300m*두께0.84mm단중5.8g GRS, PP18MM x 21Kg 삼성 황색2300M 포장중량 21Kg, 1롤/1pcs 포장 (황색) 외 1개",3843.0,7805629.0
2026-09-14,2026,9,14,경인팩,2026-01-05,2.0,"PE28mm 2kgPE28M／M(백)2KG, PE28mm 2kgPE28M／M(적)2KG, PE28mm 2kgPE28M／M(황)2KG 외 11개",4721.0,11768386.0
2026-09-14,2026,9,14,동원팩,2026-01-05,4.0,"PE28mm 2kgPE28M／M(녹)2KG, PE28mm 2kgPE28M／M(백)2KG, PE28mm 2kgPE28M／M(청)2KG 외 6개",101.0,2608157.0
2026-09-14,2026,9,14,주식회사 에이씨티,2016-01-20,2.0,".PP18MMx 15kg 삼성.11650M두께0.9mm단중8.56g, 0PP18MMx 21kg 삼성.22300M두께0.80mm단중8.8g, PP18MMx .121kg 삼성.32300M두께0.85mm단중8.8g 외 38개",19759.0,40668339.0
2026-09-14,2026,9,14,주신산업,2026-01-05,9.0,"PE28mm 2kgPE28M／M(백)2KG, PP12MPP12M／M10KG(황), 운송료택배비",775.0,1647675.0
2026-09-15,2026,9,15,(주)낙원포장,2025-12-23,19.0,"PE28mm 2kgPE28M／M(백)2KG, PP10.5MPP10.5M10KG(청), PP10.5MPP10.5M10KG투명 외 5개",6033.0,11884000.0
2026-09-15,2026,9,15,(주)지엔에스트레이딩,2014-06-05,3.0,".02PP18MMx 21kg 삼성.022300M두께0.9mm단중9.1g, .PP18MMx 21kg 삼성.12300M두께0.9mm단중8.8g, .PP18MMx 21kg 삼성.32300M두께0.9mm단중8.8g 외 48개",19327.0,39698211.0
2026-09-15,2026,9,15,CYKLOP PACKAGING SYSTEMS PTY LTD.,2025-12-25,34.0,"12 x 3,000M 0.65T12x3,000M0.65T BLUE, 12 x 3,000M 0.65T12x3,000M0.65T CLEAR, 15 x 1,000M 0.65T Blue15x1,000M0.65T청색 외 9개",32917.0,74746924.0
2026-09-15,2026,9,15,경인산업,2025-12-04,19.0,"PP12MPP12M／M10KG(백), PP12MPP12M／M10KG(청), PP12MPP12M／M10KG(황) 외 1개",1825.0,3714000.0
2026-09-15,2026,9,15,광림파워팩,2021-11-04,9.0,"PE28mm 2kgPE28M／M(백)2KG, PE28mm 2kgPE28M／M(적)2KG, PE28mm 2kgPE28M／M(청)2KG 외 46개",21773.0,37841336.0
2026-09-15,2026,9,15,대상산업,2026-01-02,5.0,"PE28mm 2kgPE28M／M(백)2KG, PE28mm 2kgPE28M／M(청)2KG, PE28mm 2kgPE28M／M(황)2KG 외 7개",2026.0,5153024.0
2026-09-15,2026,9,15,대영포장(주)발안공장,2021-01-04,13.0,"MOSCA 히터 수리MOSCA 히터 수리, PE 결속끈PE#50 (백) 5500m 5KG, PP12MPP12M／M10KG(황) 외 25개",9034.0,28061359.0
2026-09-15,2026,9,15,전주삼신산업,2025-12-29,13.0,"PE28mm 2kgPE28M／M(백)2KG, PP12MPP12M／M10KG(황), PP15MPP15MM*10KG(황색) 외 4개",1054.0,2411096.0
2026-09-16,2026,9,16,경인팩,2026-01-05,2.0,"PE28mm 2kgPE28M／M(백)2KG, PE28mm 2kgPE28M／M(적)2KG, PE28mm 2kgPE28M／M(황)2KG 외 11개",4721.0,11768386.0
2026-09-16,2026,9,16,우선산업,2025-12-26,24.0,"PE28mm 2kgPE28M／M(백)2KG, PE50mm, 4.5KGPE50M／M(백)4.5KG, PP 재생원료적색",2942.0,5004300.0
2026-09-16,2026,9,16,주식회사 에이씨티,2016-01-20,2.0,".PP18MMx 15kg 삼성.11650M두께0.9mm단중8.56g, 0PP18MMx 21kg 삼성.22300M두께0.80mm단중8.8g, PP18MMx .121kg 삼성.32300M두께0.85mm단중8.8g 외 38개",19759.0,40668339.0
2026-09-16,2026,9,16,파워엠팩,2025-07-23,4.0,"15M/M (수축밴드)15M/M * 10KG, 18MMx 15kg 삼성1650M두께0.9mm단중8.56g, PE28mm 2kgPE 28M／M (백) 2KG 외 150개",83676.0,146265423.0
2026-09-17,2026,9,17,(주)아이마켓코리아,2025-12-24,4.0,"PP11MM*13.34KG삼성경량밴드(황색)2300m*두께0.84mm단중5.8g GRS, PP11MM*13.34KG삼성경량밴드2300m*두께0.84mm단중5.8g GRS, PP18MM x 21Kg 삼성 황색2300M 포장중량 21Kg, 1롤/1pcs 포장 (황색) 외 1개",3843.0,7805629.0
2026-09-17,2026,9,17,광림포장기계컨베이어,2011-05-03,9.0,"PE28mm 2kgPE 28M／M (백) 2KG, PE28mm 2kgPE28M／M(백)2KG, PE28mm 2kgPE28M／M(적)2KG 외 26개",20880.0,34859790.0
2026-09-17,2026,9,17,서울포장기계,2022-01-21,10.0,"PP12MPP12M／M10KG(백), PP12MPP12M／M10KG(투명), PP12MPP12M／M10KG(황) 외 4개",2604.0,4541561.0
2026-09-17,2026,9,17,신광포장기계,2026-01-05,6.0,"PE28mm 2kgPE28M／M(백)2KG, PE28mm, 6KGPE28M／M(백)6KG, PP12MPP12M／M10KG(백) 외 10개",4239.0,8956157.0
2026-09-17,2026,9,17,한남포장기계,2025-12-16,25.0,"PE28mm 2kgPE28M／M(백)2KG, PP12MPP12M／M9KG(황)",1900.0,4650000.0
2026-09-18,2026,9,18,(주)지엔에스트레이딩,2014-06-05,3.0,".02PP18MMx 21kg 삼성.022300M두께0.9mm단중9.1g, .PP18MMx 21kg 삼성.12300M두께0.9mm단중8.8g, .PP18MMx 21kg 삼성.32300M두께0.9mm단중8.8g 외 48개",19327.0,39698211.0
2026-09-18,2026,9,18,경인팩,2026-01-05,2.0,"PE28mm 2kgPE28M／M(백)2KG, PE28mm 2kgPE28M／M(적)2KG, PE28mm 2kgPE28M／M(황)2KG 외 11개",4721.0,11768386.0
2026-09-18,2026,9,18,금산포장,2026-01-05,17.0,"PE28mm 2kgPE28M／M(백)2KG, PE28mm, 6KGPE28M／M(백)6KG, PP12MPP12M／M10KG(투명) 외 2개",1205.0,2820867.0
2026-09-18,2026,9,18,동원팩,2026-01-05,4.0,"PE28mm 2kgPE28M／M(녹)2KG, PE28mm 2kgPE28M／M(백)2KG, PE28mm 2kgPE28M／M(청)2KG 외 6개",101.0,2608157.0
2026-09-18,2026,9,18,주식회사 에이씨티,2016-01-20,2.0,".PP18MMx 15kg 삼성.11650M두께0.9mm단중8.56g, 0PP18MMx 21kg 삼성.22300M두께0.80mm단중8.8g, PP18MMx .121kg 삼성.32300M두께0.85mm단중8.8g 외 38개",19759.0,40668339.0
2026-09-19,2026,9,19,대상산업,2026-01-02,5.0,"PE28mm 2kgPE28M／M(백)2KG, PE28mm 2kgPE28M／M(청)2KG, PE28mm 2kgPE28M／M(황)2KG 외 7개",2026.0,5153024.0
2026-09-19,2026,9,19,진송팩,2026-01-02,13.0,"PE28mm 2kgPE28M／M(백)2KG, PE28mm 2kgPE28M／M(적)2KG, PE28mm 2kgPE28M／M(청)2KG 외 5개",1520.0,4001822.0
2026-09-20,2026,9,20,(주)아이마켓코리아,2025-12-24,4.0,"PP11MM*13.34KG삼성경량밴드(황색)2300m*두께0.84mm단중5.8g GRS, PP11MM*13.34KG삼성경량밴드2300m*두께0.84mm단중5.8g GRS, PP18MM x 21Kg 삼성 황색2300M 포장중량 21Kg, 1롤/1pcs 포장 (황색) 외 1개",3843.0,7805629.0
2026-09-20,2026,9,20,경인팩,2026-01-05,2.0,"PE28mm 2kgPE28M／M(백)2KG, PE28mm 2kgPE28M／M(적)2KG, PE28mm 2kgPE28M／M(황)2KG 외 11개",4721.0,11768386.0
2026-09-20,2026,9,20,주식회사 에이씨티,2016-01-20,2.0,".PP18MMx 15kg 삼성.11650M두께0.9mm단중8.56g, 0PP18MMx 21kg 삼성.22300M두께0.80mm단중8.8g, PP18MMx .121kg 삼성.32300M두께0.85mm단중8.8g 외 38개",19759.0,40668339.0
2026-09-20,2026,9,20,파워엠팩,2025-07-23,4.0,"15M/M (수축밴드)15M/M * 10KG, 18MMx 15kg 삼성1650M두께0.9mm단중8.56g, PE28mm 2kgPE 28M／M (백) 2KG 외 150개",83676.0,146265423.0
2026-09-21,2026,9,21,(주)지엔에스트레이딩,2014-06-05,3.0,".02PP18MMx 21kg 삼성.022300M두께0.9mm단중9.1g, .PP18MMx 21kg 삼성.12300M두께0.9mm단중8.8g, .PP18MMx 21kg 삼성.32300M두께0.9mm단중8.8g 외 48개",19327.0,39698211.0
2026-09-21,2026,9,21,TIGERPAK PACKAGING,2025-12-25,91.0,"12 x 2800M 0.60T12 x 2800M 0.60T BLACK, 12 x 2800M 0.60T12 x 2800M 0.60T BLUE, 12 x 2800M 0.60T12 x 2800M 0.60T CLEAR 외 4개",31176.0,69901568.0
2026-09-21,2026,9,21,제일포장(김해),2025-04-08,59.0,"PE28mm 2kgPE 28M／M (백) 2KG, PE28mm 2kgPE28M／M(녹)2KG, PE28mm 2kgPE28M／M(백)2KG 외 5개",3968.0,10800691.0
2026-09-21,2026,9,21,한국포장기계,2025-12-29,39.0,"PE28mm 2kgPE28M／M(백)2KG, PE28mm 2kgPE28M／M(적)2KG, PE28mm 2kgPE28M／M(청)2KG 외 4개",4551.0,11201933.0
2026-09-22,2026,9,22,ABL,2024-07-10,202.0,"12 x 3,000M 0.60T12x3,000M0.60TBLUE, 12 x 3,000M 0.60T12x3,000M0.60TCLEAR, 15 x 1,000M 0.55T Blue15x1,000M0.55T청색 외 15개",40517.0,90071705.0
2026-09-22,2026,9,22,경인팩,2026-01-05,2.0,"PE28mm 2kgPE28M／M(백)2KG, PE28mm 2kgPE28M／M(적)2KG, PE28mm 2kgPE28M／M(황)2KG 외 11개",4721.0,11768386.0
2026-09-22,2026,9,22,동원팩,2026-01-05,4.0,"PE28mm 2kgPE28M／M(녹)2KG, PE28mm 2kgPE28M／M(백)2KG, PE28mm 2kgPE28M／M(청)2KG 외 6개",101.0,2608157.0
2026-09-22,2026,9,22,신광포장기계,2026-01-05,6.0,"PE28mm 2kgPE28M／M(백)2KG, PE28mm, 6KGPE28M／M(백)6KG, PP12MPP12M／M10KG(백) 외 10개",4239.0,8956157.0
2026-09-22,2026,9,22,신광포장기계(부산),2025-11-04,47.0,"PE28mm 2kgPE28M／M(백)2KG, 운송료",218.0,640667.0
2026-09-22,2026,9,22,제일산업(주)(화성),2014-03-19,10.0,"PP12MPP 12M／M 9KG, PP12MPP12M／M10KG(황), PP12MPP12M／M9KG 외 21개",7048.0,14479062.0
2026-09-22,2026,9,22,주식회사 에이스팩,2024-08-08,31.0,"PP15MPP15MM*10KG(황색), PP15MPP15M／M13KG(황), 스트레치필름(일반 기계)25*500*1400 외 6개",565.0,4935364.0
2026-09-22,2026,9,22,주식회사 에이씨티,2016-01-20,2.0,".PP18MMx 15kg 삼성.11650M두께0.9mm단중8.56g, 0PP18MMx 21kg 삼성.22300M두께0.80mm단중8.8g, PP18MMx .121kg 삼성.32300M두께0.85mm단중8.8g 외 38개",19759.0,40668339.0
2026-09-22,2026,9,22,한솔포장,2020-03-27,11.0,"PE28mm 2kgPE28M／M(녹)2KG, PE28mm 2kgPE28M／M(백)2KG, PE28mm 2kgPE28M／M(적)2KG 외 6개",2203.0,5624915.0
2026-09-23,2026,9,23,(주)아이마켓코리아,2025-12-24,4.0,"PP11MM*13.34KG삼성경량밴드(황색)2300m*두께0.84mm단중5.8g GRS, PP11MM*13.34KG삼성경량밴드2300m*두께0.84mm단중5.8g GRS, PP18MM x 21Kg 삼성 황색2300M 포장중량 21Kg, 1롤/1pcs 포장 (황색) 외 1개",3843.0,7805629.0
2026-09-23,2026,9,23,광림파워팩,2021-11-04,9.0,"PE28mm 2kgPE28M／M(백)2KG, PE28mm 2kgPE28M／M(적)2KG, PE28mm 2kgPE28M／M(청)2KG 외 46개",21773.0,37841336.0
2026-09-23,2026,9,23,대상산업,2026-01-02,5.0,"PE28mm 2kgPE28M／M(백)2KG, PE28mm 2kgPE28M／M(청)2KG, PE28mm 2kgPE28M／M(황)2KG 외 7개",2026.0,5153024.0
2026-09-23,2026,9,23,주신산업,2026-01-05,9.0,"PE28mm 2kgPE28M／M(백)2KG, PP12MPP12M／M10KG(황), 운송료택배비",775.0,1647675.0
2026-09-24,2026,9,24,(주)지엔에스트레이딩,2014-06-05,3.0,".02PP18MMx 21kg 삼성.022300M두께0.9mm단중9.1g, .PP18MMx 21kg 삼성.12300M두께0.9mm단중8.8g, .PP18MMx 21kg 삼성.32300M두께0.9mm단중8.8g 외 48개",19327.0,39698211.0
2026-09-24,2026,9,24,ANDERSON WHOLESALE PACKAGING PTY LTD.,2025-12-14,71.0,"12 x 3,000M 0.60T12x3,000M0.60TBLUE, 12 x 3,000M 0.60T12x3,000M0.60TCLEAR, 15 x 1,000M 0.7T H/D Black15 x 1,000M 0.7T H/D Black 외 4개",19609.0,44628715.0
2026-09-24,2026,9,24,경인팩,2026-01-05,2.0,"PE28mm 2kgPE28M／M(백)2KG, PE28mm 2kgPE28M／M(적)2KG, PE28mm 2kgPE28M／M(황)2KG 외 11개",4721.0,11768386.0
2026-09-24,2026,9,24,동방포장기자재,2025-11-24,39.0,PP12MPP12M／M10KG(황),845.0,1647750.0
2026-09-24,2026,9,24,주)대성씨앤씨,2025-12-22,13.0,"PP12MPP12M／M10KG(백), PP12MPP12M／M10KG(황), PP5MMx7000Mx0.5T 11.4kg 백색core 200x8T OD400 롤랩핑 400*200 외 2개",1470.0,6867600.0
2026-09-24,2026,9,24,주식회사 대한종합포장,2025-11-24,20.0,"PP12MPP12M／M10KG(백), PP15MPP15MM*10KG(황색), PP5MMx7000Mx0.5T 백색 외 1개",3945.0,10935000.0
2026-09-24,2026,9,24,주식회사 에이씨티,2016-01-20,2.0,".PP18MMx 15kg 삼성.11650M두께0.9mm단중8.56g, 0PP18MMx 21kg 삼성.22300M두께0.80mm단중8.8g, PP18MMx .121kg 삼성.32300M두께0.85mm단중8.8g 외 38개",19759.0,40668339.0
2026-09-24,2026,9,24,파워엠팩,2025-07-23,4.0,"15M/M (수축밴드)15M/M * 10KG, 18MMx 15kg 삼성1650M두께0.9mm단중8.56g, PE28mm 2kgPE 28M／M (백) 2KG 외 150개",83676.0,146265423.0
2026-09-24,2026,9,24,한국전자금융(주),2018-12-17,22.0,"무인쇄 11mm x 0.70T x 1000m화폐밴딩끈 지관200x190, 스트레치필름(Baby Roll)20*100mm*150m (Plastic Handle), 스트레치필름(일반 핸드랩)15*500mm*400m 외 1개",176.0,665812.0
2026-09-25,2026,9,25,KOMERI,2025-11-23,35.0,"15 x 1,000M 0.55T Yellow15x1,000M0.55T 황색, 15 x 100M 0.55T15x100M 0.55T 황색, 15 x 100M 0.55T15x100M0.55T녹색 외 6개",14064.0,39131390.0
2026-09-25,2026,9,25,강원농협연합포장재가공사업소,2025-11-17,40.0,PP12MPP12M／M12.5KG (황),2812.0,4893750.0
2026-09-25,2026,9,25,광림포장기계컨베이어,2011-05-03,9.0,"PE28mm 2kgPE 28M／M (백) 2KG, PE28mm 2kgPE28M／M(백)2KG, PE28mm 2kgPE28M／M(적)2KG 외 26개",20880.0,34859790.0
2026-09-26,2026,9,26,(주)아이마켓코리아,2025-12-24,4.0,"PP11MM*13.34KG삼성경량밴드(황색)2300m*두께0.84mm단중5.8g GRS, PP11MM*13.34KG삼성경량밴드2300m*두께0.84mm단중5.8g GRS, PP18MM x 21Kg 삼성 황색2300M 포장중량 21Kg, 1롤/1pcs 포장 (황색) 외 1개",3843.0,7805629.0
2026-09-26,2026,9,26,POWERPAK,2024-04-25,69.0,"12 x 2,250M x 0.75T12x2,250M0.75TWHITE, 12 x 3,000M 0.52T12 x 3,000M 0.52T 청색, 12 x 3,000M 0.52T12 x 3,000M 0.52T 투명 외 26개",35352.0,81851283.0
2026-09-26,2026,9,26,경인팩,2026-01-05,2.0,"PE28mm 2kgPE28M／M(백)2KG, PE28mm 2kgPE28M／M(적)2KG, PE28mm 2kgPE28M／M(황)2KG 외 11개",4721.0,11768386.0
2026-09-26,2026,9,26,동원팩,2026-01-05,4.0,"PE28mm 2kgPE28M／M(녹)2KG, PE28mm 2kgPE28M／M(백)2KG, PE28mm 2kgPE28M／M(청)2KG 외 6개",101.0,2608157.0
2026-09-26,2026,9,26,보우팩,2025-08-06,16.0,"PE28mm 2kgPE28M／M(백)2KG, PE28mm 2kgPE28M／M(적)2KG, PE28mm 2kgPE28M／M(청)2KG 외 28개",14014.0,48149165.0
2026-09-26,2026,9,26,주식회사 에이씨티,2016-01-20,2.0,".PP18MMx 15kg 삼성.11650M두께0.9mm단중8.56g, 0PP18MMx 21kg 삼성.22300M두께0.80mm단중8.8g, PP18MMx .121kg 삼성.32300M두께0.85mm단중8.8g 외 38개",19759.0,40668339.0
2026-09-27,2026,9,27,(주)지엔에스트레이딩,2014-06-05,3.0,".02PP18MMx 21kg 삼성.022300M두께0.9mm단중9.1g, .PP18MMx 21kg 삼성.12300M두께0.9mm단중8.8g, .PP18MMx 21kg 삼성.32300M두께0.9mm단중8.8g 외 48개",19327.0,39698211.0
2026-09-27,2026,9,27,대경(박타원),2017-01-02,16.0,"PE28mm 2kgPE 28M／M (백) 2KG, PE28mm 2kgPE 28M／M (적) 2KG, PE28mm 2kgPE 28M／M (적)2KG 외 26개",8087.0,18034594.0
2026-09-27,2026,9,27,대상산업,2026-01-02,5.0,"PE28mm 2kgPE28M／M(백)2KG, PE28mm 2kgPE28M／M(청)2KG, PE28mm 2kgPE28M／M(황)2KG 외 7개",2026.0,5153024.0
2026-09-27,2026,9,27,삼원산업,2025-12-31,30.0,"PP12MPP12M／M10KG(황), PP12MPP12M／M12KG(투명), PP12MPP12M／M12KG(황) 외 2개",2700.0,5300000.0
2026-09-27,2026,9,27,서울포장기계,2022-01-21,10.0,"PP12MPP12M／M10KG(백), PP12MPP12M／M10KG(투명), PP12MPP12M／M10KG(황) 외 4개",2604.0,4541561.0
2026-09-27,2026,9,27,신광포장기계,2026-01-05,6.0,"PE28mm 2kgPE28M／M(백)2KG, PE28mm, 6KGPE28M／M(백)6KG, PP12MPP12M／M10KG(백) 외 10개",4239.0,8956157.0
2026-09-27,2026,9,27,주식회사 광림파워팩,2025-12-31,18.0,"PP12MPP12M／M10KG(황), PP12MPP12M／M12.5KG (황), PP12MPP12mm*0.72T*2800m 12.5KG(투명) 외 5개",4564.0,8718553.0
2026-09-28,2026,9,28,경인팩,2026-01-05,2.0,"PE28mm 2kgPE28M／M(백)2KG, PE28mm 2kgPE28M／M(적)2KG, PE28mm 2kgPE28M／M(황)2KG 외 11개",4721.0,11768386.0
2026-09-28,2026,9,28,대영포장(주)발안공장,2021-01-04,13.0,"MOSCA 히터 수리MOSCA 히터 수리, PE 결속끈PE#50 (백) 5500m 5KG, PP12MPP12M／M10KG(황) 외 25개",9034.0,28061359.0
2026-09-28,2026,9,28,신대한판지(주),2024-08-12,21.0,"PP Band(자동)8mm x 0.6T x 3800m (백색) 10Kg/roll, PP12MPP12M／M10KG(검정), PP12MPP12M／M10KG(녹) 외 50개",18211.0,52711272.0
2026-09-28,2026,9,28,전주삼신산업,2025-12-29,13.0,"PE28mm 2kgPE28M／M(백)2KG, PP12MPP12M／M10KG(황), PP15MPP15MM*10KG(황색) 외 4개",1054.0,2411096.0
2026-09-28,2026,9,28,주식회사 에이씨티,2016-01-20,2.0,".PP18MMx 15kg 삼성.11650M두께0.9mm단중8.56g, 0PP18MMx 21kg 삼성.22300M두께0.80mm단중8.8g, PP18MMx .121kg 삼성.32300M두께0.85mm단중8.8g 외 38개",19759.0,40668339.0
2026-09-28,2026,9,28,파워엠팩,2025-07-23,4.0,"15M/M (수축밴드)15M/M * 10KG, 18MMx 15kg 삼성1650M두께0.9mm단중8.56g, PE28mm 2kgPE 28M／M (백) 2KG 외 150개",83676.0,146265423.0
2026-09-28,2026,9,28,합동포장기계,2026-01-05,20.0,"PE28mm 2kgPE28M／M(백)2KG, PP12MPP12M／M10KG(백), PP12MPP12M／M10KG(황) 외 8개",4658.0,10400083.0
2026-09-29,2026,9,29,(주)아이마켓코리아,2025-12-24,4.0,"PP11MM*13.34KG삼성경량밴드(황색)2300m*두께0.84mm단중5.8g GRS, PP11MM*13.34KG삼성경량밴드2300m*두께0.84mm단중5.8g GRS, PP18MM x 21Kg 삼성 황색2300M 포장중량 21Kg, 1롤/1pcs 포장 (황색) 외 1개",3843.0,7805629.0
2026-09-30,2026,9,30,(주)지엔에스트레이딩,2014-06-05,3.0,".02PP18MMx 21kg 삼성.022300M두께0.9mm단중9.1g, .PP18MMx 21kg 삼성.12300M두께0.9mm단중8.8g, .PP18MMx 21kg 삼성.32300M두께0.9mm단중8.8g 외 48개",19327.0,39698211.0
2026-09-30,2026,9,30,RLBUTTON,2025-12-16,36.0,"PP 12MM12MMx1000Mx0.55MM Blue, PP19M * 1000M HD BlackPP19MM*1000M*0.85T Black, PP19M BUILDERSPP19M／M*300M 0.60T Blue 외 4개",12993.0,33425099.0
2026-09-30,2026,9,30,경인팩,2026-01-05,2.0,"PE28mm 2kgPE28M／M(백)2KG, PE28mm 2kgPE28M／M(적)2KG, PE28mm 2kgPE28M／M(황)2KG 외 11개",4721.0,11768386.0
2026-09-30,2026,9,30,광림포장기계,2025-12-31,22.0,PP12MPP12M／M10KG(황),640.0,1216000.0
2026-09-30,2026,9,30,동원팩,2026-01-05,4.0,"PE28mm 2kgPE28M／M(녹)2KG, PE28mm 2kgPE28M／M(백)2KG, PE28mm 2kgPE28M／M(청)2KG 외 6개",101.0,2608157.0
2026-09-30,2026,9,30,주식회사 에이씨티,2016-01-20,2.0,".PP18MMx 15kg 삼성.11650M두께0.9mm단중8.56g, 0PP18MMx 21kg 삼성.22300M두께0.80mm단중8.8g, PP18MMx .121kg 삼성.32300M두께0.85mm단중8.8g 외 38개",19759.0,40668339.0
2026-10-01,2026,10,1,(주)탐스텍,2025-12-29,70.0,"12 x 3,000M 0.60T12x3,000M0.60TBLUE, 15 x 2,000M 0.50T15 x 2,000M 0.50T 청색, PP 12MM 2000M 0.80MM Blue12mm 2000m 0.80mm Blue",7022.0,14044140.0
2026-10-01,2026,10,1,광림파워팩,2021-11-04,9.0,"PE28mm 2kgPE28M／M(백)2KG, PE28mm 2kgPE28M／M(적)2KG, PE28mm 2kgPE28M／M(청)2KG 외 46개",21773.0,37841336.0
2026-10-01,2026,10,1,대상산업,2026-01-02,5.0,"PE28mm 2kgPE28M／M(백)2KG, PE28mm 2kgPE28M／M(청)2KG, PE28mm 2kgPE28M／M(황)2KG 외 7개",2026.0,5153024.0
2026-10-01,2026,10,1,한서포장,2021-07-29,18.0,"PE28mm 2kg.1PE28M／M(백)2KG, PE28mm 2kg.2PE28M／M(백)2KG, PE28mm 2kgPE 28M／M (백) 2KG 외 19개",7208.0,15354014.0
2026-10-02,2026,10,2,(주)아이마켓코리아,2025-12-24,4.0,"PP11MM*13.34KG삼성경량밴드(황색)2300m*두께0.84mm단중5.8g GRS, PP11MM*13.34KG삼성경량밴드2300m*두께0.84mm단중5.8g GRS, PP18MM x 21Kg 삼성 황색2300M 포장중량 21Kg, 1롤/1pcs 포장 (황색) 외 1개",3843.0,7805629.0
2026-10-02,2026,10,2,경인팩,2026-01-05,2.0,"PE28mm 2kgPE28M／M(백)2KG, PE28mm 2kgPE28M／M(적)2KG, PE28mm 2kgPE28M／M(황)2KG 외 11개",4721.0,11768386.0
2026-10-02,2026,10,2,동서포장종합상사,2025-12-18,36.0,PE28mm 2kgPE28M／M(백)2KG,120.0,372000.0
2026-10-02,2026,10,2,신광포장기계,2026-01-05,6.0,"PE28mm 2kgPE28M／M(백)2KG, PE28mm, 6KGPE28M／M(백)6KG, PP12MPP12M／M10KG(백) 외 10개",4239.0,8956157.0
2026-10-02,2026,10,2,제일산업(주)(화성),2014-03-19,10.0,"PP12MPP 12M／M 9KG, PP12MPP12M／M10KG(황), PP12MPP12M／M9KG 외 21개",7048.0,14479062.0
2026-10-02,2026,10,2,주식회사 에이씨티,2016-01-20,2.0,".PP18MMx 15kg 삼성.11650M두께0.9mm단중8.56g, 0PP18MMx 21kg 삼성.22300M두께0.80mm단중8.8g, PP18MMx .121kg 삼성.32300M두께0.85mm단중8.8g 외 38개",19759.0,40668339.0
2026-10-02,2026,10,2,주신산업,2026-01-05,9.0,"PE28mm 2kgPE28M／M(백)2KG, PP12MPP12M／M10KG(황), 운송료택배비",775.0,1647675.0
2026-10-02,2026,10,2,진송팩,2026-01-02,13.0,"PE28mm 2kgPE28M／M(백)2KG, PE28mm 2kgPE28M／M(적)2KG, PE28mm 2kgPE28M／M(청)2KG 외 5개",1520.0,4001822.0
2026-10-02,2026,10,2,파워엠팩,2025-07-23,4.0,"15M/M (수축밴드)15M/M * 10KG, 18MMx 15kg 삼성1650M두께0.9mm단중8.56g, PE28mm 2kgPE 28M／M (백) 2KG 외 150개",83676.0,146265423.0
2026-10-02,2026,10,2,한솔포장,2020-03-27,11.0,"PE28mm 2kgPE28M／M(녹)2KG, PE28mm 2kgPE28M／M(백)2KG, PE28mm 2kgPE28M／M(적)2KG 외 6개",2203.0,5624915.0
2026-10-03,2026,10,3,(주)삼화인쇄,2023-07-18,24.0,"PE28mm 2kgPE28M／M(백)2KG, PP 11MM11MM -10KG (백), PP 11MM11MM-10KG(백) 외 20개",15071.0,28566924.0
2026-10-03,2026,10,3,(주)지엔에스트레이딩,2014-06-05,3.0,".02PP18MMx 21kg 삼성.022300M두께0.9mm단중9.1g, .PP18MMx 21kg 삼성.12300M두께0.9mm단중8.8g, .PP18MMx 21kg 삼성.32300M두께0.9mm단중8.8g 외 48개",19327.0,39698211.0
2026-10-03,2026,10,3,광림포장기계컨베이어,2011-05-03,9.0,"PE28mm 2kgPE 28M／M (백) 2KG, PE28mm 2kgPE28M／M(백)2KG, PE28mm 2kgPE28M／M(적)2KG 외 26개",20880.0,34859790.0
2026-10-04,2026,10,4,(주)낙원포장,2025-12-23,19.0,"PE28mm 2kgPE28M／M(백)2KG, PP10.5MPP10.5M10KG(청), PP10.5MPP10.5M10KG투명 외 5개",6033.0,11884000.0
2026-10-04,2026,10,4,경인산업,2025-12-04,19.0,"PP12MPP12M／M10KG(백), PP12MPP12M／M10KG(청), PP12MPP12M／M10KG(황) 외 1개",1825.0,3714000.0
2026-10-04,2026,10,4,경인팩,2026-01-05,2.0,"PE28mm 2kgPE28M／M(백)2KG, PE28mm 2kgPE28M／M(적)2KG, PE28mm 2kgPE28M／M(황)2KG 외 11개",4721.0,11768386.0
2026-10-04,2026,10,4,금산포장,2026-01-05,17.0,"PE28mm 2kgPE28M／M(백)2KG, PE28mm, 6KGPE28M／M(백)6KG, PP12MPP12M／M10KG(투명) 외 2개",1205.0,2820867.0
2026-10-04,2026,10,4,동원팩,2026-01-05,4.0,"PE28mm 2kgPE28M／M(녹)2KG, PE28mm 2kgPE28M／M(백)2KG, PE28mm 2kgPE28M／M(청)2KG 외 6개",101.0,2608157.0
2026-10-04,2026,10,4,주식회사 에이씨티,2016-01-20,2.0,".PP18MMx 15kg 삼성.11650M두께0.9mm단중8.56g, 0PP18MMx 21kg 삼성.22300M두께0.80mm단중8.8g, PP18MMx .121kg 삼성.32300M두께0.85mm단중8.8g 외 38개",19759.0,40668339.0
2026-10-05,2026,10,5,(주)아이마켓코리아,2025-12-24,4.0,"PP11MM*13.34KG삼성경량밴드(황색)2300m*두께0.84mm단중5.8g GRS, PP11MM*13.34KG삼성경량밴드2300m*두께0.84mm단중5.8g GRS, PP18MM x 21Kg 삼성 황색2300M 포장중량 21Kg, 1롤/1pcs 포장 (황색) 외 1개",3843.0,7805629.0
2026-10-05,2026,10,5,대상산업,2026-01-02,5.0,"PE28mm 2kgPE28M／M(백)2KG, PE28mm 2kgPE28M／M(청)2KG, PE28mm 2kgPE28M／M(황)2KG 외 7개",2026.0,5153024.0
2026-10-06,2026,10,6,(주)지엔에스트레이딩,2014-06-05,3.0,".02PP18MMx 21kg 삼성.022300M두께0.9mm단중9.1g, .PP18MMx 21kg 삼성.12300M두께0.9mm단중8.8g, .PP18MMx 21kg 삼성.32300M두께0.9mm단중8.8g 외 48개",19327.0,39698211.0
2026-10-06,2026,10,6,경인팩,2026-01-05,2.0,"PE28mm 2kgPE28M／M(백)2KG, PE28mm 2kgPE28M／M(적)2KG, PE28mm 2kgPE28M／M(황)2KG 외 11개",4721.0,11768386.0
2026-10-06,2026,10,6,제이케이머티리얼즈(주)／순성공장,2023-12-27,27.0,"ITA20용 배터리14.8V 2AH Li-Po, PET 16MMPET 16mm x 0.8T x 1200m Embossed (반투명 녹색), PET 16mm x 0.8T x 1200mPET 16mm x 0.8T x 1200m Embossed (반투명 녹색) 외 12개",1266.0,9761113.0
2026-10-06,2026,10,6,주)대성씨앤씨,2025-12-22,13.0,"PP12MPP12M／M10KG(백), PP12MPP12M／M10KG(황), PP5MMx7000Mx0.5T 11.4kg 백색core 200x8T OD400 롤랩핑 400*200 외 2개",1470.0,6867600.0
2026-10-06,2026,10,6,주식회사 에이씨티,2016-01-20,2.0,".PP18MMx 15kg 삼성.11650M두께0.9mm단중8.56g, 0PP18MMx 21kg 삼성.22300M두께0.80mm단중8.8g, PP18MMx .121kg 삼성.32300M두께0.85mm단중8.8g 외 38개",19759.0,40668339.0
2026-10-06,2026,10,6,파워엠팩,2025-07-23,4.0,"15M/M (수축밴드)15M/M * 10KG, 18MMx 15kg 삼성1650M두께0.9mm단중8.56g, PE28mm 2kgPE 28M／M (백) 2KG 외 150개",83676.0,146265423.0
2026-10-07,2026,10,7,서울포장기계,2022-01-21,10.0,"PP12MPP12M／M10KG(백), PP12MPP12M／M10KG(투명), PP12MPP12M／M10KG(황) 외 4개",2604.0,4541561.0
2026-10-07,2026,10,7,신광포장기계,2026-01-05,6.0,"PE28mm 2kgPE28M／M(백)2KG, PE28mm, 6KGPE28M／M(백)6KG, PP12MPP12M／M10KG(백) 외 10개",4239.0,8956157.0
2026-10-08,2026,10,8,(주)아이마켓코리아,2025-12-24,4.0,"PP11MM*13.34KG삼성경량밴드(황색)2300m*두께0.84mm단중5.8g GRS, PP11MM*13.34KG삼성경량밴드2300m*두께0.84mm단중5.8g GRS, PP18MM x 21Kg 삼성 황색2300M 포장중량 21Kg, 1롤/1pcs 포장 (황색) 외 1개",3843.0,7805629.0
2026-10-08,2026,10,8,경인팩,2026-01-05,2.0,"PE28mm 2kgPE28M／M(백)2KG, PE28mm 2kgPE28M／M(적)2KG, PE28mm 2kgPE28M／M(황)2KG 외 11개",4721.0,11768386.0
2026-10-08,2026,10,8,동원팩,2026-01-05,4.0,"PE28mm 2kgPE28M／M(녹)2KG, PE28mm 2kgPE28M／M(백)2KG, PE28mm 2kgPE28M／M(청)2KG 외 6개",101.0,2608157.0
2026-10-08,2026,10,8,주식회사 동원피앤아이,2025-12-26,26.0,"PE 결속끈PE#50 (백) 5500m 5KG, PE28mm 2kgPE28M／M(백)2KG, PE50mm, 4.7KGPE50M／M(황)4.7KG",4002.0,10753000.0
2026-10-08,2026,10,8,주식회사 에이씨티,2016-01-20,2.0,".PP18MMx 15kg 삼성.11650M두께0.9mm단중8.56g, 0PP18MMx 21kg 삼성.22300M두께0.80mm단중8.8g, PP18MMx .121kg 삼성.32300M두께0.85mm단중8.8g 외 38개",19759.0,40668339.0
2026-10-09,2026,10,9,(주)지엔에스트레이딩,2014-06-05,3.0,".02PP18MMx 21kg 삼성.022300M두께0.9mm단중9.1g, .PP18MMx 21kg 삼성.12300M두께0.9mm단중8.8g, .PP18MMx 21kg 삼성.32300M두께0.9mm단중8.8g 외 48개",19327.0,39698211.0
2026-10-09,2026,10,9,광림파워팩,2021-11-04,9.0,"PE28mm 2kgPE28M／M(백)2KG, PE28mm 2kgPE28M／M(적)2KG, PE28mm 2kgPE28M／M(청)2KG 외 46개",21773.0,37841336.0
2026-10-09,2026,10,9,대상산업,2026-01-02,5.0,"PE28mm 2kgPE28M／M(백)2KG, PE28mm 2kgPE28M／M(청)2KG, PE28mm 2kgPE28M／M(황)2KG 외 7개",2026.0,5153024.0
2026-10-10,2026,10,10,NZ SAFETY BLACKWOODS,2025-11-02,58.0,"12 x 3,000M 0.60T12x3,000M0.60TBLUE, PP 12MM12MMx1000Mx0.55MM Blue, PP19M BUILDERSPP19M／M*300M 0.60T Blue 외 2개",6983.0,17625364.0
2026-10-10,2026,10,10,경인팩,2026-01-05,2.0,"PE28mm 2kgPE28M／M(백)2KG, PE28mm 2kgPE28M／M(적)2KG, PE28mm 2kgPE28M／M(황)2KG 외 11개",4721.0,11768386.0
2026-10-10,2026,10,10,우선산업,2025-12-26,24.0,"PE28mm 2kgPE28M／M(백)2KG, PE50mm, 4.5KGPE50M／M(백)4.5KG, PP 재생원료적색",2942.0,5004300.0
2026-10-10,2026,10,10,주식회사 에이씨티,2016-01-20,2.0,".PP18MMx 15kg 삼성.11650M두께0.9mm단중8.56g, 0PP18MMx 21kg 삼성.22300M두께0.80mm단중8.8g, PP18MMx .121kg 삼성.32300M두께0.85mm단중8.8g 외 38개",19759.0,40668339.0
2026-10-10,2026,10,10,파워엠팩,2025-07-23,4.0,"15M/M (수축밴드)15M/M * 10KG, 18MMx 15kg 삼성1650M두께0.9mm단중8.56g, PE28mm 2kgPE 28M／M (백) 2KG 외 150개",83676.0,146265423.0
2026-10-11,2026,10,11,(주)아이마켓코리아,2025-12-24,4.0,"PP11MM*13.34KG삼성경량밴드(황색)2300m*두께0.84mm단중5.8g GRS, PP11MM*13.34KG삼성경량밴드2300m*두께0.84mm단중5.8g GRS, PP18MM x 21Kg 삼성 황색2300M 포장중량 21Kg, 1롤/1pcs 포장 (황색) 외 1개",3843.0,7805629.0
2026-10-11,2026,10,11,광림포장기계컨베이어,2011-05-03,9.0,"PE28mm 2kgPE 28M／M (백) 2KG, PE28mm 2kgPE28M／M(백)2KG, PE28mm 2kgPE28M／M(적)2KG 외 26개",20880.0,34859790.0
2026-10-11,2026,10,11,대영포장(주)발안공장,2021-01-04,13.0,"MOSCA 히터 수리MOSCA 히터 수리, PE 결속끈PE#50 (백) 5500m 5KG, PP12MPP12M／M10KG(황) 외 25개",9034.0,28061359.0
2026-10-11,2026,10,11,전주삼신산업,2025-12-29,13.0,"PE28mm 2kgPE28M／M(백)2KG, PP12MPP12M／M10KG(황), PP15MPP15MM*10KG(황색) 외 4개",1054.0,2411096.0
2026-10-11,2026,10,11,주신산업,2026-01-05,9.0,"PE28mm 2kgPE28M／M(백)2KG, PP12MPP12M／M10KG(황), 운송료택배비",775.0,1647675.0
2026-10-11,2026,10,11,한길포장기계,2026-01-05,93.0,"PE28mm 2kgPE28M／M(백)2KG, PP12MPP12M／M10KG(백), PP12MPP12M／M10KG(청) 외 4개",3067.0,6408333.0
2026-10-12,2026,10,12,(주)지엔에스트레이딩,2014-06-05,3.0,".02PP18MMx 21kg 삼성.022300M두께0.9mm단중9.1g, .PP18MMx 21kg 삼성.12300M두께0.9mm단중8.8g, .PP18MMx 21kg 삼성.32300M두께0.9mm단중8.8g 외 48개",19327.0,39698211.0
2026-10-12,2026,10,12,경인팩,2026-01-05,2.0,"PE28mm 2kgPE28M／M(백)2KG, PE28mm 2kgPE28M／M(적)2KG, PE28mm 2kgPE28M／M(황)2KG 외 11개",4721.0,11768386.0
2026-10-12,2026,10,12,대경(박타원),2017-01-02,16.0,"PE28mm 2kgPE 28M／M (백) 2KG, PE28mm 2kgPE 28M／M (적) 2KG, PE28mm 2kgPE 28M／M (적)2KG 외 26개",8087.0,18034594.0
2026-10-12,2026,10,12,동원팩,2026-01-05,4.0,"PE28mm 2kgPE28M／M(녹)2KG, PE28mm 2kgPE28M／M(백)2KG, PE28mm 2kgPE28M／M(청)2KG 외 6개",101.0,2608157.0
2026-10-12,2026,10,12,보우팩,2025-08-06,16.0,"PE28mm 2kgPE28M／M(백)2KG, PE28mm 2kgPE28M／M(적)2KG, PE28mm 2kgPE28M／M(청)2KG 외 28개",14014.0,48149165.0
2026-10-12,2026,10,12,신광포장기계,2026-01-05,6.0,"PE28mm 2kgPE28M／M(백)2KG, PE28mm, 6KGPE28M／M(백)6KG, PP12MPP12M／M10KG(백) 외 10개",4239.0,8956157.0
2026-10-12,2026,10,12,제일산업(주)(화성),2014-03-19,10.0,"PP12MPP 12M／M 9KG, PP12MPP12M／M10KG(황), PP12MPP12M／M9KG 외 21개",7048.0,14479062.0
2026-10-12,2026,10,12,주식회사 에이씨티,2016-01-20,2.0,".PP18MMx 15kg 삼성.11650M두께0.9mm단중8.56g, 0PP18MMx 21kg 삼성.22300M두께0.80mm단중8.8g, PP18MMx .121kg 삼성.32300M두께0.85mm단중8.8g 외 38개",19759.0,40668339.0
2026-10-12,2026,10,12,한남포장기계,2025-12-16,25.0,"PE28mm 2kgPE28M／M(백)2KG, PP12MPP12M／M9KG(황)",1900.0,4650000.0
2026-10-12,2026,10,12,한솔포장,2020-03-27,11.0,"PE28mm 2kgPE28M／M(녹)2KG, PE28mm 2kgPE28M／M(백)2KG, PE28mm 2kgPE28M／M(적)2KG 외 6개",2203.0,5624915.0
2026-10-13,2026,10,13,대상산업,2026-01-02,5.0,"PE28mm 2kgPE28M／M(백)2KG, PE28mm 2kgPE28M／M(청)2KG, PE28mm 2kgPE28M／M(황)2KG 외 7개",2026.0,5153024.0
2026-10-13,2026,10,13,주식회사 대한종합포장,2025-11-24,20.0,"PP12MPP12M／M10KG(백), PP15MPP15MM*10KG(황색), PP5MMx7000Mx0.5T 백색 외 1개",3945.0,10935000.0
2026-10-14,2026,10,14,(주)아이마켓코리아,2025-12-24,4.0,"PP11MM*13.34KG삼성경량밴드(황색)2300m*두께0.84mm단중5.8g GRS, PP11MM*13.34KG삼성경량밴드2300m*두께0.84mm단중5.8g GRS, PP18MM x 21Kg 삼성 황색2300M 포장중량 21Kg, 1롤/1pcs 포장 (황색) 외 1개",3843.0,7805629.0
2026-10-14,2026,10,14,경인팩,2026-01-05,2.0,"PE28mm 2kgPE28M／M(백)2KG, PE28mm 2kgPE28M／M(적)2KG, PE28mm 2kgPE28M／M(황)2KG 외 11개",4721.0,11768386.0
2026-10-14,2026,10,14,주식회사 에이씨티,2016-01-20,2.0,".PP18MMx 15kg 삼성.11650M두께0.9mm단중8.56g, 0PP18MMx 21kg 삼성.22300M두께0.80mm단중8.8g, PP18MMx .121kg 삼성.32300M두께0.85mm단중8.8g 외 38개",19759.0,40668339.0
2026-10-14,2026,10,14,파워엠팩,2025-07-23,4.0,"15M/M (수축밴드)15M/M * 10KG, 18MMx 15kg 삼성1650M두께0.9mm단중8.56g, PE28mm 2kgPE 28M／M (백) 2KG 외 150개",83676.0,146265423.0
2026-10-15,2026,10,15,(주)지엔에스트레이딩,2014-06-05,3.0,".02PP18MMx 21kg 삼성.022300M두께0.9mm단중9.1g, .PP18MMx 21kg 삼성.12300M두께0.9mm단중8.8g, .PP18MMx 21kg 삼성.32300M두께0.9mm단중8.8g 외 48개",19327.0,39698211.0
2026-10-15,2026,10,15,주식회사 광림파워팩,2025-12-31,18.0,"PP12MPP12M／M10KG(황), PP12MPP12M／M12.5KG (황), PP12MPP12mm*0.72T*2800m 12.5KG(투명) 외 5개",4564.0,8718553.0
2026-10-15,2026,10,15,진송팩,2026-01-02,13.0,"PE28mm 2kgPE28M／M(백)2KG, PE28mm 2kgPE28M／M(적)2KG, PE28mm 2kgPE28M／M(청)2KG 외 5개",1520.0,4001822.0
2026-10-16,2026,10,16,PACKAGING HOUSE,2017-01-07,43.0,"12 x 3,000M 0.60T12x3,000M0.60TBLUE, 12 x 3,000M 0.60T12x3,000M0.60TCLEAR, PP 12MM12MMx1000Mx0.55MM Blue 외 5개",15176.0,33485729.0
2026-10-16,2026,10,16,경인팩,2026-01-05,2.0,"PE28mm 2kgPE28M／M(백)2KG, PE28mm 2kgPE28M／M(적)2KG, PE28mm 2kgPE28M／M(황)2KG 외 11개",4721.0,11768386.0
2026-10-16,2026,10,16,동원팩,2026-01-05,4.0,"PE28mm 2kgPE28M／M(녹)2KG, PE28mm 2kgPE28M／M(백)2KG, PE28mm 2kgPE28M／M(청)2KG 외 6개",101.0,2608157.0
2026-10-16,2026,10,16,주식회사 에이씨티,2016-01-20,2.0,".PP18MMx 15kg 삼성.11650M두께0.9mm단중8.56g, 0PP18MMx 21kg 삼성.22300M두께0.80mm단중8.8g, PP18MMx .121kg 삼성.32300M두께0.85mm단중8.8g 외 38개",19759.0,40668339.0
2026-10-16,2026,10,16,한국미쓰비시상사(주),2015-04-03,49.0,"CALPETCALPET, PE28mm 2kgPE 28M／M (적) 2KG, PE28mm 2kgPE 28M／M(청) 2KG 외 45개",86912.0,182354769.0
2026-10-16,2026,10,16,한국전자금융(주),2018-12-17,22.0,"무인쇄 11mm x 0.70T x 1000m화폐밴딩끈 지관200x190, 스트레치필름(Baby Roll)20*100mm*150m (Plastic Handle), 스트레치필름(일반 핸드랩)15*500mm*400m 외 1개",176.0,665812.0
2026-10-17,2026,10,17,(주)아이마켓코리아,2025-12-24,4.0,"PP11MM*13.34KG삼성경량밴드(황색)2300m*두께0.84mm단중5.8g GRS, PP11MM*13.34KG삼성경량밴드2300m*두께0.84mm단중5.8g GRS, PP18MM x 21Kg 삼성 황색2300M 포장중량 21Kg, 1롤/1pcs 포장 (황색) 외 1개",3843.0,7805629.0
2026-10-17,2026,10,17,광림파워팩,2021-11-04,9.0,"PE28mm 2kgPE28M／M(백)2KG, PE28mm 2kgPE28M／M(적)2KG, PE28mm 2kgPE28M／M(청)2KG 외 46개",21773.0,37841336.0
2026-10-17,2026,10,17,대상산업,2026-01-02,5.0,"PE28mm 2kgPE28M／M(백)2KG, PE28mm 2kgPE28M／M(청)2KG, PE28mm 2kgPE28M／M(황)2KG 외 7개",2026.0,5153024.0
2026-10-17,2026,10,17,서울포장기계,2022-01-21,10.0,"PP12MPP12M／M10KG(백), PP12MPP12M／M10KG(투명), PP12MPP12M／M10KG(황) 외 4개",2604.0,4541561.0
2026-10-17,2026,10,17,신광포장기계,2026-01-05,6.0,"PE28mm 2kgPE28M／M(백)2KG, PE28mm, 6KGPE28M／M(백)6KG, PP12MPP12M／M10KG(백) 외 10개",4239.0,8956157.0
2026-10-17,2026,10,17,합동포장기계,2026-01-05,20.0,"PE28mm 2kgPE28M／M(백)2KG, PP12MPP12M／M10KG(백), PP12MPP12M／M10KG(황) 외 8개",4658.0,10400083.0
2026-10-18,2026,10,18,(주)지엔에스트레이딩,2014-06-05,3.0,".02PP18MMx 21kg 삼성.022300M두께0.9mm단중9.1g, .PP18MMx 21kg 삼성.12300M두께0.9mm단중8.8g, .PP18MMx 21kg 삼성.32300M두께0.9mm단중8.8g 외 48개",19327.0,39698211.0
2026-10-18,2026,10,18,CYKLOP PACKAGING SYSTEMS PTY LTD.,2025-12-25,34.0,"12 x 3,000M 0.65T12x3,000M0.65T BLUE, 12 x 3,000M 0.65T12x3,000M0.65T CLEAR, 15 x 1,000M 0.65T Blue15x1,000M0.65T청색 외 9개",32917.0,74746924.0
2026-10-18,2026,10,18,PUNCHBOWL,2025-12-16,103.0,"12 x 2,500M 0.65T12x2,500M0.65TBLACK, 12 x 2,500M 0.65T12x2,500M0.65TWHITE",5616.0,13569916.0
2026-10-18,2026,10,18,경인팩,2026-01-05,2.0,"PE28mm 2kgPE28M／M(백)2KG, PE28mm 2kgPE28M／M(적)2KG, PE28mm 2kgPE28M／M(황)2KG 외 11개",4721.0,11768386.0
2026-10-18,2026,10,18,주)대성씨앤씨,2025-12-22,13.0,"PP12MPP12M／M10KG(백), PP12MPP12M／M10KG(황), PP5MMx7000Mx0.5T 11.4kg 백색core 200x8T OD400 롤랩핑 400*200 외 2개",1470.0,6867600.0
2026-10-18,2026,10,18,주식회사 에이씨티,2016-01-20,2.0,".PP18MMx 15kg 삼성.11650M두께0.9mm단중8.56g, 0PP18MMx 21kg 삼성.22300M두께0.80mm단중8.8g, PP18MMx .121kg 삼성.32300M두께0.85mm단중8.8g 외 38개",19759.0,40668339.0
2026-10-18,2026,10,18,파워엠팩,2025-07-23,4.0,"15M/M (수축밴드)15M/M * 10KG, 18MMx 15kg 삼성1650M두께0.9mm단중8.56g, PE28mm 2kgPE 28M／M (백) 2KG 외 150개",83676.0,146265423.0
2026-10-19,2026,10,19,광림포장기계컨베이어,2011-05-03,9.0,"PE28mm 2kgPE 28M／M (백) 2KG, PE28mm 2kgPE28M／M(백)2KG, PE28mm 2kgPE28M／M(적)2KG 외 26개",20880.0,34859790.0
2026-10-19,2026,10,19,신대한판지(주),2024-08-12,21.0,"PP Band(자동)8mm x 0.6T x 3800m (백색) 10Kg/roll, PP12MPP12M／M10KG(검정), PP12MPP12M／M10KG(녹) 외 50개",18211.0,52711272.0
2026-10-19,2026,10,19,한서포장,2021-07-29,18.0,"PE28mm 2kg.1PE28M／M(백)2KG, PE28mm 2kg.2PE28M／M(백)2KG, PE28mm 2kgPE 28M／M (백) 2KG 외 19개",7208.0,15354014.0
2026-10-19,2026,10,19,해성수출포장,2022-12-15,55.0,"PE28mm 2kgPE 28M／M (백) 2KG, PE28mm 2kgPE28M／M(백)2KG, PE28mm 2kgPE28M／M(적)2KG 외 6개",885.0,2120255.0
2026-10-20,2026,10,20,(주)아이마켓코리아,2025-12-24,4.0,"PP11MM*13.34KG삼성경량밴드(황색)2300m*두께0.84mm단중5.8g GRS, PP11MM*13.34KG삼성경량밴드2300m*두께0.84mm단중5.8g GRS, PP18MM x 21Kg 삼성 황색2300M 포장중량 21Kg, 1롤/1pcs 포장 (황색) 외 1개",3843.0,7805629.0
2026-10-20,2026,10,20,경인팩,2026-01-05,2.0,"PE28mm 2kgPE28M／M(백)2KG, PE28mm 2kgPE28M／M(적)2KG, PE28mm 2kgPE28M／M(황)2KG 외 11개",4721.0,11768386.0
2026-10-20,2026,10,20,금산포장,2026-01-05,17.0,"PE28mm 2kgPE28M／M(백)2KG, PE28mm, 6KGPE28M／M(백)6KG, PP12MPP12M／M10KG(투명) 외 2개",1205.0,2820867.0
2026-10-20,2026,10,20,동원팩,2026-01-05,4.0,"PE28mm 2kgPE28M／M(녹)2KG, PE28mm 2kgPE28M／M(백)2KG, PE28mm 2kgPE28M／M(청)2KG 외 6개",101.0,2608157.0
2026-10-20,2026,10,20,주식회사 에이씨티,2016-01-20,2.0,".PP18MMx 15kg 삼성.11650M두께0.9mm단중8.56g, 0PP18MMx 21kg 삼성.22300M두께0.80mm단중8.8g, PP18MMx .121kg 삼성.32300M두께0.85mm단중8.8g 외 38개",19759.0,40668339.0
2026-10-20,2026,10,20,주신산업,2026-01-05,9.0,"PE28mm 2kgPE28M／M(백)2KG, PP12MPP12M／M10KG(황), 운송료택배비",775.0,1647675.0
2026-10-21,2026,10,21,(주)지엔에스트레이딩,2014-06-05,3.0,".02PP18MMx 21kg 삼성.022300M두께0.9mm단중9.1g, .PP18MMx 21kg 삼성.12300M두께0.9mm단중8.8g, .PP18MMx 21kg 삼성.32300M두께0.9mm단중8.8g 외 48개",19327.0,39698211.0
2026-10-21,2026,10,21,광림포장기계,2025-12-31,22.0,PP12MPP12M／M10KG(황),640.0,1216000.0
2026-10-21,2026,10,21,대상산업,2026-01-02,5.0,"PE28mm 2kgPE28M／M(백)2KG, PE28mm 2kgPE28M／M(청)2KG, PE28mm 2kgPE28M／M(황)2KG 외 7개",2026.0,5153024.0
2026-10-22,2026,10,22,경인팩,2026-01-05,2.0,"PE28mm 2kgPE28M／M(백)2KG, PE28mm 2kgPE28M／M(적)2KG, PE28mm 2kgPE28M／M(황)2KG 외 11개",4721.0,11768386.0
2026-10-22,2026,10,22,신광포장기계,2026-01-05,6.0,"PE28mm 2kgPE28M／M(백)2KG, PE28mm, 6KGPE28M／M(백)6KG, PP12MPP12M／M10KG(백) 외 10개",4239.0,8956157.0
2026-10-22,2026,10,22,제일산업(주)(화성),2014-03-19,10.0,"PP12MPP 12M／M 9KG, PP12MPP12M／M10KG(황), PP12MPP12M／M9KG 외 21개",7048.0,14479062.0
2026-10-22,2026,10,22,주식회사 에이씨티,2016-01-20,2.0,".PP18MMx 15kg 삼성.11650M두께0.9mm단중8.56g, 0PP18MMx 21kg 삼성.22300M두께0.80mm단중8.8g, PP18MMx .121kg 삼성.32300M두께0.85mm단중8.8g 외 38개",19759.0,40668339.0
2026-10-22,2026,10,22,파워엠팩,2025-07-23,4.0,"15M/M (수축밴드)15M/M * 10KG, 18MMx 15kg 삼성1650M두께0.9mm단중8.56g, PE28mm 2kgPE 28M／M (백) 2KG 외 150개",83676.0,146265423.0
2026-10-22,2026,10,22,한솔포장,2020-03-27,11.0,"PE28mm 2kgPE28M／M(녹)2KG, PE28mm 2kgPE28M／M(백)2KG, PE28mm 2kgPE28M／M(적)2KG 외 6개",2203.0,5624915.0
2026-10-23,2026,10,23,(주)낙원포장,2025-12-23,19.0,"PE28mm 2kgPE28M／M(백)2KG, PP10.5MPP10.5M10KG(청), PP10.5MPP10.5M10KG투명 외 5개",6033.0,11884000.0
2026-10-23,2026,10,23,(주)아이마켓코리아,2025-12-24,4.0,"PP11MM*13.34KG삼성경량밴드(황색)2300m*두께0.84mm단중5.8g GRS, PP11MM*13.34KG삼성경량밴드2300m*두께0.84mm단중5.8g GRS, PP18MM x 21Kg 삼성 황색2300M 포장중량 21Kg, 1롤/1pcs 포장 (황색) 외 1개",3843.0,7805629.0
2026-10-23,2026,10,23,경인산업,2025-12-04,19.0,"PP12MPP12M／M10KG(백), PP12MPP12M／M10KG(청), PP12MPP12M／M10KG(황) 외 1개",1825.0,3714000.0
2026-10-23,2026,10,23,주식회사 에이스팩,2024-08-08,31.0,"PP15MPP15MM*10KG(황색), PP15MPP15M／M13KG(황), 스트레치필름(일반 기계)25*500*1400 외 6개",565.0,4935364.0
2026-10-24,2026,10,24,(주)지엔에스트레이딩,2014-06-05,3.0,".02PP18MMx 21kg 삼성.022300M두께0.9mm단중9.1g, .PP18MMx 21kg 삼성.12300M두께0.9mm단중8.8g, .PP18MMx 21kg 삼성.32300M두께0.9mm단중8.8g 외 48개",19327.0,39698211.0
2026-10-24,2026,10,24,경인팩,2026-01-05,2.0,"PE28mm 2kgPE28M／M(백)2KG, PE28mm 2kgPE28M／M(적)2KG, PE28mm 2kgPE28M／M(황)2KG 외 11개",4721.0,11768386.0
2026-10-24,2026,10,24,대영포장(주)발안공장,2021-01-04,13.0,"MOSCA 히터 수리MOSCA 히터 수리, PE 결속끈PE#50 (백) 5500m 5KG, PP12MPP12M／M10KG(황) 외 25개",9034.0,28061359.0
2026-10-24,2026,10,24,동원팩,2026-01-05,4.0,"PE28mm 2kgPE28M／M(녹)2KG, PE28mm 2kgPE28M／M(백)2KG, PE28mm 2kgPE28M／M(청)2KG 외 6개",101.0,2608157.0
2026-10-24,2026,10,24,백암지관공업사,2025-12-03,65.0,"PP12MPP12M／M11KG(청), PP12MPP12M／M12.5KG (황)",300.0,630000.0
2026-10-24,2026,10,24,전주삼신산업,2025-12-29,13.0,"PE28mm 2kgPE28M／M(백)2KG, PP12MPP12M／M10KG(황), PP15MPP15MM*10KG(황색) 외 4개",1054.0,2411096.0
2026-10-24,2026,10,24,주식회사 에이씨티,2016-01-20,2.0,".PP18MMx 15kg 삼성.11650M두께0.9mm단중8.56g, 0PP18MMx 21kg 삼성.22300M두께0.80mm단중8.8g, PP18MMx .121kg 삼성.32300M두께0.85mm단중8.8g 외 38개",19759.0,40668339.0
2026-10-25,2026,10,25,광림파워팩,2021-11-04,9.0,"PE28mm 2kgPE28M／M(백)2KG, PE28mm 2kgPE28M／M(적)2KG, PE28mm 2kgPE28M／M(청)2KG 외 46개",21773.0,37841336.0
2026-10-25,2026,10,25,대상산업,2026-01-02,5.0,"PE28mm 2kgPE28M／M(백)2KG, PE28mm 2kgPE28M／M(청)2KG, PE28mm 2kgPE28M／M(황)2KG 외 7개",2026.0,5153024.0
2026-10-26,2026,10,26,(주)삼화인쇄,2023-07-18,24.0,"PE28mm 2kgPE28M／M(백)2KG, PP 11MM11MM -10KG (백), PP 11MM11MM-10KG(백) 외 20개",15071.0,28566924.0
2026-10-26,2026,10,26,(주)아이마켓코리아,2025-12-24,4.0,"PP11MM*13.34KG삼성경량밴드(황색)2300m*두께0.84mm단중5.8g GRS, PP11MM*13.34KG삼성경량밴드2300m*두께0.84mm단중5.8g GRS, PP18MM x 21Kg 삼성 황색2300M 포장중량 21Kg, 1롤/1pcs 포장 (황색) 외 1개",3843.0,7805629.0
2026-10-26,2026,10,26,경인팩,2026-01-05,2.0,"PE28mm 2kgPE28M／M(백)2KG, PE28mm 2kgPE28M／M(적)2KG, PE28mm 2kgPE28M／M(황)2KG 외 11개",4721.0,11768386.0
2026-10-26,2026,10,26,주식회사 에이씨티,2016-01-20,2.0,".PP18MMx 15kg 삼성.11650M두께0.9mm단중8.56g, 0PP18MMx 21kg 삼성.22300M두께0.80mm단중8.8g, PP18MMx .121kg 삼성.32300M두께0.85mm단중8.8g 외 38개",19759.0,40668339.0
2026-10-26,2026,10,26,파워엠팩,2025-07-23,4.0,"15M/M (수축밴드)15M/M * 10KG, 18MMx 15kg 삼성1650M두께0.9mm단중8.56g, PE28mm 2kgPE 28M／M (백) 2KG 외 150개",83676.0,146265423.0
2026-10-27,2026,10,27,(주)지엔에스트레이딩,2014-06-05,3.0,".02PP18MMx 21kg 삼성.022300M두께0.9mm단중9.1g, .PP18MMx 21kg 삼성.12300M두께0.9mm단중8.8g, .PP18MMx 21kg 삼성.32300M두께0.9mm단중8.8g 외 48개",19327.0,39698211.0
2026-10-27,2026,10,27,(주)한제피앤에스,2023-10-25,61.0,"12 x 3,000M 0.55T12 x 3,000M 0.55T 백색, 12 x 3,000M 0.55T12 x 3,000M 0.55T 백색 W/Blue print, 12 x 3,000M 0.55T12 x 3,000M 0.55T 적색 외 51개",124972.0,108633081.0
2026-10-27,2026,10,27,광림포장기계컨베이어,2011-05-03,9.0,"PE28mm 2kgPE 28M／M (백) 2KG, PE28mm 2kgPE28M／M(백)2KG, PE28mm 2kgPE28M／M(적)2KG 외 26개",20880.0,34859790.0
2026-10-27,2026,10,27,대경(박타원),2017-01-02,16.0,"PE28mm 2kgPE 28M／M (백) 2KG, PE28mm 2kgPE 28M／M (적) 2KG, PE28mm 2kgPE 28M／M (적)2KG 외 26개",8087.0,18034594.0
2026-10-27,2026,10,27,삼원산업,2025-12-31,30.0,"PP12MPP12M／M10KG(황), PP12MPP12M／M12KG(투명), PP12MPP12M／M12KG(황) 외 2개",2700.0,5300000.0
2026-10-27,2026,10,27,서울포장기계,2022-01-21,10.0,"PP12MPP12M／M10KG(백), PP12MPP12M／M10KG(투명), PP12MPP12M／M10KG(황) 외 4개",2604.0,4541561.0
2026-10-27,2026,10,27,신광포장기계,2026-01-05,6.0,"PE28mm 2kgPE28M／M(백)2KG, PE28mm, 6KGPE28M／M(백)6KG, PP12MPP12M／M10KG(백) 외 10개",4239.0,8956157.0
2026-10-28,2026,10,28,경인팩,2026-01-05,2.0,"PE28mm 2kgPE28M／M(백)2KG, PE28mm 2kgPE28M／M(적)2KG, PE28mm 2kgPE28M／M(황)2KG 외 11개",4721.0,11768386.0
2026-10-28,2026,10,28,동원팩,2026-01-05,4.0,"PE28mm 2kgPE28M／M(녹)2KG, PE28mm 2kgPE28M／M(백)2KG, PE28mm 2kgPE28M／M(청)2KG 외 6개",101.0,2608157.0
2026-10-28,2026,10,28,보우팩,2025-08-06,16.0,"PE28mm 2kgPE28M／M(백)2KG, PE28mm 2kgPE28M／M(적)2KG, PE28mm 2kgPE28M／M(청)2KG 외 28개",14014.0,48149165.0
2026-10-28,2026,10,28,주식회사 에이씨티,2016-01-20,2.0,".PP18MMx 15kg 삼성.11650M두께0.9mm단중8.56g, 0PP18MMx 21kg 삼성.22300M두께0.80mm단중8.8g, PP18MMx .121kg 삼성.32300M두께0.85mm단중8.8g 외 38개",19759.0,40668339.0
2026-10-28,2026,10,28,진송팩,2026-01-02,13.0,"PE28mm 2kgPE28M／M(백)2KG, PE28mm 2kgPE28M／M(적)2KG, PE28mm 2kgPE28M／M(청)2KG 외 5개",1520.0,4001822.0
2026-10-29,2026,10,29,(주)아이마켓코리아,2025-12-24,4.0,"PP11MM*13.34KG삼성경량밴드(황색)2300m*두께0.84mm단중5.8g GRS, PP11MM*13.34KG삼성경량밴드2300m*두께0.84mm단중5.8g GRS, PP18MM x 21Kg 삼성 황색2300M 포장중량 21Kg, 1롤/1pcs 포장 (황색) 외 1개",3843.0,7805629.0
2026-10-29,2026,10,29,KOMERI,2025-11-23,35.0,"15 x 1,000M 0.55T Yellow15x1,000M0.55T 황색, 15 x 100M 0.55T15x100M 0.55T 황색, 15 x 100M 0.55T15x100M0.55T녹색 외 6개",14064.0,39131390.0
2026-10-29,2026,10,29,대상산업,2026-01-02,5.0,"PE28mm 2kgPE28M／M(백)2KG, PE28mm 2kgPE28M／M(청)2KG, PE28mm 2kgPE28M／M(황)2KG 외 7개",2026.0,5153024.0
2026-10-29,2026,10,29,주신산업,2026-01-05,9.0,"PE28mm 2kgPE28M／M(백)2KG, PP12MPP12M／M10KG(황), 운송료택배비",775.0,1647675.0
2026-10-29,2026,10,29,한국포장기계,2025-12-29,39.0,"PE28mm 2kgPE28M／M(백)2KG, PE28mm 2kgPE28M／M(적)2KG, PE28mm 2kgPE28M／M(청)2KG 외 4개",4551.0,11201933.0
2026-10-30,2026,10,30,(주)지엔에스트레이딩,2014-06-05,3.0,".02PP18MMx 21kg 삼성.022300M두께0.9mm단중9.1g, .PP18MMx 21kg 삼성.12300M두께0.9mm단중8.8g, .PP18MMx 21kg 삼성.32300M두께0.9mm단중8.8g 외 48개",19327.0,39698211.0
2026-10-30,2026,10,30,경인팩,2026-01-05,2.0,"PE28mm 2kgPE28M／M(백)2KG, PE28mm 2kgPE28M／M(적)2KG, PE28mm 2kgPE28M／M(황)2KG 외 11개",4721.0,11768386.0
2026-10-30,2026,10,30,주)대성씨앤씨,2025-12-22,13.0,"PP12MPP12M／M10KG(백), PP12MPP12M／M10KG(황), PP5MMx7000Mx0.5T 11.4kg 백색core 200x8T OD400 롤랩핑 400*200 외 2개",1470.0,6867600.0
2026-10-30,2026,10,30,주식회사 에이씨티,2016-01-20,2.0,".PP18MMx 15kg 삼성.11650M두께0.9mm단중8.56g, 0PP18MMx 21kg 삼성.22300M두께0.80mm단중8.8g, PP18MMx .121kg 삼성.32300M두께0.85mm단중8.8g 외 38개",19759.0,40668339.0
2026-10-30,2026,10,30,파워엠팩,2025-07-23,4.0,"15M/M (수축밴드)15M/M * 10KG, 18MMx 15kg 삼성1650M두께0.9mm단중8.56g, PE28mm 2kgPE 28M／M (백) 2KG 외 150개",83676.0,146265423.0
2026-10-31,2026,10,31,상일교역상사,2025-08-13,75.0,"12 x 1,707M 0.78T12x1,707M 0.78T 백색, 12 x 3,017M 0.55T12x3,017M 0.55T 검정, 12 x 3,017M 0.55T12x3,017M 0.55T 녹색 외 20개",49231.0,112608367.0
2026-11-01,2026,11,1,(주)아이마켓코리아,2025-12-24,4.0,"PP11MM*13.34KG삼성경량밴드(황색)2300m*두께0.84mm단중5.8g GRS, PP11MM*13.34KG삼성경량밴드2300m*두께0.84mm단중5.8g GRS, PP18MM x 21Kg 삼성 황색2300M 포장중량 21Kg, 1롤/1pcs 포장 (황색) 외 1개",3843.0,7805629.0
2026-11-01,2026,11,1,경인팩,2026-01-05,2.0,"PE28mm 2kgPE28M／M(백)2KG, PE28mm 2kgPE28M／M(적)2KG, PE28mm 2kgPE28M／M(황)2KG 외 11개",4721.0,11768386.0
2026-11-01,2026,11,1,동방포장기자재,2025-11-24,39.0,PP12MPP12M／M10KG(황),845.0,1647750.0
2026-11-01,2026,11,1,동원팩,2026-01-05,4.0,"PE28mm 2kgPE28M／M(녹)2KG, PE28mm 2kgPE28M／M(백)2KG, PE28mm 2kgPE28M／M(청)2KG 외 6개",101.0,2608157.0
2026-11-01,2026,11,1,신광포장기계,2026-01-05,6.0,"PE28mm 2kgPE28M／M(백)2KG, PE28mm, 6KGPE28M／M(백)6KG, PP12MPP12M／M10KG(백) 외 10개",4239.0,8956157.0
2026-11-01,2026,11,1,제이케이머티리얼즈(주)／순성공장,2023-12-27,27.0,"ITA20용 배터리14.8V 2AH Li-Po, PET 16MMPET 16mm x 0.8T x 1200m Embossed (반투명 녹색), PET 16mm x 0.8T x 1200mPET 16mm x 0.8T x 1200m Embossed (반투명 녹색) 외 12개",1266.0,9761113.0
2026-11-01,2026,11,1,제일산업(주)(화성),2014-03-19,10.0,"PP12MPP 12M／M 9KG, PP12MPP12M／M10KG(황), PP12MPP12M／M9KG 외 21개",7048.0,14479062.0
2026-11-01,2026,11,1,주식회사 대한종합포장,2025-11-24,20.0,"PP12MPP12M／M10KG(백), PP15MPP15MM*10KG(황색), PP5MMx7000Mx0.5T 백색 외 1개",3945.0,10935000.0
2026-11-01,2026,11,1,주식회사 에이씨티,2016-01-20,2.0,".PP18MMx 15kg 삼성.11650M두께0.9mm단중8.56g, 0PP18MMx 21kg 삼성.22300M두께0.80mm단중8.8g, PP18MMx .121kg 삼성.32300M두께0.85mm단중8.8g 외 38개",19759.0,40668339.0
2026-11-01,2026,11,1,한솔포장,2020-03-27,11.0,"PE28mm 2kgPE28M／M(녹)2KG, PE28mm 2kgPE28M／M(백)2KG, PE28mm 2kgPE28M／M(적)2KG 외 6개",2203.0,5624915.0
2026-11-02,2026,11,2,(주)지엔에스트레이딩,2014-06-05,3.0,".02PP18MMx 21kg 삼성.022300M두께0.9mm단중9.1g, .PP18MMx 21kg 삼성.12300M두께0.9mm단중8.8g, .PP18MMx 21kg 삼성.32300M두께0.9mm단중8.8g 외 48개",19327.0,39698211.0
2026-11-02,2026,11,2,광림파워팩,2021-11-04,9.0,"PE28mm 2kgPE28M／M(백)2KG, PE28mm 2kgPE28M／M(적)2KG, PE28mm 2kgPE28M／M(청)2KG 외 46개",21773.0,37841336.0
2026-11-02,2026,11,2,대상산업,2026-01-02,5.0,"PE28mm 2kgPE28M／M(백)2KG, PE28mm 2kgPE28M／M(청)2KG, PE28mm 2kgPE28M／M(황)2KG 외 7개",2026.0,5153024.0
2026-11-02,2026,11,2,주식회사 광림파워팩,2025-12-31,18.0,"PP12MPP12M／M10KG(황), PP12MPP12M／M12.5KG (황), PP12MPP12mm*0.72T*2800m 12.5KG(투명) 외 5개",4564.0,8718553.0
2026-11-03,2026,11,3,강원농협연합포장재가공사업소,2025-11-17,40.0,PP12MPP12M／M12.5KG (황),2812.0,4893750.0
2026-11-03,2026,11,3,경인팩,2026-01-05,2.0,"PE28mm 2kgPE28M／M(백)2KG, PE28mm 2kgPE28M／M(적)2KG, PE28mm 2kgPE28M／M(황)2KG 외 11개",4721.0,11768386.0
2026-11-03,2026,11,3,우선산업,2025-12-26,24.0,"PE28mm 2kgPE28M／M(백)2KG, PE50mm, 4.5KGPE50M／M(백)4.5KG, PP 재생원료적색",2942.0,5004300.0
2026-11-03,2026,11,3,주식회사 동원피앤아이,2025-12-26,26.0,"PE 결속끈PE#50 (백) 5500m 5KG, PE28mm 2kgPE28M／M(백)2KG, PE50mm, 4.7KGPE50M／M(황)4.7KG",4002.0,10753000.0
2026-11-03,2026,11,3,주식회사 에이씨티,2016-01-20,2.0,".PP18MMx 15kg 삼성.11650M두께0.9mm단중8.56g, 0PP18MMx 21kg 삼성.22300M두께0.80mm단중8.8g, PP18MMx .121kg 삼성.32300M두께0.85mm단중8.8g 외 38개",19759.0,40668339.0
2026-11-03,2026,11,3,파워엠팩,2025-07-23,4.0,"15M/M (수축밴드)15M/M * 10KG, 18MMx 15kg 삼성1650M두께0.9mm단중8.56g, PE28mm 2kgPE 28M／M (백) 2KG 외 150개",83676.0,146265423.0
2026-11-04,2026,11,4,(주)아이마켓코리아,2025-12-24,4.0,"PP11MM*13.34KG삼성경량밴드(황색)2300m*두께0.84mm단중5.8g GRS, PP11MM*13.34KG삼성경량밴드2300m*두께0.84mm단중5.8g GRS, PP18MM x 21Kg 삼성 황색2300M 포장중량 21Kg, 1롤/1pcs 포장 (황색) 외 1개",3843.0,7805629.0
2026-11-04,2026,11,4,광림포장기계컨베이어,2011-05-03,9.0,"PE28mm 2kgPE 28M／M (백) 2KG, PE28mm 2kgPE28M／M(백)2KG, PE28mm 2kgPE28M／M(적)2KG 외 26개",20880.0,34859790.0
2026-11-05,2026,11,5,(주)지엔에스트레이딩,2014-06-05,3.0,".02PP18MMx 21kg 삼성.022300M두께0.9mm단중9.1g, .PP18MMx 21kg 삼성.12300M두께0.9mm단중8.8g, .PP18MMx 21kg 삼성.32300M두께0.9mm단중8.8g 외 48개",19327.0,39698211.0
2026-11-05,2026,11,5,RLBUTTON,2025-12-16,36.0,"PP 12MM12MMx1000Mx0.55MM Blue, PP19M * 1000M HD BlackPP19MM*1000M*0.85T Black, PP19M BUILDERSPP19M／M*300M 0.60T Blue 외 4개",12993.0,33425099.0
2026-11-05,2026,11,5,경인팩,2026-01-05,2.0,"PE28mm 2kgPE28M／M(백)2KG, PE28mm 2kgPE28M／M(적)2KG, PE28mm 2kgPE28M／M(황)2KG 외 11개",4721.0,11768386.0
2026-11-05,2026,11,5,금산포장,2026-01-05,17.0,"PE28mm 2kgPE28M／M(백)2KG, PE28mm, 6KGPE28M／M(백)6KG, PP12MPP12M／M10KG(투명) 외 2개",1205.0,2820867.0
2026-11-05,2026,11,5,동원팩,2026-01-05,4.0,"PE28mm 2kgPE28M／M(녹)2KG, PE28mm 2kgPE28M／M(백)2KG, PE28mm 2kgPE28M／M(청)2KG 외 6개",101.0,2608157.0
2026-11-05,2026,11,5,주식회사 에이씨티,2016-01-20,2.0,".PP18MMx 15kg 삼성.11650M두께0.9mm단중8.56g, 0PP18MMx 21kg 삼성.22300M두께0.80mm단중8.8g, PP18MMx .121kg 삼성.32300M두께0.85mm단중8.8g 외 38개",19759.0,40668339.0
2026-11-05,2026,11,5,합동포장기계,2026-01-05,20.0,"PE28mm 2kgPE28M／M(백)2KG, PP12MPP12M／M10KG(백), PP12MPP12M／M10KG(황) 외 8개",4658.0,10400083.0
2026-11-06,2026,11,6,"SANYU CO.,LTD",2020-03-02,62.0,"15 x 100M 0.55T15 x 100M 0.55T 황색, 15 x 100M 0.55T15x100M0.55T황색, 15 x 170M 0.55T15x170M0.55T녹색 외 20개",333470.0,39286732.0
2026-11-06,2026,11,6,대상산업,2026-01-02,5.0,"PE28mm 2kgPE28M／M(백)2KG, PE28mm 2kgPE28M／M(청)2KG, PE28mm 2kgPE28M／M(황)2KG 외 7개",2026.0,5153024.0
2026-11-06,2026,11,6,대영포장(주)발안공장,2021-01-04,13.0,"MOSCA 히터 수리MOSCA 히터 수리, PE 결속끈PE#50 (백) 5500m 5KG, PP12MPP12M／M10KG(황) 외 25개",9034.0,28061359.0
2026-11-06,2026,11,6,서울포장기계,2022-01-21,10.0,"PP12MPP12M／M10KG(백), PP12MPP12M／M10KG(투명), PP12MPP12M／M10KG(황) 외 4개",2604.0,4541561.0
2026-11-06,2026,11,6,신광포장기계,2026-01-05,6.0,"PE28mm 2kgPE28M／M(백)2KG, PE28mm, 6KGPE28M／M(백)6KG, PP12MPP12M／M10KG(백) 외 10개",4239.0,8956157.0
2026-11-06,2026,11,6,전주삼신산업,2025-12-29,13.0,"PE28mm 2kgPE28M／M(백)2KG, PP12MPP12M／M10KG(황), PP15MPP15MM*10KG(황색) 외 4개",1054.0,2411096.0
2026-11-06,2026,11,6,한남포장기계,2025-12-16,25.0,"PE28mm 2kgPE28M／M(백)2KG, PP12MPP12M／M9KG(황)",1900.0,4650000.0
2026-11-06,2026,11,6,한서포장,2021-07-29,18.0,"PE28mm 2kg.1PE28M／M(백)2KG, PE28mm 2kg.2PE28M／M(백)2KG, PE28mm 2kgPE 28M／M (백) 2KG 외 19개",7208.0,15354014.0
2026-11-07,2026,11,7,(주)아이마켓코리아,2025-12-24,4.0,"PP11MM*13.34KG삼성경량밴드(황색)2300m*두께0.84mm단중5.8g GRS, PP11MM*13.34KG삼성경량밴드2300m*두께0.84mm단중5.8g GRS, PP18MM x 21Kg 삼성 황색2300M 포장중량 21Kg, 1롤/1pcs 포장 (황색) 외 1개",3843.0,7805629.0
2026-11-07,2026,11,7,경인팩,2026-01-05,2.0,"PE28mm 2kgPE28M／M(백)2KG, PE28mm 2kgPE28M／M(적)2KG, PE28mm 2kgPE28M／M(황)2KG 외 11개",4721.0,11768386.0
2026-11-07,2026,11,7,동서포장종합상사,2025-12-18,36.0,PE28mm 2kgPE28M／M(백)2KG,120.0,372000.0
2026-11-07,2026,11,7,신광포장기계(부산),2025-11-04,47.0,"PE28mm 2kgPE28M／M(백)2KG, 운송료",218.0,640667.0
2026-11-07,2026,11,7,주식회사 에이씨티,2016-01-20,2.0,".PP18MMx 15kg 삼성.11650M두께0.9mm단중8.56g, 0PP18MMx 21kg 삼성.22300M두께0.80mm단중8.8g, PP18MMx .121kg 삼성.32300M두께0.85mm단중8.8g 외 38개",19759.0,40668339.0
2026-11-07,2026,11,7,주신산업,2026-01-05,9.0,"PE28mm 2kgPE28M／M(백)2KG, PP12MPP12M／M10KG(황), 운송료택배비",775.0,1647675.0
2026-11-07,2026,11,7,파워엠팩,2025-07-23,4.0,"15M/M (수축밴드)15M/M * 10KG, 18MMx 15kg 삼성1650M두께0.9mm단중8.56g, PE28mm 2kgPE 28M／M (백) 2KG 외 150개",83676.0,146265423.0
2026-11-07,2026,11,7,한국전자금융(주),2018-12-17,22.0,"무인쇄 11mm x 0.70T x 1000m화폐밴딩끈 지관200x190, 스트레치필름(Baby Roll)20*100mm*150m (Plastic Handle), 스트레치필름(일반 핸드랩)15*500mm*400m 외 1개",176.0,665812.0
2026-11-08,2026,11,8,(주)지엔에스트레이딩,2014-06-05,3.0,".02PP18MMx 21kg 삼성.022300M두께0.9mm단중9.1g, .PP18MMx 21kg 삼성.12300M두께0.9mm단중8.8g, .PP18MMx 21kg 삼성.32300M두께0.9mm단중8.8g 외 48개",19327.0,39698211.0
2026-11-09,2026,11,9,경인팩,2026-01-05,2.0,"PE28mm 2kgPE28M／M(백)2KG, PE28mm 2kgPE28M／M(적)2KG, PE28mm 2kgPE28M／M(황)2KG 외 11개",4721.0,11768386.0
2026-11-09,2026,11,9,동원팩,2026-01-05,4.0,"PE28mm 2kgPE28M／M(녹)2KG, PE28mm 2kgPE28M／M(백)2KG, PE28mm 2kgPE28M／M(청)2KG 외 6개",101.0,2608157.0
2026-11-09,2026,11,9,신대한판지(주),2024-08-12,21.0,"PP Band(자동)8mm x 0.6T x 3800m (백색) 10Kg/roll, PP12MPP12M／M10KG(검정), PP12MPP12M／M10KG(녹) 외 50개",18211.0,52711272.0
2026-11-09,2026,11,9,주식회사 에이씨티,2016-01-20,2.0,".PP18MMx 15kg 삼성.11650M두께0.9mm단중8.56g, 0PP18MMx 21kg 삼성.22300M두께0.80mm단중8.8g, PP18MMx .121kg 삼성.32300M두께0.85mm단중8.8g 외 38개",19759.0,40668339.0
2026-11-10,2026,11,10,(주)아이마켓코리아,2025-12-24,4.0,"PP11MM*13.34KG삼성경량밴드(황색)2300m*두께0.84mm단중5.8g GRS, PP11MM*13.34KG삼성경량밴드2300m*두께0.84mm단중5.8g GRS, PP18MM x 21Kg 삼성 황색2300M 포장중량 21Kg, 1롤/1pcs 포장 (황색) 외 1개",3843.0,7805629.0
2026-11-10,2026,11,10,광림파워팩,2021-11-04,9.0,"PE28mm 2kgPE28M／M(백)2KG, PE28mm 2kgPE28M／M(적)2KG, PE28mm 2kgPE28M／M(청)2KG 외 46개",21773.0,37841336.0
2026-11-10,2026,11,10,대상산업,2026-01-02,5.0,"PE28mm 2kgPE28M／M(백)2KG, PE28mm 2kgPE28M／M(청)2KG, PE28mm 2kgPE28M／M(황)2KG 외 7개",2026.0,5153024.0
2026-11-10,2026,11,10,진송팩,2026-01-02,13.0,"PE28mm 2kgPE28M／M(백)2KG, PE28mm 2kgPE28M／M(적)2KG, PE28mm 2kgPE28M／M(청)2KG 외 5개",1520.0,4001822.0
2026-11-11,2026,11,11,(주)낙원포장,2025-12-23,19.0,"PE28mm 2kgPE28M／M(백)2KG, PP10.5MPP10.5M10KG(청), PP10.5MPP10.5M10KG투명 외 5개",6033.0,11884000.0
2026-11-11,2026,11,11,(주)지엔에스트레이딩,2014-06-05,3.0,".02PP18MMx 21kg 삼성.022300M두께0.9mm단중9.1g, .PP18MMx 21kg 삼성.12300M두께0.9mm단중8.8g, .PP18MMx 21kg 삼성.32300M두께0.9mm단중8.8g 외 48개",19327.0,39698211.0
2026-11-11,2026,11,11,경인산업,2025-12-04,19.0,"PP12MPP12M／M10KG(백), PP12MPP12M／M10KG(청), PP12MPP12M／M10KG(황) 외 1개",1825.0,3714000.0
2026-11-11,2026,11,11,경인팩,2026-01-05,2.0,"PE28mm 2kgPE28M／M(백)2KG, PE28mm 2kgPE28M／M(적)2KG, PE28mm 2kgPE28M／M(황)2KG 외 11개",4721.0,11768386.0
2026-11-11,2026,11,11,광림포장기계,2025-12-31,22.0,PP12MPP12M／M10KG(황),640.0,1216000.0
2026-11-11,2026,11,11,대경(박타원),2017-01-02,16.0,"PE28mm 2kgPE 28M／M (백) 2KG, PE28mm 2kgPE 28M／M (적) 2KG, PE28mm 2kgPE 28M／M (적)2KG 외 26개",8087.0,18034594.0
2026-11-11,2026,11,11,신광포장기계,2026-01-05,6.0,"PE28mm 2kgPE28M／M(백)2KG, PE28mm, 6KGPE28M／M(백)6KG, PP12MPP12M／M10KG(백) 외 10개",4239.0,8956157.0
2026-11-11,2026,11,11,제일산업(주)(화성),2014-03-19,10.0,"PP12MPP 12M／M 9KG, PP12MPP12M／M10KG(황), PP12MPP12M／M9KG 외 21개",7048.0,14479062.0
2026-11-11,2026,11,11,주)대성씨앤씨,2025-12-22,13.0,"PP12MPP12M／M10KG(백), PP12MPP12M／M10KG(황), PP5MMx7000Mx0.5T 11.4kg 백색core 200x8T OD400 롤랩핑 400*200 외 2개",1470.0,6867600.0
2026-11-11,2026,11,11,주식회사 에이씨티,2016-01-20,2.0,".PP18MMx 15kg 삼성.11650M두께0.9mm단중8.56g, 0PP18MMx 21kg 삼성.22300M두께0.80mm단중8.8g, PP18MMx .121kg 삼성.32300M두께0.85mm단중8.8g 외 38개",19759.0,40668339.0
2026-11-11,2026,11,11,파워엠팩,2025-07-23,4.0,"15M/M (수축밴드)15M/M * 10KG, 18MMx 15kg 삼성1650M두께0.9mm단중8.56g, PE28mm 2kgPE 28M／M (백) 2KG 외 150개",83676.0,146265423.0
2026-11-11,2026,11,11,한솔포장,2020-03-27,11.0,"PE28mm 2kgPE28M／M(녹)2KG, PE28mm 2kgPE28M／M(백)2KG, PE28mm 2kgPE28M／M(적)2KG 외 6개",2203.0,5624915.0
2026-11-12,2026,11,12,광림포장기계컨베이어,2011-05-03,9.0,"PE28mm 2kgPE 28M／M (백) 2KG, PE28mm 2kgPE28M／M(백)2KG, PE28mm 2kgPE28M／M(적)2KG 외 26개",20880.0,34859790.0
2026-11-13,2026,11,13,(주)아이마켓코리아,2025-12-24,4.0,"PP11MM*13.34KG삼성경량밴드(황색)2300m*두께0.84mm단중5.8g GRS, PP11MM*13.34KG삼성경량밴드2300m*두께0.84mm단중5.8g GRS, PP18MM x 21Kg 삼성 황색2300M 포장중량 21Kg, 1롤/1pcs 포장 (황색) 외 1개",3843.0,7805629.0
2026-11-13,2026,11,13,경인팩,2026-01-05,2.0,"PE28mm 2kgPE28M／M(백)2KG, PE28mm 2kgPE28M／M(적)2KG, PE28mm 2kgPE28M／M(황)2KG 외 11개",4721.0,11768386.0
2026-11-13,2026,11,13,동원팩,2026-01-05,4.0,"PE28mm 2kgPE28M／M(녹)2KG, PE28mm 2kgPE28M／M(백)2KG, PE28mm 2kgPE28M／M(청)2KG 외 6개",101.0,2608157.0
2026-11-13,2026,11,13,보우팩,2025-08-06,16.0,"PE28mm 2kgPE28M／M(백)2KG, PE28mm 2kgPE28M／M(적)2KG, PE28mm 2kgPE28M／M(청)2KG 외 28개",14014.0,48149165.0
2026-11-13,2026,11,13,주식회사 에이씨티,2016-01-20,2.0,".PP18MMx 15kg 삼성.11650M두께0.9mm단중8.56g, 0PP18MMx 21kg 삼성.22300M두께0.80mm단중8.8g, PP18MMx .121kg 삼성.32300M두께0.85mm단중8.8g 외 38개",19759.0,40668339.0
2026-11-14,2026,11,14,(주)지엔에스트레이딩,2014-06-05,3.0,".02PP18MMx 21kg 삼성.022300M두께0.9mm단중9.1g, .PP18MMx 21kg 삼성.12300M두께0.9mm단중8.8g, .PP18MMx 21kg 삼성.32300M두께0.9mm단중8.8g 외 48개",19327.0,39698211.0
2026-11-14,2026,11,14,대상산업,2026-01-02,5.0,"PE28mm 2kgPE28M／M(백)2KG, PE28mm 2kgPE28M／M(청)2KG, PE28mm 2kgPE28M／M(황)2KG 외 7개",2026.0,5153024.0
2026-11-15,2026,11,15,경인팩,2026-01-05,2.0,"PE28mm 2kgPE28M／M(백)2KG, PE28mm 2kgPE28M／M(적)2KG, PE28mm 2kgPE28M／M(황)2KG 외 11개",4721.0,11768386.0
2026-11-15,2026,11,15,주식회사 에이씨티,2016-01-20,2.0,".PP18MMx 15kg 삼성.11650M두께0.9mm단중8.56g, 0PP18MMx 21kg 삼성.22300M두께0.80mm단중8.8g, PP18MMx .121kg 삼성.32300M두께0.85mm단중8.8g 외 38개",19759.0,40668339.0
2026-11-15,2026,11,15,파워엠팩,2025-07-23,4.0,"15M/M (수축밴드)15M/M * 10KG, 18MMx 15kg 삼성1650M두께0.9mm단중8.56g, PE28mm 2kgPE 28M／M (백) 2KG 외 150개",83676.0,146265423.0
2026-11-16,2026,11,16,(주)아이마켓코리아,2025-12-24,4.0,"PP11MM*13.34KG삼성경량밴드(황색)2300m*두께0.84mm단중5.8g GRS, PP11MM*13.34KG삼성경량밴드2300m*두께0.84mm단중5.8g GRS, PP18MM x 21Kg 삼성 황색2300M 포장중량 21Kg, 1롤/1pcs 포장 (황색) 외 1개",3843.0,7805629.0
2026-11-16,2026,11,16,서울포장기계,2022-01-21,10.0,"PP12MPP12M／M10KG(백), PP12MPP12M／M10KG(투명), PP12MPP12M／M10KG(황) 외 4개",2604.0,4541561.0
2026-11-16,2026,11,16,신광포장기계,2026-01-05,6.0,"PE28mm 2kgPE28M／M(백)2KG, PE28mm, 6KGPE28M／M(백)6KG, PP12MPP12M／M10KG(백) 외 10개",4239.0,8956157.0
2026-11-16,2026,11,16,주신산업,2026-01-05,9.0,"PE28mm 2kgPE28M／M(백)2KG, PP12MPP12M／M10KG(황), 운송료택배비",775.0,1647675.0
2026-11-17,2026,11,17,(주)지엔에스트레이딩,2014-06-05,3.0,".02PP18MMx 21kg 삼성.022300M두께0.9mm단중9.1g, .PP18MMx 21kg 삼성.12300M두께0.9mm단중8.8g, .PP18MMx 21kg 삼성.32300M두께0.9mm단중8.8g 외 48개",19327.0,39698211.0
2026-11-17,2026,11,17,경인팩,2026-01-05,2.0,"PE28mm 2kgPE28M／M(백)2KG, PE28mm 2kgPE28M／M(적)2KG, PE28mm 2kgPE28M／M(황)2KG 외 11개",4721.0,11768386.0
2026-11-17,2026,11,17,동원팩,2026-01-05,4.0,"PE28mm 2kgPE28M／M(녹)2KG, PE28mm 2kgPE28M／M(백)2KG, PE28mm 2kgPE28M／M(청)2KG 외 6개",101.0,2608157.0
2026-11-17,2026,11,17,주식회사 에이씨티,2016-01-20,2.0,".PP18MMx 15kg 삼성.11650M두께0.9mm단중8.56g, 0PP18MMx 21kg 삼성.22300M두께0.80mm단중8.8g, PP18MMx .121kg 삼성.32300M두께0.85mm단중8.8g 외 38개",19759.0,40668339.0
2026-11-18,2026,11,18,(주)삼화인쇄,2023-07-18,24.0,"PE28mm 2kgPE28M／M(백)2KG, PP 11MM11MM -10KG (백), PP 11MM11MM-10KG(백) 외 20개",15071.0,28566924.0
2026-11-18,2026,11,18,광림파워팩,2021-11-04,9.0,"PE28mm 2kgPE28M／M(백)2KG, PE28mm 2kgPE28M／M(적)2KG, PE28mm 2kgPE28M／M(청)2KG 외 46개",21773.0,37841336.0
2026-11-18,2026,11,18,대상산업,2026-01-02,5.0,"PE28mm 2kgPE28M／M(백)2KG, PE28mm 2kgPE28M／M(청)2KG, PE28mm 2kgPE28M／M(황)2KG 외 7개",2026.0,5153024.0
2026-11-19,2026,11,19,(주)아이마켓코리아,2025-12-24,4.0,"PP11MM*13.34KG삼성경량밴드(황색)2300m*두께0.84mm단중5.8g GRS, PP11MM*13.34KG삼성경량밴드2300m*두께0.84mm단중5.8g GRS, PP18MM x 21Kg 삼성 황색2300M 포장중량 21Kg, 1롤/1pcs 포장 (황색) 외 1개",3843.0,7805629.0
2026-11-19,2026,11,19,경인팩,2026-01-05,2.0,"PE28mm 2kgPE28M／M(백)2KG, PE28mm 2kgPE28M／M(적)2KG, PE28mm 2kgPE28M／M(황)2KG 외 11개",4721.0,11768386.0
2026-11-19,2026,11,19,대영포장(주)발안공장,2021-01-04,13.0,"MOSCA 히터 수리MOSCA 히터 수리, PE 결속끈PE#50 (백) 5500m 5KG, PP12MPP12M／M10KG(황) 외 25개",9034.0,28061359.0
2026-11-19,2026,11,19,전주삼신산업,2025-12-29,13.0,"PE28mm 2kgPE28M／M(백)2KG, PP12MPP12M／M10KG(황), PP15MPP15MM*10KG(황색) 외 4개",1054.0,2411096.0
2026-11-19,2026,11,19,제일포장(김해),2025-04-08,59.0,"PE28mm 2kgPE 28M／M (백) 2KG, PE28mm 2kgPE28M／M(녹)2KG, PE28mm 2kgPE28M／M(백)2KG 외 5개",3968.0,10800691.0
2026-11-19,2026,11,19,주식회사 에이씨티,2016-01-20,2.0,".PP18MMx 15kg 삼성.11650M두께0.9mm단중8.56g, 0PP18MMx 21kg 삼성.22300M두께0.80mm단중8.8g, PP18MMx .121kg 삼성.32300M두께0.85mm단중8.8g 외 38개",19759.0,40668339.0
2026-11-19,2026,11,19,파워엠팩,2025-07-23,4.0,"15M/M (수축밴드)15M/M * 10KG, 18MMx 15kg 삼성1650M두께0.9mm단중8.56g, PE28mm 2kgPE 28M／M (백) 2KG 외 150개",83676.0,146265423.0
2026-11-20,2026,11,20,(주)지엔에스트레이딩,2014-06-05,3.0,".02PP18MMx 21kg 삼성.022300M두께0.9mm단중9.1g, .PP18MMx 21kg 삼성.12300M두께0.9mm단중8.8g, .PP18MMx 21kg 삼성.32300M두께0.9mm단중8.8g 외 48개",19327.0,39698211.0
2026-11-20,2026,11,20,CYKLOP PACKAGING SYSTEMS PTY LTD.,2025-12-25,34.0,"12 x 3,000M 0.65T12x3,000M0.65T BLUE, 12 x 3,000M 0.65T12x3,000M0.65T CLEAR, 15 x 1,000M 0.65T Blue15x1,000M0.65T청색 외 9개",32917.0,74746924.0
2026-11-20,2026,11,20,광림포장기계컨베이어,2011-05-03,9.0,"PE28mm 2kgPE 28M／M (백) 2KG, PE28mm 2kgPE28M／M(백)2KG, PE28mm 2kgPE28M／M(적)2KG 외 26개",20880.0,34859790.0
2026-11-20,2026,11,20,주식회사 광림파워팩,2025-12-31,18.0,"PP12MPP12M／M10KG(황), PP12MPP12M／M12.5KG (황), PP12MPP12mm*0.72T*2800m 12.5KG(투명) 외 5개",4564.0,8718553.0
2026-11-20,2026,11,20,주식회사 대한종합포장,2025-11-24,20.0,"PP12MPP12M／M10KG(백), PP15MPP15MM*10KG(황색), PP5MMx7000Mx0.5T 백색 외 1개",3945.0,10935000.0
2026-11-21,2026,11,21,PARAMOUNT PAPER MERCHANTS PTY LTD.,2025-11-02,193.0,"12 x 3,000M 0.55T12 x 3,000M 0.55T 청색, 12 x 3,000M 0.55T12 x 3,000M 0.55T 투명, 12 x 3,000M 0.65T12x3,000M0.65T BLUE 외 4개",7104.0,18886177.0
2026-11-21,2026,11,21,경인팩,2026-01-05,2.0,"PE28mm 2kgPE28M／M(백)2KG, PE28mm 2kgPE28M／M(적)2KG, PE28mm 2kgPE28M／M(황)2KG 외 11개",4721.0,11768386.0
2026-11-21,2026,11,21,금산포장,2026-01-05,17.0,"PE28mm 2kgPE28M／M(백)2KG, PE28mm, 6KGPE28M／M(백)6KG, PP12MPP12M／M10KG(투명) 외 2개",1205.0,2820867.0
2026-11-21,2026,11,21,동원팩,2026-01-05,4.0,"PE28mm 2kgPE28M／M(녹)2KG, PE28mm 2kgPE28M／M(백)2KG, PE28mm 2kgPE28M／M(청)2KG 외 6개",101.0,2608157.0
2026-11-21,2026,11,21,신광포장기계,2026-01-05,6.0,"PE28mm 2kgPE28M／M(백)2KG, PE28mm, 6KGPE28M／M(백)6KG, PP12MPP12M／M10KG(백) 외 10개",4239.0,8956157.0
2026-11-21,2026,11,21,제일산업(주)(화성),2014-03-19,10.0,"PP12MPP 12M／M 9KG, PP12MPP12M／M10KG(황), PP12MPP12M／M9KG 외 21개",7048.0,14479062.0
2026-11-21,2026,11,21,주식회사 에이씨티,2016-01-20,2.0,".PP18MMx 15kg 삼성.11650M두께0.9mm단중8.56g, 0PP18MMx 21kg 삼성.22300M두께0.80mm단중8.8g, PP18MMx .121kg 삼성.32300M두께0.85mm단중8.8g 외 38개",19759.0,40668339.0
2026-11-21,2026,11,21,한솔포장,2020-03-27,11.0,"PE28mm 2kgPE28M／M(녹)2KG, PE28mm 2kgPE28M／M(백)2KG, PE28mm 2kgPE28M／M(적)2KG 외 6개",2203.0,5624915.0
2026-11-22,2026,11,22,(주)아이마켓코리아,2025-12-24,4.0,"PP11MM*13.34KG삼성경량밴드(황색)2300m*두께0.84mm단중5.8g GRS, PP11MM*13.34KG삼성경량밴드2300m*두께0.84mm단중5.8g GRS, PP18MM x 21Kg 삼성 황색2300M 포장중량 21Kg, 1롤/1pcs 포장 (황색) 외 1개",3843.0,7805629.0
2026-11-22,2026,11,22,대상산업,2026-01-02,5.0,"PE28mm 2kgPE28M／M(백)2KG, PE28mm 2kgPE28M／M(청)2KG, PE28mm 2kgPE28M／M(황)2KG 외 7개",2026.0,5153024.0
2026-11-23,2026,11,23,(주)지엔에스트레이딩,2014-06-05,3.0,".02PP18MMx 21kg 삼성.022300M두께0.9mm단중9.1g, .PP18MMx 21kg 삼성.12300M두께0.9mm단중8.8g, .PP18MMx 21kg 삼성.32300M두께0.9mm단중8.8g 외 48개",19327.0,39698211.0
2026-11-23,2026,11,23,경인팩,2026-01-05,2.0,"PE28mm 2kgPE28M／M(백)2KG, PE28mm 2kgPE28M／M(적)2KG, PE28mm 2kgPE28M／M(황)2KG 외 11개",4721.0,11768386.0
2026-11-23,2026,11,23,주)대성씨앤씨,2025-12-22,13.0,"PP12MPP12M／M10KG(백), PP12MPP12M／M10KG(황), PP5MMx7000Mx0.5T 11.4kg 백색core 200x8T OD400 롤랩핑 400*200 외 2개",1470.0,6867600.0
2026-11-23,2026,11,23,주식회사 에이스팩,2024-08-08,31.0,"PP15MPP15MM*10KG(황색), PP15MPP15M／M13KG(황), 스트레치필름(일반 기계)25*500*1400 외 6개",565.0,4935364.0
2026-11-23,2026,11,23,주식회사 에이씨티,2016-01-20,2.0,".PP18MMx 15kg 삼성.11650M두께0.9mm단중8.56g, 0PP18MMx 21kg 삼성.22300M두께0.80mm단중8.8g, PP18MMx .121kg 삼성.32300M두께0.85mm단중8.8g 외 38개",19759.0,40668339.0
2026-11-23,2026,11,23,진송팩,2026-01-02,13.0,"PE28mm 2kgPE28M／M(백)2KG, PE28mm 2kgPE28M／M(적)2KG, PE28mm 2kgPE28M／M(청)2KG 외 5개",1520.0,4001822.0
2026-11-23,2026,11,23,파워엠팩,2025-07-23,4.0,"15M/M (수축밴드)15M/M * 10KG, 18MMx 15kg 삼성1650M두께0.9mm단중8.56g, PE28mm 2kgPE 28M／M (백) 2KG 외 150개",83676.0,146265423.0
2026-11-24,2026,11,24,한서포장,2021-07-29,18.0,"PE28mm 2kg.1PE28M／M(백)2KG, PE28mm 2kg.2PE28M／M(백)2KG, PE28mm 2kgPE 28M／M (백) 2KG 외 19개",7208.0,15354014.0
2026-11-24,2026,11,24,합동포장기계,2026-01-05,20.0,"PE28mm 2kgPE28M／M(백)2KG, PP12MPP12M／M10KG(백), PP12MPP12M／M10KG(황) 외 8개",4658.0,10400083.0
2026-11-25,2026,11,25,(주)아이마켓코리아,2025-12-24,4.0,"PP11MM*13.34KG삼성경량밴드(황색)2300m*두께0.84mm단중5.8g GRS, PP11MM*13.34KG삼성경량밴드2300m*두께0.84mm단중5.8g GRS, PP18MM x 21Kg 삼성 황색2300M 포장중량 21Kg, 1롤/1pcs 포장 (황색) 외 1개",3843.0,7805629.0
2026-11-25,2026,11,25,경인팩,2026-01-05,2.0,"PE28mm 2kgPE28M／M(백)2KG, PE28mm 2kgPE28M／M(적)2KG, PE28mm 2kgPE28M／M(황)2KG 외 11개",4721.0,11768386.0
2026-11-25,2026,11,25,동원팩,2026-01-05,4.0,"PE28mm 2kgPE28M／M(녹)2KG, PE28mm 2kgPE28M／M(백)2KG, PE28mm 2kgPE28M／M(청)2KG 외 6개",101.0,2608157.0
2026-11-25,2026,11,25,주식회사 에이씨티,2016-01-20,2.0,".PP18MMx 15kg 삼성.11650M두께0.9mm단중8.56g, 0PP18MMx 21kg 삼성.22300M두께0.80mm단중8.8g, PP18MMx .121kg 삼성.32300M두께0.85mm단중8.8g 외 38개",19759.0,40668339.0
2026-11-25,2026,11,25,주신산업,2026-01-05,9.0,"PE28mm 2kgPE28M／M(백)2KG, PP12MPP12M／M10KG(황), 운송료택배비",775.0,1647675.0
2026-11-26,2026,11,26,(주)지엔에스트레이딩,2014-06-05,3.0,".02PP18MMx 21kg 삼성.022300M두께0.9mm단중9.1g, .PP18MMx 21kg 삼성.12300M두께0.9mm단중8.8g, .PP18MMx 21kg 삼성.32300M두께0.9mm단중8.8g 외 48개",19327.0,39698211.0
2026-11-26,2026,11,26,광림파워팩,2021-11-04,9.0,"PE28mm 2kgPE28M／M(백)2KG, PE28mm 2kgPE28M／M(적)2KG, PE28mm 2kgPE28M／M(청)2KG 외 46개",21773.0,37841336.0
2026-11-26,2026,11,26,대경(박타원),2017-01-02,16.0,"PE28mm 2kgPE 28M／M (백) 2KG, PE28mm 2kgPE 28M／M (적) 2KG, PE28mm 2kgPE 28M／M (적)2KG 외 26개",8087.0,18034594.0
2026-11-26,2026,11,26,대상산업,2026-01-02,5.0,"PE28mm 2kgPE28M／M(백)2KG, PE28mm 2kgPE28M／M(청)2KG, PE28mm 2kgPE28M／M(황)2KG 외 7개",2026.0,5153024.0
2026-11-26,2026,11,26,삼원산업,2025-12-31,30.0,"PP12MPP12M／M10KG(황), PP12MPP12M／M12KG(투명), PP12MPP12M／M12KG(황) 외 2개",2700.0,5300000.0
2026-11-26,2026,11,26,서울포장기계,2022-01-21,10.0,"PP12MPP12M／M10KG(백), PP12MPP12M／M10KG(투명), PP12MPP12M／M10KG(황) 외 4개",2604.0,4541561.0
2026-11-26,2026,11,26,신광포장기계,2026-01-05,6.0,"PE28mm 2kgPE28M／M(백)2KG, PE28mm, 6KGPE28M／M(백)6KG, PP12MPP12M／M10KG(백) 외 10개",4239.0,8956157.0
2026-11-27,2026,11,27,경인팩,2026-01-05,2.0,"PE28mm 2kgPE28M／M(백)2KG, PE28mm 2kgPE28M／M(적)2KG, PE28mm 2kgPE28M／M(황)2KG 외 11개",4721.0,11768386.0
2026-11-27,2026,11,27,우선산업,2025-12-26,24.0,"PE28mm 2kgPE28M／M(백)2KG, PE50mm, 4.5KGPE50M／M(백)4.5KG, PP 재생원료적색",2942.0,5004300.0
2026-11-27,2026,11,27,제이케이머티리얼즈(주)／순성공장,2023-12-27,27.0,"ITA20용 배터리14.8V 2AH Li-Po, PET 16MMPET 16mm x 0.8T x 1200m Embossed (반투명 녹색), PET 16mm x 0.8T x 1200mPET 16mm x 0.8T x 1200m Embossed (반투명 녹색) 외 12개",1266.0,9761113.0
2026-11-27,2026,11,27,주식회사 에이씨티,2016-01-20,2.0,".PP18MMx 15kg 삼성.11650M두께0.9mm단중8.56g, 0PP18MMx 21kg 삼성.22300M두께0.80mm단중8.8g, PP18MMx .121kg 삼성.32300M두께0.85mm단중8.8g 외 38개",19759.0,40668339.0
2026-11-27,2026,11,27,파워엠팩,2025-07-23,4.0,"15M/M (수축밴드)15M/M * 10KG, 18MMx 15kg 삼성1650M두께0.9mm단중8.56g, PE28mm 2kgPE 28M／M (백) 2KG 외 150개",83676.0,146265423.0
2026-11-28,2026,11,28,(주)아이마켓코리아,2025-12-24,4.0,"PP11MM*13.34KG삼성경량밴드(황색)2300m*두께0.84mm단중5.8g GRS, PP11MM*13.34KG삼성경량밴드2300m*두께0.84mm단중5.8g GRS, PP18MM x 21Kg 삼성 황색2300M 포장중량 21Kg, 1롤/1pcs 포장 (황색) 외 1개",3843.0,7805629.0
2026-11-28,2026,11,28,PACKAGING HOUSE,2017-01-07,43.0,"12 x 3,000M 0.60T12x3,000M0.60TBLUE, 12 x 3,000M 0.60T12x3,000M0.60TCLEAR, PP 12MM12MMx1000Mx0.55MM Blue 외 5개",15176.0,33485729.0
2026-11-28,2026,11,28,광림포장기계컨베이어,2011-05-03,9.0,"PE28mm 2kgPE 28M／M (백) 2KG, PE28mm 2kgPE28M／M(백)2KG, PE28mm 2kgPE28M／M(적)2KG 외 26개",20880.0,34859790.0
2026-11-29,2026,11,29,(주)지엔에스트레이딩,2014-06-05,3.0,".02PP18MMx 21kg 삼성.022300M두께0.9mm단중9.1g, .PP18MMx 21kg 삼성.12300M두께0.9mm단중8.8g, .PP18MMx 21kg 삼성.32300M두께0.9mm단중8.8g 외 48개",19327.0,39698211.0
2026-11-29,2026,11,29,경인팩,2026-01-05,2.0,"PE28mm 2kgPE28M／M(백)2KG, PE28mm 2kgPE28M／M(적)2KG, PE28mm 2kgPE28M／M(황)2KG 외 11개",4721.0,11768386.0
2026-11-29,2026,11,29,동원팩,2026-01-05,4.0,"PE28mm 2kgPE28M／M(녹)2KG, PE28mm 2kgPE28M／M(백)2KG, PE28mm 2kgPE28M／M(청)2KG 외 6개",101.0,2608157.0
2026-11-29,2026,11,29,보우팩,2025-08-06,16.0,"PE28mm 2kgPE28M／M(백)2KG, PE28mm 2kgPE28M／M(적)2KG, PE28mm 2kgPE28M／M(청)2KG 외 28개",14014.0,48149165.0
2026-11-29,2026,11,29,주식회사 동원피앤아이,2025-12-26,26.0,"PE 결속끈PE#50 (백) 5500m 5KG, PE28mm 2kgPE28M／M(백)2KG, PE50mm, 4.7KGPE50M／M(황)4.7KG",4002.0,10753000.0
2026-11-29,2026,11,29,주식회사 에이씨티,2016-01-20,2.0,".PP18MMx 15kg 삼성.11650M두께0.9mm단중8.56g, 0PP18MMx 21kg 삼성.22300M두께0.80mm단중8.8g, PP18MMx .121kg 삼성.32300M두께0.85mm단중8.8g 외 38개",19759.0,40668339.0
2026-11-29,2026,11,29,한국전자금융(주),2018-12-17,22.0,"무인쇄 11mm x 0.70T x 1000m화폐밴딩끈 지관200x190, 스트레치필름(Baby Roll)20*100mm*150m (Plastic Handle), 스트레치필름(일반 핸드랩)15*500mm*400m 외 1개",176.0,665812.0
2026-11-30,2026,11,30,(주)낙원포장,2025-12-23,19.0,"PE28mm 2kgPE28M／M(백)2KG, PP10.5MPP10.5M10KG(청), PP10.5MPP10.5M10KG투명 외 5개",6033.0,11884000.0
2026-11-30,2026,11,30,경인산업,2025-12-04,19.0,"PP12MPP12M／M10KG(백), PP12MPP12M／M10KG(청), PP12MPP12M／M10KG(황) 외 1개",1825.0,3714000.0
2026-11-30,2026,11,30,대상산업,2026-01-02,5.0,"PE28mm 2kgPE28M／M(백)2KG, PE28mm 2kgPE28M／M(청)2KG, PE28mm 2kgPE28M／M(황)2KG 외 7개",2026.0,5153024.0
2026-11-30,2026,11,30,신대한판지(주),2024-08-12,21.0,"PP Band(자동)8mm x 0.6T x 3800m (백색) 10Kg/roll, PP12MPP12M／M10KG(검정), PP12MPP12M／M10KG(녹) 외 50개",18211.0,52711272.0
2026-12-01,2026,12,1,(주)아이마켓코리아,2025-12-24,4.0,"PP11MM*13.34KG삼성경량밴드(황색)2300m*두께0.84mm단중5.8g GRS, PP11MM*13.34KG삼성경량밴드2300m*두께0.84mm단중5.8g GRS, PP18MM x 21Kg 삼성 황색2300M 포장중량 21Kg, 1롤/1pcs 포장 (황색) 외 1개",3843.0,7805629.0
2026-12-01,2026,12,1,경인팩,2026-01-05,2.0,"PE28mm 2kgPE28M／M(백)2KG, PE28mm 2kgPE28M／M(적)2KG, PE28mm 2kgPE28M／M(황)2KG 외 11개",4721.0,11768386.0
2026-12-01,2026,12,1,신광포장기계,2026-01-05,6.0,"PE28mm 2kgPE28M／M(백)2KG, PE28mm, 6KGPE28M／M(백)6KG, PP12MPP12M／M10KG(백) 외 10개",4239.0,8956157.0
2026-12-01,2026,12,1,제일산업(주)(화성),2014-03-19,10.0,"PP12MPP 12M／M 9KG, PP12MPP12M／M10KG(황), PP12MPP12M／M9KG 외 21개",7048.0,14479062.0
2026-12-01,2026,12,1,주식회사 에이씨티,2016-01-20,2.0,".PP18MMx 15kg 삼성.11650M두께0.9mm단중8.56g, 0PP18MMx 21kg 삼성.22300M두께0.80mm단중8.8g, PP18MMx .121kg 삼성.32300M두께0.85mm단중8.8g 외 38개",19759.0,40668339.0
2026-12-01,2026,12,1,파워엠팩,2025-07-23,4.0,"15M/M (수축밴드)15M/M * 10KG, 18MMx 15kg 삼성1650M두께0.9mm단중8.56g, PE28mm 2kgPE 28M／M (백) 2KG 외 150개",83676.0,146265423.0
2026-12-01,2026,12,1,한남포장기계,2025-12-16,25.0,"PE28mm 2kgPE28M／M(백)2KG, PP12MPP12M／M9KG(황)",1900.0,4650000.0
2026-12-01,2026,12,1,한솔포장,2020-03-27,11.0,"PE28mm 2kgPE28M／M(녹)2KG, PE28mm 2kgPE28M／M(백)2KG, PE28mm 2kgPE28M／M(적)2KG 외 6개",2203.0,5624915.0
2026-12-02,2026,12,2,(주)지엔에스트레이딩,2014-06-05,3.0,".02PP18MMx 21kg 삼성.022300M두께0.9mm단중9.1g, .PP18MMx 21kg 삼성.12300M두께0.9mm단중8.8g, .PP18MMx 21kg 삼성.32300M두께0.9mm단중8.8g 외 48개",19327.0,39698211.0
2026-12-02,2026,12,2,KOMERI,2025-11-23,35.0,"15 x 1,000M 0.55T Yellow15x1,000M0.55T 황색, 15 x 100M 0.55T15x100M 0.55T 황색, 15 x 100M 0.55T15x100M0.55T녹색 외 6개",14064.0,39131390.0
2026-12-02,2026,12,2,광림포장기계,2025-12-31,22.0,PP12MPP12M／M10KG(황),640.0,1216000.0
2026-12-02,2026,12,2,대영포장(주)발안공장,2021-01-04,13.0,"MOSCA 히터 수리MOSCA 히터 수리, PE 결속끈PE#50 (백) 5500m 5KG, PP12MPP12M／M10KG(황) 외 25개",9034.0,28061359.0
2026-12-02,2026,12,2,전주삼신산업,2025-12-29,13.0,"PE28mm 2kgPE28M／M(백)2KG, PP12MPP12M／M10KG(황), PP15MPP15MM*10KG(황색) 외 4개",1054.0,2411096.0
2026-12-03,2026,12,3,POWERPAK,2024-04-25,69.0,"12 x 2,250M x 0.75T12x2,250M0.75TWHITE, 12 x 3,000M 0.52T12 x 3,000M 0.52T 청색, 12 x 3,000M 0.52T12 x 3,000M 0.52T 투명 외 26개",35352.0,81851283.0
2026-12-03,2026,12,3,경인팩,2026-01-05,2.0,"PE28mm 2kgPE28M／M(백)2KG, PE28mm 2kgPE28M／M(적)2KG, PE28mm 2kgPE28M／M(황)2KG 외 11개",4721.0,11768386.0
2026-12-03,2026,12,3,동원팩,2026-01-05,4.0,"PE28mm 2kgPE28M／M(녹)2KG, PE28mm 2kgPE28M／M(백)2KG, PE28mm 2kgPE28M／M(청)2KG 외 6개",101.0,2608157.0
2026-12-03,2026,12,3,주식회사 에이씨티,2016-01-20,2.0,".PP18MMx 15kg 삼성.11650M두께0.9mm단중8.56g, 0PP18MMx 21kg 삼성.22300M두께0.80mm단중8.8g, PP18MMx .121kg 삼성.32300M두께0.85mm단중8.8g 외 38개",19759.0,40668339.0
2026-12-04,2026,12,4,(주)아이마켓코리아,2025-12-24,4.0,"PP11MM*13.34KG삼성경량밴드(황색)2300m*두께0.84mm단중5.8g GRS, PP11MM*13.34KG삼성경량밴드2300m*두께0.84mm단중5.8g GRS, PP18MM x 21Kg 삼성 황색2300M 포장중량 21Kg, 1롤/1pcs 포장 (황색) 외 1개",3843.0,7805629.0
2026-12-04,2026,12,4,ANDERSON WHOLESALE PACKAGING PTY LTD.,2025-12-14,71.0,"12 x 3,000M 0.60T12x3,000M0.60TBLUE, 12 x 3,000M 0.60T12x3,000M0.60TCLEAR, 15 x 1,000M 0.7T H/D Black15 x 1,000M 0.7T H/D Black 외 4개",19609.0,44628715.0
2026-12-04,2026,12,4,NORTH SHORE,2024-10-25,110.0,"12 x 2,500M 0.50T12 x 2,500M 0.50T BLUE, 12 x 2,591M 0.61T12x2,591M 0.61T 검정, 12 x 2,620M 0.61T White (8x8)12 x 2,620M 0.61T White 외 82개",147487.0,326131427.0
2026-12-04,2026,12,4,광림파워팩,2021-11-04,9.0,"PE28mm 2kgPE28M／M(백)2KG, PE28mm 2kgPE28M／M(적)2KG, PE28mm 2kgPE28M／M(청)2KG 외 46개",21773.0,37841336.0
2026-12-04,2026,12,4,대상산업,2026-01-02,5.0,"PE28mm 2kgPE28M／M(백)2KG, PE28mm 2kgPE28M／M(청)2KG, PE28mm 2kgPE28M／M(황)2KG 외 7개",2026.0,5153024.0
2026-12-04,2026,12,4,주신산업,2026-01-05,9.0,"PE28mm 2kgPE28M／M(백)2KG, PP12MPP12M／M10KG(황), 운송료택배비",775.0,1647675.0
2026-12-04,2026,12,4,한국미쓰비시상사(주),2015-04-03,49.0,"CALPETCALPET, PE28mm 2kgPE 28M／M (적) 2KG, PE28mm 2kgPE 28M／M(청) 2KG 외 45개",86912.0,182354769.0
2026-12-05,2026,12,5,(주)지엔에스트레이딩,2014-06-05,3.0,".02PP18MMx 21kg 삼성.022300M두께0.9mm단중9.1g, .PP18MMx 21kg 삼성.12300M두께0.9mm단중8.8g, .PP18MMx 21kg 삼성.32300M두께0.9mm단중8.8g 외 48개",19327.0,39698211.0
2026-12-05,2026,12,5,경인팩,2026-01-05,2.0,"PE28mm 2kgPE28M／M(백)2KG, PE28mm 2kgPE28M／M(적)2KG, PE28mm 2kgPE28M／M(황)2KG 외 11개",4721.0,11768386.0
2026-12-05,2026,12,5,주)대성씨앤씨,2025-12-22,13.0,"PP12MPP12M／M10KG(백), PP12MPP12M／M10KG(황), PP5MMx7000Mx0.5T 11.4kg 백색core 200x8T OD400 롤랩핑 400*200 외 2개",1470.0,6867600.0
2026-12-05,2026,12,5,주식회사 에이씨티,2016-01-20,2.0,".PP18MMx 15kg 삼성.11650M두께0.9mm단중8.56g, 0PP18MMx 21kg 삼성.22300M두께0.80mm단중8.8g, PP18MMx .121kg 삼성.32300M두께0.85mm단중8.8g 외 38개",19759.0,40668339.0
2026-12-05,2026,12,5,파워엠팩,2025-07-23,4.0,"15M/M (수축밴드)15M/M * 10KG, 18MMx 15kg 삼성1650M두께0.9mm단중8.56g, PE28mm 2kgPE 28M／M (백) 2KG 외 150개",83676.0,146265423.0
2026-12-06,2026,12,6,NZ SAFETY BLACKWOODS,2025-11-02,58.0,"12 x 3,000M 0.60T12x3,000M0.60TBLUE, PP 12MM12MMx1000Mx0.55MM Blue, PP19M BUILDERSPP19M／M*300M 0.60T Blue 외 2개",6983.0,17625364.0
2026-12-06,2026,12,6,광림포장기계컨베이어,2011-05-03,9.0,"PE28mm 2kgPE 28M／M (백) 2KG, PE28mm 2kgPE28M／M(백)2KG, PE28mm 2kgPE28M／M(적)2KG 외 26개",20880.0,34859790.0
2026-12-06,2026,12,6,서울포장기계,2022-01-21,10.0,"PP12MPP12M／M10KG(백), PP12MPP12M／M10KG(투명), PP12MPP12M／M10KG(황) 외 4개",2604.0,4541561.0
2026-12-06,2026,12,6,신광포장기계,2026-01-05,6.0,"PE28mm 2kgPE28M／M(백)2KG, PE28mm, 6KGPE28M／M(백)6KG, PP12MPP12M／M10KG(백) 외 10개",4239.0,8956157.0
2026-12-06,2026,12,6,진송팩,2026-01-02,13.0,"PE28mm 2kgPE28M／M(백)2KG, PE28mm 2kgPE28M／M(적)2KG, PE28mm 2kgPE28M／M(청)2KG 외 5개",1520.0,4001822.0
2026-12-06,2026,12,6,한국포장기계,2025-12-29,39.0,"PE28mm 2kgPE28M／M(백)2KG, PE28mm 2kgPE28M／M(적)2KG, PE28mm 2kgPE28M／M(청)2KG 외 4개",4551.0,11201933.0
2026-12-07,2026,12,7,(주)아이마켓코리아,2025-12-24,4.0,"PP11MM*13.34KG삼성경량밴드(황색)2300m*두께0.84mm단중5.8g GRS, PP11MM*13.34KG삼성경량밴드2300m*두께0.84mm단중5.8g GRS, PP18MM x 21Kg 삼성 황색2300M 포장중량 21Kg, 1롤/1pcs 포장 (황색) 외 1개",3843.0,7805629.0
2026-12-07,2026,12,7,경인팩,2026-01-05,2.0,"PE28mm 2kgPE28M／M(백)2KG, PE28mm 2kgPE28M／M(적)2KG, PE28mm 2kgPE28M／M(황)2KG 외 11개",4721.0,11768386.0
2026-12-07,2026,12,7,금산포장,2026-01-05,17.0,"PE28mm 2kgPE28M／M(백)2KG, PE28mm, 6KGPE28M／M(백)6KG, PP12MPP12M／M10KG(투명) 외 2개",1205.0,2820867.0
2026-12-07,2026,12,7,동원팩,2026-01-05,4.0,"PE28mm 2kgPE28M／M(녹)2KG, PE28mm 2kgPE28M／M(백)2KG, PE28mm 2kgPE28M／M(청)2KG 외 6개",101.0,2608157.0
2026-12-07,2026,12,7,주식회사 에이씨티,2016-01-20,2.0,".PP18MMx 15kg 삼성.11650M두께0.9mm단중8.56g, 0PP18MMx 21kg 삼성.22300M두께0.80mm단중8.8g, PP18MMx .121kg 삼성.32300M두께0.85mm단중8.8g 외 38개",19759.0,40668339.0
2026-12-08,2026,12,8,(주)지엔에스트레이딩,2014-06-05,3.0,".02PP18MMx 21kg 삼성.022300M두께0.9mm단중9.1g, .PP18MMx 21kg 삼성.12300M두께0.9mm단중8.8g, .PP18MMx 21kg 삼성.32300M두께0.9mm단중8.8g 외 48개",19327.0,39698211.0
2026-12-08,2026,12,8,대상산업,2026-01-02,5.0,"PE28mm 2kgPE28M／M(백)2KG, PE28mm 2kgPE28M／M(청)2KG, PE28mm 2kgPE28M／M(황)2KG 외 7개",2026.0,5153024.0
2026-12-08,2026,12,8,주식회사 광림파워팩,2025-12-31,18.0,"PP12MPP12M／M10KG(황), PP12MPP12M／M12.5KG (황), PP12MPP12mm*0.72T*2800m 12.5KG(투명) 외 5개",4564.0,8718553.0
2026-12-09,2026,12,9,(주)탐스텍,2025-12-29,70.0,"12 x 3,000M 0.60T12x3,000M0.60TBLUE, 15 x 2,000M 0.50T15 x 2,000M 0.50T 청색, PP 12MM 2000M 0.80MM Blue12mm 2000m 0.80mm Blue",7022.0,14044140.0
2026-12-09,2026,12,9,경인팩,2026-01-05,2.0,"PE28mm 2kgPE28M／M(백)2KG, PE28mm 2kgPE28M／M(적)2KG, PE28mm 2kgPE28M／M(황)2KG 외 11개",4721.0,11768386.0
2026-12-09,2026,12,9,동방포장기자재,2025-11-24,39.0,PP12MPP12M／M10KG(황),845.0,1647750.0
2026-12-09,2026,12,9,주식회사 대한종합포장,2025-11-24,20.0,"PP12MPP12M／M10KG(백), PP15MPP15MM*10KG(황색), PP5MMx7000Mx0.5T 백색 외 1개",3945.0,10935000.0
2026-12-09,2026,12,9,주식회사 에이씨티,2016-01-20,2.0,".PP18MMx 15kg 삼성.11650M두께0.9mm단중8.56g, 0PP18MMx 21kg 삼성.22300M두께0.80mm단중8.8g, PP18MMx .121kg 삼성.32300M두께0.85mm단중8.8g 외 38개",19759.0,40668339.0
2026-12-09,2026,12,9,파워엠팩,2025-07-23,4.0,"15M/M (수축밴드)15M/M * 10KG, 18MMx 15kg 삼성1650M두께0.9mm단중8.56g, PE28mm 2kgPE 28M／M (백) 2KG 외 150개",83676.0,146265423.0
2026-12-10,2026,12,10,(주)아이마켓코리아,2025-12-24,4.0,"PP11MM*13.34KG삼성경량밴드(황색)2300m*두께0.84mm단중5.8g GRS, PP11MM*13.34KG삼성경량밴드2300m*두께0.84mm단중5.8g GRS, PP18MM x 21Kg 삼성 황색2300M 포장중량 21Kg, 1롤/1pcs 포장 (황색) 외 1개",3843.0,7805629.0
2026-12-11,2026,12,11,(주)삼화인쇄,2023-07-18,24.0,"PE28mm 2kgPE28M／M(백)2KG, PP 11MM11MM -10KG (백), PP 11MM11MM-10KG(백) 외 20개",15071.0,28566924.0
2026-12-11,2026,12,11,(주)지엔에스트레이딩,2014-06-05,3.0,".02PP18MMx 21kg 삼성.022300M두께0.9mm단중9.1g, .PP18MMx 21kg 삼성.12300M두께0.9mm단중8.8g, .PP18MMx 21kg 삼성.32300M두께0.9mm단중8.8g 외 48개",19327.0,39698211.0
2026-12-11,2026,12,11,RLBUTTON,2025-12-16,36.0,"PP 12MM12MMx1000Mx0.55MM Blue, PP19M * 1000M HD BlackPP19MM*1000M*0.85T Black, PP19M BUILDERSPP19M／M*300M 0.60T Blue 외 4개",12993.0,33425099.0
2026-12-11,2026,12,11,경인팩,2026-01-05,2.0,"PE28mm 2kgPE28M／M(백)2KG, PE28mm 2kgPE28M／M(적)2KG, PE28mm 2kgPE28M／M(황)2KG 외 11개",4721.0,11768386.0
2026-12-11,2026,12,11,대경(박타원),2017-01-02,16.0,"PE28mm 2kgPE 28M／M (백) 2KG, PE28mm 2kgPE 28M／M (적) 2KG, PE28mm 2kgPE 28M／M (적)2KG 외 26개",8087.0,18034594.0
2026-12-11,2026,12,11,동원팩,2026-01-05,4.0,"PE28mm 2kgPE28M／M(녹)2KG, PE28mm 2kgPE28M／M(백)2KG, PE28mm 2kgPE28M／M(청)2KG 외 6개",101.0,2608157.0
2026-12-11,2026,12,11,신광포장기계,2026-01-05,6.0,"PE28mm 2kgPE28M／M(백)2KG, PE28mm, 6KGPE28M／M(백)6KG, PP12MPP12M／M10KG(백) 외 10개",4239.0,8956157.0
2026-12-11,2026,12,11,제일산업(주)(화성),2014-03-19,10.0,"PP12MPP 12M／M 9KG, PP12MPP12M／M10KG(황), PP12MPP12M／M9KG 외 21개",7048.0,14479062.0
2026-12-11,2026,12,11,주식회사 에이씨티,2016-01-20,2.0,".PP18MMx 15kg 삼성.11650M두께0.9mm단중8.56g, 0PP18MMx 21kg 삼성.22300M두께0.80mm단중8.8g, PP18MMx .121kg 삼성.32300M두께0.85mm단중8.8g 외 38개",19759.0,40668339.0
2026-12-11,2026,12,11,한솔포장,2020-03-27,11.0,"PE28mm 2kgPE28M／M(녹)2KG, PE28mm 2kgPE28M／M(백)2KG, PE28mm 2kgPE28M／M(적)2KG 외 6개",2203.0,5624915.0
2026-12-12,2026,12,12,강원농협연합포장재가공사업소,2025-11-17,40.0,PP12MPP12M／M12.5KG (황),2812.0,4893750.0
2026-12-12,2026,12,12,광림파워팩,2021-11-04,9.0,"PE28mm 2kgPE28M／M(백)2KG, PE28mm 2kgPE28M／M(적)2KG, PE28mm 2kgPE28M／M(청)2KG 외 46개",21773.0,37841336.0
2026-12-12,2026,12,12,대상산업,2026-01-02,5.0,"PE28mm 2kgPE28M／M(백)2KG, PE28mm 2kgPE28M／M(청)2KG, PE28mm 2kgPE28M／M(황)2KG 외 7개",2026.0,5153024.0
2026-12-12,2026,12,12,한서포장,2021-07-29,18.0,"PE28mm 2kg.1PE28M／M(백)2KG, PE28mm 2kg.2PE28M／M(백)2KG, PE28mm 2kgPE 28M／M (백) 2KG 외 19개",7208.0,15354014.0
2026-12-12,2026,12,12,해성수출포장,2022-12-15,55.0,"PE28mm 2kgPE 28M／M (백) 2KG, PE28mm 2kgPE28M／M(백)2KG, PE28mm 2kgPE28M／M(적)2KG 외 6개",885.0,2120255.0
2026-12-13,2026,12,13,(주)아이마켓코리아,2025-12-24,4.0,"PP11MM*13.34KG삼성경량밴드(황색)2300m*두께0.84mm단중5.8g GRS, PP11MM*13.34KG삼성경량밴드2300m*두께0.84mm단중5.8g GRS, PP18MM x 21Kg 삼성 황색2300M 포장중량 21Kg, 1롤/1pcs 포장 (황색) 외 1개",3843.0,7805629.0
2026-12-13,2026,12,13,경인팩,2026-01-05,2.0,"PE28mm 2kgPE28M／M(백)2KG, PE28mm 2kgPE28M／M(적)2KG, PE28mm 2kgPE28M／M(황)2KG 외 11개",4721.0,11768386.0
2026-12-13,2026,12,13,동서포장종합상사,2025-12-18,36.0,PE28mm 2kgPE28M／M(백)2KG,120.0,372000.0
2026-12-13,2026,12,13,주식회사 에이씨티,2016-01-20,2.0,".PP18MMx 15kg 삼성.11650M두께0.9mm단중8.56g, 0PP18MMx 21kg 삼성.22300M두께0.80mm단중8.8g, PP18MMx .121kg 삼성.32300M두께0.85mm단중8.8g 외 38개",19759.0,40668339.0
2026-12-13,2026,12,13,주신산업,2026-01-05,9.0,"PE28mm 2kgPE28M／M(백)2KG, PP12MPP12M／M10KG(황), 운송료택배비",775.0,1647675.0
2026-12-13,2026,12,13,파워엠팩,2025-07-23,4.0,"15M/M (수축밴드)15M/M * 10KG, 18MMx 15kg 삼성1650M두께0.9mm단중8.56g, PE28mm 2kgPE 28M／M (백) 2KG 외 150개",83676.0,146265423.0
2026-12-13,2026,12,13,합동포장기계,2026-01-05,20.0,"PE28mm 2kgPE28M／M(백)2KG, PP12MPP12M／M10KG(백), PP12MPP12M／M10KG(황) 외 8개",4658.0,10400083.0
2026-12-14,2026,12,14,(주)지엔에스트레이딩,2014-06-05,3.0,".02PP18MMx 21kg 삼성.022300M두께0.9mm단중9.1g, .PP18MMx 21kg 삼성.12300M두께0.9mm단중8.8g, .PP18MMx 21kg 삼성.32300M두께0.9mm단중8.8g 외 48개",19327.0,39698211.0
2026-12-14,2026,12,14,광림포장기계컨베이어,2011-05-03,9.0,"PE28mm 2kgPE 28M／M (백) 2KG, PE28mm 2kgPE28M／M(백)2KG, PE28mm 2kgPE28M／M(적)2KG 외 26개",20880.0,34859790.0
2026-12-15,2026,12,15,경인팩,2026-01-05,2.0,"PE28mm 2kgPE28M／M(백)2KG, PE28mm 2kgPE28M／M(적)2KG, PE28mm 2kgPE28M／M(황)2KG 외 11개",4721.0,11768386.0
2026-12-15,2026,12,15,대영포장(주)발안공장,2021-01-04,13.0,"MOSCA 히터 수리MOSCA 히터 수리, PE 결속끈PE#50 (백) 5500m 5KG, PP12MPP12M／M10KG(황) 외 25개",9034.0,28061359.0
2026-12-15,2026,12,15,동원팩,2026-01-05,4.0,"PE28mm 2kgPE28M／M(녹)2KG, PE28mm 2kgPE28M／M(백)2KG, PE28mm 2kgPE28M／M(청)2KG 외 6개",101.0,2608157.0
2026-12-15,2026,12,15,보우팩,2025-08-06,16.0,"PE28mm 2kgPE28M／M(백)2KG, PE28mm 2kgPE28M／M(적)2KG, PE28mm 2kgPE28M／M(청)2KG 외 28개",14014.0,48149165.0
2026-12-15,2026,12,15,전주삼신산업,2025-12-29,13.0,"PE28mm 2kgPE28M／M(백)2KG, PP12MPP12M／M10KG(황), PP15MPP15MM*10KG(황색) 외 4개",1054.0,2411096.0
2026-12-15,2026,12,15,주식회사 에이씨티,2016-01-20,2.0,".PP18MMx 15kg 삼성.11650M두께0.9mm단중8.56g, 0PP18MMx 21kg 삼성.22300M두께0.80mm단중8.8g, PP18MMx .121kg 삼성.32300M두께0.85mm단중8.8g 외 38개",19759.0,40668339.0
2026-12-16,2026,12,16,(주)아이마켓코리아,2025-12-24,4.0,"PP11MM*13.34KG삼성경량밴드(황색)2300m*두께0.84mm단중5.8g GRS, PP11MM*13.34KG삼성경량밴드2300m*두께0.84mm단중5.8g GRS, PP18MM x 21Kg 삼성 황색2300M 포장중량 21Kg, 1롤/1pcs 포장 (황색) 외 1개",3843.0,7805629.0
2026-12-16,2026,12,16,대상산업,2026-01-02,5.0,"PE28mm 2kgPE28M／M(백)2KG, PE28mm 2kgPE28M／M(청)2KG, PE28mm 2kgPE28M／M(황)2KG 외 7개",2026.0,5153024.0
2026-12-16,2026,12,16,서울포장기계,2022-01-21,10.0,"PP12MPP12M／M10KG(백), PP12MPP12M／M10KG(투명), PP12MPP12M／M10KG(황) 외 4개",2604.0,4541561.0
2026-12-16,2026,12,16,신광포장기계,2026-01-05,6.0,"PE28mm 2kgPE28M／M(백)2KG, PE28mm, 6KGPE28M／M(백)6KG, PP12MPP12M／M10KG(백) 외 10개",4239.0,8956157.0
2026-12-17,2026,12,17,(주)지엔에스트레이딩,2014-06-05,3.0,".02PP18MMx 21kg 삼성.022300M두께0.9mm단중9.1g, .PP18MMx 21kg 삼성.12300M두께0.9mm단중8.8g, .PP18MMx 21kg 삼성.32300M두께0.9mm단중8.8g 외 48개",19327.0,39698211.0
2026-12-17,2026,12,17,HIGHGATE DISTRIBUTION,2024-04-11,99.0,"12 x 3,000M 0.63T Clear w/EST 2497 Black printed12 x 3,000M 0.63T Clear w/EST 2497 Black printed, 12 x 3,000M 0.63T Clear w/EST 2497 Black printed12 x 3,000M 0.65T Clear w/EST 2497 Black printed, 12 x 3,000M 0.63T White w/EST 206 Black printed12 x 3,000M 0.63T White w/EST 206 Black printed 외 22개",57026.0,123889414.0
2026-12-17,2026,12,17,경인팩,2026-01-05,2.0,"PE28mm 2kgPE28M／M(백)2KG, PE28mm 2kgPE28M／M(적)2KG, PE28mm 2kgPE28M／M(황)2KG 외 11개",4721.0,11768386.0
2026-12-17,2026,12,17,주)대성씨앤씨,2025-12-22,13.0,"PP12MPP12M／M10KG(백), PP12MPP12M／M10KG(황), PP5MMx7000Mx0.5T 11.4kg 백색core 200x8T OD400 롤랩핑 400*200 외 2개",1470.0,6867600.0
2026-12-17,2026,12,17,주식회사 에이씨티,2016-01-20,2.0,".PP18MMx 15kg 삼성.11650M두께0.9mm단중8.56g, 0PP18MMx 21kg 삼성.22300M두께0.80mm단중8.8g, PP18MMx .121kg 삼성.32300M두께0.85mm단중8.8g 외 38개",19759.0,40668339.0
2026-12-17,2026,12,17,파워엠팩,2025-07-23,4.0,"15M/M (수축밴드)15M/M * 10KG, 18MMx 15kg 삼성1650M두께0.9mm단중8.56g, PE28mm 2kgPE 28M／M (백) 2KG 외 150개",83676.0,146265423.0
2026-12-19,2026,12,19,(주)낙원포장,2025-12-23,19.0,"PE28mm 2kgPE28M／M(백)2KG, PP10.5MPP10.5M10KG(청), PP10.5MPP10.5M10KG투명 외 5개",6033.0,11884000.0
2026-12-19,2026,12,19,(주)아이마켓코리아,2025-12-24,4.0,"PP11MM*13.34KG삼성경량밴드(황색)2300m*두께0.84mm단중5.8g GRS, PP11MM*13.34KG삼성경량밴드2300m*두께0.84mm단중5.8g GRS, PP18MM x 21Kg 삼성 황색2300M 포장중량 21Kg, 1롤/1pcs 포장 (황색) 외 1개",3843.0,7805629.0
2026-12-19,2026,12,19,경인산업,2025-12-04,19.0,"PP12MPP12M／M10KG(백), PP12MPP12M／M10KG(청), PP12MPP12M／M10KG(황) 외 1개",1825.0,3714000.0
2026-12-19,2026,12,19,경인팩,2026-01-05,2.0,"PE28mm 2kgPE28M／M(백)2KG, PE28mm 2kgPE28M／M(적)2KG, PE28mm 2kgPE28M／M(황)2KG 외 11개",4721.0,11768386.0
2026-12-19,2026,12,19,동원팩,2026-01-05,4.0,"PE28mm 2kgPE28M／M(녹)2KG, PE28mm 2kgPE28M／M(백)2KG, PE28mm 2kgPE28M／M(청)2KG 외 6개",101.0,2608157.0
2026-12-19,2026,12,19,주식회사 에이씨티,2016-01-20,2.0,".PP18MMx 15kg 삼성.11650M두께0.9mm단중8.56g, 0PP18MMx 21kg 삼성.22300M두께0.80mm단중8.8g, PP18MMx .121kg 삼성.32300M두께0.85mm단중8.8g 외 38개",19759.0,40668339.0
2026-12-19,2026,12,19,진송팩,2026-01-02,13.0,"PE28mm 2kgPE28M／M(백)2KG, PE28mm 2kgPE28M／M(적)2KG, PE28mm 2kgPE28M／M(청)2KG 외 5개",1520.0,4001822.0
2026-12-20,2026,12,20,(주)지엔에스트레이딩,2014-06-05,3.0,".02PP18MMx 21kg 삼성.022300M두께0.9mm단중9.1g, .PP18MMx 21kg 삼성.12300M두께0.9mm단중8.8g, .PP18MMx 21kg 삼성.32300M두께0.9mm단중8.8g 외 48개",19327.0,39698211.0
2026-12-20,2026,12,20,TIGERPAK PACKAGING,2025-12-25,91.0,"12 x 2800M 0.60T12 x 2800M 0.60T BLACK, 12 x 2800M 0.60T12 x 2800M 0.60T BLUE, 12 x 2800M 0.60T12 x 2800M 0.60T CLEAR 외 4개",31176.0,69901568.0
2026-12-20,2026,12,20,광림파워팩,2021-11-04,9.0,"PE28mm 2kgPE28M／M(백)2KG, PE28mm 2kgPE28M／M(적)2KG, PE28mm 2kgPE28M／M(청)2KG 외 46개",21773.0,37841336.0
2026-12-20,2026,12,20,대상산업,2026-01-02,5.0,"PE28mm 2kgPE28M／M(백)2KG, PE28mm 2kgPE28M／M(청)2KG, PE28mm 2kgPE28M／M(황)2KG 외 7개",2026.0,5153024.0
2026-12-21,2026,12,21,경인팩,2026-01-05,2.0,"PE28mm 2kgPE28M／M(백)2KG, PE28mm 2kgPE28M／M(적)2KG, PE28mm 2kgPE28M／M(황)2KG 외 11개",4721.0,11768386.0
2026-12-21,2026,12,21,신광포장기계,2026-01-05,6.0,"PE28mm 2kgPE28M／M(백)2KG, PE28mm, 6KGPE28M／M(백)6KG, PP12MPP12M／M10KG(백) 외 10개",4239.0,8956157.0
2026-12-21,2026,12,21,신대한판지(주),2024-08-12,21.0,"PP Band(자동)8mm x 0.6T x 3800m (백색) 10Kg/roll, PP12MPP12M／M10KG(검정), PP12MPP12M／M10KG(녹) 외 50개",18211.0,52711272.0
2026-12-21,2026,12,21,우선산업,2025-12-26,24.0,"PE28mm 2kgPE28M／M(백)2KG, PE50mm, 4.5KGPE50M／M(백)4.5KG, PP 재생원료적색",2942.0,5004300.0
2026-12-21,2026,12,21,제일산업(주)(화성),2014-03-19,10.0,"PP12MPP 12M／M 9KG, PP12MPP12M／M10KG(황), PP12MPP12M／M9KG 외 21개",7048.0,14479062.0
2026-12-21,2026,12,21,주식회사 에이씨티,2016-01-20,2.0,".PP18MMx 15kg 삼성.11650M두께0.9mm단중8.56g, 0PP18MMx 21kg 삼성.22300M두께0.80mm단중8.8g, PP18MMx .121kg 삼성.32300M두께0.85mm단중8.8g 외 38개",19759.0,40668339.0
2026-12-21,2026,12,21,파워엠팩,2025-07-23,4.0,"15M/M (수축밴드)15M/M * 10KG, 18MMx 15kg 삼성1650M두께0.9mm단중8.56g, PE28mm 2kgPE 28M／M (백) 2KG 외 150개",83676.0,146265423.0
2026-12-21,2026,12,21,한국전자금융(주),2018-12-17,22.0,"무인쇄 11mm x 0.70T x 1000m화폐밴딩끈 지관200x190, 스트레치필름(Baby Roll)20*100mm*150m (Plastic Handle), 스트레치필름(일반 핸드랩)15*500mm*400m 외 1개",176.0,665812.0
2026-12-21,2026,12,21,한솔포장,2020-03-27,11.0,"PE28mm 2kgPE28M／M(녹)2KG, PE28mm 2kgPE28M／M(백)2KG, PE28mm 2kgPE28M／M(적)2KG 외 6개",2203.0,5624915.0
2026-12-22,2026,12,22,(주)아이마켓코리아,2025-12-24,4.0,"PP11MM*13.34KG삼성경량밴드(황색)2300m*두께0.84mm단중5.8g GRS, PP11MM*13.34KG삼성경량밴드2300m*두께0.84mm단중5.8g GRS, PP18MM x 21Kg 삼성 황색2300M 포장중량 21Kg, 1롤/1pcs 포장 (황색) 외 1개",3843.0,7805629.0
2026-12-22,2026,12,22,광림포장기계컨베이어,2011-05-03,9.0,"PE28mm 2kgPE 28M／M (백) 2KG, PE28mm 2kgPE28M／M(백)2KG, PE28mm 2kgPE28M／M(적)2KG 외 26개",20880.0,34859790.0
2026-12-22,2026,12,22,주신산업,2026-01-05,9.0,"PE28mm 2kgPE28M／M(백)2KG, PP12MPP12M／M10KG(황), 운송료택배비",775.0,1647675.0
2026-12-23,2026,12,23,(주)지엔에스트레이딩,2014-06-05,3.0,".02PP18MMx 21kg 삼성.022300M두께0.9mm단중9.1g, .PP18MMx 21kg 삼성.12300M두께0.9mm단중8.8g, .PP18MMx 21kg 삼성.32300M두께0.9mm단중8.8g 외 48개",19327.0,39698211.0
2026-12-23,2026,12,23,CYKLOP PACKAGING SYSTEMS PTY LTD.,2025-12-25,34.0,"12 x 3,000M 0.65T12x3,000M0.65T BLUE, 12 x 3,000M 0.65T12x3,000M0.65T CLEAR, 15 x 1,000M 0.65T Blue15x1,000M0.65T청색 외 9개",32917.0,74746924.0
2026-12-23,2026,12,23,경인팩,2026-01-05,2.0,"PE28mm 2kgPE28M／M(백)2KG, PE28mm 2kgPE28M／M(적)2KG, PE28mm 2kgPE28M／M(황)2KG 외 11개",4721.0,11768386.0
2026-12-23,2026,12,23,광림포장기계,2025-12-31,22.0,PP12MPP12M／M10KG(황),640.0,1216000.0
2026-12-23,2026,12,23,금산포장,2026-01-05,17.0,"PE28mm 2kgPE28M／M(백)2KG, PE28mm, 6KGPE28M／M(백)6KG, PP12MPP12M／M10KG(투명) 외 2개",1205.0,2820867.0
2026-12-23,2026,12,23,동원팩,2026-01-05,4.0,"PE28mm 2kgPE28M／M(녹)2KG, PE28mm 2kgPE28M／M(백)2KG, PE28mm 2kgPE28M／M(청)2KG 외 6개",101.0,2608157.0
2026-12-23,2026,12,23,신광포장기계(부산),2025-11-04,47.0,"PE28mm 2kgPE28M／M(백)2KG, 운송료",218.0,640667.0
2026-12-23,2026,12,23,제이케이머티리얼즈(주)／순성공장,2023-12-27,27.0,"ITA20용 배터리14.8V 2AH Li-Po, PET 16MMPET 16mm x 0.8T x 1200m Embossed (반투명 녹색), PET 16mm x 0.8T x 1200mPET 16mm x 0.8T x 1200m Embossed (반투명 녹색) 외 12개",1266.0,9761113.0
2026-12-23,2026,12,23,주식회사 에이씨티,2016-01-20,2.0,".PP18MMx 15kg 삼성.11650M두께0.9mm단중8.56g, 0PP18MMx 21kg 삼성.22300M두께0.80mm단중8.8g, PP18MMx .121kg 삼성.32300M두께0.85mm단중8.8g 외 38개",19759.0,40668339.0
2026-12-24,2026,12,24,대상산업,2026-01-02,5.0,"PE28mm 2kgPE28M／M(백)2KG, PE28mm 2kgPE28M／M(청)2KG, PE28mm 2kgPE28M／M(황)2KG 외 7개",2026.0,5153024.0
2026-12-24,2026,12,24,주식회사 에이스팩,2024-08-08,31.0,"PP15MPP15MM*10KG(황색), PP15MPP15M／M13KG(황), 스트레치필름(일반 기계)25*500*1400 외 6개",565.0,4935364.0
2026-12-25,2026,12,25,(주)아이마켓코리아,2025-12-24,4.0,"PP11MM*13.34KG삼성경량밴드(황색)2300m*두께0.84mm단중5.8g GRS, PP11MM*13.34KG삼성경량밴드2300m*두께0.84mm단중5.8g GRS, PP18MM x 21Kg 삼성 황색2300M 포장중량 21Kg, 1롤/1pcs 포장 (황색) 외 1개",3843.0,7805629.0
2026-12-25,2026,12,25,경인팩,2026-01-05,2.0,"PE28mm 2kgPE28M／M(백)2KG, PE28mm 2kgPE28M／M(적)2KG, PE28mm 2kgPE28M／M(황)2KG 외 11개",4721.0,11768386.0
2026-12-25,2026,12,25,주식회사 동원피앤아이,2025-12-26,26.0,"PE 결속끈PE#50 (백) 5500m 5KG, PE28mm 2kgPE28M／M(백)2KG, PE50mm, 4.7KGPE50M／M(황)4.7KG",4002.0,10753000.0
2026-12-25,2026,12,25,주식회사 에이씨티,2016-01-20,2.0,".PP18MMx 15kg 삼성.11650M두께0.9mm단중8.56g, 0PP18MMx 21kg 삼성.22300M두께0.80mm단중8.8g, PP18MMx .121kg 삼성.32300M두께0.85mm단중8.8g 외 38개",19759.0,40668339.0
2026-12-25,2026,12,25,파워엠팩,2025-07-23,4.0,"15M/M (수축밴드)15M/M * 10KG, 18MMx 15kg 삼성1650M두께0.9mm단중8.56g, PE28mm 2kgPE 28M／M (백) 2KG 외 150개",83676.0,146265423.0
2026-12-26,2026,12,26,(주)지엔에스트레이딩,2014-06-05,3.0,".02PP18MMx 21kg 삼성.022300M두께0.9mm단중9.1g, .PP18MMx 21kg 삼성.12300M두께0.9mm단중8.8g, .PP18MMx 21kg 삼성.32300M두께0.9mm단중8.8g 외 48개",19327.0,39698211.0
2026-12-26,2026,12,26,대경(박타원),2017-01-02,16.0,"PE28mm 2kgPE 28M／M (백) 2KG, PE28mm 2kgPE 28M／M (적) 2KG, PE28mm 2kgPE 28M／M (적)2KG 외 26개",8087.0,18034594.0
2026-12-26,2026,12,26,삼원산업,2025-12-31,30.0,"PP12MPP12M／M10KG(황), PP12MPP12M／M12KG(투명), PP12MPP12M／M12KG(황) 외 2개",2700.0,5300000.0
2026-12-26,2026,12,26,서울포장기계,2022-01-21,10.0,"PP12MPP12M／M10KG(백), PP12MPP12M／M10KG(투명), PP12MPP12M／M10KG(황) 외 4개",2604.0,4541561.0
2026-12-26,2026,12,26,신광포장기계,2026-01-05,6.0,"PE28mm 2kgPE28M／M(백)2KG, PE28mm, 6KGPE28M／M(백)6KG, PP12MPP12M／M10KG(백) 외 10개",4239.0,8956157.0
2026-12-26,2026,12,26,주식회사 광림파워팩,2025-12-31,18.0,"PP12MPP12M／M10KG(황), PP12MPP12M／M12.5KG (황), PP12MPP12mm*0.72T*2800m 12.5KG(투명) 외 5개",4564.0,8718553.0
2026-12-26,2026,12,26,한남포장기계,2025-12-16,25.0,"PE28mm 2kgPE28M／M(백)2KG, PP12MPP12M／M9KG(황)",1900.0,4650000.0
2026-12-27,2026,12,27,(주)한제피앤에스,2023-10-25,61.0,"12 x 3,000M 0.55T12 x 3,000M 0.55T 백색, 12 x 3,000M 0.55T12 x 3,000M 0.55T 백색 W/Blue print, 12 x 3,000M 0.55T12 x 3,000M 0.55T 적색 외 51개",124972.0,108633081.0
2026-12-27,2026,12,27,경인팩,2026-01-05,2.0,"PE28mm 2kgPE28M／M(백)2KG, PE28mm 2kgPE28M／M(적)2KG, PE28mm 2kgPE28M／M(황)2KG 외 11개",4721.0,11768386.0
2026-12-27,2026,12,27,동원팩,2026-01-05,4.0,"PE28mm 2kgPE28M／M(녹)2KG, PE28mm 2kgPE28M／M(백)2KG, PE28mm 2kgPE28M／M(청)2KG 외 6개",101.0,2608157.0
2026-12-27,2026,12,27,주식회사 에이씨티,2016-01-20,2.0,".PP18MMx 15kg 삼성.11650M두께0.9mm단중8.56g, 0PP18MMx 21kg 삼성.22300M두께0.80mm단중8.8g, PP18MMx .121kg 삼성.32300M두께0.85mm단중8.8g 외 38개",19759.0,40668339.0
2026-12-28,2026,12,28,(주)아이마켓코리아,2025-12-24,4.0,"PP11MM*13.34KG삼성경량밴드(황색)2300m*두께0.84mm단중5.8g GRS, PP11MM*13.34KG삼성경량밴드2300m*두께0.84mm단중5.8g GRS, PP18MM x 21Kg 삼성 황색2300M 포장중량 21Kg, 1롤/1pcs 포장 (황색) 외 1개",3843.0,7805629.0
2026-12-28,2026,12,28,광림파워팩,2021-11-04,9.0,"PE28mm 2kgPE28M／M(백)2KG, PE28mm 2kgPE28M／M(적)2KG, PE28mm 2kgPE28M／M(청)2KG 외 46개",21773.0,37841336.0
2026-12-28,2026,12,28,대상산업,2026-01-02,5.0,"PE28mm 2kgPE28M／M(백)2KG, PE28mm 2kgPE28M／M(청)2KG, PE28mm 2kgPE28M／M(황)2KG 외 7개",2026.0,5153024.0
2026-12-28,2026,12,28,대영포장(주)발안공장,2021-01-04,13.0,"MOSCA 히터 수리MOSCA 히터 수리, PE 결속끈PE#50 (백) 5500m 5KG, PP12MPP12M／M10KG(황) 외 25개",9034.0,28061359.0
2026-12-28,2026,12,28,백암지관공업사,2025-12-03,65.0,"PP12MPP12M／M11KG(청), PP12MPP12M／M12.5KG (황)",300.0,630000.0
2026-12-28,2026,12,28,전주삼신산업,2025-12-29,13.0,"PE28mm 2kgPE28M／M(백)2KG, PP12MPP12M／M10KG(황), PP15MPP15MM*10KG(황색) 외 4개",1054.0,2411096.0
2026-12-28,2026,12,28,주식회사 대한종합포장,2025-11-24,20.0,"PP12MPP12M／M10KG(백), PP15MPP15MM*10KG(황색), PP5MMx7000Mx0.5T 백색 외 1개",3945.0,10935000.0
2026-12-29,2026,12,29,(주)지엔에스트레이딩,2014-06-05,3.0,".02PP18MMx 21kg 삼성.022300M두께0.9mm단중9.1g, .PP18MMx 21kg 삼성.12300M두께0.9mm단중8.8g, .PP18MMx 21kg 삼성.32300M두께0.9mm단중8.8g 외 48개",19327.0,39698211.0
2026-12-29,2026,12,29,경인팩,2026-01-05,2.0,"PE28mm 2kgPE28M／M(백)2KG, PE28mm 2kgPE28M／M(적)2KG, PE28mm 2kgPE28M／M(황)2KG 외 11개",4721.0,11768386.0
2026-12-29,2026,12,29,주)대성씨앤씨,2025-12-22,13.0,"PP12MPP12M／M10KG(백), PP12MPP12M／M10KG(황), PP5MMx7000Mx0.5T 11.4kg 백색core 200x8T OD400 롤랩핑 400*200 외 2개",1470.0,6867600.0
2026-12-29,2026,12,29,주식회사 에이씨티,2016-01-20,2.0,".PP18MMx 15kg 삼성.11650M두께0.9mm단중8.56g, 0PP18MMx 21kg 삼성.22300M두께0.80mm단중8.8g, PP18MMx .121kg 삼성.32300M두께0.85mm단중8.8g 외 38개",19759.0,40668339.0
2026-12-29,2026,12,29,파워엠팩,2025-07-23,4.0,"15M/M (수축밴드)15M/M * 10KG, 18MMx 15kg 삼성1650M두께0.9mm단중8.56g, PE28mm 2kgPE 28M／M (백) 2KG 외 150개",83676.0,146265423.0
2026-12-30,2026,12,30,광림포장기계컨베이어,2011-05-03,9.0,"PE28mm 2kgPE 28M／M (백) 2KG, PE28mm 2kgPE28M／M(백)2KG, PE28mm 2kgPE28M／M(적)2KG 외 26개",20880.0,34859790.0
2026-12-30,2026,12,30,한서포장,2021-07-29,18.0,"PE28mm 2kg.1PE28M／M(백)2KG, PE28mm 2kg.2PE28M／M(백)2KG, PE28mm 2kgPE 28M／M (백) 2KG 외 19개",7208.0,15354014.0
2026-12-31,2026,12,31,(주)아이마켓코리아,2025-12-24,4.0,"PP11MM*13.34KG삼성경량밴드(황색)2300m*두께0.84mm단중5.8g GRS, PP11MM*13.34KG삼성경량밴드2300m*두께0.84mm단중5.8g GRS, PP18MM x 21Kg 삼성 황색2300M 포장중량 21Kg, 1롤/1pcs 포장 (황색) 외 1개",3843.0,7805629.0
2026-12-31,2026,12,31,경인팩,2026-01-05,2.0,"PE28mm 2kgPE28M／M(백)2KG, PE28mm 2kgPE28M／M(적)2KG, PE28mm 2kgPE28M／M(황)2KG 외 11개",4721.0,11768386.0
2026-12-31,2026,12,31,동원팩,2026-01-05,4.0,"PE28mm 2kgPE28M／M(녹)2KG, PE28mm 2kgPE28M／M(백)2KG, PE28mm 2kgPE28M／M(청)2KG 외 6개",101.0,2608157.0
2026-12-31,2026,12,31,보우팩,2025-08-06,16.0,"PE28mm 2kgPE28M／M(백)2KG, PE28mm 2kgPE28M／M(적)2KG, PE28mm 2kgPE28M／M(청)2KG 외 28개",14014.0,48149165.0
2026-12-31,2026,12,31,신광포장기계,2026-01-05,6.0,"PE28mm 2kgPE28M／M(백)2KG, PE28mm, 6KGPE28M／M(백)6KG, PP12MPP12M／M10KG(백) 외 10개",4239.0,8956157.0
2026-12-31,2026,12,31,제일산업(주)(화성),2014-03-19,10.0,"PP12MPP 12M／M 9KG, PP12MPP12M／M10KG(황), PP12MPP12M／M9KG 외 21개",7048.0,14479062.0
2026-12-31,2026,12,31,주식회사 에이씨티,2016-01-20,2.0,".PP18MMx 15kg 삼성.11650M두께0.9mm단중8.56g, 0PP18MMx 21kg 삼성.22300M두께0.80mm단중8.8g, PP18MMx .121kg 삼성.32300M두께0.85mm단중8.8g 외 38개",19759.0,40668339.0
2026-12-31,2026,12,31,주신산업,2026-01-05,9.0,"PE28mm 2kgPE28M／M(백)2KG, PP12MPP12M／M10KG(황), 운송료택배비",775.0,1647675.0
2026-12-31,2026,12,31,한솔포장,2020-03-27,11.0,"PE28mm 2kgPE28M／M(녹)2KG, PE28mm 2kgPE28M／M(백)2KG, PE28mm 2kgPE28M／M(적)2KG 외 6개",2203.0,5624915.0
