예상주문일,거래처명,최근거래일,평균주기(일),총주문횟수,품목,예상수량(kg),예상금액
2026-01-01,파워엠팩,2025-07-23,18.3,32,"PP10.5MPP10.5M10KG(청), PP10.5MPP10.5M10KG투명, PP12MPP12M／M10KG(백) 외 5개",4589.52,9635060.0
2026-01-02,(주)아이마켓코리아,2025-12-24,3.4,213,"PP11MM*13.34KG삼성경량밴드(황색)2300m*두께0.84mm단중5.8g GRS, PP11MM*13.34KG삼성경량밴드2300m*두께0.84mm단중5.8g GRS, PP18MM x 21Kg 삼성 황색2300M 포장중량 21Kg, 1롤/1pcs 포장 (황색) 외 2개",14291.08,28366635.0
2026-01-02,유일,2025-11-21,42.9,17,"PE28mm 2kgPE28M／M(백)2KG, PE50mm, 5KGPE50M／M(백)5KG",1348.24,3771294.0
2026-01-02,주식회사 에이스팩,2024-08-08,16.2,13,"스트레치필름(일반 기계랩)18*500mm*2000m, 스트레치필름(일반 기계랩)25*500mm*1400m, 스트레치필름(일반 핸드랩)18*500mm*350m 외 2개",93.24,2832600.0
2026-01-03,주)대성씨앤씨,2025-12-22,12.0,61,"PP12MPP12M／M10KG(백), PP12MPP12M／M10KG(황), PP5MMx7000Mx0.5T 11.4kg 백색core 200x8T OD400 롤랩핑 400*200 외 4개",2049.7,8922062.0
2026-01-03,한남포장기계,2025-12-16,18.3,39,"PE28mm 2kgPE28M／M(백)2KG, PP12MPP12MM / 9.5KG(황), PP12MPP12M／M9KG(황)",2504.96,5711779.0
2026-01-04,(주)낙원포장,2025-12-23,12.6,58,"PE15MPP15M／M10KG, PE28mm 2kgPE28M／M(백)2KG, PP10.5MPP10.5M10KG(청) 외 6개",7870.610000000001,15670636.0
2026-01-04,(주)남영판지,2024-07-09,68.5,3,PP12MPP12M／M10KG(황),650.0,1430000.0
2026-01-04,(주)진송팩,2025-11-11,18.7,4,"PP18MPP18M／M10KG(황), 운송료",197.0,413900.0
2026-01-04,KOMERI,2025-11-23,42.5,16,"15 x 1,000M 0.55T Yellow15x1,000M0.55T 황색, 15 x 100M 0.55T15x100M 0.55T 황색, 15 x 100M 0.55T15x100M0.55T녹색 외 6개",9545.14,26068335.0
2026-01-05,(주)아이마켓코리아,2025-12-24,3.4,213,"PP11MM*13.34KG삼성경량밴드(황색)2300m*두께0.84mm단중5.8g GRS, PP11MM*13.34KG삼성경량밴드2300m*두께0.84mm단중5.8g GRS, PP18MM x 21Kg 삼성 황색2300M 포장중량 21Kg, 1롤/1pcs 포장 (황색) 외 2개",14291.08,28366635.0
2026-01-05,대상산업,2026-01-02,3.9,187,"PE28mm 2kgPE28M／M(백)2KG, PE28mm 2kgPE28M／M(적)2KG, PE28mm 2kgPE28M／M(청)2KG 외 11개",2277.29,7029671.0
2026-01-05,서흥포장 주식회사,2025-12-10,26.5,27,"PP12MPP12M／M10KG(황), PP7MPP7M10KG백색, 스트레치필름(특수기능형)15*500*400",309.12,918890.0
2026-01-06,신대한판지(주),2024-08-12,32.2,7,"PP12MPP12M／M10KG(녹), PP12MPP12M／M10KG(백), PP9MMPP9M／M9.5KG(백색)",1497.5,3627100.0
2026-01-06,신화티에스,2024-10-07,76.3,4,PP15MPP15MM*10KG(황색),500.0,1000000.0
2026-01-07,(주)베스테크,2025-11-11,19.4,30,도전성밴드7.7mm*900m,281.93,8394013.0
2026-01-07,전주삼신산업,2025-12-29,9.9,74,"PE28mm 2kgPE28M／M(백)2KG, PE28mm 2kgPE28M／M(청)2KG, PP12MPP12M／M10KG(황) 외 5개",1214.31,2861475.0
2026-01-07,주식회사 대원포장기계,2025-12-01,37.3,19,PE28mm 2kgPE28M／M(백)2KG,400.0,1160000.0
2026-01-08,(주)아이마켓코리아,2025-12-24,3.4,213,"PP11MM*13.34KG삼성경량밴드(황색)2300m*두께0.84mm단중5.8g GRS, PP11MM*13.34KG삼성경량밴드2300m*두께0.84mm단중5.8g GRS, PP18MM x 21Kg 삼성 황색2300M 포장중량 21Kg, 1롤/1pcs 포장 (황색) 외 2개",14291.08,28366635.0
2026-01-08,경인팩,2026-01-05,3.8,190,"PE28mm 2kgPE28M／M(백)2KG, PE28mm 2kgPE28M／M(적)2KG, PE28mm 2kgPE28M／M(청)2KG 외 14개",5510.5199999999995,16562146.0
2026-01-08,대상산업,2026-01-02,3.9,187,"PE28mm 2kgPE28M／M(백)2KG, PE28mm 2kgPE28M／M(적)2KG, PE28mm 2kgPE28M／M(청)2KG 외 11개",2277.29,7029671.0
2026-01-08,동원팩,2026-01-05,3.1,236,"PE28mm 2kgPE28M／M(녹)2KG, PE28mm 2kgPE28M／M(백)2KG, PE28mm 2kgPE28M／M(청)2KG 외 7개",668.02,3938701.0
2026-01-08,주식회사 동원피앤아이,2025-12-26,13.4,55,"PE 결속끈PE#50 (백) 5500m 5KG, PE28mm 2kgPE28M／M(백)2KG, PE50mm, 4.7KGPE50M／M(황)4.7KG 외 1개",53584.69,9944337.0
2026-01-08,진송팩,2026-01-02,6.4,116,"PE28mm 2kgPE28M／M(녹)2KG, PE28mm 2kgPE28M／M(백)2KG, PE28mm 2kgPE28M／M(적)2KG 외 8개",2999.4500000000003,7030996.0
2026-01-09,경인산업,2025-12-04,18.4,38,"PE28mm 2kgPE28M／M(백)2KG, PP12MPP12M／M10KG(백), PP12MPP12M／M10KG(청) 외 2개",1945.23,4028111.0
2026-01-09,신광포장기계,2026-01-05,4.7,158,"PE28mm 2kgPE28M／M(백)2KG, PE28mm 2kgPE28M／M(황)2KG, PE28mm, 6KGPE28M／M(백)6KG 외 16개",6017.12,13233179.0
2026-01-09,"주식회사 오비아이(OBI co.,Ltd.)",2025-11-04,66.3,11,"PE28mm 2kgPE28M／M(백)2KG, PP8MPP8M／M10KG(백)",230.0,653000.0
2026-01-10,세움패키지(SEUMPKG),2025-12-16,25.6,28,"PE 결속끈PE#50 (백) 5500m 5KG, PE28mm 2kgPE28M／M(백)2KG, PP12MPP12M／M10KG(황) 외 5개",2818.1,6986669.0
2026-01-10,우선산업,2025-12-26,15.8,46,"PE28mm 2kgPE28M／M(백)2KG, PE50mm, 4.5KGPE50M／M(백)4.5KG, PE50mm, 4.7KGPE50M／M(백)4.7KG 외 1개",3502.0,7082525.0
2026-01-11,(주)아이마켓코리아,2025-12-24,3.4,213,"PP11MM*13.34KG삼성경량밴드(황색)2300m*두께0.84mm단중5.8g GRS, PP11MM*13.34KG삼성경량밴드2300m*두께0.84mm단중5.8g GRS, PP18MM x 21Kg 삼성 황색2300M 포장중량 21Kg, 1롤/1pcs 포장 (황색) 외 2개",14291.08,28366635.0
2026-01-11,경인팩,2026-01-05,3.8,190,"PE28mm 2kgPE28M／M(백)2KG, PE28mm 2kgPE28M／M(적)2KG, PE28mm 2kgPE28M／M(청)2KG 외 14개",5510.5199999999995,16562146.0
2026-01-11,대상산업,2026-01-02,3.9,187,"PE28mm 2kgPE28M／M(백)2KG, PE28mm 2kgPE28M／M(적)2KG, PE28mm 2kgPE28M／M(청)2KG 외 11개",2277.29,7029671.0
2026-01-11,대화수지공업(주),2025-09-29,13.7,13,"PE원료LLD PE, PE원료LLDPE 재생투명, PE원료재생원료",66677.0,78634597.0
2026-01-11,동원팩,2026-01-05,3.1,236,"PE28mm 2kgPE28M／M(녹)2KG, PE28mm 2kgPE28M／M(백)2KG, PE28mm 2kgPE28M／M(청)2KG 외 7개",668.02,3938701.0
2026-01-11,주식회사 광림파워팩,2025-12-31,11.4,64,"PE28mm 2kgPE28M／M(백)2KG, PP12MPP12M／M10KG(황), PP12MPP12M／M12.5KG (황) 외 8개",6870.24,14245264.0
2026-01-13,NZ SAFETY BLACKWOODS,2025-11-02,72.2,10,"12 x 3,000M 0.60T12x3,000M0.60TBLUE, 12 x 3,000M 0.60T12x3,000M0.60TCLEAR, PP 12MM12MMx1000Mx0.55MM Blue 외 5개",9775.68,24386353.0
2026-01-13,신광포장기계,2026-01-05,4.7,158,"PE28mm 2kgPE28M／M(백)2KG, PE28mm 2kgPE28M／M(황)2KG, PE28mm, 6KGPE28M／M(백)6KG 외 16개",6017.12,13233179.0
2026-01-14,(주)아이마켓코리아,2025-12-24,3.4,213,"PP11MM*13.34KG삼성경량밴드(황색)2300m*두께0.84mm단중5.8g GRS, PP11MM*13.34KG삼성경량밴드2300m*두께0.84mm단중5.8g GRS, PP18MM x 21Kg 삼성 황색2300M 포장중량 21Kg, 1롤/1pcs 포장 (황색) 외 2개",14291.08,28366635.0
2026-01-14,경인팩,2026-01-05,3.8,190,"PE28mm 2kgPE28M／M(백)2KG, PE28mm 2kgPE28M／M(적)2KG, PE28mm 2kgPE28M／M(청)2KG 외 14개",5510.5199999999995,16562146.0
2026-01-14,대상산업,2026-01-02,3.9,187,"PE28mm 2kgPE28M／M(백)2KG, PE28mm 2kgPE28M／M(적)2KG, PE28mm 2kgPE28M／M(청)2KG 외 11개",2277.29,7029671.0
2026-01-14,동원팩,2026-01-05,3.1,236,"PE28mm 2kgPE28M／M(녹)2KG, PE28mm 2kgPE28M／M(백)2KG, PE28mm 2kgPE28M／M(청)2KG 외 7개",668.02,3938701.0
2026-01-14,주신산업,2026-01-05,9.3,79,"PE28mm 2kgPE28M／M(백)2KG, PP12MPP12M／M10KG(황), 운송료택배비",750.0799999999999,1575293.0
2026-01-14,진송팩,2026-01-02,6.4,116,"PE28mm 2kgPE28M／M(녹)2KG, PE28mm 2kgPE28M／M(백)2KG, PE28mm 2kgPE28M／M(적)2KG 외 8개",2999.4500000000003,7030996.0
2026-01-14,천일포장산업,2025-12-01,22.5,32,"PE28mm 2kgPE28M／M(백)2KG, PE28mm, 6KGPE28M／M(백)6KG, PP6MMPP6M／M10KG(백)",3126.29,7358497.0
2026-01-14,한국포장기계,2025-12-29,16.1,46,"PE28mm 2kgPE28M／M(백)2KG, PE28mm 2kgPE28M／M(적)2KG, PE28mm 2kgPE28M／M(청)2KG 외 5개",4839.65,11765235.0
2026-01-15,주)대성씨앤씨,2025-12-22,12.0,61,"PP12MPP12M／M10KG(백), PP12MPP12M／M10KG(황), PP5MMx7000Mx0.5T 11.4kg 백색core 200x8T OD400 롤랩핑 400*200 외 4개",2049.7,8922062.0
2026-01-16,(주)낙원포장,2025-12-23,12.6,58,"PE15MPP15M／M10KG, PE28mm 2kgPE28M／M(백)2KG, PP10.5MPP10.5M10KG(청) 외 6개",7870.610000000001,15670636.0
2026-01-16,전주삼신산업,2025-12-29,9.9,74,"PE28mm 2kgPE28M／M(백)2KG, PE28mm 2kgPE28M／M(청)2KG, PP12MPP12M／M10KG(황) 외 5개",1214.31,2861475.0
2026-01-16,제이케이머티리얼즈(주)/순성공장,2025-12-26,21.2,35,"PET 16MMPET 16mm x 0.8T x 1200m Embossed (반투명 녹색), PP18MPP18M／M10KG(황)",1175.33,2874963.0
2026-01-17,(주)아이마켓코리아,2025-12-24,3.4,213,"PP11MM*13.34KG삼성경량밴드(황색)2300m*두께0.84mm단중5.8g GRS, PP11MM*13.34KG삼성경량밴드2300m*두께0.84mm단중5.8g GRS, PP18MM x 21Kg 삼성 황색2300M 포장중량 21Kg, 1롤/1pcs 포장 (황색) 외 2개",14291.08,28366635.0
2026-01-17,경인팩,2026-01-05,3.8,190,"PE28mm 2kgPE28M／M(백)2KG, PE28mm 2kgPE28M／M(적)2KG, PE28mm 2kgPE28M／M(청)2KG 외 14개",5510.5199999999995,16562146.0
2026-01-17,대상산업,2026-01-02,3.9,187,"PE28mm 2kgPE28M／M(백)2KG, PE28mm 2kgPE28M／M(적)2KG, PE28mm 2kgPE28M／M(청)2KG 외 11개",2277.29,7029671.0
2026-01-17,동원팩,2026-01-05,3.1,236,"PE28mm 2kgPE28M／M(녹)2KG, PE28mm 2kgPE28M／M(백)2KG, PE28mm 2kgPE28M／M(청)2KG 외 7개",668.02,3938701.0
2026-01-17,신광포장기계,2026-01-05,4.7,158,"PE28mm 2kgPE28M／M(백)2KG, PE28mm 2kgPE28M／M(황)2KG, PE28mm, 6KGPE28M／M(백)6KG 외 16개",6017.12,13233179.0
2026-01-17,주식회사 대한종합포장,2025-11-24,18.3,38,"PP12MPP12M／M10KG(백), PP5MMx7000Mx0.5T 백색, 스트레치필름(기능 기계랩)15*500mm*1700m 외 2개",447.06,5345675.0
2026-01-17,주식회사 마크원테크,2025-12-19,29.9,16,"PP6MMPP6M／M10KG(백), 운송료",678.5,1494179.0
2026-01-18,(주)한주,2024-10-15,23.9,13,"PP15MM*17.5kg 삼성 recycle2194M두께1.0mm단중7.6g Clear, PP18MM*21kg 삼성 recycle2300M두께0.80mm단중8.8g Clear, 삼성 코드: 6922-00001(황색) PP18MMx 2300M 포장중량 21Kg, 1롤/1pcs 포장,",21823.96,37912978.0
2026-01-18,동서포장종합상사,2025-12-18,31.2,23,PE28mm 2kgPE28M／M(백)2KG,106.96,320783.0
2026-01-18,신한포장기계(주),2025-11-10,69.8,10,PE28mm 2kgPE28M／M(백)2KG,1001.2,2710000.0
2026-01-18,주식회사 에이스팩,2024-08-08,16.2,13,"스트레치필름(일반 기계랩)18*500mm*2000m, 스트레치필름(일반 기계랩)25*500mm*1400m, 스트레치필름(일반 핸드랩)18*500mm*350m 외 2개",93.24,2832600.0
2026-01-19,파워엠팩,2025-07-23,18.3,32,"PP10.5MPP10.5M10KG(청), PP10.5MPP10.5M10KG투명, PP12MPP12M／M10KG(백) 외 5개",4589.52,9635060.0
2026-01-20,(주)아이마켓코리아,2025-12-24,3.4,213,"PP11MM*13.34KG삼성경량밴드(황색)2300m*두께0.84mm단중5.8g GRS, PP11MM*13.34KG삼성경량밴드2300m*두께0.84mm단중5.8g GRS, PP18MM x 21Kg 삼성 황색2300M 포장중량 21Kg, 1롤/1pcs 포장 (황색) 외 2개",14291.08,28366635.0
2026-01-20,경인팩,2026-01-05,3.8,190,"PE28mm 2kgPE28M／M(백)2KG, PE28mm 2kgPE28M／M(적)2KG, PE28mm 2kgPE28M／M(청)2KG 외 14개",5510.5199999999995,16562146.0
2026-01-20,금산포장,2026-01-05,15.0,45,"PE28mm 2kgPE28M／M(백)2KG, PE28mm, 6KGPE28M／M(백)6KG, PP12MPP12M／M10KG(투명) 외 2개",1071.8500000000001,2573952.0
2026-01-20,대상산업,2026-01-02,3.9,187,"PE28mm 2kgPE28M／M(백)2KG, PE28mm 2kgPE28M／M(적)2KG, PE28mm 2kgPE28M／M(청)2KG 외 11개",2277.29,7029671.0
2026-01-20,동원팩,2026-01-05,3.1,236,"PE28mm 2kgPE28M／M(녹)2KG, PE28mm 2kgPE28M／M(백)2KG, PE28mm 2kgPE28M／M(청)2KG 외 7개",668.02,3938701.0
2026-01-20,진송팩,2026-01-02,6.4,116,"PE28mm 2kgPE28M／M(녹)2KG, PE28mm 2kgPE28M／M(백)2KG, PE28mm 2kgPE28M／M(적)2KG 외 8개",2999.4500000000003,7030996.0
2026-01-21,서울상사,2025-12-19,33.8,22,"PP12MPP12M／M10KG(투명), PP12MPP12M／M10KG(황), PP15MPP15MM*10KG(황색) 외 4개",2726.66,5322667.0
2026-01-21,신광포장기계,2026-01-05,4.7,158,"PE28mm 2kgPE28M／M(백)2KG, PE28mm 2kgPE28M／M(황)2KG, PE28mm, 6KGPE28M／M(백)6KG 외 16개",6017.12,13233179.0
2026-01-21,주식회사 동원피앤아이,2025-12-26,13.4,55,"PE 결속끈PE#50 (백) 5500m 5KG, PE28mm 2kgPE28M／M(백)2KG, PE50mm, 4.7KGPE50M／M(황)4.7KG 외 1개",53584.69,9944337.0
2026-01-21,하영종합상사,2025-09-29,57.3,11,"PE28mm 2kgPE28M／M(백)2KG, 운송료",115.09,370036.0
2026-01-21,한남포장기계,2025-12-16,18.3,39,"PE28mm 2kgPE28M／M(백)2KG, PP12MPP12MM / 9.5KG(황), PP12MPP12M／M9KG(황)",2504.96,5711779.0
2026-01-21,합동포장기계,2026-01-05,16.7,45,"PE28mm 2kgPE28M／M(백)2KG, PE28mm 2kgPE28M／M(청)2KG, PP12MPP12M／M10KG(백) 외 11개",4790.71,11879932.0
2026-01-22,(주)진송팩,2025-11-11,18.7,4,"PP18MPP18M／M10KG(황), 운송료",197.0,413900.0
2026-01-22,주식회사 광림파워팩,2025-12-31,11.4,64,"PE28mm 2kgPE28M／M(백)2KG, PP12MPP12M／M10KG(황), PP12MPP12M／M12.5KG (황) 외 8개",6870.24,14245264.0
2026-01-22,태광오토팩,2025-12-01,26.2,26,"PE28mm 2kgPE28M／M(백)2KG, PE28mm 2kgPE28M／M(청)2KG, PE28mm 2kgPE28M／M(황)2KG 외 2개",1850.52,4437283.0
2026-01-23,(주)아이마켓코리아,2025-12-24,3.4,213,"PP11MM*13.34KG삼성경량밴드(황색)2300m*두께0.84mm단중5.8g GRS, PP11MM*13.34KG삼성경량밴드2300m*두께0.84mm단중5.8g GRS, PP18MM x 21Kg 삼성 황색2300M 포장중량 21Kg, 1롤/1pcs 포장 (황색) 외 2개",14291.08,28366635.0
2026-01-23,경인팩,2026-01-05,3.8,190,"PE28mm 2kgPE28M／M(백)2KG, PE28mm 2kgPE28M／M(적)2KG, PE28mm 2kgPE28M／M(청)2KG 외 14개",5510.5199999999995,16562146.0
2026-01-23,대상산업,2026-01-02,3.9,187,"PE28mm 2kgPE28M／M(백)2KG, PE28mm 2kgPE28M／M(적)2KG, PE28mm 2kgPE28M／M(청)2KG 외 11개",2277.29,7029671.0
2026-01-23,동원팩,2026-01-05,3.1,236,"PE28mm 2kgPE28M／M(녹)2KG, PE28mm 2kgPE28M／M(백)2KG, PE28mm 2kgPE28M／M(청)2KG 외 7개",668.02,3938701.0
2026-01-23,민건 이에이,2025-12-24,30.2,24,PP12MPP12M／M10KG(백),702.08,1488417.0
2026-01-23,주신산업,2026-01-05,9.3,79,"PE28mm 2kgPE28M／M(백)2KG, PP12MPP12M／M10KG(황), 운송료택배비",750.0799999999999,1575293.0
2026-01-24,강원농협연합포장재가공사업소,2025-11-17,34.0,18,PP12MPP12M／M12.5KG (황),3348.21,6195536.0
2026-01-24,대화수지공업(주),2025-09-29,13.7,13,"PE원료LLD PE, PE원료LLDPE 재생투명, PE원료재생원료",66677.0,78634597.0
2026-01-25,신광포장기계,2026-01-05,4.7,158,"PE28mm 2kgPE28M／M(백)2KG, PE28mm 2kgPE28M／M(황)2KG, PE28mm, 6KGPE28M／M(백)6KG 외 16개",6017.12,13233179.0
2026-01-25,우선산업,2025-12-26,15.8,46,"PE28mm 2kgPE28M／M(백)2KG, PE50mm, 4.5KGPE50M／M(백)4.5KG, PE50mm, 4.7KGPE50M／M(백)4.7KG 외 1개",3502.0,7082525.0
2026-01-25,전주삼신산업,2025-12-29,9.9,74,"PE28mm 2kgPE28M／M(백)2KG, PE28mm 2kgPE28M／M(청)2KG, PP12MPP12M／M10KG(황) 외 5개",1214.31,2861475.0
2026-01-26,(주)베스테크,2025-11-11,19.4,30,도전성밴드7.7mm*900m,281.93,8394013.0
2026-01-26,(주)아이마켓코리아,2025-12-24,3.4,213,"PP11MM*13.34KG삼성경량밴드(황색)2300m*두께0.84mm단중5.8g GRS, PP11MM*13.34KG삼성경량밴드2300m*두께0.84mm단중5.8g GRS, PP18MM x 21Kg 삼성 황색2300M 포장중량 21Kg, 1롤/1pcs 포장 (황색) 외 2개",14291.08,28366635.0
2026-01-26,경인팩,2026-01-05,3.8,190,"PE28mm 2kgPE28M／M(백)2KG, PE28mm 2kgPE28M／M(적)2KG, PE28mm 2kgPE28M／M(청)2KG 외 14개",5510.5199999999995,16562146.0
2026-01-26,대상산업,2026-01-02,3.9,187,"PE28mm 2kgPE28M／M(백)2KG, PE28mm 2kgPE28M／M(적)2KG, PE28mm 2kgPE28M／M(청)2KG 외 11개",2277.29,7029671.0
2026-01-26,동남물산,2024-12-20,134.5,3,PE28mm 2kgPE28M／M(백)2KG,400.0,1260000.0
2026-01-26,동원팩,2026-01-05,3.1,236,"PE28mm 2kgPE28M／M(녹)2KG, PE28mm 2kgPE28M／M(백)2KG, PE28mm 2kgPE28M／M(청)2KG 외 7개",668.02,3938701.0
2026-01-26,진송팩,2026-01-02,6.4,116,"PE28mm 2kgPE28M／M(녹)2KG, PE28mm 2kgPE28M／M(백)2KG, PE28mm 2kgPE28M／M(적)2KG 외 8개",2999.4500000000003,7030996.0
2026-01-27,경인산업,2025-12-04,18.4,38,"PE28mm 2kgPE28M／M(백)2KG, PP12MPP12M／M10KG(백), PP12MPP12M／M10KG(청) 외 2개",1945.23,4028111.0
2026-01-27,보우팩,2025-08-06,58.2,11,"PE28mm 2kgPE28M／M(청)2KG, PE28mm 2kgPE28M／M(황)2KG, PE28mm, 6KGPE28M／M(백)6KG 외 1개",3126.0,6902300.0
2026-01-27,주)대성씨앤씨,2025-12-22,12.0,61,"PP12MPP12M／M10KG(백), PP12MPP12M／M10KG(황), PP5MMx7000Mx0.5T 11.4kg 백색core 200x8T OD400 롤랩핑 400*200 외 4개",2049.7,8922062.0
2026-01-27,한길포장기계,2026-01-05,22.9,33,"PE28mm 2kgPE28M／M(백)2KG, PP12MPP12M／M10KG(백), PP12MPP12M／M10KG(청) 외 3개",2366.34,4956034.0
2026-01-28,(주)낙원포장,2025-12-23,12.6,58,"PE15MPP15M／M10KG, PE28mm 2kgPE28M／M(백)2KG, PP10.5MPP10.5M10KG(청) 외 6개",7870.610000000001,15670636.0
2026-01-28,(주)영화수출포장,2025-11-14,75.6,10,PE 결속끈PE#50 (백) 5500m 5KG,600.0,1770000.0
2026-01-28,(주)영화수출포장 김포공장,2025-05-21,42.0,3,PE 결속끈PE#50 (백) 5500m 5KG,400.0,1180000.0
2026-01-29,(주)아이마켓코리아,2025-12-24,3.4,213,"PP11MM*13.34KG삼성경량밴드(황색)2300m*두께0.84mm단중5.8g GRS, PP11MM*13.34KG삼성경량밴드2300m*두께0.84mm단중5.8g GRS, PP18MM x 21Kg 삼성 황색2300M 포장중량 21Kg, 1롤/1pcs 포장 (황색) 외 2개",14291.08,28366635.0
2026-01-29,경인팩,2026-01-05,3.8,190,"PE28mm 2kgPE28M／M(백)2KG, PE28mm 2kgPE28M／M(적)2KG, PE28mm 2kgPE28M／M(청)2KG 외 14개",5510.5199999999995,16562146.0
2026-01-29,대상산업,2026-01-02,3.9,187,"PE28mm 2kgPE28M／M(백)2KG, PE28mm 2kgPE28M／M(적)2KG, PE28mm 2kgPE28M／M(청)2KG 외 11개",2277.29,7029671.0
2026-01-29,동원팩,2026-01-05,3.1,236,"PE28mm 2kgPE28M／M(녹)2KG, PE28mm 2kgPE28M／M(백)2KG, PE28mm 2kgPE28M／M(청)2KG 외 7개",668.02,3938701.0
2026-01-29,백암지관공업사,2025-12-03,57.8,13,"PP12MPP12M／M11KG(청), PP12MPP12M／M12.5KG (황)",315.94,663469.0
2026-01-29,신광포장기계,2026-01-05,4.7,158,"PE28mm 2kgPE28M／M(백)2KG, PE28mm 2kgPE28M／M(황)2KG, PE28mm, 6KGPE28M／M(백)6KG 외 16개",6017.12,13233179.0
2026-01-30,세화종합상사,2025-11-24,67.2,10,PE28mm 2kgPE28M／M(백)2KG,38.0,123500.0
2026-01-30,한국포장기계,2025-12-29,16.1,46,"PE28mm 2kgPE28M／M(백)2KG, PE28mm 2kgPE28M／M(적)2KG, PE28mm 2kgPE28M／M(청)2KG 외 5개",4839.65,11765235.0
2026-01-31,(주)스피드랩코리아,2026-01-05,26.1,29,"PP6MMPP6M／M10KG(백), 운송료",635.39,1393750.0
2026-01-31,서흥포장 주식회사,2025-12-10,26.5,27,"PP12MPP12M／M10KG(황), PP7MPP7M10KG백색, 스트레치필름(특수기능형)15*500*400",309.12,918890.0
2026-02-01,(주)아이마켓코리아,2025-12-24,3.4,213,"PP11MM*13.34KG삼성경량밴드(황색)2300m*두께0.84mm단중5.8g GRS, PP11MM*13.34KG삼성경량밴드2300m*두께0.84mm단중5.8g GRS, PP18MM x 21Kg 삼성 황색2300M 포장중량 21Kg, 1롤/1pcs 포장 (황색) 외 2개",14291.08,28366635.0
2026-02-01,경인팩,2026-01-05,3.8,190,"PE28mm 2kgPE28M／M(백)2KG, PE28mm 2kgPE28M／M(적)2KG, PE28mm 2kgPE28M／M(청)2KG 외 14개",5510.5199999999995,16562146.0
2026-02-01,광림포장기계,2025-12-31,32.9,23,"PP12MPP12M／M10KG(황), PP12MPP12M／M12.5KG (황), PP12MPP12mm*0.72T*2800m 12.5KG(투명) 외 6개",5447.27,10710986.0
2026-02-01,대상산업,2026-01-02,3.9,187,"PE28mm 2kgPE28M／M(백)2KG, PE28mm 2kgPE28M／M(적)2KG, PE28mm 2kgPE28M／M(청)2KG 외 11개",2277.29,7029671.0
2026-02-01,동원팩,2026-01-05,3.1,236,"PE28mm 2kgPE28M／M(녹)2KG, PE28mm 2kgPE28M／M(백)2KG, PE28mm 2kgPE28M／M(청)2KG 외 7개",668.02,3938701.0
2026-02-01,주신산업,2026-01-05,9.3,79,"PE28mm 2kgPE28M／M(백)2KG, PP12MPP12M／M10KG(황), 운송료택배비",750.0799999999999,1575293.0
2026-02-01,진송팩,2026-01-02,6.4,116,"PE28mm 2kgPE28M／M(녹)2KG, PE28mm 2kgPE28M／M(백)2KG, PE28mm 2kgPE28M／M(적)2KG 외 8개",2999.4500000000003,7030996.0
2026-02-02,신광포장기계,2026-01-05,4.7,158,"PE28mm 2kgPE28M／M(백)2KG, PE28mm 2kgPE28M／M(황)2KG, PE28mm, 6KGPE28M／M(백)6KG 외 16개",6017.12,13233179.0
2026-02-02,주식회사 광림파워팩,2025-12-31,11.4,64,"PE28mm 2kgPE28M／M(백)2KG, PP12MPP12M／M10KG(황), PP12MPP12M／M12.5KG (황) 외 8개",6870.24,14245264.0
2026-02-03,전주삼신산업,2025-12-29,9.9,74,"PE28mm 2kgPE28M／M(백)2KG, PE28mm 2kgPE28M／M(청)2KG, PP12MPP12M／M10KG(황) 외 5개",1214.31,2861475.0
2026-02-03,주식회사 동원피앤아이,2025-12-26,13.4,55,"PE 결속끈PE#50 (백) 5500m 5KG, PE28mm 2kgPE28M／M(백)2KG, PE50mm, 4.7KGPE50M／M(황)4.7KG 외 1개",53584.69,9944337.0
2026-02-03,주식회사 에이스팩,2024-08-08,16.2,13,"스트레치필름(일반 기계랩)18*500mm*2000m, 스트레치필름(일반 기계랩)25*500mm*1400m, 스트레치필름(일반 핸드랩)18*500mm*350m 외 2개",93.24,2832600.0
2026-02-04,(주)아이마켓코리아,2025-12-24,3.4,213,"PP11MM*13.34KG삼성경량밴드(황색)2300m*두께0.84mm단중5.8g GRS, PP11MM*13.34KG삼성경량밴드2300m*두께0.84mm단중5.8g GRS, PP18MM x 21Kg 삼성 황색2300M 포장중량 21Kg, 1롤/1pcs 포장 (황색) 외 2개",14291.08,28366635.0
2026-02-04,H.E. BAUMRUCKER COMPANY,2025-09-27,65.8,9,"12 x 3,018M 0.58T White (8x8)12 x 3,018M 0.58T White (8x8), 12 x 3,018M 0.58T White 230 CORE (9x8)12 x 3,018M 0.58T White 230 CORE (9x8), 15 x 1,645M 0.76T 16*6 Black15 x 1,645M 0.76T 16*6 Black 외 6개",31937.23,90135842.0
2026-02-04,경인팩,2026-01-05,3.8,190,"PE28mm 2kgPE28M／M(백)2KG, PE28mm 2kgPE28M／M(적)2KG, PE28mm 2kgPE28M／M(청)2KG 외 14개",5510.5199999999995,16562146.0
2026-02-04,금산포장,2026-01-05,15.0,45,"PE28mm 2kgPE28M／M(백)2KG, PE28mm, 6KGPE28M／M(백)6KG, PP12MPP12M／M10KG(투명) 외 2개",1071.8500000000001,2573952.0
2026-02-04,대상산업,2026-01-02,3.9,187,"PE28mm 2kgPE28M／M(백)2KG, PE28mm 2kgPE28M／M(적)2KG, PE28mm 2kgPE28M／M(청)2KG 외 11개",2277.29,7029671.0
2026-02-04,동원팩,2026-01-05,3.1,236,"PE28mm 2kgPE28M／M(녹)2KG, PE28mm 2kgPE28M／M(백)2KG, PE28mm 2kgPE28M／M(청)2KG 외 7개",668.02,3938701.0
2026-02-04,세움패키지(SEUMPKG),2025-12-16,25.6,28,"PE 결속끈PE#50 (백) 5500m 5KG, PE28mm 2kgPE28M／M(백)2KG, PP12MPP12M／M10KG(황) 외 5개",2818.1,6986669.0
2026-02-04,연화수출포장,2025-12-31,35.1,19,"PP15MPP15M／M10 (청색), PP15MPP15M／M10KG(투명), 운송료",803.5,1835397.0
2026-02-04,주식회사 대한종합포장,2025-11-24,18.3,38,"PP12MPP12M／M10KG(백), PP5MMx7000Mx0.5T 백색, 스트레치필름(기능 기계랩)15*500mm*1700m 외 2개",447.06,5345675.0
2026-02-04,피앤비,2025-11-06,45.6,15,"PP12MPP12M／M10KG(백), PP7MPP7M10KG백색",923.0,2122900.0
2026-02-05,WESTSIDE PACKAGING SYSTEMS AUSTRALIA,2025-11-27,70.8,9,"12 x 3,000M 0.65T White w/Green Ararat Meat Exports EST.298 printed12 x 3,000M 0.65T White w/Green Ararat Meat Exports EST.298 printed, 12 x 3,000M 0.65T12x3,000M0.65T BLUE, 12 x 3,000M 0.65T12x3,000M0.65T CLEAR 외 10개",38410.7,87509864.0
2026-02-05,다금마대,2025-12-29,38.4,19,마대,236.79,544616.0
2026-02-05,대흥수출포장,2026-01-05,31.8,24,PE28mm 2kgPE28M／M(백)2KG,101.74,295043.0
2026-02-05,주식회사 바인텍,2025-12-19,48.2,7,"PP10MMPP10MM／500M (투명), PP8MMPP8MM／750M (투명)",810.0,5697000.0
2026-02-05,천일포장산업,2025-12-01,22.5,32,"PE28mm 2kgPE28M／M(백)2KG, PE28mm, 6KGPE28M／M(백)6KG, PP6MMPP6M／M10KG(백)",3126.29,7358497.0
2026-02-06,(주)인스트아이앤씨,2025-07-01,55.9,10,"PE28mm 2kgPE28M／M(백)2KG, 운송료",39.9,137560.0
2026-02-06,TIGERPAK PACKAGING,2025-12-25,43.9,17,"12 x 2,800M 0.55T12 x 2,800M 0.55T 검정, 12 x 2800M 0.55T12 x 2800M 0.55T BLACK, 12 x 2800M 0.60T12 x 2800M 0.60T BLACK 외 11개",50436.18,113594139.0
2026-02-06,대화수지공업(주),2025-09-29,13.7,13,"PE원료LLD PE, PE원료LLDPE 재생투명, PE원료재생원료",66677.0,78634597.0
2026-02-06,동방포장기자재,2025-11-24,37.9,18,"PP12MPP12M／M10KG(황), PP12MPP12M／M12KG(적색), PP15MPP15MM*10KG(황색)",2230.6400000000003,4474281.0
2026-02-06,신광포장기계,2026-01-05,4.7,158,"PE28mm 2kgPE28M／M(백)2KG, PE28mm 2kgPE28M／M(황)2KG, PE28mm, 6KGPE28M／M(백)6KG 외 16개",6017.12,13233179.0
2026-02-06,신광포장기계(부산),2025-11-04,47.9,15,"PE28mm 2kgPE28M／M(백)2KG, 운송료",222.6,648840.0
2026-02-06,제이케이머티리얼즈(주)/순성공장,2025-12-26,21.2,35,"PET 16MMPET 16mm x 0.8T x 1200m Embossed (반투명 녹색), PP18MPP18M／M10KG(황)",1175.33,2874963.0
2026-02-06,파워엠팩,2025-07-23,18.3,32,"PP10.5MPP10.5M10KG(청), PP10.5MPP10.5M10KG투명, PP12MPP12M／M10KG(백) 외 5개",4589.52,9635060.0
2026-02-06,합동포장기계,2026-01-05,16.7,45,"PE28mm 2kgPE28M／M(백)2KG, PE28mm 2kgPE28M／M(청)2KG, PP12MPP12M／M10KG(백) 외 11개",4790.71,11879932.0
2026-02-07,(주)아이마켓코리아,2025-12-24,3.4,213,"PP11MM*13.34KG삼성경량밴드(황색)2300m*두께0.84mm단중5.8g GRS, PP11MM*13.34KG삼성경량밴드2300m*두께0.84mm단중5.8g GRS, PP18MM x 21Kg 삼성 황색2300M 포장중량 21Kg, 1롤/1pcs 포장 (황색) 외 2개",14291.08,28366635.0
2026-02-07,경인팩,2026-01-05,3.8,190,"PE28mm 2kgPE28M／M(백)2KG, PE28mm 2kgPE28M／M(적)2KG, PE28mm 2kgPE28M／M(청)2KG 외 14개",5510.5199999999995,16562146.0
2026-02-07,대상산업,2026-01-02,3.9,187,"PE28mm 2kgPE28M／M(백)2KG, PE28mm 2kgPE28M／M(적)2KG, PE28mm 2kgPE28M／M(청)2KG 외 11개",2277.29,7029671.0
2026-02-07,동원팩,2026-01-05,3.1,236,"PE28mm 2kgPE28M／M(녹)2KG, PE28mm 2kgPE28M／M(백)2KG, PE28mm 2kgPE28M／M(청)2KG 외 7개",668.02,3938701.0
2026-02-07,신대한판지(주),2024-08-12,32.2,7,"PP12MPP12M／M10KG(녹), PP12MPP12M／M10KG(백), PP9MMPP9M／M9.5KG(백색)",1497.5,3627100.0
2026-02-07,진송팩,2026-01-02,6.4,116,"PE28mm 2kgPE28M／M(녹)2KG, PE28mm 2kgPE28M／M(백)2KG, PE28mm 2kgPE28M／M(적)2KG 외 8개",2999.4500000000003,7030996.0
2026-02-07,파코팩(PACO PACK),2024-09-05,40.8,7,"PE 결속끈PE#50 (백) 5500m 5KG, PE28mm 2kgPE28M／M(백)2KG, PE50mm, 5KGPE50M／M(황)5KG",2226.67,6146667.0
2026-02-08,CYKLOP PACKAGING SYSTEMS PTY LTD.,2025-12-25,45.1,17,"12 x 3,000M 0.65T12x3,000M 0.65T White, 12 x 3,000M 0.65T12x3,000M0.65T BLUE, 12 x 3,000M 0.65T12x3,000M0.65T CLEAR 외 10개",35722.67,79285128.0
2026-02-08,주)대성씨앤씨,2025-12-22,12.0,61,"PP12MPP12M／M10KG(백), PP12MPP12M／M10KG(황), PP5MMx7000Mx0.5T 11.4kg 백색core 200x8T OD400 롤랩핑 400*200 외 4개",2049.7,8922062.0
2026-02-08,한남포장기계,2025-12-16,18.3,39,"PE28mm 2kgPE28M／M(백)2KG, PP12MPP12MM / 9.5KG(황), PP12MPP12M／M9KG(황)",2504.96,5711779.0
2026-02-09,(주)낙원포장,2025-12-23,12.6,58,"PE15MPP15M／M10KG, PE28mm 2kgPE28M／M(백)2KG, PP10.5MPP10.5M10KG(청) 외 6개",7870.610000000001,15670636.0
2026-02-09,(주)진송팩,2025-11-11,18.7,4,"PP18MPP18M／M10KG(황), 운송료",197.0,413900.0
2026-02-09,우선산업,2025-12-26,15.8,46,"PE28mm 2kgPE28M／M(백)2KG, PE50mm, 4.5KGPE50M／M(백)4.5KG, PE50mm, 4.7KGPE50M／M(백)4.7KG 외 1개",3502.0,7082525.0
2026-02-09,유일포장기계,2025-12-01,70.6,10,PP5MMx7000Mx0.5T 백색,38.22,966056.0
2026-02-10,(주)아이마켓코리아,2025-12-24,3.4,213,"PP11MM*13.34KG삼성경량밴드(황색)2300m*두께0.84mm단중5.8g GRS, PP11MM*13.34KG삼성경량밴드2300m*두께0.84mm단중5.8g GRS, PP18MM x 21Kg 삼성 황색2300M 포장중량 21Kg, 1롤/1pcs 포장 (황색) 외 2개",14291.08,28366635.0
2026-02-10,(주)한주,2024-10-15,23.9,13,"PP15MM*17.5kg 삼성 recycle2194M두께1.0mm단중7.6g Clear, PP18MM*21kg 삼성 recycle2300M두께0.80mm단중8.8g Clear, 삼성 코드: 6922-00001(황색) PP18MMx 2300M 포장중량 21Kg, 1롤/1pcs 포장,",21823.96,37912978.0
2026-02-10,RLBUTTON,2025-12-16,56.8,13,"12 x 3,000M 0.63T12x3,000M0.63TCLEAR, PP 12MM12MMx1000Mx0.55MM Blue, PP19M * 1000M HD BlackPP19MM*1000M*0.85T Black 외 6개",16971.29,40408212.0
2026-02-10,경인팩,2026-01-05,3.8,190,"PE28mm 2kgPE28M／M(백)2KG, PE28mm 2kgPE28M／M(적)2KG, PE28mm 2kgPE28M／M(청)2KG 외 14개",5510.5199999999995,16562146.0
2026-02-10,대상산업,2026-01-02,3.9,187,"PE28mm 2kgPE28M／M(백)2KG, PE28mm 2kgPE28M／M(적)2KG, PE28mm 2kgPE28M／M(청)2KG 외 11개",2277.29,7029671.0
2026-02-10,동원팩,2026-01-05,3.1,236,"PE28mm 2kgPE28M／M(녹)2KG, PE28mm 2kgPE28M／M(백)2KG, PE28mm 2kgPE28M／M(청)2KG 외 7개",668.02,3938701.0
2026-02-10,신광포장기계,2026-01-05,4.7,158,"PE28mm 2kgPE28M／M(백)2KG, PE28mm 2kgPE28M／M(황)2KG, PE28mm, 6KGPE28M／M(백)6KG 외 16개",6017.12,13233179.0
2026-02-10,주신산업,2026-01-05,9.3,79,"PE28mm 2kgPE28M／M(백)2KG, PP12MPP12M／M10KG(황), 운송료택배비",750.0799999999999,1575293.0
2026-02-12,전주삼신산업,2025-12-29,9.9,74,"PE28mm 2kgPE28M／M(백)2KG, PE28mm 2kgPE28M／M(청)2KG, PP12MPP12M／M10KG(황) 외 5개",1214.31,2861475.0
2026-02-13,(주)아이마켓코리아,2025-12-24,3.4,213,"PP11MM*13.34KG삼성경량밴드(황색)2300m*두께0.84mm단중5.8g GRS, PP11MM*13.34KG삼성경량밴드2300m*두께0.84mm단중5.8g GRS, PP18MM x 21Kg 삼성 황색2300M 포장중량 21Kg, 1롤/1pcs 포장 (황색) 외 2개",14291.08,28366635.0
2026-02-13,ANDERSON WHOLESALE PACKAGING PTY LTD.,2025-12-14,61.3,12,"12 x 3,000M 0.55T12 x 3,000M 0.55T 청색, 12 x 3,000M 0.60T12x3,000M0.60TBLUE, 12 x 3,000M 0.60T12x3,000M0.60TCLEAR 외 9개",22965.96,52140274.0
2026-02-13,경인팩,2026-01-05,3.8,190,"PE28mm 2kgPE28M／M(백)2KG, PE28mm 2kgPE28M／M(적)2KG, PE28mm 2kgPE28M／M(청)2KG 외 14개",5510.5199999999995,16562146.0
2026-02-13,그린포장,2025-11-01,104.2,5,PE28mm 2kgPE28M／M(백)2KG,244.0,780800.0
2026-02-13,대상산업,2026-01-02,3.9,187,"PE28mm 2kgPE28M／M(백)2KG, PE28mm 2kgPE28M／M(적)2KG, PE28mm 2kgPE28M／M(청)2KG 외 11개",2277.29,7029671.0
2026-02-13,동원팩,2026-01-05,3.1,236,"PE28mm 2kgPE28M／M(녹)2KG, PE28mm 2kgPE28M／M(백)2KG, PE28mm 2kgPE28M／M(청)2KG 외 7개",668.02,3938701.0
2026-02-13,유일,2025-11-21,42.9,17,"PE28mm 2kgPE28M／M(백)2KG, PE50mm, 5KGPE50M／M(백)5KG",1348.24,3771294.0
2026-02-13,주식회사 광림파워팩,2025-12-31,11.4,64,"PE28mm 2kgPE28M／M(백)2KG, PP12MPP12M／M10KG(황), PP12MPP12M／M12.5KG (황) 외 8개",6870.24,14245264.0
2026-02-13,주식회사 대원포장기계,2025-12-01,37.3,19,PE28mm 2kgPE28M／M(백)2KG,400.0,1160000.0
2026-02-13,진송팩,2026-01-02,6.4,116,"PE28mm 2kgPE28M／M(녹)2KG, PE28mm 2kgPE28M／M(백)2KG, PE28mm 2kgPE28M／M(적)2KG 외 8개",2999.4500000000003,7030996.0
2026-02-13,현대테크,2025-09-15,151.8,5,PP12MPP12M／M10KG(황),1108.0,2116800.0
2026-02-14,(주)베스테크,2025-11-11,19.4,30,도전성밴드7.7mm*900m,281.93,8394013.0
2026-02-14,(주)한국유니콤,2025-07-03,113.0,3,PE28mm 2kgPE28M／M(백)2KG,200.0,640000.0
2026-02-14,경인산업,2025-12-04,18.4,38,"PE28mm 2kgPE28M／M(백)2KG, PP12MPP12M／M10KG(백), PP12MPP12M／M10KG(청) 외 2개",1945.23,4028111.0
2026-02-14,신광포장기계,2026-01-05,4.7,158,"PE28mm 2kgPE28M／M(백)2KG, PE28mm 2kgPE28M／M(황)2KG, PE28mm, 6KGPE28M／M(백)6KG 외 16개",6017.12,13233179.0
2026-02-15,KOMERI,2025-11-23,42.5,16,"15 x 1,000M 0.55T Yellow15x1,000M0.55T 황색, 15 x 100M 0.55T15x100M 0.55T 황색, 15 x 100M 0.55T15x100M0.55T녹색 외 6개",9545.14,26068335.0
2026-02-15,에이원코리아,2025-12-29,48.7,15,"PE28mm 2kgPE28M／M(백)2KG, PP12MPP12M／M12KG(황), 운송료운송료",1226.41,2413642.0
2026-02-15,주식회사 마크원테크,2025-12-19,29.9,16,"PP6MMPP6M／M10KG(백), 운송료",678.5,1494179.0
2026-02-15,한국포장기계,2025-12-29,16.1,46,"PE28mm 2kgPE28M／M(백)2KG, PE28mm 2kgPE28M／M(적)2KG, PE28mm 2kgPE28M／M(청)2KG 외 5개",4839.65,11765235.0
2026-02-16,(주)삼영피앤텍,2025-11-06,51.8,14,PE28mm 2kgPE28M／M(백)2KG,44.29,159429.0
2026-02-16,(주)수현물산,2025-11-24,84.6,8,PP15MPP15M／M9KG(황),10.12,243000.0
2026-02-16,(주)아이마켓코리아,2025-12-24,3.4,213,"PP11MM*13.34KG삼성경량밴드(황색)2300m*두께0.84mm단중5.8g GRS, PP11MM*13.34KG삼성경량밴드2300m*두께0.84mm단중5.8g GRS, PP18MM x 21Kg 삼성 황색2300M 포장중량 21Kg, 1롤/1pcs 포장 (황색) 외 2개",14291.08,28366635.0
2026-02-16,경인팩,2026-01-05,3.8,190,"PE28mm 2kgPE28M／M(백)2KG, PE28mm 2kgPE28M／M(적)2KG, PE28mm 2kgPE28M／M(청)2KG 외 14개",5510.5199999999995,16562146.0
2026-02-16,대상산업,2026-01-02,3.9,187,"PE28mm 2kgPE28M／M(백)2KG, PE28mm 2kgPE28M／M(적)2KG, PE28mm 2kgPE28M／M(청)2KG 외 11개",2277.29,7029671.0
2026-02-16,동원팩,2026-01-05,3.1,236,"PE28mm 2kgPE28M／M(녹)2KG, PE28mm 2kgPE28M／M(백)2KG, PE28mm 2kgPE28M／M(청)2KG 외 7개",668.02,3938701.0
2026-02-16,주식회사 동원피앤아이,2025-12-26,13.4,55,"PE 결속끈PE#50 (백) 5500m 5KG, PE28mm 2kgPE28M／M(백)2KG, PE50mm, 4.7KGPE50M／M(황)4.7KG 외 1개",53584.69,9944337.0
2026-02-16,주식회사 진도종합상사,2026-01-05,42.7,16,"PE28mm 2kgPE28M／M(백)2KG, 운송료",86.72,256139.0
2026-02-17,제일포장(김해),2025-04-08,63.1,8,"PE28mm 2kgPE28M／M(녹)2KG, PE28mm 2kgPE28M／M(백)2KG, 운송료",1215.3600000000001,3624371.0
2026-02-17,태광오토팩,2025-12-01,26.2,26,"PE28mm 2kgPE28M／M(백)2KG, PE28mm 2kgPE28M／M(청)2KG, PE28mm 2kgPE28M／M(황)2KG 외 2개",1850.52,4437283.0
2026-02-18,동서포장종합상사,2025-12-18,31.2,23,PE28mm 2kgPE28M／M(백)2KG,106.96,320783.0
2026-02-18,성신목재,2025-09-05,166.3,4,부자재마대,37.5,131250.0
2026-02-18,신광포장기계,2026-01-05,4.7,158,"PE28mm 2kgPE28M／M(백)2KG, PE28mm 2kgPE28M／M(황)2KG, PE28mm, 6KGPE28M／M(백)6KG 외 16개",6017.12,13233179.0
2026-02-18,한길포장기계,2026-01-05,22.9,33,"PE28mm 2kgPE28M／M(백)2KG, PP12MPP12M／M10KG(백), PP12MPP12M／M10KG(청) 외 3개",2366.34,4956034.0
2026-02-19,(주)아이마켓코리아,2025-12-24,3.4,213,"PP11MM*13.34KG삼성경량밴드(황색)2300m*두께0.84mm단중5.8g GRS, PP11MM*13.34KG삼성경량밴드2300m*두께0.84mm단중5.8g GRS, PP18MM x 21Kg 삼성 황색2300M 포장중량 21Kg, 1롤/1pcs 포장 (황색) 외 2개",14291.08,28366635.0
2026-02-19,경인팩,2026-01-05,3.8,190,"PE28mm 2kgPE28M／M(백)2KG, PE28mm 2kgPE28M／M(적)2KG, PE28mm 2kgPE28M／M(청)2KG 외 14개",5510.5199999999995,16562146.0
2026-02-19,금산포장,2026-01-05,15.0,45,"PE28mm 2kgPE28M／M(백)2KG, PE28mm, 6KGPE28M／M(백)6KG, PP12MPP12M／M10KG(투명) 외 2개",1071.8500000000001,2573952.0
2026-02-19,대상산업,2026-01-02,3.9,187,"PE28mm 2kgPE28M／M(백)2KG, PE28mm 2kgPE28M／M(적)2KG, PE28mm 2kgPE28M／M(청)2KG 외 11개",2277.29,7029671.0
2026-02-19,대화수지공업(주),2025-09-29,13.7,13,"PE원료LLD PE, PE원료LLDPE 재생투명, PE원료재생원료",66677.0,78634597.0
2026-02-19,동원팩,2026-01-05,3.1,236,"PE28mm 2kgPE28M／M(녹)2KG, PE28mm 2kgPE28M／M(백)2KG, PE28mm 2kgPE28M／M(청)2KG 외 7개",668.02,3938701.0
2026-02-19,주식회사 에이스팩,2024-08-08,16.2,13,"스트레치필름(일반 기계랩)18*500mm*2000m, 스트레치필름(일반 기계랩)25*500mm*1400m, 스트레치필름(일반 핸드랩)18*500mm*350m 외 2개",93.24,2832600.0
2026-02-19,주신산업,2026-01-05,9.3,79,"PE28mm 2kgPE28M／M(백)2KG, PP12MPP12M／M10KG(황), 운송료택배비",750.0799999999999,1575293.0
2026-02-19,진송팩,2026-01-02,6.4,116,"PE28mm 2kgPE28M／M(녹)2KG, PE28mm 2kgPE28M／M(백)2KG, PE28mm 2kgPE28M／M(적)2KG 외 8개",2999.4500000000003,7030996.0
2026-02-20,주)대성씨앤씨,2025-12-22,12.0,61,"PP12MPP12M／M10KG(백), PP12MPP12M／M10KG(황), PP5MMx7000Mx0.5T 11.4kg 백색core 200x8T OD400 롤랩핑 400*200 외 4개",2049.7,8922062.0
2026-02-21,(주)낙원포장,2025-12-23,12.6,58,"PE15MPP15M／M10KG, PE28mm 2kgPE28M／M(백)2KG, PP10.5MPP10.5M10KG(청) 외 6개",7870.610000000001,15670636.0
2026-02-21,신우교역,2025-07-18,109.4,6,PP12MPP12M／M10KG(황),1000.0,2300000.0
2026-02-21,전주삼신산업,2025-12-29,9.9,74,"PE28mm 2kgPE28M／M(백)2KG, PE28mm 2kgPE28M／M(청)2KG, PP12MPP12M／M10KG(황) 외 5개",1214.31,2861475.0
2026-02-21,주식회사 되살림패키지,2025-10-16,128.7,4,PP12MPP12M／M10KG(백),320.0,768000.0
2026-02-22,(주)금성칼라팩,2025-11-24,90.0,8,PP7MPP7M10KG백색,1260.0,2961000.0
2026-02-22,(주)아이마켓코리아,2025-12-24,3.4,213,"PP11MM*13.34KG삼성경량밴드(황색)2300m*두께0.84mm단중5.8g GRS, PP11MM*13.34KG삼성경량밴드2300m*두께0.84mm단중5.8g GRS, PP18MM x 21Kg 삼성 황색2300M 포장중량 21Kg, 1롤/1pcs 포장 (황색) 외 2개",14291.08,28366635.0
2026-02-22,경인팩,2026-01-05,3.8,190,"PE28mm 2kgPE28M／M(백)2KG, PE28mm 2kgPE28M／M(적)2KG, PE28mm 2kgPE28M／M(청)2KG 외 14개",5510.5199999999995,16562146.0
2026-02-22,대상산업,2026-01-02,3.9,187,"PE28mm 2kgPE28M／M(백)2KG, PE28mm 2kgPE28M／M(적)2KG, PE28mm 2kgPE28M／M(청)2KG 외 11개",2277.29,7029671.0
2026-02-22,동원팩,2026-01-05,3.1,236,"PE28mm 2kgPE28M／M(녹)2KG, PE28mm 2kgPE28M／M(백)2KG, PE28mm 2kgPE28M／M(청)2KG 외 7개",668.02,3938701.0
2026-02-22,민건 이에이,2025-12-24,30.2,24,PP12MPP12M／M10KG(백),702.08,1488417.0
2026-02-22,신광포장기계,2026-01-05,4.7,158,"PE28mm 2kgPE28M／M(백)2KG, PE28mm 2kgPE28M／M(황)2KG, PE28mm, 6KGPE28M／M(백)6KG 외 16개",6017.12,13233179.0
2026-02-22,주식회사 대한종합포장,2025-11-24,18.3,38,"PP12MPP12M／M10KG(백), PP5MMx7000Mx0.5T 백색, 스트레치필름(기능 기계랩)15*500mm*1700m 외 2개",447.06,5345675.0
2026-02-22,합동포장기계,2026-01-05,16.7,45,"PE28mm 2kgPE28M／M(백)2KG, PE28mm 2kgPE28M／M(청)2KG, PP12MPP12M／M10KG(백) 외 11개",4790.71,11879932.0
2026-02-23,삼원산업,2025-12-31,54.2,14,"PP12MPP12M／M10KG(황), PP12MPP12M／M12KG(투명), PP12MPP12M／M12KG(황) 외 2개",3536.1099999999997,6888611.0
2026-02-23,서울상사,2025-12-19,33.8,22,"PP12MPP12M／M10KG(투명), PP12MPP12M／M10KG(황), PP15MPP15MM*10KG(황색) 외 4개",2726.66,5322667.0
2026-02-23,평원산업,2025-10-24,122.4,6,"PP18MPP18M／M10KG(백), PP18MPP18M／M10KG(황)",1155.0,3230000.0
2026-02-24,우선산업,2025-12-26,15.8,46,"PE28mm 2kgPE28M／M(백)2KG, PE50mm, 4.5KGPE50M／M(백)4.5KG, PE50mm, 4.7KGPE50M／M(백)4.7KG 외 1개",3502.0,7082525.0
2026-02-24,주식회사 광림파워팩,2025-12-31,11.4,64,"PE28mm 2kgPE28M／M(백)2KG, PP12MPP12M／M10KG(황), PP12MPP12M／M12.5KG (황) 외 8개",6870.24,14245264.0
2026-02-24,파워엠팩,2025-07-23,18.3,32,"PP10.5MPP10.5M10KG(청), PP10.5MPP10.5M10KG투명, PP12MPP12M／M10KG(백) 외 5개",4589.52,9635060.0
2026-02-24,호성수출포장,2025-10-31,58.5,12,"PE28mm 2kgPE28M／M(백)2KG, 스트레치필름(일반 핸드랩 20)20*500mm*350m",408.0,1735200.0
2026-02-25,(주)아이마켓코리아,2025-12-24,3.4,213,"PP11MM*13.34KG삼성경량밴드(황색)2300m*두께0.84mm단중5.8g GRS, PP11MM*13.34KG삼성경량밴드2300m*두께0.84mm단중5.8g GRS, PP18MM x 21Kg 삼성 황색2300M 포장중량 21Kg, 1롤/1pcs 포장 (황색) 외 2개",14291.08,28366635.0
2026-02-25,경인팩,2026-01-05,3.8,190,"PE28mm 2kgPE28M／M(백)2KG, PE28mm 2kgPE28M／M(적)2KG, PE28mm 2kgPE28M／M(청)2KG 외 14개",5510.5199999999995,16562146.0
2026-02-25,대상산업,2026-01-02,3.9,187,"PE28mm 2kgPE28M／M(백)2KG, PE28mm 2kgPE28M／M(적)2KG, PE28mm 2kgPE28M／M(청)2KG 외 11개",2277.29,7029671.0
2026-02-25,동원팩,2026-01-05,3.1,236,"PE28mm 2kgPE28M／M(녹)2KG, PE28mm 2kgPE28M／M(백)2KG, PE28mm 2kgPE28M／M(청)2KG 외 7개",668.02,3938701.0
2026-02-25,진송팩,2026-01-02,6.4,116,"PE28mm 2kgPE28M／M(녹)2KG, PE28mm 2kgPE28M／M(백)2KG, PE28mm 2kgPE28M／M(적)2KG 외 8개",2999.4500000000003,7030996.0
2026-02-26,(주)스피드랩코리아,2026-01-05,26.1,29,"PP6MMPP6M／M10KG(백), 운송료",635.39,1393750.0
2026-02-26,서흥포장 주식회사,2025-12-10,26.5,27,"PP12MPP12M／M10KG(황), PP7MPP7M10KG백색, 스트레치필름(특수기능형)15*500*400",309.12,918890.0
2026-02-26,신광포장기계,2026-01-05,4.7,158,"PE28mm 2kgPE28M／M(백)2KG, PE28mm 2kgPE28M／M(황)2KG, PE28mm, 6KGPE28M／M(백)6KG 외 16개",6017.12,13233179.0
2026-02-26,한남포장기계,2025-12-16,18.3,39,"PE28mm 2kgPE28M／M(백)2KG, PP12MPP12MM / 9.5KG(황), PP12MPP12M／M9KG(황)",2504.96,5711779.0
2026-02-27,(주)진송팩,2025-11-11,18.7,4,"PP18MPP18M／M10KG(황), 운송료",197.0,413900.0
2026-02-27,강원농협연합포장재가공사업소,2025-11-17,34.0,18,PP12MPP12M／M12.5KG (황),3348.21,6195536.0
2026-02-27,제이케이머티리얼즈(주)/순성공장,2025-12-26,21.2,35,"PET 16MMPET 16mm x 0.8T x 1200m Embossed (반투명 녹색), PP18MPP18M／M10KG(황)",1175.33,2874963.0
2026-02-27,천일포장산업,2025-12-01,22.5,32,"PE28mm 2kgPE28M／M(백)2KG, PE28mm, 6KGPE28M／M(백)6KG, PP6MMPP6M／M10KG(백)",3126.29,7358497.0
2026-02-28,(주)아이마켓코리아,2025-12-24,3.4,213,"PP11MM*13.34KG삼성경량밴드(황색)2300m*두께0.84mm단중5.8g GRS, PP11MM*13.34KG삼성경량밴드2300m*두께0.84mm단중5.8g GRS, PP18MM x 21Kg 삼성 황색2300M 포장중량 21Kg, 1롤/1pcs 포장 (황색) 외 2개",14291.08,28366635.0
2026-02-28,경인팩,2026-01-05,3.8,190,"PE28mm 2kgPE28M／M(백)2KG, PE28mm 2kgPE28M／M(적)2KG, PE28mm 2kgPE28M／M(청)2KG 외 14개",5510.5199999999995,16562146.0
2026-02-28,대상산업,2026-01-02,3.9,187,"PE28mm 2kgPE28M／M(백)2KG, PE28mm 2kgPE28M／M(적)2KG, PE28mm 2kgPE28M／M(청)2KG 외 11개",2277.29,7029671.0
2026-02-28,동원팩,2026-01-05,3.1,236,"PE28mm 2kgPE28M／M(녹)2KG, PE28mm 2kgPE28M／M(백)2KG, PE28mm 2kgPE28M／M(청)2KG 외 7개",668.02,3938701.0
2026-02-28,주신산업,2026-01-05,9.3,79,"PE28mm 2kgPE28M／M(백)2KG, PP12MPP12M／M10KG(황), 운송료택배비",750.0799999999999,1575293.0
2026-03-01,세움패키지(SEUMPKG),2025-12-16,25.6,28,"PE 결속끈PE#50 (백) 5500m 5KG, PE28mm 2kgPE28M／M(백)2KG, PP12MPP12M／M10KG(황) 외 5개",2818.1,6986669.0
2026-03-01,주식회사 동원피앤아이,2025-12-26,13.4,55,"PE 결속끈PE#50 (백) 5500m 5KG, PE28mm 2kgPE28M／M(백)2KG, PE50mm, 4.7KGPE50M／M(황)4.7KG 외 1개",53584.69,9944337.0
2026-03-01,주식회사청아판지팩,2025-09-25,157.5,5,PE28mm 2kgPE28M／M(백)2KG,168.0,520800.0
2026-03-02,(주)더담패키지,2025-11-13,109.6,6,PP7MPP7M10KG백색,500.0,1175000.0
2026-03-02,삼보팩,2025-01-16,82.0,5,PP12MPP12M／M10KG(황),283.33,623333.0
2026-03-02,신광포장기계,2026-01-05,4.7,158,"PE28mm 2kgPE28M／M(백)2KG, PE28mm 2kgPE28M／M(황)2KG, PE28mm, 6KGPE28M／M(백)6KG 외 16개",6017.12,13233179.0
2026-03-02,전주삼신산업,2025-12-29,9.9,74,"PE28mm 2kgPE28M／M(백)2KG, PE28mm 2kgPE28M／M(청)2KG, PP12MPP12M／M10KG(황) 외 5개",1214.31,2861475.0
2026-03-03,(주)아이마켓코리아,2025-12-24,3.4,213,"PP11MM*13.34KG삼성경량밴드(황색)2300m*두께0.84mm단중5.8g GRS, PP11MM*13.34KG삼성경량밴드2300m*두께0.84mm단중5.8g GRS, PP18MM x 21Kg 삼성 황색2300M 포장중량 21Kg, 1롤/1pcs 포장 (황색) 외 2개",14291.08,28366635.0
2026-03-03,경인팩,2026-01-05,3.8,190,"PE28mm 2kgPE28M／M(백)2KG, PE28mm 2kgPE28M／M(적)2KG, PE28mm 2kgPE28M／M(청)2KG 외 14개",5510.5199999999995,16562146.0
2026-03-03,대상산업,2026-01-02,3.9,187,"PE28mm 2kgPE28M／M(백)2KG, PE28mm 2kgPE28M／M(적)2KG, PE28mm 2kgPE28M／M(청)2KG 외 11개",2277.29,7029671.0
2026-03-03,동원팩,2026-01-05,3.1,236,"PE28mm 2kgPE28M／M(녹)2KG, PE28mm 2kgPE28M／M(백)2KG, PE28mm 2kgPE28M／M(청)2KG 외 7개",668.02,3938701.0
2026-03-03,진송팩,2026-01-02,6.4,116,"PE28mm 2kgPE28M／M(녹)2KG, PE28mm 2kgPE28M／M(백)2KG, PE28mm 2kgPE28M／M(적)2KG 외 8개",2999.4500000000003,7030996.0
2026-03-03,한국포장기계,2025-12-29,16.1,46,"PE28mm 2kgPE28M／M(백)2KG, PE28mm 2kgPE28M／M(적)2KG, PE28mm 2kgPE28M／M(청)2KG 외 5개",4839.65,11765235.0
2026-03-04,경인산업,2025-12-04,18.4,38,"PE28mm 2kgPE28M／M(백)2KG, PP12MPP12M／M10KG(백), PP12MPP12M／M10KG(청) 외 2개",1945.23,4028111.0
2026-03-04,대화수지공업(주),2025-09-29,13.7,13,"PE원료LLD PE, PE원료LLDPE 재생투명, PE원료재생원료",66677.0,78634597.0
2026-03-04,주)대성씨앤씨,2025-12-22,12.0,61,"PP12MPP12M／M10KG(백), PP12MPP12M／M10KG(황), PP5MMx7000Mx0.5T 11.4kg 백색core 200x8T OD400 롤랩핑 400*200 외 4개",2049.7,8922062.0
2026-03-05,(주)낙원포장,2025-12-23,12.6,58,"PE15MPP15M／M10KG, PE28mm 2kgPE28M／M(백)2KG, PP10.5MPP10.5M10KG(청) 외 6개",7870.610000000001,15670636.0
2026-03-05,(주)베스테크,2025-11-11,19.4,30,도전성밴드7.7mm*900m,281.93,8394013.0
2026-03-05,(주)한주,2024-10-15,23.9,13,"PP15MM*17.5kg 삼성 recycle2194M두께1.0mm단중7.6g Clear, PP18MM*21kg 삼성 recycle2300M두께0.80mm단중8.8g Clear, 삼성 코드: 6922-00001(황색) PP18MMx 2300M 포장중량 21Kg, 1롤/1pcs 포장,",21823.96,37912978.0
2026-03-05,광림포장기계,2025-12-31,32.9,23,"PP12MPP12M／M10KG(황), PP12MPP12M／M12.5KG (황), PP12MPP12mm*0.72T*2800m 12.5KG(투명) 외 6개",5447.27,10710986.0
2026-03-06,(주)거성씨푸드,2025-02-21,126.3,4,"PP15MPP15MM*10KG(황색), PP15MPP15M／M10KG(투명)",262.5,622500.0
2026-03-06,(주)아이마켓코리아,2025-12-24,3.4,213,"PP11MM*13.34KG삼성경량밴드(황색)2300m*두께0.84mm단중5.8g GRS, PP11MM*13.34KG삼성경량밴드2300m*두께0.84mm단중5.8g GRS, PP18MM x 21Kg 삼성 황색2300M 포장중량 21Kg, 1롤/1pcs 포장 (황색) 외 2개",14291.08,28366635.0
2026-03-06,경인팩,2026-01-05,3.8,190,"PE28mm 2kgPE28M／M(백)2KG, PE28mm 2kgPE28M／M(적)2KG, PE28mm 2kgPE28M／M(청)2KG 외 14개",5510.5199999999995,16562146.0
2026-03-06,금산포장,2026-01-05,15.0,45,"PE28mm 2kgPE28M／M(백)2KG, PE28mm, 6KGPE28M／M(백)6KG, PP12MPP12M／M10KG(투명) 외 2개",1071.8500000000001,2573952.0
2026-03-06,대상산업,2026-01-02,3.9,187,"PE28mm 2kgPE28M／M(백)2KG, PE28mm 2kgPE28M／M(적)2KG, PE28mm 2kgPE28M／M(청)2KG 외 11개",2277.29,7029671.0
2026-03-06,동원팩,2026-01-05,3.1,236,"PE28mm 2kgPE28M／M(녹)2KG, PE28mm 2kgPE28M／M(백)2KG, PE28mm 2kgPE28M／M(청)2KG 외 7개",668.02,3938701.0
2026-03-06,신광포장기계,2026-01-05,4.7,158,"PE28mm 2kgPE28M／M(백)2KG, PE28mm 2kgPE28M／M(황)2KG, PE28mm, 6KGPE28M／M(백)6KG 외 16개",6017.12,13233179.0
2026-03-07,(주)디앤푸드,2025-02-04,99.0,5,스트레치필름(일반 기계랩)20*500mm*1400m,30.0,990000.0
2026-03-07,대전인재사,2025-10-17,141.0,5,"스트레치필름(일반 핸드랩 20)20*500mm*350m, 운송료",65.0,2146000.0
2026-03-07,주식회사 광림파워팩,2025-12-31,11.4,64,"PE28mm 2kgPE28M／M(백)2KG, PP12MPP12M／M10KG(황), PP12MPP12M／M12.5KG (황) 외 8개",6870.24,14245264.0
2026-03-07,주식회사 에이스팩,2024-08-08,16.2,13,"스트레치필름(일반 기계랩)18*500mm*2000m, 스트레치필름(일반 기계랩)25*500mm*1400m, 스트레치필름(일반 핸드랩)18*500mm*350m 외 2개",93.24,2832600.0
2026-03-08,대흥수출포장,2026-01-05,31.8,24,PE28mm 2kgPE28M／M(백)2KG,101.74,295043.0
2026-03-09,(주)아이마켓코리아,2025-12-24,3.4,213,"PP11MM*13.34KG삼성경량밴드(황색)2300m*두께0.84mm단중5.8g GRS, PP11MM*13.34KG삼성경량밴드2300m*두께0.84mm단중5.8g GRS, PP18MM x 21Kg 삼성 황색2300M 포장중량 21Kg, 1롤/1pcs 포장 (황색) 외 2개",14291.08,28366635.0
2026-03-09,경인팩,2026-01-05,3.8,190,"PE28mm 2kgPE28M／M(백)2KG, PE28mm 2kgPE28M／M(적)2KG, PE28mm 2kgPE28M／M(청)2KG 외 14개",5510.5199999999995,16562146.0
2026-03-09,대상산업,2026-01-02,3.9,187,"PE28mm 2kgPE28M／M(백)2KG, PE28mm 2kgPE28M／M(적)2KG, PE28mm 2kgPE28M／M(청)2KG 외 11개",2277.29,7029671.0
2026-03-09,동원팩,2026-01-05,3.1,236,"PE28mm 2kgPE28M／M(녹)2KG, PE28mm 2kgPE28M／M(백)2KG, PE28mm 2kgPE28M／M(청)2KG 외 7개",668.02,3938701.0
2026-03-09,주신산업,2026-01-05,9.3,79,"PE28mm 2kgPE28M／M(백)2KG, PP12MPP12M／M10KG(황), 운송료택배비",750.0799999999999,1575293.0
2026-03-09,진송팩,2026-01-02,6.4,116,"PE28mm 2kgPE28M／M(녹)2KG, PE28mm 2kgPE28M／M(백)2KG, PE28mm 2kgPE28M／M(적)2KG 외 8개",2999.4500000000003,7030996.0
2026-03-10,신광포장기계,2026-01-05,4.7,158,"PE28mm 2kgPE28M／M(백)2KG, PE28mm 2kgPE28M／M(황)2KG, PE28mm, 6KGPE28M／M(백)6KG 외 16개",6017.12,13233179.0
2026-03-10,합동포장기계,2026-01-05,16.7,45,"PE28mm 2kgPE28M／M(백)2KG, PE28mm 2kgPE28M／M(청)2KG, PP12MPP12M／M10KG(백) 외 11개",4790.71,11879932.0
2026-03-11,(주)영화수출포장 김포공장,2025-05-21,42.0,3,PE 결속끈PE#50 (백) 5500m 5KG,400.0,1180000.0
2026-03-11,박스컴퍼니(주),2024-10-30,71.2,5,PP7MPP7M10KG백색,560.0,1428000.0
2026-03-11,상일교역상사,2025-08-13,105.4,6,"12 x 1,707M 0.78T12x1,707M 0.78T 백색, 12 x 3,017M 0.55T12x3,017M 0.55T 백색",15326.52,40353500.0
2026-03-11,세림산업사,2025-12-17,84.0,4,PP원료 (검정),3600.0,2520000.0
2026-03-11,신대한판지(주),2024-08-12,32.2,7,"PP12MPP12M／M10KG(녹), PP12MPP12M／M10KG(백), PP9MMPP9M／M9.5KG(백색)",1497.5,3627100.0
2026-03-11,연화수출포장,2025-12-31,35.1,19,"PP15MPP15M／M10 (청색), PP15MPP15M／M10KG(투명), 운송료",803.5,1835397.0
2026-03-11,우선산업,2025-12-26,15.8,46,"PE28mm 2kgPE28M／M(백)2KG, PE50mm, 4.5KGPE50M／M(백)4.5KG, PE50mm, 4.7KGPE50M／M(백)4.7KG 외 1개",3502.0,7082525.0
2026-03-11,전주삼신산업,2025-12-29,9.9,74,"PE28mm 2kgPE28M／M(백)2KG, PE28mm 2kgPE28M／M(청)2KG, PP12MPP12M／M10KG(황) 외 5개",1214.31,2861475.0
2026-03-12,(주)아이마켓코리아,2025-12-24,3.4,213,"PP11MM*13.34KG삼성경량밴드(황색)2300m*두께0.84mm단중5.8g GRS, PP11MM*13.34KG삼성경량밴드2300m*두께0.84mm단중5.8g GRS, PP18MM x 21Kg 삼성 황색2300M 포장중량 21Kg, 1롤/1pcs 포장 (황색) 외 2개",14291.08,28366635.0
2026-03-12,경인팩,2026-01-05,3.8,190,"PE28mm 2kgPE28M／M(백)2KG, PE28mm 2kgPE28M／M(적)2KG, PE28mm 2kgPE28M／M(청)2KG 외 14개",5510.5199999999995,16562146.0
2026-03-12,대상산업,2026-01-02,3.9,187,"PE28mm 2kgPE28M／M(백)2KG, PE28mm 2kgPE28M／M(적)2KG, PE28mm 2kgPE28M／M(청)2KG 외 11개",2277.29,7029671.0
2026-03-12,대성포장기계,2025-06-17,134.3,4,"PE28mm, 6KGPE28M／M(백)6KG",30.0,96000.0
2026-03-12,동원팩,2026-01-05,3.1,236,"PE28mm 2kgPE28M／M(녹)2KG, PE28mm 2kgPE28M／M(백)2KG, PE28mm 2kgPE28M／M(청)2KG 외 7개",668.02,3938701.0
2026-03-12,주식회사 대한종합포장,2025-11-24,18.3,38,"PP12MPP12M／M10KG(백), PP5MMx7000Mx0.5T 백색, 스트레치필름(기능 기계랩)15*500mm*1700m 외 2개",447.06,5345675.0
2026-03-12,한길포장기계,2026-01-05,22.9,33,"PE28mm 2kgPE28M／M(백)2KG, PP12MPP12M／M10KG(백), PP12MPP12M／M10KG(청) 외 3개",2366.34,4956034.0
2026-03-13,(주)남영판지,2024-07-09,68.5,3,PP12MPP12M／M10KG(황),650.0,1430000.0
2026-03-14,신광포장기계,2026-01-05,4.7,158,"PE28mm 2kgPE28M／M(백)2KG, PE28mm 2kgPE28M／M(황)2KG, PE28mm, 6KGPE28M／M(백)6KG 외 16개",6017.12,13233179.0
2026-03-14,주식회사 동원피앤아이,2025-12-26,13.4,55,"PE 결속끈PE#50 (백) 5500m 5KG, PE28mm 2kgPE28M／M(백)2KG, PE50mm, 4.7KGPE50M／M(황)4.7KG 외 1개",53584.69,9944337.0
2026-03-14,파워엠팩,2025-07-23,18.3,32,"PP10.5MPP10.5M10KG(청), PP10.5MPP10.5M10KG투명, PP12MPP12M／M10KG(백) 외 5개",4589.52,9635060.0
2026-03-15,(주)아이마켓코리아,2025-12-24,3.4,213,"PP11MM*13.34KG삼성경량밴드(황색)2300m*두께0.84mm단중5.8g GRS, PP11MM*13.34KG삼성경량밴드2300m*두께0.84mm단중5.8g GRS, PP18MM x 21Kg 삼성 황색2300M 포장중량 21Kg, 1롤/1pcs 포장 (황색) 외 2개",14291.08,28366635.0
2026-03-15,경인팩,2026-01-05,3.8,190,"PE28mm 2kgPE28M／M(백)2KG, PE28mm 2kgPE28M／M(적)2KG, PE28mm 2kgPE28M／M(청)2KG 외 14개",5510.5199999999995,16562146.0
2026-03-15,다금마대,2025-12-29,38.4,19,마대,236.79,544616.0
2026-03-15,대상산업,2026-01-02,3.9,187,"PE28mm 2kgPE28M／M(백)2KG, PE28mm 2kgPE28M／M(적)2KG, PE28mm 2kgPE28M／M(청)2KG 외 11개",2277.29,7029671.0
2026-03-15,동방포장기자재,2025-11-24,37.9,18,"PP12MPP12M／M10KG(황), PP12MPP12M／M12KG(적색), PP15MPP15MM*10KG(황색)",2230.6400000000003,4474281.0
2026-03-15,동원팩,2026-01-05,3.1,236,"PE28mm 2kgPE28M／M(녹)2KG, PE28mm 2kgPE28M／M(백)2KG, PE28mm 2kgPE28M／M(청)2KG 외 7개",668.02,3938701.0
2026-03-15,진송팩,2026-01-02,6.4,116,"PE28mm 2kgPE28M／M(녹)2KG, PE28mm 2kgPE28M／M(백)2KG, PE28mm 2kgPE28M／M(적)2KG 외 8개",2999.4500000000003,7030996.0
2026-03-15,태광오토팩,2025-12-01,26.2,26,"PE28mm 2kgPE28M／M(백)2KG, PE28mm 2kgPE28M／M(청)2KG, PE28mm 2kgPE28M／M(황)2KG 외 2개",1850.52,4437283.0
2026-03-16,주)대성씨앤씨,2025-12-22,12.0,61,"PP12MPP12M／M10KG(백), PP12MPP12M／M10KG(황), PP5MMx7000Mx0.5T 11.4kg 백색core 200x8T OD400 롤랩핑 400*200 외 4개",2049.7,8922062.0
2026-03-16,주식회사 마크원테크,2025-12-19,29.9,16,"PP6MMPP6M／M10KG(백), 운송료",678.5,1494179.0
2026-03-16,"주식회사 오비아이(OBI co.,Ltd.)",2025-11-04,66.3,11,"PE28mm 2kgPE28M／M(백)2KG, PP8MPP8M／M10KG(백)",230.0,653000.0
2026-03-16,한남포장기계,2025-12-16,18.3,39,"PE28mm 2kgPE28M／M(백)2KG, PP12MPP12MM / 9.5KG(황), PP12MPP12M／M9KG(황)",2504.96,5711779.0
2026-03-17,(주)낙원포장,2025-12-23,12.6,58,"PE15MPP15M／M10KG, PE28mm 2kgPE28M／M(백)2KG, PP10.5MPP10.5M10KG(청) 외 6개",7870.610000000001,15670636.0
2026-03-17,(주)진송팩,2025-11-11,18.7,4,"PP18MPP18M／M10KG(황), 운송료",197.0,413900.0
2026-03-17,대화수지공업(주),2025-09-29,13.7,13,"PE원료LLD PE, PE원료LLDPE 재생투명, PE원료재생원료",66677.0,78634597.0
2026-03-18,(주)아이마켓코리아,2025-12-24,3.4,213,"PP11MM*13.34KG삼성경량밴드(황색)2300m*두께0.84mm단중5.8g GRS, PP11MM*13.34KG삼성경량밴드2300m*두께0.84mm단중5.8g GRS, PP18MM x 21Kg 삼성 황색2300M 포장중량 21Kg, 1롤/1pcs 포장 (황색) 외 2개",14291.08,28366635.0
2026-03-18,(주)탐스텍,2025-12-29,79.0,10,"12 x 3,000M 0.60T12x3,000M0.60TBLUE, 15 x 1,000M 1.0T H/D Yellow w/paper core15 x 1,000M 1.0T H/D Yellow w/paper core, 15 x 2,000M 0.50T15 x 2,000M 0.50T 청색 외 1개",7195.65,14636160.0
2026-03-18,경인팩,2026-01-05,3.8,190,"PE28mm 2kgPE28M／M(백)2KG, PE28mm 2kgPE28M／M(적)2KG, PE28mm 2kgPE28M／M(청)2KG 외 14개",5510.5199999999995,16562146.0
2026-03-18,대상산업,2026-01-02,3.9,187,"PE28mm 2kgPE28M／M(백)2KG, PE28mm 2kgPE28M／M(적)2KG, PE28mm 2kgPE28M／M(청)2KG 외 11개",2277.29,7029671.0
2026-03-18,동원팩,2026-01-05,3.1,236,"PE28mm 2kgPE28M／M(녹)2KG, PE28mm 2kgPE28M／M(백)2KG, PE28mm 2kgPE28M／M(청)2KG 외 7개",668.02,3938701.0
2026-03-18,신광포장기계,2026-01-05,4.7,158,"PE28mm 2kgPE28M／M(백)2KG, PE28mm 2kgPE28M／M(황)2KG, PE28mm, 6KGPE28M／M(백)6KG 외 16개",6017.12,13233179.0
2026-03-18,주식회사 광림파워팩,2025-12-31,11.4,64,"PE28mm 2kgPE28M／M(백)2KG, PP12MPP12M／M10KG(황), PP12MPP12M／M12.5KG (황) 외 8개",6870.24,14245264.0
2026-03-18,주신산업,2026-01-05,9.3,79,"PE28mm 2kgPE28M／M(백)2KG, PP12MPP12M／M10KG(황), 운송료택배비",750.0799999999999,1575293.0
2026-03-19,파코팩(PACO PACK),2024-09-05,40.8,7,"PE 결속끈PE#50 (백) 5500m 5KG, PE28mm 2kgPE28M／M(백)2KG, PE50mm, 5KGPE50M／M(황)5KG",2226.67,6146667.0
2026-03-19,하영종합상사,2025-09-29,57.3,11,"PE28mm 2kgPE28M／M(백)2KG, 운송료",115.09,370036.0
2026-03-19,한국포장기계,2025-12-29,16.1,46,"PE28mm 2kgPE28M／M(백)2KG, PE28mm 2kgPE28M／M(적)2KG, PE28mm 2kgPE28M／M(청)2KG 외 5개",4839.65,11765235.0
2026-03-20,(주)대일상사 (전주),2024-09-20,91.5,3,PE28mm 2kgPE28M／M(백)2KG,80.0,264000.0
2026-03-20,전주삼신산업,2025-12-29,9.9,74,"PE28mm 2kgPE28M／M(백)2KG, PE28mm 2kgPE28M／M(청)2KG, PP12MPP12M／M10KG(황) 외 5개",1214.31,2861475.0
2026-03-20,제이케이머티리얼즈(주)/순성공장,2025-12-26,21.2,35,"PET 16MMPET 16mm x 0.8T x 1200m Embossed (반투명 녹색), PP18MPP18M／M10KG(황)",1175.33,2874963.0
2026-03-20,주식회사 고양물산,2025-12-05,105.2,7,마대,274.57,631514.0
2026-03-21,(주)아이마켓코리아,2025-12-24,3.4,213,"PP11MM*13.34KG삼성경량밴드(황색)2300m*두께0.84mm단중5.8g GRS, PP11MM*13.34KG삼성경량밴드2300m*두께0.84mm단중5.8g GRS, PP18MM x 21Kg 삼성 황색2300M 포장중량 21Kg, 1롤/1pcs 포장 (황색) 외 2개",14291.08,28366635.0
2026-03-21,TIGERPAK PACKAGING,2025-12-25,43.9,17,"12 x 2,800M 0.55T12 x 2,800M 0.55T 검정, 12 x 2800M 0.55T12 x 2800M 0.55T BLACK, 12 x 2800M 0.60T12 x 2800M 0.60T BLACK 외 11개",50436.18,113594139.0
2026-03-21,경인팩,2026-01-05,3.8,190,"PE28mm 2kgPE28M／M(백)2KG, PE28mm 2kgPE28M／M(적)2KG, PE28mm 2kgPE28M／M(청)2KG 외 14개",5510.5199999999995,16562146.0
2026-03-21,금산포장,2026-01-05,15.0,45,"PE28mm 2kgPE28M／M(백)2KG, PE28mm, 6KGPE28M／M(백)6KG, PP12MPP12M／M10KG(투명) 외 2개",1071.8500000000001,2573952.0
2026-03-21,대상산업,2026-01-02,3.9,187,"PE28mm 2kgPE28M／M(백)2KG, PE28mm 2kgPE28M／M(적)2KG, PE28mm 2kgPE28M／M(청)2KG 외 11개",2277.29,7029671.0
2026-03-21,동서포장종합상사,2025-12-18,31.2,23,PE28mm 2kgPE28M／M(백)2KG,106.96,320783.0
2026-03-21,동원팩,2026-01-05,3.1,236,"PE28mm 2kgPE28M／M(녹)2KG, PE28mm 2kgPE28M／M(백)2KG, PE28mm 2kgPE28M／M(청)2KG 외 7개",668.02,3938701.0
2026-03-21,진송팩,2026-01-02,6.4,116,"PE28mm 2kgPE28M／M(녹)2KG, PE28mm 2kgPE28M／M(백)2KG, PE28mm 2kgPE28M／M(적)2KG 외 8개",2999.4500000000003,7030996.0
2026-03-21,천일포장산업,2025-12-01,22.5,32,"PE28mm 2kgPE28M／M(백)2KG, PE28mm, 6KGPE28M／M(백)6KG, PP6MMPP6M／M10KG(백)",3126.29,7358497.0
2026-03-21,피앤비,2025-11-06,45.6,15,"PP12MPP12M／M10KG(백), PP7MPP7M10KG백색",923.0,2122900.0
2026-03-22,경인산업,2025-12-04,18.4,38,"PE28mm 2kgPE28M／M(백)2KG, PP12MPP12M／M10KG(백), PP12MPP12M／M10KG(청) 외 2개",1945.23,4028111.0
2026-03-22,신광포장기계,2026-01-05,4.7,158,"PE28mm 2kgPE28M／M(백)2KG, PE28mm 2kgPE28M／M(황)2KG, PE28mm, 6KGPE28M／M(백)6KG 외 16개",6017.12,13233179.0
2026-03-22,주식회사 대원포장기계,2025-12-01,37.3,19,PE28mm 2kgPE28M／M(백)2KG,400.0,1160000.0
2026-03-23,신화티에스,2024-10-07,76.3,4,PP15MPP15MM*10KG(황색),500.0,1000000.0
2026-03-23,주식회사 에이스팩,2024-08-08,16.2,13,"스트레치필름(일반 기계랩)18*500mm*2000m, 스트레치필름(일반 기계랩)25*500mm*1400m, 스트레치필름(일반 핸드랩)18*500mm*350m 외 2개",93.24,2832600.0
2026-03-24,(주)베스테크,2025-11-11,19.4,30,도전성밴드7.7mm*900m,281.93,8394013.0
2026-03-24,(주)스피드랩코리아,2026-01-05,26.1,29,"PP6MMPP6M／M10KG(백), 운송료",635.39,1393750.0
2026-03-24,(주)아이마켓코리아,2025-12-24,3.4,213,"PP11MM*13.34KG삼성경량밴드(황색)2300m*두께0.84mm단중5.8g GRS, PP11MM*13.34KG삼성경량밴드2300m*두께0.84mm단중5.8g GRS, PP18MM x 21Kg 삼성 황색2300M 포장중량 21Kg, 1롤/1pcs 포장 (황색) 외 2개",14291.08,28366635.0
2026-03-24,경인팩,2026-01-05,3.8,190,"PE28mm 2kgPE28M／M(백)2KG, PE28mm 2kgPE28M／M(적)2KG, PE28mm 2kgPE28M／M(청)2KG 외 14개",5510.5199999999995,16562146.0
2026-03-24,대상산업,2026-01-02,3.9,187,"PE28mm 2kgPE28M／M(백)2KG, PE28mm 2kgPE28M／M(적)2KG, PE28mm 2kgPE28M／M(청)2KG 외 11개",2277.29,7029671.0
2026-03-24,동원팩,2026-01-05,3.1,236,"PE28mm 2kgPE28M／M(녹)2KG, PE28mm 2kgPE28M／M(백)2KG, PE28mm 2kgPE28M／M(청)2KG 외 7개",668.02,3938701.0
2026-03-24,민건 이에이,2025-12-24,30.2,24,PP12MPP12M／M10KG(백),702.08,1488417.0
2026-03-24,서흥포장 주식회사,2025-12-10,26.5,27,"PP12MPP12M／M10KG(황), PP7MPP7M10KG백색, 스트레치필름(특수기능형)15*500*400",309.12,918890.0
2026-03-25,CYKLOP PACKAGING SYSTEMS PTY LTD.,2025-12-25,45.1,17,"12 x 3,000M 0.65T12x3,000M 0.65T White, 12 x 3,000M 0.65T12x3,000M0.65T BLUE, 12 x 3,000M 0.65T12x3,000M0.65T CLEAR 외 10개",35722.67,79285128.0
2026-03-25,OMNI GROUP,2024-12-30,90.5,5,"12 x 3,000M 0.60T12x3,000M0.60T BLUE 30% Recycled, 12 x 3,000M 0.60T12x3,000M0.60TBLUE, 15 x 2,500M 0.60T15 x 2,500M 0.60T 청색 외 1개",10562.3,24634219.0
2026-03-25,신광포장기계(부산),2025-11-04,47.9,15,"PE28mm 2kgPE28M／M(백)2KG, 운송료",222.6,648840.0
2026-03-25,주식회사 바인텍,2025-12-19,48.2,7,"PP10MMPP10MM／500M (투명), PP8MMPP8MM／750M (투명)",810.0,5697000.0
2026-03-26,NZ SAFETY BLACKWOODS,2025-11-02,72.2,10,"12 x 3,000M 0.60T12x3,000M0.60TBLUE, 12 x 3,000M 0.60T12x3,000M0.60TCLEAR, PP 12MM12MMx1000Mx0.55MM Blue 외 5개",9775.68,24386353.0
2026-03-26,보우팩,2025-08-06,58.2,11,"PE28mm 2kgPE28M／M(청)2KG, PE28mm 2kgPE28M／M(황)2KG, PE28mm, 6KGPE28M／M(백)6KG 외 1개",3126.0,6902300.0
2026-03-26,세움패키지(SEUMPKG),2025-12-16,25.6,28,"PE 결속끈PE#50 (백) 5500m 5KG, PE28mm 2kgPE28M／M(백)2KG, PP12MPP12M／M10KG(황) 외 5개",2818.1,6986669.0
2026-03-26,신광포장기계,2026-01-05,4.7,158,"PE28mm 2kgPE28M／M(백)2KG, PE28mm 2kgPE28M／M(황)2KG, PE28mm, 6KGPE28M／M(백)6KG 외 16개",6017.12,13233179.0
2026-03-26,우선산업,2025-12-26,15.8,46,"PE28mm 2kgPE28M／M(백)2KG, PE50mm, 4.5KGPE50M／M(백)4.5KG, PE50mm, 4.7KGPE50M／M(백)4.7KG 외 1개",3502.0,7082525.0
2026-03-26,합동포장기계,2026-01-05,16.7,45,"PE28mm 2kgPE28M／M(백)2KG, PE28mm 2kgPE28M／M(청)2KG, PP12MPP12M／M10KG(백) 외 11개",4790.71,11879932.0
2026-03-27,(주)아이마켓코리아,2025-12-24,3.4,213,"PP11MM*13.34KG삼성경량밴드(황색)2300m*두께0.84mm단중5.8g GRS, PP11MM*13.34KG삼성경량밴드2300m*두께0.84mm단중5.8g GRS, PP18MM x 21Kg 삼성 황색2300M 포장중량 21Kg, 1롤/1pcs 포장 (황색) 외 2개",14291.08,28366635.0
2026-03-27,경인팩,2026-01-05,3.8,190,"PE28mm 2kgPE28M／M(백)2KG, PE28mm 2kgPE28M／M(적)2KG, PE28mm 2kgPE28M／M(청)2KG 외 14개",5510.5199999999995,16562146.0
2026-03-27,대상산업,2026-01-02,3.9,187,"PE28mm 2kgPE28M／M(백)2KG, PE28mm 2kgPE28M／M(적)2KG, PE28mm 2kgPE28M／M(청)2KG 외 11개",2277.29,7029671.0
2026-03-27,동원팩,2026-01-05,3.1,236,"PE28mm 2kgPE28M／M(녹)2KG, PE28mm 2kgPE28M／M(백)2KG, PE28mm 2kgPE28M／M(청)2KG 외 7개",668.02,3938701.0
2026-03-27,백암지관공업사,2025-12-03,57.8,13,"PP12MPP12M／M11KG(청), PP12MPP12M／M12.5KG (황)",315.94,663469.0
2026-03-27,유일,2025-11-21,42.9,17,"PE28mm 2kgPE28M／M(백)2KG, PE50mm, 5KGPE50M／M(백)5KG",1348.24,3771294.0
2026-03-27,주식회사 동원피앤아이,2025-12-26,13.4,55,"PE 결속끈PE#50 (백) 5500m 5KG, PE28mm 2kgPE28M／M(백)2KG, PE50mm, 4.7KGPE50M／M(황)4.7KG 외 1개",53584.69,9944337.0
2026-03-27,주신산업,2026-01-05,9.3,79,"PE28mm 2kgPE28M／M(백)2KG, PP12MPP12M／M10KG(황), 운송료택배비",750.0799999999999,1575293.0
2026-03-27,진송팩,2026-01-02,6.4,116,"PE28mm 2kgPE28M／M(녹)2KG, PE28mm 2kgPE28M／M(백)2KG, PE28mm 2kgPE28M／M(적)2KG 외 8개",2999.4500000000003,7030996.0
2026-03-28,(주)한주,2024-10-15,23.9,13,"PP15MM*17.5kg 삼성 recycle2194M두께1.0mm단중7.6g Clear, PP18MM*21kg 삼성 recycle2300M두께0.80mm단중8.8g Clear, 삼성 코드: 6922-00001(황색) PP18MMx 2300M 포장중량 21Kg, 1롤/1pcs 포장,",21823.96,37912978.0
2026-03-28,서울상사,2025-12-19,33.8,22,"PP12MPP12M／M10KG(투명), PP12MPP12M／M10KG(황), PP15MPP15MM*10KG(황색) 외 4개",2726.66,5322667.0
2026-03-28,신한포장기계(주),2025-11-10,69.8,10,PE28mm 2kgPE28M／M(백)2KG,1001.2,2710000.0
2026-03-28,주)대성씨앤씨,2025-12-22,12.0,61,"PP12MPP12M／M10KG(백), PP12MPP12M／M10KG(황), PP5MMx7000Mx0.5T 11.4kg 백색core 200x8T OD400 롤랩핑 400*200 외 4개",2049.7,8922062.0
2026-03-29,(주)낙원포장,2025-12-23,12.6,58,"PE15MPP15M／M10KG, PE28mm 2kgPE28M／M(백)2KG, PP10.5MPP10.5M10KG(청) 외 6개",7870.610000000001,15670636.0
2026-03-29,KOMERI,2025-11-23,42.5,16,"15 x 1,000M 0.55T Yellow15x1,000M0.55T 황색, 15 x 100M 0.55T15x100M 0.55T 황색, 15 x 100M 0.55T15x100M0.55T녹색 외 6개",9545.14,26068335.0
2026-03-29,전주삼신산업,2025-12-29,9.9,74,"PE28mm 2kgPE28M／M(백)2KG, PE28mm 2kgPE28M／M(청)2KG, PP12MPP12M／M10KG(황) 외 5개",1214.31,2861475.0
2026-03-29,주식회사 광림파워팩,2025-12-31,11.4,64,"PE28mm 2kgPE28M／M(백)2KG, PP12MPP12M／M10KG(황), PP12MPP12M／M12.5KG (황) 외 8개",6870.24,14245264.0
2026-03-30,(주)아이마켓코리아,2025-12-24,3.4,213,"PP11MM*13.34KG삼성경량밴드(황색)2300m*두께0.84mm단중5.8g GRS, PP11MM*13.34KG삼성경량밴드2300m*두께0.84mm단중5.8g GRS, PP18MM x 21Kg 삼성 황색2300M 포장중량 21Kg, 1롤/1pcs 포장 (황색) 외 2개",14291.08,28366635.0
2026-03-30,경인팩,2026-01-05,3.8,190,"PE28mm 2kgPE28M／M(백)2KG, PE28mm 2kgPE28M／M(적)2KG, PE28mm 2kgPE28M／M(청)2KG 외 14개",5510.5199999999995,16562146.0
2026-03-30,대상산업,2026-01-02,3.9,187,"PE28mm 2kgPE28M／M(백)2KG, PE28mm 2kgPE28M／M(적)2KG, PE28mm 2kgPE28M／M(청)2KG 외 11개",2277.29,7029671.0
2026-03-30,대화수지공업(주),2025-09-29,13.7,13,"PE원료LLD PE, PE원료LLDPE 재생투명, PE원료재생원료",66677.0,78634597.0
2026-03-30,동원팩,2026-01-05,3.1,236,"PE28mm 2kgPE28M／M(녹)2KG, PE28mm 2kgPE28M／M(백)2KG, PE28mm 2kgPE28M／M(청)2KG 외 7개",668.02,3938701.0
2026-03-30,신광포장기계,2026-01-05,4.7,158,"PE28mm 2kgPE28M／M(백)2KG, PE28mm 2kgPE28M／M(황)2KG, PE28mm, 6KGPE28M／M(백)6KG 외 16개",6017.12,13233179.0
2026-03-30,주식회사 대한종합포장,2025-11-24,18.3,38,"PP12MPP12M／M10KG(백), PP5MMx7000Mx0.5T 백색, 스트레치필름(기능 기계랩)15*500mm*1700m 외 2개",447.06,5345675.0
2026-03-30,주식회사 진도종합상사,2026-01-05,42.7,16,"PE28mm 2kgPE28M／M(백)2KG, 운송료",86.72,256139.0
2026-04-01,파워엠팩,2025-07-23,18.3,32,"PP10.5MPP10.5M10KG(청), PP10.5MPP10.5M10KG투명, PP12MPP12M／M10KG(백) 외 5개",4589.52,9635060.0
2026-04-02,(주)아이마켓코리아,2025-12-24,3.4,213,"PP11MM*13.34KG삼성경량밴드(황색)2300m*두께0.84mm단중5.8g GRS, PP11MM*13.34KG삼성경량밴드2300m*두께0.84mm단중5.8g GRS, PP18MM x 21Kg 삼성 황색2300M 포장중량 21Kg, 1롤/1pcs 포장 (황색) 외 2개",14291.08,28366635.0
2026-04-02,(주)인스트아이앤씨,2025-07-01,55.9,10,"PE28mm 2kgPE28M／M(백)2KG, 운송료",39.9,137560.0
2026-04-02,강원농협연합포장재가공사업소,2025-11-17,34.0,18,PP12MPP12M／M12.5KG (황),3348.21,6195536.0
2026-04-02,경인팩,2026-01-05,3.8,190,"PE28mm 2kgPE28M／M(백)2KG, PE28mm 2kgPE28M／M(적)2KG, PE28mm 2kgPE28M／M(청)2KG 외 14개",5510.5199999999995,16562146.0
2026-04-02,대상산업,2026-01-02,3.9,187,"PE28mm 2kgPE28M／M(백)2KG, PE28mm 2kgPE28M／M(적)2KG, PE28mm 2kgPE28M／M(청)2KG 외 11개",2277.29,7029671.0
2026-04-02,동원팩,2026-01-05,3.1,236,"PE28mm 2kgPE28M／M(녹)2KG, PE28mm 2kgPE28M／M(백)2KG, PE28mm 2kgPE28M／M(청)2KG 외 7개",668.02,3938701.0
2026-04-02,진송팩,2026-01-02,6.4,116,"PE28mm 2kgPE28M／M(녹)2KG, PE28mm 2kgPE28M／M(백)2KG, PE28mm 2kgPE28M／M(적)2KG 외 8개",2999.4500000000003,7030996.0
2026-04-03,신광포장기계,2026-01-05,4.7,158,"PE28mm 2kgPE28M／M(백)2KG, PE28mm 2kgPE28M／M(황)2KG, PE28mm, 6KGPE28M／M(백)6KG 외 16개",6017.12,13233179.0
2026-04-03,한길포장기계,2026-01-05,22.9,33,"PE28mm 2kgPE28M／M(백)2KG, PP12MPP12M／M10KG(백), PP12MPP12M／M10KG(청) 외 3개",2366.34,4956034.0
2026-04-03,한남포장기계,2025-12-16,18.3,39,"PE28mm 2kgPE28M／M(백)2KG, PP12MPP12MM / 9.5KG(황), PP12MPP12M／M9KG(황)",2504.96,5711779.0
2026-04-04,(주)진송팩,2025-11-11,18.7,4,"PP18MPP18M／M10KG(황), 운송료",197.0,413900.0
2026-04-04,에이원코리아,2025-12-29,48.7,15,"PE28mm 2kgPE28M／M(백)2KG, PP12MPP12M／M12KG(황), 운송료운송료",1226.41,2413642.0
2026-04-04,한국포장기계,2025-12-29,16.1,46,"PE28mm 2kgPE28M／M(백)2KG, PE28mm 2kgPE28M／M(적)2KG, PE28mm 2kgPE28M／M(청)2KG 외 5개",4839.65,11765235.0
2026-04-05,(주)신명코퍼레이션,2026-01-05,90.8,5,PP18MM*21kg 삼성 recycle2300M두께0.80mm단중8.8g Clear,20.0,860000.0
2026-04-05,(주)아이마켓코리아,2025-12-24,3.4,213,"PP11MM*13.34KG삼성경량밴드(황색)2300m*두께0.84mm단중5.8g GRS, PP11MM*13.34KG삼성경량밴드2300m*두께0.84mm단중5.8g GRS, PP18MM x 21Kg 삼성 황색2300M 포장중량 21Kg, 1롤/1pcs 포장 (황색) 외 2개",14291.08,28366635.0
2026-04-05,경인팩,2026-01-05,3.8,190,"PE28mm 2kgPE28M／M(백)2KG, PE28mm 2kgPE28M／M(적)2KG, PE28mm 2kgPE28M／M(청)2KG 외 14개",5510.5199999999995,16562146.0
2026-04-05,금산포장,2026-01-05,15.0,45,"PE28mm 2kgPE28M／M(백)2KG, PE28mm, 6KGPE28M／M(백)6KG, PP12MPP12M／M10KG(투명) 외 2개",1071.8500000000001,2573952.0
2026-04-05,대상산업,2026-01-02,3.9,187,"PE28mm 2kgPE28M／M(백)2KG, PE28mm 2kgPE28M／M(적)2KG, PE28mm 2kgPE28M／M(청)2KG 외 11개",2277.29,7029671.0
2026-04-05,동원팩,2026-01-05,3.1,236,"PE28mm 2kgPE28M／M(녹)2KG, PE28mm 2kgPE28M／M(백)2KG, PE28mm 2kgPE28M／M(청)2KG 외 7개",668.02,3938701.0
2026-04-05,주신산업,2026-01-05,9.3,79,"PE28mm 2kgPE28M／M(백)2KG, PP12MPP12M／M10KG(황), 운송료택배비",750.0799999999999,1575293.0
2026-04-06,광림포장기계,2025-12-31,32.9,23,"PP12MPP12M／M10KG(황), PP12MPP12M／M12.5KG (황), PP12MPP12mm*0.72T*2800m 12.5KG(투명) 외 6개",5447.27,10710986.0
2026-04-07,RLBUTTON,2025-12-16,56.8,13,"12 x 3,000M 0.63T12x3,000M0.63TCLEAR, PP 12MM12MMx1000Mx0.55MM Blue, PP19M * 1000M HD BlackPP19MM*1000M*0.85T Black 외 6개",16971.29,40408212.0
2026-04-07,세화종합상사,2025-11-24,67.2,10,PE28mm 2kgPE28M／M(백)2KG,38.0,123500.0
2026-04-07,신광포장기계,2026-01-05,4.7,158,"PE28mm 2kgPE28M／M(백)2KG, PE28mm 2kgPE28M／M(황)2KG, PE28mm, 6KGPE28M／M(백)6KG 외 16개",6017.12,13233179.0
2026-04-07,전주삼신산업,2025-12-29,9.9,74,"PE28mm 2kgPE28M／M(백)2KG, PE28mm 2kgPE28M／M(청)2KG, PP12MPP12M／M10KG(황) 외 5개",1214.31,2861475.0
2026-04-08,(주)삼영피앤텍,2025-11-06,51.8,14,PE28mm 2kgPE28M／M(백)2KG,44.29,159429.0
2026-04-08,(주)아이마켓코리아,2025-12-24,3.4,213,"PP11MM*13.34KG삼성경량밴드(황색)2300m*두께0.84mm단중5.8g GRS, PP11MM*13.34KG삼성경량밴드2300m*두께0.84mm단중5.8g GRS, PP18MM x 21Kg 삼성 황색2300M 포장중량 21Kg, 1롤/1pcs 포장 (황색) 외 2개",14291.08,28366635.0
2026-04-08,경인팩,2026-01-05,3.8,190,"PE28mm 2kgPE28M／M(백)2KG, PE28mm 2kgPE28M／M(적)2KG, PE28mm 2kgPE28M／M(청)2KG 외 14개",5510.5199999999995,16562146.0
2026-04-08,대상산업,2026-01-02,3.9,187,"PE28mm 2kgPE28M／M(백)2KG, PE28mm 2kgPE28M／M(적)2KG, PE28mm 2kgPE28M／M(청)2KG 외 11개",2277.29,7029671.0
2026-04-08,대흥수출포장,2026-01-05,31.8,24,PE28mm 2kgPE28M／M(백)2KG,101.74,295043.0
2026-04-08,동원팩,2026-01-05,3.1,236,"PE28mm 2kgPE28M／M(녹)2KG, PE28mm 2kgPE28M／M(백)2KG, PE28mm 2kgPE28M／M(청)2KG 외 7개",668.02,3938701.0
2026-04-08,주식회사 에이스팩,2024-08-08,16.2,13,"스트레치필름(일반 기계랩)18*500mm*2000m, 스트레치필름(일반 기계랩)25*500mm*1400m, 스트레치필름(일반 핸드랩)18*500mm*350m 외 2개",93.24,2832600.0
2026-04-08,진송팩,2026-01-02,6.4,116,"PE28mm 2kgPE28M／M(녹)2KG, PE28mm 2kgPE28M／M(백)2KG, PE28mm 2kgPE28M／M(적)2KG 외 8개",2999.4500000000003,7030996.0
2026-04-09,경인산업,2025-12-04,18.4,38,"PE28mm 2kgPE28M／M(백)2KG, PP12MPP12M／M10KG(백), PP12MPP12M／M10KG(청) 외 2개",1945.23,4028111.0
2026-04-09,주)대성씨앤씨,2025-12-22,12.0,61,"PP12MPP12M／M10KG(백), PP12MPP12M／M10KG(황), PP5MMx7000Mx0.5T 11.4kg 백색core 200x8T OD400 롤랩핑 400*200 외 4개",2049.7,8922062.0
2026-04-09,주식회사 광림파워팩,2025-12-31,11.4,64,"PE28mm 2kgPE28M／M(백)2KG, PP12MPP12M／M10KG(황), PP12MPP12M／M12.5KG (황) 외 8개",6870.24,14245264.0
2026-04-09,주식회사 동원피앤아이,2025-12-26,13.4,55,"PE 결속끈PE#50 (백) 5500m 5KG, PE28mm 2kgPE28M／M(백)2KG, PE50mm, 4.7KGPE50M／M(황)4.7KG 외 1개",53584.69,9944337.0
2026-04-10,(주)낙원포장,2025-12-23,12.6,58,"PE15MPP15M／M10KG, PE28mm 2kgPE28M／M(백)2KG, PP10.5MPP10.5M10KG(청) 외 6개",7870.610000000001,15670636.0
2026-04-10,H.E. BAUMRUCKER COMPANY,2025-09-27,65.8,9,"12 x 3,018M 0.58T White (8x8)12 x 3,018M 0.58T White (8x8), 12 x 3,018M 0.58T White 230 CORE (9x8)12 x 3,018M 0.58T White 230 CORE (9x8), 15 x 1,645M 0.76T 16*6 Black15 x 1,645M 0.76T 16*6 Black 외 6개",31937.23,90135842.0
2026-04-10,우선산업,2025-12-26,15.8,46,"PE28mm 2kgPE28M／M(백)2KG, PE50mm, 4.5KGPE50M／M(백)4.5KG, PE50mm, 4.7KGPE50M／M(백)4.7KG 외 1개",3502.0,7082525.0
2026-04-10,제이케이머티리얼즈(주)/순성공장,2025-12-26,21.2,35,"PET 16MMPET 16mm x 0.8T x 1200m Embossed (반투명 녹색), PP18MPP18M／M10KG(황)",1175.33,2874963.0
2026-04-10,태광오토팩,2025-12-01,26.2,26,"PE28mm 2kgPE28M／M(백)2KG, PE28mm 2kgPE28M／M(청)2KG, PE28mm 2kgPE28M／M(황)2KG 외 2개",1850.52,4437283.0
2026-04-11,(주)아이마켓코리아,2025-12-24,3.4,213,"PP11MM*13.34KG삼성경량밴드(황색)2300m*두께0.84mm단중5.8g GRS, PP11MM*13.34KG삼성경량밴드2300m*두께0.84mm단중5.8g GRS, PP18MM x 21Kg 삼성 황색2300M 포장중량 21Kg, 1롤/1pcs 포장 (황색) 외 2개",14291.08,28366635.0
2026-04-11,경인팩,2026-01-05,3.8,190,"PE28mm 2kgPE28M／M(백)2KG, PE28mm 2kgPE28M／M(적)2KG, PE28mm 2kgPE28M／M(청)2KG 외 14개",5510.5199999999995,16562146.0
2026-04-11,대상산업,2026-01-02,3.9,187,"PE28mm 2kgPE28M／M(백)2KG, PE28mm 2kgPE28M／M(적)2KG, PE28mm 2kgPE28M／M(청)2KG 외 11개",2277.29,7029671.0
2026-04-11,동원팩,2026-01-05,3.1,236,"PE28mm 2kgPE28M／M(녹)2KG, PE28mm 2kgPE28M／M(백)2KG, PE28mm 2kgPE28M／M(청)2KG 외 7개",668.02,3938701.0
2026-04-11,신광포장기계,2026-01-05,4.7,158,"PE28mm 2kgPE28M／M(백)2KG, PE28mm 2kgPE28M／M(황)2KG, PE28mm, 6KGPE28M／M(백)6KG 외 16개",6017.12,13233179.0
2026-04-11,합동포장기계,2026-01-05,16.7,45,"PE28mm 2kgPE28M／M(백)2KG, PE28mm 2kgPE28M／M(청)2KG, PP12MPP12M／M10KG(백) 외 11개",4790.71,11879932.0
2026-04-12,(주)베스테크,2025-11-11,19.4,30,도전성밴드7.7mm*900m,281.93,8394013.0
2026-04-12,대화수지공업(주),2025-09-29,13.7,13,"PE원료LLD PE, PE원료LLDPE 재생투명, PE원료재생원료",66677.0,78634597.0
2026-04-12,신대한판지(주),2024-08-12,32.2,7,"PP12MPP12M／M10KG(녹), PP12MPP12M／M10KG(백), PP9MMPP9M／M9.5KG(백색)",1497.5,3627100.0
2026-04-12,천일포장산업,2025-12-01,22.5,32,"PE28mm 2kgPE28M／M(백)2KG, PE28mm, 6KGPE28M／M(백)6KG, PP6MMPP6M／M10KG(백)",3126.29,7358497.0
2026-04-13,(주)영화수출포장,2025-11-14,75.6,10,PE 결속끈PE#50 (백) 5500m 5KG,600.0,1770000.0
2026-04-13,KONZ TRADING LTD.,2025-11-12,152.5,5,"15 x 2,500M 0.64T15 x 2,500M 0.64T 청색, Ocean FreightOcean Freight (선임)",7526.0,19881498.0
2026-04-14,(주)아이마켓코리아,2025-12-24,3.4,213,"PP11MM*13.34KG삼성경량밴드(황색)2300m*두께0.84mm단중5.8g GRS, PP11MM*13.34KG삼성경량밴드2300m*두께0.84mm단중5.8g GRS, PP18MM x 21Kg 삼성 황색2300M 포장중량 21Kg, 1롤/1pcs 포장 (황색) 외 2개",14291.08,28366635.0
2026-04-14,경인팩,2026-01-05,3.8,190,"PE28mm 2kgPE28M／M(백)2KG, PE28mm 2kgPE28M／M(적)2KG, PE28mm 2kgPE28M／M(청)2KG 외 14개",5510.5199999999995,16562146.0
2026-04-14,대상산업,2026-01-02,3.9,187,"PE28mm 2kgPE28M／M(백)2KG, PE28mm 2kgPE28M／M(적)2KG, PE28mm 2kgPE28M／M(청)2KG 외 11개",2277.29,7029671.0
2026-04-14,동원팩,2026-01-05,3.1,236,"PE28mm 2kgPE28M／M(녹)2KG, PE28mm 2kgPE28M／M(백)2KG, PE28mm 2kgPE28M／M(청)2KG 외 7개",668.02,3938701.0
2026-04-14,주식회사 마크원테크,2025-12-19,29.9,16,"PP6MMPP6M／M10KG(백), 운송료",678.5,1494179.0
2026-04-14,주신산업,2026-01-05,9.3,79,"PE28mm 2kgPE28M／M(백)2KG, PP12MPP12M／M10KG(황), 운송료택배비",750.0799999999999,1575293.0
2026-04-14,진송팩,2026-01-02,6.4,116,"PE28mm 2kgPE28M／M(녹)2KG, PE28mm 2kgPE28M／M(백)2KG, PE28mm 2kgPE28M／M(적)2KG 외 8개",2999.4500000000003,7030996.0
2026-04-15,ANDERSON WHOLESALE PACKAGING PTY LTD.,2025-12-14,61.3,12,"12 x 3,000M 0.55T12 x 3,000M 0.55T 청색, 12 x 3,000M 0.60T12x3,000M0.60TBLUE, 12 x 3,000M 0.60T12x3,000M0.60TCLEAR 외 9개",22965.96,52140274.0
2026-04-15,신광포장기계,2026-01-05,4.7,158,"PE28mm 2kgPE28M／M(백)2KG, PE28mm 2kgPE28M／M(황)2KG, PE28mm, 6KGPE28M／M(백)6KG 외 16개",6017.12,13233179.0
2026-04-15,연화수출포장,2025-12-31,35.1,19,"PP15MPP15M／M10 (청색), PP15MPP15M／M10KG(투명), 운송료",803.5,1835397.0
2026-04-16,WESTSIDE PACKAGING SYSTEMS AUSTRALIA,2025-11-27,70.8,9,"12 x 3,000M 0.65T White w/Green Ararat Meat Exports EST.298 printed12 x 3,000M 0.65T White w/Green Ararat Meat Exports EST.298 printed, 12 x 3,000M 0.65T12x3,000M0.65T BLUE, 12 x 3,000M 0.65T12x3,000M0.65T CLEAR 외 10개",38410.7,87509864.0
2026-04-16,전주삼신산업,2025-12-29,9.9,74,"PE28mm 2kgPE28M／M(백)2KG, PE28mm 2kgPE28M／M(청)2KG, PP12MPP12M／M10KG(황) 외 5개",1214.31,2861475.0
2026-04-17,(주)아이마켓코리아,2025-12-24,3.4,213,"PP11MM*13.34KG삼성경량밴드(황색)2300m*두께0.84mm단중5.8g GRS, PP11MM*13.34KG삼성경량밴드2300m*두께0.84mm단중5.8g GRS, PP18MM x 21Kg 삼성 황색2300M 포장중량 21Kg, 1롤/1pcs 포장 (황색) 외 2개",14291.08,28366635.0
2026-04-17,경인팩,2026-01-05,3.8,190,"PE28mm 2kgPE28M／M(백)2KG, PE28mm 2kgPE28M／M(적)2KG, PE28mm 2kgPE28M／M(청)2KG 외 14개",5510.5199999999995,16562146.0
2026-04-17,대상산업,2026-01-02,3.9,187,"PE28mm 2kgPE28M／M(백)2KG, PE28mm 2kgPE28M／M(적)2KG, PE28mm 2kgPE28M／M(청)2KG 외 11개",2277.29,7029671.0
2026-04-17,동원팩,2026-01-05,3.1,236,"PE28mm 2kgPE28M／M(녹)2KG, PE28mm 2kgPE28M／M(백)2KG, PE28mm 2kgPE28M／M(청)2KG 외 7개",668.02,3938701.0
2026-04-17,주식회사 대한종합포장,2025-11-24,18.3,38,"PP12MPP12M／M10KG(백), PP5MMx7000Mx0.5T 백색, 스트레치필름(기능 기계랩)15*500mm*1700m 외 2개",447.06,5345675.0
2026-04-18,매일농산,2025-12-01,138.5,3,PP12MPP12M／M10KG(황),20.0,454545.0
2026-04-18,삼원산업,2025-12-31,54.2,14,"PP12MPP12M／M10KG(황), PP12MPP12M／M12KG(투명), PP12MPP12M／M12KG(황) 외 2개",3536.1099999999997,6888611.0
2026-04-19,(주)스피드랩코리아,2026-01-05,26.1,29,"PP6MMPP6M／M10KG(백), 운송료",635.39,1393750.0
2026-04-19,서흥포장 주식회사,2025-12-10,26.5,27,"PP12MPP12M／M10KG(황), PP7MPP7M10KG백색, 스트레치필름(특수기능형)15*500*400",309.12,918890.0
2026-04-19,신광포장기계,2026-01-05,4.7,158,"PE28mm 2kgPE28M／M(백)2KG, PE28mm 2kgPE28M／M(황)2KG, PE28mm, 6KGPE28M／M(백)6KG 외 16개",6017.12,13233179.0
2026-04-19,파워엠팩,2025-07-23,18.3,32,"PP10.5MPP10.5M10KG(청), PP10.5MPP10.5M10KG투명, PP12MPP12M／M10KG(백) 외 5개",4589.52,9635060.0
2026-04-20,(주)아이마켓코리아,2025-12-24,3.4,213,"PP11MM*13.34KG삼성경량밴드(황색)2300m*두께0.84mm단중5.8g GRS, PP11MM*13.34KG삼성경량밴드2300m*두께0.84mm단중5.8g GRS, PP18MM x 21Kg 삼성 황색2300M 포장중량 21Kg, 1롤/1pcs 포장 (황색) 외 2개",14291.08,28366635.0
2026-04-20,(주)한주,2024-10-15,23.9,13,"PP15MM*17.5kg 삼성 recycle2194M두께1.0mm단중7.6g Clear, PP18MM*21kg 삼성 recycle2300M두께0.80mm단중8.8g Clear, 삼성 코드: 6922-00001(황색) PP18MMx 2300M 포장중량 21Kg, 1롤/1pcs 포장,",21823.96,37912978.0
2026-04-20,경인팩,2026-01-05,3.8,190,"PE28mm 2kgPE28M／M(백)2KG, PE28mm 2kgPE28M／M(적)2KG, PE28mm 2kgPE28M／M(청)2KG 외 14개",5510.5199999999995,16562146.0
2026-04-20,금산포장,2026-01-05,15.0,45,"PE28mm 2kgPE28M／M(백)2KG, PE28mm, 6KGPE28M／M(백)6KG, PP12MPP12M／M10KG(투명) 외 2개",1071.8500000000001,2573952.0
2026-04-20,대상산업,2026-01-02,3.9,187,"PE28mm 2kgPE28M／M(백)2KG, PE28mm 2kgPE28M／M(적)2KG, PE28mm 2kgPE28M／M(청)2KG 외 11개",2277.29,7029671.0
2026-04-20,동원팩,2026-01-05,3.1,236,"PE28mm 2kgPE28M／M(녹)2KG, PE28mm 2kgPE28M／M(백)2KG, PE28mm 2kgPE28M／M(청)2KG 외 7개",668.02,3938701.0
2026-04-20,세움패키지(SEUMPKG),2025-12-16,25.6,28,"PE 결속끈PE#50 (백) 5500m 5KG, PE28mm 2kgPE28M／M(백)2KG, PP12MPP12M／M10KG(황) 외 5개",2818.1,6986669.0
2026-04-20,유일포장기계,2025-12-01,70.6,10,PP5MMx7000Mx0.5T 백색,38.22,966056.0
2026-04-20,주식회사 광림파워팩,2025-12-31,11.4,64,"PE28mm 2kgPE28M／M(백)2KG, PP12MPP12M／M10KG(황), PP12MPP12M／M12.5KG (황) 외 8개",6870.24,14245264.0
2026-04-20,진송팩,2026-01-02,6.4,116,"PE28mm 2kgPE28M／M(녹)2KG, PE28mm 2kgPE28M／M(백)2KG, PE28mm 2kgPE28M／M(적)2KG 외 8개",2999.4500000000003,7030996.0
2026-04-20,한국포장기계,2025-12-29,16.1,46,"PE28mm 2kgPE28M／M(백)2KG, PE28mm 2kgPE28M／M(적)2KG, PE28mm 2kgPE28M／M(청)2KG 외 5개",4839.65,11765235.0
2026-04-21,동방포장기자재,2025-11-24,37.9,18,"PP12MPP12M／M10KG(황), PP12MPP12M／M12KG(적색), PP15MPP15MM*10KG(황색)",2230.6400000000003,4474281.0
2026-04-21,동서포장종합상사,2025-12-18,31.2,23,PE28mm 2kgPE28M／M(백)2KG,106.96,320783.0
2026-04-21,제일포장(김해),2025-04-08,63.1,8,"PE28mm 2kgPE28M／M(녹)2KG, PE28mm 2kgPE28M／M(백)2KG, 운송료",1215.3600000000001,3624371.0
2026-04-21,주)대성씨앤씨,2025-12-22,12.0,61,"PP12MPP12M／M10KG(백), PP12MPP12M／M10KG(황), PP5MMx7000Mx0.5T 11.4kg 백색core 200x8T OD400 롤랩핑 400*200 외 4개",2049.7,8922062.0
2026-04-21,한남포장기계,2025-12-16,18.3,39,"PE28mm 2kgPE28M／M(백)2KG, PP12MPP12MM / 9.5KG(황), PP12MPP12M／M9KG(황)",2504.96,5711779.0
2026-04-22,(주)낙원포장,2025-12-23,12.6,58,"PE15MPP15M／M10KG, PE28mm 2kgPE28M／M(백)2KG, PP10.5MPP10.5M10KG(청) 외 6개",7870.610000000001,15670636.0
2026-04-22,(주)영화수출포장 김포공장,2025-05-21,42.0,3,PE 결속끈PE#50 (백) 5500m 5KG,400.0,1180000.0
2026-04-22,(주)진송팩,2025-11-11,18.7,4,"PP18MPP18M／M10KG(황), 운송료",197.0,413900.0
2026-04-22,다금마대,2025-12-29,38.4,19,마대,236.79,544616.0
2026-04-22,주식회사 동원피앤아이,2025-12-26,13.4,55,"PE 결속끈PE#50 (백) 5500m 5KG, PE28mm 2kgPE28M／M(백)2KG, PE50mm, 4.7KGPE50M／M(황)4.7KG 외 1개",53584.69,9944337.0
2026-04-23,(주)디알젬(김천공장지점),2025-06-23,152.5,3,피피클립19*28(2KG-삼성),7500.0,142500.0
2026-04-23,(주)아이마켓코리아,2025-12-24,3.4,213,"PP11MM*13.34KG삼성경량밴드(황색)2300m*두께0.84mm단중5.8g GRS, PP11MM*13.34KG삼성경량밴드2300m*두께0.84mm단중5.8g GRS, PP18MM x 21Kg 삼성 황색2300M 포장중량 21Kg, 1롤/1pcs 포장 (황색) 외 2개",14291.08,28366635.0
2026-04-23,경인팩,2026-01-05,3.8,190,"PE28mm 2kgPE28M／M(백)2KG, PE28mm 2kgPE28M／M(적)2KG, PE28mm 2kgPE28M／M(청)2KG 외 14개",5510.5199999999995,16562146.0
2026-04-23,대상산업,2026-01-02,3.9,187,"PE28mm 2kgPE28M／M(백)2KG, PE28mm 2kgPE28M／M(적)2KG, PE28mm 2kgPE28M／M(청)2KG 외 11개",2277.29,7029671.0
2026-04-23,동원팩,2026-01-05,3.1,236,"PE28mm 2kgPE28M／M(녹)2KG, PE28mm 2kgPE28M／M(백)2KG, PE28mm 2kgPE28M／M(청)2KG 외 7개",668.02,3938701.0
2026-04-23,민건 이에이,2025-12-24,30.2,24,PP12MPP12M／M10KG(백),702.08,1488417.0
2026-04-23,신광포장기계,2026-01-05,4.7,158,"PE28mm 2kgPE28M／M(백)2KG, PE28mm 2kgPE28M／M(황)2KG, PE28mm, 6KGPE28M／M(백)6KG 외 16개",6017.12,13233179.0
2026-04-23,주신산업,2026-01-05,9.3,79,"PE28mm 2kgPE28M／M(백)2KG, PP12MPP12M／M10KG(황), 운송료택배비",750.0799999999999,1575293.0
2026-04-23,호성수출포장,2025-10-31,58.5,12,"PE28mm 2kgPE28M／M(백)2KG, 스트레치필름(일반 핸드랩 20)20*500mm*350m",408.0,1735200.0
2026-04-24,주식회사 에이스팩,2024-08-08,16.2,13,"스트레치필름(일반 기계랩)18*500mm*2000m, 스트레치필름(일반 기계랩)25*500mm*1400m, 스트레치필름(일반 핸드랩)18*500mm*350m 외 2개",93.24,2832600.0
2026-04-25,대화수지공업(주),2025-09-29,13.7,13,"PE원료LLD PE, PE원료LLDPE 재생투명, PE원료재생원료",66677.0,78634597.0
2026-04-25,우선산업,2025-12-26,15.8,46,"PE28mm 2kgPE28M／M(백)2KG, PE50mm, 4.5KGPE50M／M(백)4.5KG, PE50mm, 4.7KGPE50M／M(백)4.7KG 외 1개",3502.0,7082525.0
2026-04-25,전주삼신산업,2025-12-29,9.9,74,"PE28mm 2kgPE28M／M(백)2KG, PE28mm 2kgPE28M／M(청)2KG, PP12MPP12M／M10KG(황) 외 5개",1214.31,2861475.0
2026-04-25,한길포장기계,2026-01-05,22.9,33,"PE28mm 2kgPE28M／M(백)2KG, PP12MPP12M／M10KG(백), PP12MPP12M／M10KG(청) 외 3개",2366.34,4956034.0
2026-04-26,(주)아이마켓코리아,2025-12-24,3.4,213,"PP11MM*13.34KG삼성경량밴드(황색)2300m*두께0.84mm단중5.8g GRS, PP11MM*13.34KG삼성경량밴드2300m*두께0.84mm단중5.8g GRS, PP18MM x 21Kg 삼성 황색2300M 포장중량 21Kg, 1롤/1pcs 포장 (황색) 외 2개",14291.08,28366635.0
2026-04-26,경인팩,2026-01-05,3.8,190,"PE28mm 2kgPE28M／M(백)2KG, PE28mm 2kgPE28M／M(적)2KG, PE28mm 2kgPE28M／M(청)2KG 외 14개",5510.5199999999995,16562146.0
2026-04-26,대상산업,2026-01-02,3.9,187,"PE28mm 2kgPE28M／M(백)2KG, PE28mm 2kgPE28M／M(적)2KG, PE28mm 2kgPE28M／M(청)2KG 외 11개",2277.29,7029671.0
2026-04-26,동원팩,2026-01-05,3.1,236,"PE28mm 2kgPE28M／M(녹)2KG, PE28mm 2kgPE28M／M(백)2KG, PE28mm 2kgPE28M／M(청)2KG 외 7개",668.02,3938701.0
2026-04-26,진송팩,2026-01-02,6.4,116,"PE28mm 2kgPE28M／M(녹)2KG, PE28mm 2kgPE28M／M(백)2KG, PE28mm 2kgPE28M／M(적)2KG 외 8개",2999.4500000000003,7030996.0
2026-04-27,경인산업,2025-12-04,18.4,38,"PE28mm 2kgPE28M／M(백)2KG, PP12MPP12M／M10KG(백), PP12MPP12M／M10KG(청) 외 2개",1945.23,4028111.0
2026-04-27,신광포장기계,2026-01-05,4.7,158,"PE28mm 2kgPE28M／M(백)2KG, PE28mm 2kgPE28M／M(황)2KG, PE28mm, 6KGPE28M／M(백)6KG 외 16개",6017.12,13233179.0
2026-04-27,합동포장기계,2026-01-05,16.7,45,"PE28mm 2kgPE28M／M(백)2KG, PE28mm 2kgPE28M／M(청)2KG, PP12MPP12M／M10KG(백) 외 11개",4790.71,11879932.0
2026-04-28,주식회사 대원포장기계,2025-12-01,37.3,19,PE28mm 2kgPE28M／M(백)2KG,400.0,1160000.0
2026-04-28,주식회사 대일,2025-11-19,160.5,3,PE28mm 2kgPE28M／M(백)2KG,80.0,264000.0
2026-04-28,파코팩(PACO PACK),2024-09-05,40.8,7,"PE 결속끈PE#50 (백) 5500m 5KG, PE28mm 2kgPE28M／M(백)2KG, PE50mm, 5KGPE50M／M(황)5KG",2226.67,6146667.0
2026-04-29,(주)아이마켓코리아,2025-12-24,3.4,213,"PP11MM*13.34KG삼성경량밴드(황색)2300m*두께0.84mm단중5.8g GRS, PP11MM*13.34KG삼성경량밴드2300m*두께0.84mm단중5.8g GRS, PP18MM x 21Kg 삼성 황색2300M 포장중량 21Kg, 1롤/1pcs 포장 (황색) 외 2개",14291.08,28366635.0
2026-04-29,경인팩,2026-01-05,3.8,190,"PE28mm 2kgPE28M／M(백)2KG, PE28mm 2kgPE28M／M(적)2KG, PE28mm 2kgPE28M／M(청)2KG 외 14개",5510.5199999999995,16562146.0
2026-04-29,대상산업,2026-01-02,3.9,187,"PE28mm 2kgPE28M／M(백)2KG, PE28mm 2kgPE28M／M(적)2KG, PE28mm 2kgPE28M／M(청)2KG 외 11개",2277.29,7029671.0
2026-04-29,동원팩,2026-01-05,3.1,236,"PE28mm 2kgPE28M／M(녹)2KG, PE28mm 2kgPE28M／M(백)2KG, PE28mm 2kgPE28M／M(청)2KG 외 7개",668.02,3938701.0
2026-04-30,서울상사,2025-12-19,33.8,22,"PP12MPP12M／M10KG(투명), PP12MPP12M／M10KG(황), PP15MPP15MM*10KG(황색) 외 4개",2726.66,5322667.0
2026-05-01,(주)베스테크,2025-11-11,19.4,30,도전성밴드7.7mm*900m,281.93,8394013.0
2026-05-01,(주)삼신,2025-12-15,137.8,6,PE28mm 2kgPE28M／M(백)2KG,2000.0,5500000.0
2026-05-01,PUNCHBOWL,2025-12-16,136.4,6,"12 x 2,500M 0.65T12x2,500M0.65TBLACK, PP19M Premium BlackPP19M／M*1000M 0.8T Black",9746.0,22802507.0
2026-05-01,신광포장기계,2026-01-05,4.7,158,"PE28mm 2kgPE28M／M(백)2KG, PE28mm 2kgPE28M／M(황)2KG, PE28mm, 6KGPE28M／M(백)6KG 외 16개",6017.12,13233179.0
2026-05-01,제이케이머티리얼즈(주)/순성공장,2025-12-26,21.2,35,"PET 16MMPET 16mm x 0.8T x 1200m Embossed (반투명 녹색), PP18MPP18M／M10KG(황)",1175.33,2874963.0
2026-05-01,주식회사 광림파워팩,2025-12-31,11.4,64,"PE28mm 2kgPE28M／M(백)2KG, PP12MPP12M／M10KG(황), PP12MPP12M／M12.5KG (황) 외 8개",6870.24,14245264.0
2026-05-02,(주)아이마켓코리아,2025-12-24,3.4,213,"PP11MM*13.34KG삼성경량밴드(황색)2300m*두께0.84mm단중5.8g GRS, PP11MM*13.34KG삼성경량밴드2300m*두께0.84mm단중5.8g GRS, PP18MM x 21Kg 삼성 황색2300M 포장중량 21Kg, 1롤/1pcs 포장 (황색) 외 2개",14291.08,28366635.0
2026-05-02,경인팩,2026-01-05,3.8,190,"PE28mm 2kgPE28M／M(백)2KG, PE28mm 2kgPE28M／M(적)2KG, PE28mm 2kgPE28M／M(청)2KG 외 14개",5510.5199999999995,16562146.0
2026-05-02,대상산업,2026-01-02,3.9,187,"PE28mm 2kgPE28M／M(백)2KG, PE28mm 2kgPE28M／M(적)2KG, PE28mm 2kgPE28M／M(청)2KG 외 11개",2277.29,7029671.0
2026-05-02,동원팩,2026-01-05,3.1,236,"PE28mm 2kgPE28M／M(녹)2KG, PE28mm 2kgPE28M／M(백)2KG, PE28mm 2kgPE28M／M(청)2KG 외 7개",668.02,3938701.0
2026-05-02,주신산업,2026-01-05,9.3,79,"PE28mm 2kgPE28M／M(백)2KG, PP12MPP12M／M10KG(황), 운송료택배비",750.0799999999999,1575293.0
2026-05-02,진송팩,2026-01-02,6.4,116,"PE28mm 2kgPE28M／M(녹)2KG, PE28mm 2kgPE28M／M(백)2KG, PE28mm 2kgPE28M／M(적)2KG 외 8개",2999.4500000000003,7030996.0
2026-05-03,TIGERPAK PACKAGING,2025-12-25,43.9,17,"12 x 2,800M 0.55T12 x 2,800M 0.55T 검정, 12 x 2800M 0.55T12 x 2800M 0.55T BLACK, 12 x 2800M 0.60T12 x 2800M 0.60T BLACK 외 11개",50436.18,113594139.0
2026-05-03,주)대성씨앤씨,2025-12-22,12.0,61,"PP12MPP12M／M10KG(백), PP12MPP12M／M10KG(황), PP5MMx7000Mx0.5T 11.4kg 백색core 200x8T OD400 롤랩핑 400*200 외 4개",2049.7,8922062.0
2026-05-04,(주)낙원포장,2025-12-23,12.6,58,"PE15MPP15M／M10KG, PE28mm 2kgPE28M／M(백)2KG, PP10.5MPP10.5M10KG(청) 외 6개",7870.610000000001,15670636.0
2026-05-04,전주삼신산업,2025-12-29,9.9,74,"PE28mm 2kgPE28M／M(백)2KG, PE28mm 2kgPE28M／M(청)2KG, PP12MPP12M／M10KG(황) 외 5개",1214.31,2861475.0
2026-05-04,천일포장산업,2025-12-01,22.5,32,"PE28mm 2kgPE28M／M(백)2KG, PE28mm, 6KGPE28M／M(백)6KG, PP6MMPP6M／M10KG(백)",3126.29,7358497.0
2026-05-05,(주)아이마켓코리아,2025-12-24,3.4,213,"PP11MM*13.34KG삼성경량밴드(황색)2300m*두께0.84mm단중5.8g GRS, PP11MM*13.34KG삼성경량밴드2300m*두께0.84mm단중5.8g GRS, PP18MM x 21Kg 삼성 황색2300M 포장중량 21Kg, 1롤/1pcs 포장 (황색) 외 2개",14291.08,28366635.0
2026-05-05,경인팩,2026-01-05,3.8,190,"PE28mm 2kgPE28M／M(백)2KG, PE28mm 2kgPE28M／M(적)2KG, PE28mm 2kgPE28M／M(청)2KG 외 14개",5510.5199999999995,16562146.0
2026-05-05,금산포장,2026-01-05,15.0,45,"PE28mm 2kgPE28M／M(백)2KG, PE28mm, 6KGPE28M／M(백)6KG, PP12MPP12M／M10KG(투명) 외 2개",1071.8500000000001,2573952.0
2026-05-05,대상산업,2026-01-02,3.9,187,"PE28mm 2kgPE28M／M(백)2KG, PE28mm 2kgPE28M／M(적)2KG, PE28mm 2kgPE28M／M(청)2KG 외 11개",2277.29,7029671.0
2026-05-05,동원팩,2026-01-05,3.1,236,"PE28mm 2kgPE28M／M(녹)2KG, PE28mm 2kgPE28M／M(백)2KG, PE28mm 2kgPE28M／M(청)2KG 외 7개",668.02,3938701.0
2026-05-05,신광포장기계,2026-01-05,4.7,158,"PE28mm 2kgPE28M／M(백)2KG, PE28mm 2kgPE28M／M(황)2KG, PE28mm, 6KGPE28M／M(백)6KG 외 16개",6017.12,13233179.0
2026-05-05,주식회사 대한종합포장,2025-11-24,18.3,38,"PP12MPP12M／M10KG(백), PP5MMx7000Mx0.5T 백색, 스트레치필름(기능 기계랩)15*500mm*1700m 외 2개",447.06,5345675.0
2026-05-05,주식회사 동원피앤아이,2025-12-26,13.4,55,"PE 결속끈PE#50 (백) 5500m 5KG, PE28mm 2kgPE28M／M(백)2KG, PE50mm, 4.7KGPE50M／M(황)4.7KG 외 1개",53584.69,9944337.0
2026-05-05,피앤비,2025-11-06,45.6,15,"PP12MPP12M／M10KG(백), PP7MPP7M10KG백색",923.0,2122900.0
2026-05-06,강원농협연합포장재가공사업소,2025-11-17,34.0,18,PP12MPP12M／M12.5KG (황),3348.21,6195536.0
2026-05-06,동양프린팅,2025-06-18,161.3,4,PE28mm 2kgPE28M／M(백)2KG,20.0,66000.0
2026-05-06,라이커스,2025-12-29,128.6,6,"TI-640, TI-640_25kg, Y-130 (PP원료)",6140.17,10228058.0
2026-05-06,태광오토팩,2025-12-01,26.2,26,"PE28mm 2kgPE28M／M(백)2KG, PE28mm 2kgPE28M／M(청)2KG, PE28mm 2kgPE28M／M(황)2KG 외 2개",1850.52,4437283.0
2026-05-06,한국포장기계,2025-12-29,16.1,46,"PE28mm 2kgPE28M／M(백)2KG, PE28mm 2kgPE28M／M(적)2KG, PE28mm 2kgPE28M／M(청)2KG 외 5개",4839.65,11765235.0
2026-05-07,파워엠팩,2025-07-23,18.3,32,"PP10.5MPP10.5M10KG(청), PP10.5MPP10.5M10KG투명, PP12MPP12M／M10KG(백) 외 5개",4589.52,9635060.0
2026-05-08,(주)아이마켓코리아,2025-12-24,3.4,213,"PP11MM*13.34KG삼성경량밴드(황색)2300m*두께0.84mm단중5.8g GRS, PP11MM*13.34KG삼성경량밴드2300m*두께0.84mm단중5.8g GRS, PP18MM x 21Kg 삼성 황색2300M 포장중량 21Kg, 1롤/1pcs 포장 (황색) 외 2개",14291.08,28366635.0
2026-05-08,경인팩,2026-01-05,3.8,190,"PE28mm 2kgPE28M／M(백)2KG, PE28mm 2kgPE28M／M(적)2KG, PE28mm 2kgPE28M／M(청)2KG 외 14개",5510.5199999999995,16562146.0
2026-05-08,광림포장기계,2025-12-31,32.9,23,"PP12MPP12M／M10KG(황), PP12MPP12M／M12.5KG (황), PP12MPP12mm*0.72T*2800m 12.5KG(투명) 외 6개",5447.27,10710986.0
2026-05-08,대상산업,2026-01-02,3.9,187,"PE28mm 2kgPE28M／M(백)2KG, PE28mm 2kgPE28M／M(적)2KG, PE28mm 2kgPE28M／M(청)2KG 외 11개",2277.29,7029671.0
2026-05-08,대화수지공업(주),2025-09-29,13.7,13,"PE원료LLD PE, PE원료LLDPE 재생투명, PE원료재생원료",66677.0,78634597.0
2026-05-08,동원팩,2026-01-05,3.1,236,"PE28mm 2kgPE28M／M(녹)2KG, PE28mm 2kgPE28M／M(백)2KG, PE28mm 2kgPE28M／M(청)2KG 외 7개",668.02,3938701.0
2026-05-08,유일,2025-11-21,42.9,17,"PE28mm 2kgPE28M／M(백)2KG, PE50mm, 5KGPE50M／M(백)5KG",1348.24,3771294.0
2026-05-08,진송팩,2026-01-02,6.4,116,"PE28mm 2kgPE28M／M(녹)2KG, PE28mm 2kgPE28M／M(백)2KG, PE28mm 2kgPE28M／M(적)2KG 외 8개",2999.4500000000003,7030996.0
2026-05-09,CYKLOP PACKAGING SYSTEMS PTY LTD.,2025-12-25,45.1,17,"12 x 3,000M 0.65T12x3,000M 0.65T White, 12 x 3,000M 0.65T12x3,000M0.65T BLUE, 12 x 3,000M 0.65T12x3,000M0.65T CLEAR 외 10개",35722.67,79285128.0
2026-05-09,대흥수출포장,2026-01-05,31.8,24,PE28mm 2kgPE28M／M(백)2KG,101.74,295043.0
2026-05-09,신광포장기계,2026-01-05,4.7,158,"PE28mm 2kgPE28M／M(백)2KG, PE28mm 2kgPE28M／M(황)2KG, PE28mm, 6KGPE28M／M(백)6KG 외 16개",6017.12,13233179.0
2026-05-09,한남포장기계,2025-12-16,18.3,39,"PE28mm 2kgPE28M／M(백)2KG, PP12MPP12MM / 9.5KG(황), PP12MPP12M／M9KG(황)",2504.96,5711779.0
2026-05-10,(주)진송팩,2025-11-11,18.7,4,"PP18MPP18M／M10KG(황), 운송료",197.0,413900.0
2026-05-10,KOMERI,2025-11-23,42.5,16,"15 x 1,000M 0.55T Yellow15x1,000M0.55T 황색, 15 x 100M 0.55T15x100M 0.55T 황색, 15 x 100M 0.55T15x100M0.55T녹색 외 6개",9545.14,26068335.0
2026-05-10,우선산업,2025-12-26,15.8,46,"PE28mm 2kgPE28M／M(백)2KG, PE50mm, 4.5KGPE50M／M(백)4.5KG, PE50mm, 4.7KGPE50M／M(백)4.7KG 외 1개",3502.0,7082525.0
2026-05-10,주식회사 에이스팩,2024-08-08,16.2,13,"스트레치필름(일반 기계랩)18*500mm*2000m, 스트레치필름(일반 기계랩)25*500mm*1400m, 스트레치필름(일반 핸드랩)18*500mm*350m 외 2개",93.24,2832600.0
2026-05-11,(주)수현물산,2025-11-24,84.6,8,PP15MPP15M／M9KG(황),10.12,243000.0
2026-05-11,(주)아이마켓코리아,2025-12-24,3.4,213,"PP11MM*13.34KG삼성경량밴드(황색)2300m*두께0.84mm단중5.8g GRS, PP11MM*13.34KG삼성경량밴드2300m*두께0.84mm단중5.8g GRS, PP18MM x 21Kg 삼성 황색2300M 포장중량 21Kg, 1롤/1pcs 포장 (황색) 외 2개",14291.08,28366635.0
2026-05-11,경인팩,2026-01-05,3.8,190,"PE28mm 2kgPE28M／M(백)2KG, PE28mm 2kgPE28M／M(적)2KG, PE28mm 2kgPE28M／M(청)2KG 외 14개",5510.5199999999995,16562146.0
2026-05-11,대상산업,2026-01-02,3.9,187,"PE28mm 2kgPE28M／M(백)2KG, PE28mm 2kgPE28M／M(적)2KG, PE28mm 2kgPE28M／M(청)2KG 외 11개",2277.29,7029671.0
2026-05-11,동원팩,2026-01-05,3.1,236,"PE28mm 2kgPE28M／M(녹)2KG, PE28mm 2kgPE28M／M(백)2KG, PE28mm 2kgPE28M／M(청)2KG 외 7개",668.02,3938701.0
2026-05-11,신광포장기계(부산),2025-11-04,47.9,15,"PE28mm 2kgPE28M／M(백)2KG, 운송료",222.6,648840.0
2026-05-11,주식회사 진도종합상사,2026-01-05,42.7,16,"PE28mm 2kgPE28M／M(백)2KG, 운송료",86.72,256139.0
2026-05-11,주신산업,2026-01-05,9.3,79,"PE28mm 2kgPE28M／M(백)2KG, PP12MPP12M／M10KG(황), 운송료택배비",750.0799999999999,1575293.0
2026-05-12,주식회사 광림파워팩,2025-12-31,11.4,64,"PE28mm 2kgPE28M／M(백)2KG, PP12MPP12M／M10KG(황), PP12MPP12M／M12.5KG (황) 외 8개",6870.24,14245264.0
2026-05-12,주식회사 바인텍,2025-12-19,48.2,7,"PP10MMPP10MM／500M (투명), PP8MMPP8MM／750M (투명)",810.0,5697000.0
2026-05-13,(주)한주,2024-10-15,23.9,13,"PP15MM*17.5kg 삼성 recycle2194M두께1.0mm단중7.6g Clear, PP18MM*21kg 삼성 recycle2300M두께0.80mm단중8.8g Clear, 삼성 코드: 6922-00001(황색) PP18MMx 2300M 포장중량 21Kg, 1롤/1pcs 포장,",21823.96,37912978.0
2026-05-13,신광포장기계,2026-01-05,4.7,158,"PE28mm 2kgPE28M／M(백)2KG, PE28mm 2kgPE28M／M(황)2KG, PE28mm, 6KGPE28M／M(백)6KG 외 16개",6017.12,13233179.0
2026-05-13,전주삼신산업,2025-12-29,9.9,74,"PE28mm 2kgPE28M／M(백)2KG, PE28mm 2kgPE28M／M(청)2KG, PP12MPP12M／M10KG(황) 외 5개",1214.31,2861475.0
2026-05-13,주식회사 마크원테크,2025-12-19,29.9,16,"PP6MMPP6M／M10KG(백), 운송료",678.5,1494179.0
2026-05-13,합동포장기계,2026-01-05,16.7,45,"PE28mm 2kgPE28M／M(백)2KG, PE28mm 2kgPE28M／M(청)2KG, PP12MPP12M／M10KG(백) 외 11개",4790.71,11879932.0
2026-05-14,(주)아이마켓코리아,2025-12-24,3.4,213,"PP11MM*13.34KG삼성경량밴드(황색)2300m*두께0.84mm단중5.8g GRS, PP11MM*13.34KG삼성경량밴드2300m*두께0.84mm단중5.8g GRS, PP18MM x 21Kg 삼성 황색2300M 포장중량 21Kg, 1롤/1pcs 포장 (황색) 외 2개",14291.08,28366635.0
2026-05-14,경인팩,2026-01-05,3.8,190,"PE28mm 2kgPE28M／M(백)2KG, PE28mm 2kgPE28M／M(적)2KG, PE28mm 2kgPE28M／M(청)2KG 외 14개",5510.5199999999995,16562146.0
2026-05-14,대상산업,2026-01-02,3.9,187,"PE28mm 2kgPE28M／M(백)2KG, PE28mm 2kgPE28M／M(적)2KG, PE28mm 2kgPE28M／M(청)2KG 외 11개",2277.29,7029671.0
2026-05-14,동원팩,2026-01-05,3.1,236,"PE28mm 2kgPE28M／M(녹)2KG, PE28mm 2kgPE28M／M(백)2KG, PE28mm 2kgPE28M／M(청)2KG 외 7개",668.02,3938701.0
2026-05-14,신대한판지(주),2024-08-12,32.2,7,"PP12MPP12M／M10KG(녹), PP12MPP12M／M10KG(백), PP9MMPP9M／M9.5KG(백색)",1497.5,3627100.0
2026-05-14,진송팩,2026-01-02,6.4,116,"PE28mm 2kgPE28M／M(녹)2KG, PE28mm 2kgPE28M／M(백)2KG, PE28mm 2kgPE28M／M(적)2KG 외 8개",2999.4500000000003,7030996.0
2026-05-15,(주)스피드랩코리아,2026-01-05,26.1,29,"PP6MMPP6M／M10KG(백), 운송료",635.39,1393750.0
2026-05-15,경인산업,2025-12-04,18.4,38,"PE28mm 2kgPE28M／M(백)2KG, PP12MPP12M／M10KG(백), PP12MPP12M／M10KG(청) 외 2개",1945.23,4028111.0
2026-05-15,서흥포장 주식회사,2025-12-10,26.5,27,"PP12MPP12M／M10KG(황), PP7MPP7M10KG백색, 스트레치필름(특수기능형)15*500*400",309.12,918890.0
2026-05-15,세움패키지(SEUMPKG),2025-12-16,25.6,28,"PE 결속끈PE#50 (백) 5500m 5KG, PE28mm 2kgPE28M／M(백)2KG, PP12MPP12M／M10KG(황) 외 5개",2818.1,6986669.0
2026-05-15,주)대성씨앤씨,2025-12-22,12.0,61,"PP12MPP12M／M10KG(백), PP12MPP12M／M10KG(황), PP5MMx7000Mx0.5T 11.4kg 백색core 200x8T OD400 롤랩핑 400*200 외 4개",2049.7,8922062.0
2026-05-15,하영종합상사,2025-09-29,57.3,11,"PE28mm 2kgPE28M／M(백)2KG, 운송료",115.09,370036.0
2026-05-16,(주)낙원포장,2025-12-23,12.6,58,"PE15MPP15M／M10KG, PE28mm 2kgPE28M／M(백)2KG, PP10.5MPP10.5M10KG(청) 외 6개",7870.610000000001,15670636.0
2026-05-17,(주)아이마켓코리아,2025-12-24,3.4,213,"PP11MM*13.34KG삼성경량밴드(황색)2300m*두께0.84mm단중5.8g GRS, PP11MM*13.34KG삼성경량밴드2300m*두께0.84mm단중5.8g GRS, PP18MM x 21Kg 삼성 황색2300M 포장중량 21Kg, 1롤/1pcs 포장 (황색) 외 2개",14291.08,28366635.0
2026-05-17,경인팩,2026-01-05,3.8,190,"PE28mm 2kgPE28M／M(백)2KG, PE28mm 2kgPE28M／M(적)2KG, PE28mm 2kgPE28M／M(청)2KG 외 14개",5510.5199999999995,16562146.0
2026-05-17,대상산업,2026-01-02,3.9,187,"PE28mm 2kgPE28M／M(백)2KG, PE28mm 2kgPE28M／M(적)2KG, PE28mm 2kgPE28M／M(청)2KG 외 11개",2277.29,7029671.0
2026-05-17,동원팩,2026-01-05,3.1,236,"PE28mm 2kgPE28M／M(녹)2KG, PE28mm 2kgPE28M／M(백)2KG, PE28mm 2kgPE28M／M(청)2KG 외 7개",668.02,3938701.0
2026-05-17,신광포장기계,2026-01-05,4.7,158,"PE28mm 2kgPE28M／M(백)2KG, PE28mm 2kgPE28M／M(황)2KG, PE28mm, 6KGPE28M／M(백)6KG 외 16개",6017.12,13233179.0
2026-05-17,한길포장기계,2026-01-05,22.9,33,"PE28mm 2kgPE28M／M(백)2KG, PP12MPP12M／M10KG(백), PP12MPP12M／M10KG(청) 외 3개",2366.34,4956034.0
2026-05-18,주식회사 동원피앤아이,2025-12-26,13.4,55,"PE 결속끈PE#50 (백) 5500m 5KG, PE28mm 2kgPE28M／M(백)2KG, PE50mm, 4.7KGPE50M／M(황)4.7KG 외 1개",53584.69,9944337.0
2026-05-20,(주)남영판지,2024-07-09,68.5,3,PP12MPP12M／M10KG(황),650.0,1430000.0
2026-05-20,(주)베스테크,2025-11-11,19.4,30,도전성밴드7.7mm*900m,281.93,8394013.0
2026-05-20,(주)아이마켓코리아,2025-12-24,3.4,213,"PP11MM*13.34KG삼성경량밴드(황색)2300m*두께0.84mm단중5.8g GRS, PP11MM*13.34KG삼성경량밴드2300m*두께0.84mm단중5.8g GRS, PP18MM x 21Kg 삼성 황색2300M 포장중량 21Kg, 1롤/1pcs 포장 (황색) 외 2개",14291.08,28366635.0
2026-05-20,경인팩,2026-01-05,3.8,190,"PE28mm 2kgPE28M／M(백)2KG, PE28mm 2kgPE28M／M(적)2KG, PE28mm 2kgPE28M／M(청)2KG 외 14개",5510.5199999999995,16562146.0
2026-05-20,금산포장,2026-01-05,15.0,45,"PE28mm 2kgPE28M／M(백)2KG, PE28mm, 6KGPE28M／M(백)6KG, PP12MPP12M／M10KG(투명) 외 2개",1071.8500000000001,2573952.0
2026-05-20,대상산업,2026-01-02,3.9,187,"PE28mm 2kgPE28M／M(백)2KG, PE28mm 2kgPE28M／M(적)2KG, PE28mm 2kgPE28M／M(청)2KG 외 11개",2277.29,7029671.0
2026-05-20,동원팩,2026-01-05,3.1,236,"PE28mm 2kgPE28M／M(녹)2KG, PE28mm 2kgPE28M／M(백)2KG, PE28mm 2kgPE28M／M(청)2KG 외 7개",668.02,3938701.0
2026-05-20,연화수출포장,2025-12-31,35.1,19,"PP15MPP15M／M10 (청색), PP15MPP15M／M10KG(투명), 운송료",803.5,1835397.0
2026-05-20,주신산업,2026-01-05,9.3,79,"PE28mm 2kgPE28M／M(백)2KG, PP12MPP12M／M10KG(황), 운송료택배비",750.0799999999999,1575293.0
2026-05-20,진송팩,2026-01-02,6.4,116,"PE28mm 2kgPE28M／M(녹)2KG, PE28mm 2kgPE28M／M(백)2KG, PE28mm 2kgPE28M／M(적)2KG 외 8개",2999.4500000000003,7030996.0
2026-05-21,대화수지공업(주),2025-09-29,13.7,13,"PE원료LLD PE, PE원료LLDPE 재생투명, PE원료재생원료",66677.0,78634597.0
2026-05-21,박스컴퍼니(주),2024-10-30,71.2,5,PP7MPP7M10KG백색,560.0,1428000.0
2026-05-21,신광포장기계,2026-01-05,4.7,158,"PE28mm 2kgPE28M／M(백)2KG, PE28mm 2kgPE28M／M(황)2KG, PE28mm, 6KGPE28M／M(백)6KG 외 16개",6017.12,13233179.0
2026-05-21,"주식회사 오비아이(OBI co.,Ltd.)",2025-11-04,66.3,11,"PE28mm 2kgPE28M／M(백)2KG, PP8MPP8M／M10KG(백)",230.0,653000.0
2026-05-22,동서포장종합상사,2025-12-18,31.2,23,PE28mm 2kgPE28M／M(백)2KG,106.96,320783.0
2026-05-22,에이원코리아,2025-12-29,48.7,15,"PE28mm 2kgPE28M／M(백)2KG, PP12MPP12M／M12KG(황), 운송료운송료",1226.41,2413642.0
2026-05-22,전주삼신산업,2025-12-29,9.9,74,"PE28mm 2kgPE28M／M(백)2KG, PE28mm 2kgPE28M／M(청)2KG, PP12MPP12M／M10KG(황) 외 5개",1214.31,2861475.0
2026-05-22,제이케이머티리얼즈(주)/순성공장,2025-12-26,21.2,35,"PET 16MMPET 16mm x 0.8T x 1200m Embossed (반투명 녹색), PP18MPP18M／M10KG(황)",1175.33,2874963.0
2026-05-22,한국포장기계,2025-12-29,16.1,46,"PE28mm 2kgPE28M／M(백)2KG, PE28mm 2kgPE28M／M(적)2KG, PE28mm 2kgPE28M／M(청)2KG 외 5개",4839.65,11765235.0
2026-05-23,(주)금성칼라팩,2025-11-24,90.0,8,PP7MPP7M10KG백색,1260.0,2961000.0
2026-05-23,(주)아이마켓코리아,2025-12-24,3.4,213,"PP11MM*13.34KG삼성경량밴드(황색)2300m*두께0.84mm단중5.8g GRS, PP11MM*13.34KG삼성경량밴드2300m*두께0.84mm단중5.8g GRS, PP18MM x 21Kg 삼성 황색2300M 포장중량 21Kg, 1롤/1pcs 포장 (황색) 외 2개",14291.08,28366635.0
2026-05-23,경인팩,2026-01-05,3.8,190,"PE28mm 2kgPE28M／M(백)2KG, PE28mm 2kgPE28M／M(적)2KG, PE28mm 2kgPE28M／M(청)2KG 외 14개",5510.5199999999995,16562146.0
2026-05-23,대상산업,2026-01-02,3.9,187,"PE28mm 2kgPE28M／M(백)2KG, PE28mm 2kgPE28M／M(적)2KG, PE28mm 2kgPE28M／M(청)2KG 외 11개",2277.29,7029671.0
2026-05-23,동원팩,2026-01-05,3.1,236,"PE28mm 2kgPE28M／M(녹)2KG, PE28mm 2kgPE28M／M(백)2KG, PE28mm 2kgPE28M／M(청)2KG 외 7개",668.02,3938701.0
2026-05-23,민건 이에이,2025-12-24,30.2,24,PP12MPP12M／M10KG(백),702.08,1488417.0
2026-05-23,백암지관공업사,2025-12-03,57.8,13,"PP12MPP12M／M11KG(청), PP12MPP12M／M12.5KG (황)",315.94,663469.0
2026-05-23,보우팩,2025-08-06,58.2,11,"PE28mm 2kgPE28M／M(청)2KG, PE28mm 2kgPE28M／M(황)2KG, PE28mm, 6KGPE28M／M(백)6KG 외 1개",3126.0,6902300.0
2026-05-23,삼보팩,2025-01-16,82.0,5,PP12MPP12M／M10KG(황),283.33,623333.0
2026-05-23,주식회사 광림파워팩,2025-12-31,11.4,64,"PE28mm 2kgPE28M／M(백)2KG, PP12MPP12M／M10KG(황), PP12MPP12M／M12.5KG (황) 외 8개",6870.24,14245264.0
2026-05-23,주식회사 대한종합포장,2025-11-24,18.3,38,"PP12MPP12M／M10KG(백), PP5MMx7000Mx0.5T 백색, 스트레치필름(기능 기계랩)15*500mm*1700m 외 2개",447.06,5345675.0
2026-05-25,신광포장기계,2026-01-05,4.7,158,"PE28mm 2kgPE28M／M(백)2KG, PE28mm 2kgPE28M／M(황)2KG, PE28mm, 6KGPE28M／M(백)6KG 외 16개",6017.12,13233179.0
2026-05-25,우선산업,2025-12-26,15.8,46,"PE28mm 2kgPE28M／M(백)2KG, PE50mm, 4.5KGPE50M／M(백)4.5KG, PE50mm, 4.7KGPE50M／M(백)4.7KG 외 1개",3502.0,7082525.0
2026-05-25,파워엠팩,2025-07-23,18.3,32,"PP10.5MPP10.5M10KG(청), PP10.5MPP10.5M10KG투명, PP12MPP12M／M10KG(백) 외 5개",4589.52,9635060.0
2026-05-26,(주)아이마켓코리아,2025-12-24,3.4,213,"PP11MM*13.34KG삼성경량밴드(황색)2300m*두께0.84mm단중5.8g GRS, PP11MM*13.34KG삼성경량밴드2300m*두께0.84mm단중5.8g GRS, PP18MM x 21Kg 삼성 황색2300M 포장중량 21Kg, 1롤/1pcs 포장 (황색) 외 2개",14291.08,28366635.0
2026-05-26,경인팩,2026-01-05,3.8,190,"PE28mm 2kgPE28M／M(백)2KG, PE28mm 2kgPE28M／M(적)2KG, PE28mm 2kgPE28M／M(청)2KG 외 14개",5510.5199999999995,16562146.0
2026-05-26,대상산업,2026-01-02,3.9,187,"PE28mm 2kgPE28M／M(백)2KG, PE28mm 2kgPE28M／M(적)2KG, PE28mm 2kgPE28M／M(청)2KG 외 11개",2277.29,7029671.0
2026-05-26,동원팩,2026-01-05,3.1,236,"PE28mm 2kgPE28M／M(녹)2KG, PE28mm 2kgPE28M／M(백)2KG, PE28mm 2kgPE28M／M(청)2KG 외 7개",668.02,3938701.0
2026-05-26,주식회사 에이스팩,2024-08-08,16.2,13,"스트레치필름(일반 기계랩)18*500mm*2000m, 스트레치필름(일반 기계랩)25*500mm*1400m, 스트레치필름(일반 핸드랩)18*500mm*350m 외 2개",93.24,2832600.0
2026-05-26,진송팩,2026-01-02,6.4,116,"PE28mm 2kgPE28M／M(녹)2KG, PE28mm 2kgPE28M／M(백)2KG, PE28mm 2kgPE28M／M(적)2KG 외 8개",2999.4500000000003,7030996.0
2026-05-26,천일포장산업,2025-12-01,22.5,32,"PE28mm 2kgPE28M／M(백)2KG, PE28mm, 6KGPE28M／M(백)6KG, PP6MMPP6M／M10KG(백)",3126.29,7358497.0
2026-05-27,(주)인스트아이앤씨,2025-07-01,55.9,10,"PE28mm 2kgPE28M／M(백)2KG, 운송료",39.9,137560.0
2026-05-27,주)대성씨앤씨,2025-12-22,12.0,61,"PP12MPP12M／M10KG(백), PP12MPP12M／M10KG(황), PP5MMx7000Mx0.5T 11.4kg 백색core 200x8T OD400 롤랩핑 400*200 외 4개",2049.7,8922062.0
2026-05-27,한남포장기계,2025-12-16,18.3,39,"PE28mm 2kgPE28M／M(백)2KG, PP12MPP12MM / 9.5KG(황), PP12MPP12M／M9KG(황)",2504.96,5711779.0
2026-05-28,(주)낙원포장,2025-12-23,12.6,58,"PE15MPP15M／M10KG, PE28mm 2kgPE28M／M(백)2KG, PP10.5MPP10.5M10KG(청) 외 6개",7870.610000000001,15670636.0
2026-05-28,(주)진송팩,2025-11-11,18.7,4,"PP18MPP18M／M10KG(황), 운송료",197.0,413900.0
2026-05-28,그린포장,2025-11-01,104.2,5,PE28mm 2kgPE28M／M(백)2KG,244.0,780800.0
2026-05-28,동방포장기자재,2025-11-24,37.9,18,"PP12MPP12M／M10KG(황), PP12MPP12M／M12KG(적색), PP15MPP15MM*10KG(황색)",2230.6400000000003,4474281.0
2026-05-29,(주)삼영피앤텍,2025-11-06,51.8,14,PE28mm 2kgPE28M／M(백)2KG,44.29,159429.0
2026-05-29,(주)아이마켓코리아,2025-12-24,3.4,213,"PP11MM*13.34KG삼성경량밴드(황색)2300m*두께0.84mm단중5.8g GRS, PP11MM*13.34KG삼성경량밴드2300m*두께0.84mm단중5.8g GRS, PP18MM x 21Kg 삼성 황색2300M 포장중량 21Kg, 1롤/1pcs 포장 (황색) 외 2개",14291.08,28366635.0
2026-05-29,경인팩,2026-01-05,3.8,190,"PE28mm 2kgPE28M／M(백)2KG, PE28mm 2kgPE28M／M(적)2KG, PE28mm 2kgPE28M／M(청)2KG 외 14개",5510.5199999999995,16562146.0
2026-05-29,대상산업,2026-01-02,3.9,187,"PE28mm 2kgPE28M／M(백)2KG, PE28mm 2kgPE28M／M(적)2KG, PE28mm 2kgPE28M／M(청)2KG 외 11개",2277.29,7029671.0
2026-05-29,동원팩,2026-01-05,3.1,236,"PE28mm 2kgPE28M／M(녹)2KG, PE28mm 2kgPE28M／M(백)2KG, PE28mm 2kgPE28M／M(청)2KG 외 7개",668.02,3938701.0
2026-05-29,신광포장기계,2026-01-05,4.7,158,"PE28mm 2kgPE28M／M(백)2KG, PE28mm 2kgPE28M／M(황)2KG, PE28mm, 6KGPE28M／M(백)6KG 외 16개",6017.12,13233179.0
2026-05-29,주신산업,2026-01-05,9.3,79,"PE28mm 2kgPE28M／M(백)2KG, PP12MPP12M／M10KG(황), 운송료택배비",750.0799999999999,1575293.0
2026-05-29,합동포장기계,2026-01-05,16.7,45,"PE28mm 2kgPE28M／M(백)2KG, PE28mm 2kgPE28M／M(청)2KG, PP12MPP12M／M10KG(백) 외 11개",4790.71,11879932.0
2026-05-30,다금마대,2025-12-29,38.4,19,마대,236.79,544616.0
2026-05-31,전주삼신산업,2025-12-29,9.9,74,"PE28mm 2kgPE28M／M(백)2KG, PE28mm 2kgPE28M／M(청)2KG, PP12MPP12M／M10KG(황) 외 5개",1214.31,2861475.0
2026-05-31,주식회사 동원피앤아이,2025-12-26,13.4,55,"PE 결속끈PE#50 (백) 5500m 5KG, PE28mm 2kgPE28M／M(백)2KG, PE50mm, 4.7KGPE50M／M(황)4.7KG 외 1개",53584.69,9944337.0
2026-06-01,(주)아이마켓코리아,2025-12-24,3.4,213,"PP11MM*13.34KG삼성경량밴드(황색)2300m*두께0.84mm단중5.8g GRS, PP11MM*13.34KG삼성경량밴드2300m*두께0.84mm단중5.8g GRS, PP18MM x 21Kg 삼성 황색2300M 포장중량 21Kg, 1롤/1pcs 포장 (황색) 외 2개",14291.08,28366635.0
2026-06-01,경인팩,2026-01-05,3.8,190,"PE28mm 2kgPE28M／M(백)2KG, PE28mm 2kgPE28M／M(적)2KG, PE28mm 2kgPE28M／M(청)2KG 외 14개",5510.5199999999995,16562146.0
2026-06-01,대상산업,2026-01-02,3.9,187,"PE28mm 2kgPE28M／M(백)2KG, PE28mm 2kgPE28M／M(적)2KG, PE28mm 2kgPE28M／M(청)2KG 외 11개",2277.29,7029671.0
2026-06-01,동원팩,2026-01-05,3.1,236,"PE28mm 2kgPE28M／M(녹)2KG, PE28mm 2kgPE28M／M(백)2KG, PE28mm 2kgPE28M／M(청)2KG 외 7개",668.02,3938701.0
2026-06-01,진송팩,2026-01-02,6.4,116,"PE28mm 2kgPE28M／M(녹)2KG, PE28mm 2kgPE28M／M(백)2KG, PE28mm 2kgPE28M／M(적)2KG 외 8개",2999.4500000000003,7030996.0
2026-06-01,태광오토팩,2025-12-01,26.2,26,"PE28mm 2kgPE28M／M(백)2KG, PE28mm 2kgPE28M／M(청)2KG, PE28mm 2kgPE28M／M(황)2KG 외 2개",1850.52,4437283.0
2026-06-02,RLBUTTON,2025-12-16,56.8,13,"12 x 3,000M 0.63T12x3,000M0.63TCLEAR, PP 12MM12MMx1000Mx0.55MM Blue, PP19M * 1000M HD BlackPP19MM*1000M*0.85T Black 외 6개",16971.29,40408212.0
2026-06-02,경인산업,2025-12-04,18.4,38,"PE28mm 2kgPE28M／M(백)2KG, PP12MPP12M／M10KG(백), PP12MPP12M／M10KG(청) 외 2개",1945.23,4028111.0
2026-06-02,서울상사,2025-12-19,33.8,22,"PP12MPP12M／M10KG(투명), PP12MPP12M／M10KG(황), PP15MPP15MM*10KG(황색) 외 4개",2726.66,5322667.0
2026-06-02,신광포장기계,2026-01-05,4.7,158,"PE28mm 2kgPE28M／M(백)2KG, PE28mm 2kgPE28M／M(황)2KG, PE28mm, 6KGPE28M／M(백)6KG 외 16개",6017.12,13233179.0
2026-06-03,(주)영화수출포장 김포공장,2025-05-21,42.0,3,PE 결속끈PE#50 (백) 5500m 5KG,400.0,1180000.0
2026-06-03,대화수지공업(주),2025-09-29,13.7,13,"PE원료LLD PE, PE원료LLDPE 재생투명, PE원료재생원료",66677.0,78634597.0
2026-06-03,세림산업사,2025-12-17,84.0,4,PP원료 (검정),3600.0,2520000.0
2026-06-03,주식회사 광림파워팩,2025-12-31,11.4,64,"PE28mm 2kgPE28M／M(백)2KG, PP12MPP12M／M10KG(황), PP12MPP12M／M12.5KG (황) 외 8개",6870.24,14245264.0
2026-06-04,(주)아이마켓코리아,2025-12-24,3.4,213,"PP11MM*13.34KG삼성경량밴드(황색)2300m*두께0.84mm단중5.8g GRS, PP11MM*13.34KG삼성경량밴드2300m*두께0.84mm단중5.8g GRS, PP18MM x 21Kg 삼성 황색2300M 포장중량 21Kg, 1롤/1pcs 포장 (황색) 외 2개",14291.08,28366635.0
2026-06-04,경인팩,2026-01-05,3.8,190,"PE28mm 2kgPE28M／M(백)2KG, PE28mm 2kgPE28M／M(적)2KG, PE28mm 2kgPE28M／M(청)2KG 외 14개",5510.5199999999995,16562146.0
2026-06-04,금산포장,2026-01-05,15.0,45,"PE28mm 2kgPE28M／M(백)2KG, PE28mm, 6KGPE28M／M(백)6KG, PP12MPP12M／M10KG(투명) 외 2개",1071.8500000000001,2573952.0
2026-06-04,대상산업,2026-01-02,3.9,187,"PE28mm 2kgPE28M／M(백)2KG, PE28mm 2kgPE28M／M(적)2KG, PE28mm 2kgPE28M／M(청)2KG 외 11개",2277.29,7029671.0
2026-06-04,동원팩,2026-01-05,3.1,236,"PE28mm 2kgPE28M／M(녹)2KG, PE28mm 2kgPE28M／M(백)2KG, PE28mm 2kgPE28M／M(청)2KG 외 7개",668.02,3938701.0
2026-06-04,주식회사 대원포장기계,2025-12-01,37.3,19,PE28mm 2kgPE28M／M(백)2KG,400.0,1160000.0
2026-06-05,(주)탐스텍,2025-12-29,79.0,10,"12 x 3,000M 0.60T12x3,000M0.60TBLUE, 15 x 1,000M 1.0T H/D Yellow w/paper core15 x 1,000M 1.0T H/D Yellow w/paper core, 15 x 2,000M 0.50T15 x 2,000M 0.50T 청색 외 1개",7195.65,14636160.0
2026-06-05,(주)한주,2024-10-15,23.9,13,"PP15MM*17.5kg 삼성 recycle2194M두께1.0mm단중7.6g Clear, PP18MM*21kg 삼성 recycle2300M두께0.80mm단중8.8g Clear, 삼성 코드: 6922-00001(황색) PP18MMx 2300M 포장중량 21Kg, 1롤/1pcs 포장,",21823.96,37912978.0
2026-06-05,신한포장기계(주),2025-11-10,69.8,10,PE28mm 2kgPE28M／M(백)2KG,1001.2,2710000.0
2026-06-06,NZ SAFETY BLACKWOODS,2025-11-02,72.2,10,"12 x 3,000M 0.60T12x3,000M0.60TBLUE, 12 x 3,000M 0.60T12x3,000M0.60TCLEAR, PP 12MM12MMx1000Mx0.55MM Blue 외 5개",9775.68,24386353.0
2026-06-06,신광포장기계,2026-01-05,4.7,158,"PE28mm 2kgPE28M／M(백)2KG, PE28mm 2kgPE28M／M(황)2KG, PE28mm, 6KGPE28M／M(백)6KG 외 16개",6017.12,13233179.0
2026-06-07,(주)아이마켓코리아,2025-12-24,3.4,213,"PP11MM*13.34KG삼성경량밴드(황색)2300m*두께0.84mm단중5.8g GRS, PP11MM*13.34KG삼성경량밴드2300m*두께0.84mm단중5.8g GRS, PP18MM x 21Kg 삼성 황색2300M 포장중량 21Kg, 1롤/1pcs 포장 (황색) 외 2개",14291.08,28366635.0
2026-06-07,(주)한국유니콤,2025-07-03,113.0,3,PE28mm 2kgPE28M／M(백)2KG,200.0,640000.0
2026-06-07,경인팩,2026-01-05,3.8,190,"PE28mm 2kgPE28M／M(백)2KG, PE28mm 2kgPE28M／M(적)2KG, PE28mm 2kgPE28M／M(청)2KG 외 14개",5510.5199999999995,16562146.0
2026-06-07,대상산업,2026-01-02,3.9,187,"PE28mm 2kgPE28M／M(백)2KG, PE28mm 2kgPE28M／M(적)2KG, PE28mm 2kgPE28M／M(청)2KG 외 11개",2277.29,7029671.0
2026-06-07,동원팩,2026-01-05,3.1,236,"PE28mm 2kgPE28M／M(녹)2KG, PE28mm 2kgPE28M／M(백)2KG, PE28mm 2kgPE28M／M(청)2KG 외 7개",668.02,3938701.0
2026-06-07,신화티에스,2024-10-07,76.3,4,PP15MPP15MM*10KG(황색),500.0,1000000.0
2026-06-07,주신산업,2026-01-05,9.3,79,"PE28mm 2kgPE28M／M(백)2KG, PP12MPP12M／M10KG(황), 운송료택배비",750.0799999999999,1575293.0
2026-06-07,진송팩,2026-01-02,6.4,116,"PE28mm 2kgPE28M／M(녹)2KG, PE28mm 2kgPE28M／M(백)2KG, PE28mm 2kgPE28M／M(적)2KG 외 8개",2999.4500000000003,7030996.0
2026-06-07,파코팩(PACO PACK),2024-09-05,40.8,7,"PE 결속끈PE#50 (백) 5500m 5KG, PE28mm 2kgPE28M／M(백)2KG, PE50mm, 5KGPE50M／M(황)5KG",2226.67,6146667.0
2026-06-07,한국포장기계,2025-12-29,16.1,46,"PE28mm 2kgPE28M／M(백)2KG, PE28mm 2kgPE28M／M(적)2KG, PE28mm 2kgPE28M／M(청)2KG 외 5개",4839.65,11765235.0
2026-06-08,(주)베스테크,2025-11-11,19.4,30,도전성밴드7.7mm*900m,281.93,8394013.0
2026-06-08,주)대성씨앤씨,2025-12-22,12.0,61,"PP12MPP12M／M10KG(백), PP12MPP12M／M10KG(황), PP5MMx7000Mx0.5T 11.4kg 백색core 200x8T OD400 롤랩핑 400*200 외 4개",2049.7,8922062.0
2026-06-08,한길포장기계,2026-01-05,22.9,33,"PE28mm 2kgPE28M／M(백)2KG, PP12MPP12M／M10KG(백), PP12MPP12M／M10KG(청) 외 3개",2366.34,4956034.0
2026-06-09,(주)낙원포장,2025-12-23,12.6,58,"PE15MPP15M／M10KG, PE28mm 2kgPE28M／M(백)2KG, PP10.5MPP10.5M10KG(청) 외 6개",7870.610000000001,15670636.0
2026-06-09,강원농협연합포장재가공사업소,2025-11-17,34.0,18,PP12MPP12M／M12.5KG (황),3348.21,6195536.0
2026-06-09,광림포장기계,2025-12-31,32.9,23,"PP12MPP12M／M10KG(황), PP12MPP12M／M12.5KG (황), PP12MPP12mm*0.72T*2800m 12.5KG(투명) 외 6개",5447.27,10710986.0
2026-06-09,대흥수출포장,2026-01-05,31.8,24,PE28mm 2kgPE28M／M(백)2KG,101.74,295043.0
2026-06-09,동남물산,2024-12-20,134.5,3,PE28mm 2kgPE28M／M(백)2KG,400.0,1260000.0
2026-06-09,세움패키지(SEUMPKG),2025-12-16,25.6,28,"PE 결속끈PE#50 (백) 5500m 5KG, PE28mm 2kgPE28M／M(백)2KG, PP12MPP12M／M10KG(황) 외 5개",2818.1,6986669.0
2026-06-09,우선산업,2025-12-26,15.8,46,"PE28mm 2kgPE28M／M(백)2KG, PE50mm, 4.5KGPE50M／M(백)4.5KG, PE50mm, 4.7KGPE50M／M(백)4.7KG 외 1개",3502.0,7082525.0
2026-06-09,전주삼신산업,2025-12-29,9.9,74,"PE28mm 2kgPE28M／M(백)2KG, PE28mm 2kgPE28M／M(청)2KG, PP12MPP12M／M10KG(황) 외 5개",1214.31,2861475.0
2026-06-10,(주)스피드랩코리아,2026-01-05,26.1,29,"PP6MMPP6M／M10KG(백), 운송료",635.39,1393750.0
2026-06-10,(주)아이마켓코리아,2025-12-24,3.4,213,"PP11MM*13.34KG삼성경량밴드(황색)2300m*두께0.84mm단중5.8g GRS, PP11MM*13.34KG삼성경량밴드2300m*두께0.84mm단중5.8g GRS, PP18MM x 21Kg 삼성 황색2300M 포장중량 21Kg, 1롤/1pcs 포장 (황색) 외 2개",14291.08,28366635.0
2026-06-10,경인팩,2026-01-05,3.8,190,"PE28mm 2kgPE28M／M(백)2KG, PE28mm 2kgPE28M／M(적)2KG, PE28mm 2kgPE28M／M(청)2KG 외 14개",5510.5199999999995,16562146.0
2026-06-10,대상산업,2026-01-02,3.9,187,"PE28mm 2kgPE28M／M(백)2KG, PE28mm 2kgPE28M／M(적)2KG, PE28mm 2kgPE28M／M(청)2KG 외 11개",2277.29,7029671.0
2026-06-10,동원팩,2026-01-05,3.1,236,"PE28mm 2kgPE28M／M(녹)2KG, PE28mm 2kgPE28M／M(백)2KG, PE28mm 2kgPE28M／M(청)2KG 외 7개",668.02,3938701.0
2026-06-10,서흥포장 주식회사,2025-12-10,26.5,27,"PP12MPP12M／M10KG(황), PP7MPP7M10KG백색, 스트레치필름(특수기능형)15*500*400",309.12,918890.0
2026-06-10,신광포장기계,2026-01-05,4.7,158,"PE28mm 2kgPE28M／M(백)2KG, PE28mm 2kgPE28M／M(황)2KG, PE28mm, 6KGPE28M／M(백)6KG 외 16개",6017.12,13233179.0
2026-06-10,신우교역,2025-07-18,109.4,6,PP12MPP12M／M10KG(황),1000.0,2300000.0
2026-06-10,주식회사 대한종합포장,2025-11-24,18.3,38,"PP12MPP12M／M10KG(백), PP5MMx7000Mx0.5T 백색, 스트레치필름(기능 기계랩)15*500mm*1700m 외 2개",447.06,5345675.0
2026-06-11,삼원산업,2025-12-31,54.2,14,"PP12MPP12M／M10KG(황), PP12MPP12M／M12KG(투명), PP12MPP12M／M12KG(황) 외 2개",3536.1099999999997,6888611.0
2026-06-11,주식회사 마크원테크,2025-12-19,29.9,16,"PP6MMPP6M／M10KG(백), 운송료",678.5,1494179.0
2026-06-11,주식회사 에이스팩,2024-08-08,16.2,13,"스트레치필름(일반 기계랩)18*500mm*2000m, 스트레치필름(일반 기계랩)25*500mm*1400m, 스트레치필름(일반 핸드랩)18*500mm*350m 외 2개",93.24,2832600.0
2026-06-12,제이케이머티리얼즈(주)/순성공장,2025-12-26,21.2,35,"PET 16MMPET 16mm x 0.8T x 1200m Embossed (반투명 녹색), PP18MPP18M／M10KG(황)",1175.33,2874963.0
2026-06-12,파워엠팩,2025-07-23,18.3,32,"PP10.5MPP10.5M10KG(청), PP10.5MPP10.5M10KG투명, PP12MPP12M／M10KG(백) 외 5개",4589.52,9635060.0
2026-06-13,(주)아이마켓코리아,2025-12-24,3.4,213,"PP11MM*13.34KG삼성경량밴드(황색)2300m*두께0.84mm단중5.8g GRS, PP11MM*13.34KG삼성경량밴드2300m*두께0.84mm단중5.8g GRS, PP18MM x 21Kg 삼성 황색2300M 포장중량 21Kg, 1롤/1pcs 포장 (황색) 외 2개",14291.08,28366635.0
2026-06-13,경인팩,2026-01-05,3.8,190,"PE28mm 2kgPE28M／M(백)2KG, PE28mm 2kgPE28M／M(적)2KG, PE28mm 2kgPE28M／M(청)2KG 외 14개",5510.5199999999995,16562146.0
2026-06-13,대상산업,2026-01-02,3.9,187,"PE28mm 2kgPE28M／M(백)2KG, PE28mm 2kgPE28M／M(적)2KG, PE28mm 2kgPE28M／M(청)2KG 외 11개",2277.29,7029671.0
2026-06-13,동원팩,2026-01-05,3.1,236,"PE28mm 2kgPE28M／M(녹)2KG, PE28mm 2kgPE28M／M(백)2KG, PE28mm 2kgPE28M／M(청)2KG 외 7개",668.02,3938701.0
2026-06-13,세화종합상사,2025-11-24,67.2,10,PE28mm 2kgPE28M／M(백)2KG,38.0,123500.0
2026-06-13,주식회사 동원피앤아이,2025-12-26,13.4,55,"PE 결속끈PE#50 (백) 5500m 5KG, PE28mm 2kgPE28M／M(백)2KG, PE50mm, 4.7KGPE50M／M(황)4.7KG 외 1개",53584.69,9944337.0
2026-06-13,진송팩,2026-01-02,6.4,116,"PE28mm 2kgPE28M／M(녹)2KG, PE28mm 2kgPE28M／M(백)2KG, PE28mm 2kgPE28M／M(적)2KG 외 8개",2999.4500000000003,7030996.0
2026-06-14,(주)디앤푸드,2025-02-04,99.0,5,스트레치필름(일반 기계랩)20*500mm*1400m,30.0,990000.0
2026-06-14,H.E. BAUMRUCKER COMPANY,2025-09-27,65.8,9,"12 x 3,018M 0.58T White (8x8)12 x 3,018M 0.58T White (8x8), 12 x 3,018M 0.58T White 230 CORE (9x8)12 x 3,018M 0.58T White 230 CORE (9x8), 15 x 1,645M 0.76T 16*6 Black15 x 1,645M 0.76T 16*6 Black 외 6개",31937.23,90135842.0
2026-06-14,신광포장기계,2026-01-05,4.7,158,"PE28mm 2kgPE28M／M(백)2KG, PE28mm 2kgPE28M／M(황)2KG, PE28mm, 6KGPE28M／M(백)6KG 외 16개",6017.12,13233179.0
2026-06-14,주식회사 광림파워팩,2025-12-31,11.4,64,"PE28mm 2kgPE28M／M(백)2KG, PP12MPP12M／M10KG(황), PP12MPP12M／M12.5KG (황) 외 8개",6870.24,14245264.0
2026-06-14,한남포장기계,2025-12-16,18.3,39,"PE28mm 2kgPE28M／M(백)2KG, PP12MPP12MM / 9.5KG(황), PP12MPP12M／M9KG(황)",2504.96,5711779.0
2026-06-14,합동포장기계,2026-01-05,16.7,45,"PE28mm 2kgPE28M／M(백)2KG, PE28mm 2kgPE28M／M(청)2KG, PP12MPP12M／M10KG(백) 외 11개",4790.71,11879932.0
2026-06-15,(주)진송팩,2025-11-11,18.7,4,"PP18MPP18M／M10KG(황), 운송료",197.0,413900.0
2026-06-15,ANDERSON WHOLESALE PACKAGING PTY LTD.,2025-12-14,61.3,12,"12 x 3,000M 0.55T12 x 3,000M 0.55T 청색, 12 x 3,000M 0.60T12x3,000M0.60TBLUE, 12 x 3,000M 0.60T12x3,000M0.60TCLEAR 외 9개",22965.96,52140274.0
2026-06-15,TIGERPAK PACKAGING,2025-12-25,43.9,17,"12 x 2,800M 0.55T12 x 2,800M 0.55T 검정, 12 x 2800M 0.55T12 x 2800M 0.55T BLACK, 12 x 2800M 0.60T12 x 2800M 0.60T BLACK 외 11개",50436.18,113594139.0
2026-06-15,신대한판지(주),2024-08-12,32.2,7,"PP12MPP12M／M10KG(녹), PP12MPP12M／M10KG(백), PP9MMPP9M／M9.5KG(백색)",1497.5,3627100.0
2026-06-16,(주)아이마켓코리아,2025-12-24,3.4,213,"PP11MM*13.34KG삼성경량밴드(황색)2300m*두께0.84mm단중5.8g GRS, PP11MM*13.34KG삼성경량밴드2300m*두께0.84mm단중5.8g GRS, PP18MM x 21Kg 삼성 황색2300M 포장중량 21Kg, 1롤/1pcs 포장 (황색) 외 2개",14291.08,28366635.0
2026-06-16,경인팩,2026-01-05,3.8,190,"PE28mm 2kgPE28M／M(백)2KG, PE28mm 2kgPE28M／M(적)2KG, PE28mm 2kgPE28M／M(청)2KG 외 14개",5510.5199999999995,16562146.0
2026-06-16,대상산업,2026-01-02,3.9,187,"PE28mm 2kgPE28M／M(백)2KG, PE28mm 2kgPE28M／M(적)2KG, PE28mm 2kgPE28M／M(청)2KG 외 11개",2277.29,7029671.0
2026-06-16,대화수지공업(주),2025-09-29,13.7,13,"PE원료LLD PE, PE원료LLDPE 재생투명, PE원료재생원료",66677.0,78634597.0
2026-06-16,동원팩,2026-01-05,3.1,236,"PE28mm 2kgPE28M／M(녹)2KG, PE28mm 2kgPE28M／M(백)2KG, PE28mm 2kgPE28M／M(청)2KG 외 7개",668.02,3938701.0
2026-06-16,주신산업,2026-01-05,9.3,79,"PE28mm 2kgPE28M／M(백)2KG, PP12MPP12M／M10KG(황), 운송료택배비",750.0799999999999,1575293.0
2026-06-17,천일포장산업,2025-12-01,22.5,32,"PE28mm 2kgPE28M／M(백)2KG, PE28mm, 6KGPE28M／M(백)6KG, PP6MMPP6M／M10KG(백)",3126.29,7358497.0
2026-06-18,신광포장기계,2026-01-05,4.7,158,"PE28mm 2kgPE28M／M(백)2KG, PE28mm 2kgPE28M／M(황)2KG, PE28mm, 6KGPE28M／M(백)6KG 외 16개",6017.12,13233179.0
2026-06-18,전주삼신산업,2025-12-29,9.9,74,"PE28mm 2kgPE28M／M(백)2KG, PE28mm 2kgPE28M／M(청)2KG, PP12MPP12M／M10KG(황) 외 5개",1214.31,2861475.0
2026-06-19,(주)대일상사 (전주),2024-09-20,91.5,3,PE28mm 2kgPE28M／M(백)2KG,80.0,264000.0
2026-06-19,(주)더담패키지,2025-11-13,109.6,6,PP7MPP7M10KG백색,500.0,1175000.0
2026-06-19,(주)아이마켓코리아,2025-12-24,3.4,213,"PP11MM*13.34KG삼성경량밴드(황색)2300m*두께0.84mm단중5.8g GRS, PP11MM*13.34KG삼성경량밴드2300m*두께0.84mm단중5.8g GRS, PP18MM x 21Kg 삼성 황색2300M 포장중량 21Kg, 1롤/1pcs 포장 (황색) 외 2개",14291.08,28366635.0
2026-06-19,경인팩,2026-01-05,3.8,190,"PE28mm 2kgPE28M／M(백)2KG, PE28mm 2kgPE28M／M(적)2KG, PE28mm 2kgPE28M／M(청)2KG 외 14개",5510.5199999999995,16562146.0
2026-06-19,금산포장,2026-01-05,15.0,45,"PE28mm 2kgPE28M／M(백)2KG, PE28mm, 6KGPE28M／M(백)6KG, PP12MPP12M／M10KG(투명) 외 2개",1071.8500000000001,2573952.0
2026-06-19,대상산업,2026-01-02,3.9,187,"PE28mm 2kgPE28M／M(백)2KG, PE28mm 2kgPE28M／M(적)2KG, PE28mm 2kgPE28M／M(청)2KG 외 11개",2277.29,7029671.0
2026-06-19,동원팩,2026-01-05,3.1,236,"PE28mm 2kgPE28M／M(녹)2KG, PE28mm 2kgPE28M／M(백)2KG, PE28mm 2kgPE28M／M(청)2KG 외 7개",668.02,3938701.0
2026-06-19,유일,2025-11-21,42.9,17,"PE28mm 2kgPE28M／M(백)2KG, PE50mm, 5KGPE50M／M(백)5KG",1348.24,3771294.0
2026-06-19,진송팩,2026-01-02,6.4,116,"PE28mm 2kgPE28M／M(녹)2KG, PE28mm 2kgPE28M／M(백)2KG, PE28mm 2kgPE28M／M(적)2KG 외 8개",2999.4500000000003,7030996.0
2026-06-19,피앤비,2025-11-06,45.6,15,"PP12MPP12M／M10KG(백), PP7MPP7M10KG백색",923.0,2122900.0
2026-06-20,경인산업,2025-12-04,18.4,38,"PE28mm 2kgPE28M／M(백)2KG, PP12MPP12M／M10KG(백), PP12MPP12M／M10KG(청) 외 2개",1945.23,4028111.0
2026-06-20,주)대성씨앤씨,2025-12-22,12.0,61,"PP12MPP12M／M10KG(백), PP12MPP12M／M10KG(황), PP5MMx7000Mx0.5T 11.4kg 백색core 200x8T OD400 롤랩핑 400*200 외 4개",2049.7,8922062.0
2026-06-20,호성수출포장,2025-10-31,58.5,12,"PE28mm 2kgPE28M／M(백)2KG, 스트레치필름(일반 핸드랩 20)20*500mm*350m",408.0,1735200.0
2026-06-21,(주)낙원포장,2025-12-23,12.6,58,"PE15MPP15M／M10KG, PE28mm 2kgPE28M／M(백)2KG, PP10.5MPP10.5M10KG(청) 외 6개",7870.610000000001,15670636.0
2026-06-21,KOMERI,2025-11-23,42.5,16,"15 x 1,000M 0.55T Yellow15x1,000M0.55T 황색, 15 x 100M 0.55T15x100M 0.55T 황색, 15 x 100M 0.55T15x100M0.55T녹색 외 6개",9545.14,26068335.0
2026-06-22,(주)아이마켓코리아,2025-12-24,3.4,213,"PP11MM*13.34KG삼성경량밴드(황색)2300m*두께0.84mm단중5.8g GRS, PP11MM*13.34KG삼성경량밴드2300m*두께0.84mm단중5.8g GRS, PP18MM x 21Kg 삼성 황색2300M 포장중량 21Kg, 1롤/1pcs 포장 (황색) 외 2개",14291.08,28366635.0
2026-06-22,경인팩,2026-01-05,3.8,190,"PE28mm 2kgPE28M／M(백)2KG, PE28mm 2kgPE28M／M(적)2KG, PE28mm 2kgPE28M／M(청)2KG 외 14개",5510.5199999999995,16562146.0
2026-06-22,대상산업,2026-01-02,3.9,187,"PE28mm 2kgPE28M／M(백)2KG, PE28mm 2kgPE28M／M(적)2KG, PE28mm 2kgPE28M／M(청)2KG 외 11개",2277.29,7029671.0
2026-06-22,동서포장종합상사,2025-12-18,31.2,23,PE28mm 2kgPE28M／M(백)2KG,106.96,320783.0
2026-06-22,동원팩,2026-01-05,3.1,236,"PE28mm 2kgPE28M／M(녹)2KG, PE28mm 2kgPE28M／M(백)2KG, PE28mm 2kgPE28M／M(청)2KG 외 7개",668.02,3938701.0
2026-06-22,민건 이에이,2025-12-24,30.2,24,PP12MPP12M／M10KG(백),702.08,1488417.0
2026-06-22,신광포장기계,2026-01-05,4.7,158,"PE28mm 2kgPE28M／M(백)2KG, PE28mm 2kgPE28M／M(황)2KG, PE28mm, 6KGPE28M／M(백)6KG 외 16개",6017.12,13233179.0
2026-06-22,주식회사 진도종합상사,2026-01-05,42.7,16,"PE28mm 2kgPE28M／M(백)2KG, 운송료",86.72,256139.0
2026-06-23,CYKLOP PACKAGING SYSTEMS PTY LTD.,2025-12-25,45.1,17,"12 x 3,000M 0.65T12x3,000M 0.65T White, 12 x 3,000M 0.65T12x3,000M0.65T BLUE, 12 x 3,000M 0.65T12x3,000M0.65T CLEAR 외 10개",35722.67,79285128.0
2026-06-23,OMNI GROUP,2024-12-30,90.5,5,"12 x 3,000M 0.60T12x3,000M0.60T BLUE 30% Recycled, 12 x 3,000M 0.60T12x3,000M0.60TBLUE, 15 x 2,500M 0.60T15 x 2,500M 0.60T 청색 외 1개",10562.3,24634219.0
2026-06-23,제일포장(김해),2025-04-08,63.1,8,"PE28mm 2kgPE28M／M(녹)2KG, PE28mm 2kgPE28M／M(백)2KG, 운송료",1215.3600000000001,3624371.0
2026-06-23,한국포장기계,2025-12-29,16.1,46,"PE28mm 2kgPE28M／M(백)2KG, PE28mm 2kgPE28M／M(적)2KG, PE28mm 2kgPE28M／M(청)2KG 외 5개",4839.65,11765235.0
2026-06-24,상일교역상사,2025-08-13,105.4,6,"12 x 1,707M 0.78T12x1,707M 0.78T 백색, 12 x 3,017M 0.55T12x3,017M 0.55T 백색",15326.52,40353500.0
2026-06-24,연화수출포장,2025-12-31,35.1,19,"PP15MPP15M／M10 (청색), PP15MPP15M／M10KG(투명), 운송료",803.5,1835397.0
2026-06-24,우선산업,2025-12-26,15.8,46,"PE28mm 2kgPE28M／M(백)2KG, PE50mm, 4.5KGPE50M／M(백)4.5KG, PE50mm, 4.7KGPE50M／M(백)4.7KG 외 1개",3502.0,7082525.0
2026-06-25,(주)아이마켓코리아,2025-12-24,3.4,213,"PP11MM*13.34KG삼성경량밴드(황색)2300m*두께0.84mm단중5.8g GRS, PP11MM*13.34KG삼성경량밴드2300m*두께0.84mm단중5.8g GRS, PP18MM x 21Kg 삼성 황색2300M 포장중량 21Kg, 1롤/1pcs 포장 (황색) 외 2개",14291.08,28366635.0
2026-06-25,WESTSIDE PACKAGING SYSTEMS AUSTRALIA,2025-11-27,70.8,9,"12 x 3,000M 0.65T White w/Green Ararat Meat Exports EST.298 printed12 x 3,000M 0.65T White w/Green Ararat Meat Exports EST.298 printed, 12 x 3,000M 0.65T12x3,000M0.65T BLUE, 12 x 3,000M 0.65T12x3,000M0.65T CLEAR 외 10개",38410.7,87509864.0
2026-06-25,경인팩,2026-01-05,3.8,190,"PE28mm 2kgPE28M／M(백)2KG, PE28mm 2kgPE28M／M(적)2KG, PE28mm 2kgPE28M／M(청)2KG 외 14개",5510.5199999999995,16562146.0
2026-06-25,대상산업,2026-01-02,3.9,187,"PE28mm 2kgPE28M／M(백)2KG, PE28mm 2kgPE28M／M(적)2KG, PE28mm 2kgPE28M／M(청)2KG 외 11개",2277.29,7029671.0
2026-06-25,동원팩,2026-01-05,3.1,236,"PE28mm 2kgPE28M／M(녹)2KG, PE28mm 2kgPE28M／M(백)2KG, PE28mm 2kgPE28M／M(청)2KG 외 7개",668.02,3938701.0
2026-06-25,주식회사 광림파워팩,2025-12-31,11.4,64,"PE28mm 2kgPE28M／M(백)2KG, PP12MPP12M／M10KG(황), PP12MPP12M／M12.5KG (황) 외 8개",6870.24,14245264.0
2026-06-25,주신산업,2026-01-05,9.3,79,"PE28mm 2kgPE28M／M(백)2KG, PP12MPP12M／M10KG(황), 운송료택배비",750.0799999999999,1575293.0
2026-06-25,진송팩,2026-01-02,6.4,116,"PE28mm 2kgPE28M／M(녹)2KG, PE28mm 2kgPE28M／M(백)2KG, PE28mm 2kgPE28M／M(적)2KG 외 8개",2999.4500000000003,7030996.0
2026-06-25,평원산업,2025-10-24,122.4,6,"PP18MPP18M／M10KG(백), PP18MPP18M／M10KG(황)",1155.0,3230000.0
2026-06-26,신광포장기계,2026-01-05,4.7,158,"PE28mm 2kgPE28M／M(백)2KG, PE28mm 2kgPE28M／M(황)2KG, PE28mm, 6KGPE28M／M(백)6KG 외 16개",6017.12,13233179.0
2026-06-26,주식회사 동원피앤아이,2025-12-26,13.4,55,"PE 결속끈PE#50 (백) 5500m 5KG, PE28mm 2kgPE28M／M(백)2KG, PE50mm, 4.7KGPE50M／M(황)4.7KG 외 1개",53584.69,9944337.0
2026-06-27,(주)베스테크,2025-11-11,19.4,30,도전성밴드7.7mm*900m,281.93,8394013.0
2026-06-27,(주)영화수출포장,2025-11-14,75.6,10,PE 결속끈PE#50 (백) 5500m 5KG,600.0,1770000.0
2026-06-27,신광포장기계(부산),2025-11-04,47.9,15,"PE28mm 2kgPE28M／M(백)2KG, 운송료",222.6,648840.0
2026-06-27,전주삼신산업,2025-12-29,9.9,74,"PE28mm 2kgPE28M／M(백)2KG, PE28mm 2kgPE28M／M(청)2KG, PP12MPP12M／M10KG(황) 외 5개",1214.31,2861475.0
2026-06-27,주식회사 에이스팩,2024-08-08,16.2,13,"스트레치필름(일반 기계랩)18*500mm*2000m, 스트레치필름(일반 기계랩)25*500mm*1400m, 스트레치필름(일반 핸드랩)18*500mm*350m 외 2개",93.24,2832600.0
2026-06-27,태광오토팩,2025-12-01,26.2,26,"PE28mm 2kgPE28M／M(백)2KG, PE28mm 2kgPE28M／M(청)2KG, PE28mm 2kgPE28M／M(황)2KG 외 2개",1850.52,4437283.0
2026-06-28,(주)아이마켓코리아,2025-12-24,3.4,213,"PP11MM*13.34KG삼성경량밴드(황색)2300m*두께0.84mm단중5.8g GRS, PP11MM*13.34KG삼성경량밴드2300m*두께0.84mm단중5.8g GRS, PP18MM x 21Kg 삼성 황색2300M 포장중량 21Kg, 1롤/1pcs 포장 (황색) 외 2개",14291.08,28366635.0
2026-06-28,(주)한주,2024-10-15,23.9,13,"PP15MM*17.5kg 삼성 recycle2194M두께1.0mm단중7.6g Clear, PP18MM*21kg 삼성 recycle2300M두께0.80mm단중8.8g Clear, 삼성 코드: 6922-00001(황색) PP18MMx 2300M 포장중량 21Kg, 1롤/1pcs 포장,",21823.96,37912978.0
2026-06-28,경인팩,2026-01-05,3.8,190,"PE28mm 2kgPE28M／M(백)2KG, PE28mm 2kgPE28M／M(적)2KG, PE28mm 2kgPE28M／M(청)2KG 외 14개",5510.5199999999995,16562146.0
2026-06-28,대상산업,2026-01-02,3.9,187,"PE28mm 2kgPE28M／M(백)2KG, PE28mm 2kgPE28M／M(적)2KG, PE28mm 2kgPE28M／M(청)2KG 외 11개",2277.29,7029671.0
2026-06-28,동원팩,2026-01-05,3.1,236,"PE28mm 2kgPE28M／M(녹)2KG, PE28mm 2kgPE28M／M(백)2KG, PE28mm 2kgPE28M／M(청)2KG 외 7개",668.02,3938701.0
2026-06-28,주식회사 대한종합포장,2025-11-24,18.3,38,"PP12MPP12M／M10KG(백), PP5MMx7000Mx0.5T 백색, 스트레치필름(기능 기계랩)15*500mm*1700m 외 2개",447.06,5345675.0
2026-06-29,대화수지공업(주),2025-09-29,13.7,13,"PE원료LLD PE, PE원료LLDPE 재생투명, PE원료재생원료",66677.0,78634597.0
2026-06-29,유일포장기계,2025-12-01,70.6,10,PP5MMx7000Mx0.5T 백색,38.22,966056.0
2026-06-29,주식회사 되살림패키지,2025-10-16,128.7,4,PP12MPP12M／M10KG(백),320.0,768000.0
2026-06-29,주식회사 바인텍,2025-12-19,48.2,7,"PP10MMPP10MM／500M (투명), PP8MMPP8MM／750M (투명)",810.0,5697000.0
2026-06-30,신광포장기계,2026-01-05,4.7,158,"PE28mm 2kgPE28M／M(백)2KG, PE28mm 2kgPE28M／M(황)2KG, PE28mm, 6KGPE28M／M(백)6KG 외 16개",6017.12,13233179.0
2026-06-30,파워엠팩,2025-07-23,18.3,32,"PP10.5MPP10.5M10KG(청), PP10.5MPP10.5M10KG투명, PP12MPP12M／M10KG(백) 외 5개",4589.52,9635060.0
2026-06-30,한길포장기계,2026-01-05,22.9,33,"PE28mm 2kgPE28M／M(백)2KG, PP12MPP12M／M10KG(백), PP12MPP12M／M10KG(청) 외 3개",2366.34,4956034.0
2026-06-30,합동포장기계,2026-01-05,16.7,45,"PE28mm 2kgPE28M／M(백)2KG, PE28mm 2kgPE28M／M(청)2KG, PP12MPP12M／M10KG(백) 외 11개",4790.71,11879932.0
2026-07-01,(주)아이마켓코리아,2025-12-24,3.4,213,"PP11MM*13.34KG삼성경량밴드(황색)2300m*두께0.84mm단중5.8g GRS, PP11MM*13.34KG삼성경량밴드2300m*두께0.84mm단중5.8g GRS, PP18MM x 21Kg 삼성 황색2300M 포장중량 21Kg, 1롤/1pcs 포장 (황색) 외 2개",14291.08,28366635.0
2026-07-01,경인팩,2026-01-05,3.8,190,"PE28mm 2kgPE28M／M(백)2KG, PE28mm 2kgPE28M／M(적)2KG, PE28mm 2kgPE28M／M(청)2KG 외 14개",5510.5199999999995,16562146.0
2026-07-01,대상산업,2026-01-02,3.9,187,"PE28mm 2kgPE28M／M(백)2KG, PE28mm 2kgPE28M／M(적)2KG, PE28mm 2kgPE28M／M(청)2KG 외 11개",2277.29,7029671.0
2026-07-01,동원팩,2026-01-05,3.1,236,"PE28mm 2kgPE28M／M(녹)2KG, PE28mm 2kgPE28M／M(백)2KG, PE28mm 2kgPE28M／M(청)2KG 외 7개",668.02,3938701.0
2026-07-01,진송팩,2026-01-02,6.4,116,"PE28mm 2kgPE28M／M(녹)2KG, PE28mm 2kgPE28M／M(백)2KG, PE28mm 2kgPE28M／M(적)2KG 외 8개",2999.4500000000003,7030996.0
2026-07-02,주)대성씨앤씨,2025-12-22,12.0,61,"PP12MPP12M／M10KG(백), PP12MPP12M／M10KG(황), PP5MMx7000Mx0.5T 11.4kg 백색core 200x8T OD400 롤랩핑 400*200 외 4개",2049.7,8922062.0
2026-07-02,한남포장기계,2025-12-16,18.3,39,"PE28mm 2kgPE28M／M(백)2KG, PP12MPP12MM / 9.5KG(황), PP12MPP12M／M9KG(황)",2504.96,5711779.0
2026-07-03,(주)낙원포장,2025-12-23,12.6,58,"PE15MPP15M／M10KG, PE28mm 2kgPE28M／M(백)2KG, PP10.5MPP10.5M10KG(청) 외 6개",7870.610000000001,15670636.0
2026-07-03,(주)진송팩,2025-11-11,18.7,4,"PP18MPP18M／M10KG(황), 운송료",197.0,413900.0
2026-07-03,제이케이머티리얼즈(주)/순성공장,2025-12-26,21.2,35,"PET 16MMPET 16mm x 0.8T x 1200m Embossed (반투명 녹색), PP18MPP18M／M10KG(황)",1175.33,2874963.0
2026-07-03,주식회사 고양물산,2025-12-05,105.2,7,마대,274.57,631514.0
2026-07-04,(주)신명코퍼레이션,2026-01-05,90.8,5,PP18MM*21kg 삼성 recycle2300M두께0.80mm단중8.8g Clear,20.0,860000.0
2026-07-04,(주)아이마켓코리아,2025-12-24,3.4,213,"PP11MM*13.34KG삼성경량밴드(황색)2300m*두께0.84mm단중5.8g GRS, PP11MM*13.34KG삼성경량밴드2300m*두께0.84mm단중5.8g GRS, PP18MM x 21Kg 삼성 황색2300M 포장중량 21Kg, 1롤/1pcs 포장 (황색) 외 2개",14291.08,28366635.0
2026-07-04,경인팩,2026-01-05,3.8,190,"PE28mm 2kgPE28M／M(백)2KG, PE28mm 2kgPE28M／M(적)2KG, PE28mm 2kgPE28M／M(청)2KG 외 14개",5510.5199999999995,16562146.0
2026-07-04,금산포장,2026-01-05,15.0,45,"PE28mm 2kgPE28M／M(백)2KG, PE28mm, 6KGPE28M／M(백)6KG, PP12MPP12M／M10KG(투명) 외 2개",1071.8500000000001,2573952.0
2026-07-04,대상산업,2026-01-02,3.9,187,"PE28mm 2kgPE28M／M(백)2KG, PE28mm 2kgPE28M／M(적)2KG, PE28mm 2kgPE28M／M(청)2KG 외 11개",2277.29,7029671.0
2026-07-04,동방포장기자재,2025-11-24,37.9,18,"PP12MPP12M／M10KG(황), PP12MPP12M／M12KG(적색), PP15MPP15MM*10KG(황색)",2230.6400000000003,4474281.0
2026-07-04,동원팩,2026-01-05,3.1,236,"PE28mm 2kgPE28M／M(녹)2KG, PE28mm 2kgPE28M／M(백)2KG, PE28mm 2kgPE28M／M(청)2KG 외 7개",668.02,3938701.0
2026-07-04,세움패키지(SEUMPKG),2025-12-16,25.6,28,"PE 결속끈PE#50 (백) 5500m 5KG, PE28mm 2kgPE28M／M(백)2KG, PP12MPP12M／M10KG(황) 외 5개",2818.1,6986669.0
2026-07-04,신광포장기계,2026-01-05,4.7,158,"PE28mm 2kgPE28M／M(백)2KG, PE28mm 2kgPE28M／M(황)2KG, PE28mm, 6KGPE28M／M(백)6KG 외 16개",6017.12,13233179.0
2026-07-04,주신산업,2026-01-05,9.3,79,"PE28mm 2kgPE28M／M(백)2KG, PP12MPP12M／M10KG(황), 운송료택배비",750.0799999999999,1575293.0
2026-07-05,서울상사,2025-12-19,33.8,22,"PP12MPP12M／M10KG(투명), PP12MPP12M／M10KG(황), PP15MPP15MM*10KG(황색) 외 4개",2726.66,5322667.0
2026-07-06,(주)스피드랩코리아,2026-01-05,26.1,29,"PP6MMPP6M／M10KG(백), 운송료",635.39,1393750.0
2026-07-06,서흥포장 주식회사,2025-12-10,26.5,27,"PP12MPP12M／M10KG(황), PP7MPP7M10KG백색, 스트레치필름(특수기능형)15*500*400",309.12,918890.0
2026-07-06,전주삼신산업,2025-12-29,9.9,74,"PE28mm 2kgPE28M／M(백)2KG, PE28mm 2kgPE28M／M(청)2KG, PP12MPP12M／M10KG(황) 외 5개",1214.31,2861475.0
2026-07-06,주식회사 광림파워팩,2025-12-31,11.4,64,"PE28mm 2kgPE28M／M(백)2KG, PP12MPP12M／M10KG(황), PP12MPP12M／M12.5KG (황) 외 8개",6870.24,14245264.0
2026-07-07,(주)아이마켓코리아,2025-12-24,3.4,213,"PP11MM*13.34KG삼성경량밴드(황색)2300m*두께0.84mm단중5.8g GRS, PP11MM*13.34KG삼성경량밴드2300m*두께0.84mm단중5.8g GRS, PP18MM x 21Kg 삼성 황색2300M 포장중량 21Kg, 1롤/1pcs 포장 (황색) 외 2개",14291.08,28366635.0
2026-07-07,경인팩,2026-01-05,3.8,190,"PE28mm 2kgPE28M／M(백)2KG, PE28mm 2kgPE28M／M(적)2KG, PE28mm 2kgPE28M／M(청)2KG 외 14개",5510.5199999999995,16562146.0
2026-07-07,다금마대,2025-12-29,38.4,19,마대,236.79,544616.0
2026-07-07,대상산업,2026-01-02,3.9,187,"PE28mm 2kgPE28M／M(백)2KG, PE28mm 2kgPE28M／M(적)2KG, PE28mm 2kgPE28M／M(청)2KG 외 11개",2277.29,7029671.0
2026-07-07,동원팩,2026-01-05,3.1,236,"PE28mm 2kgPE28M／M(녹)2KG, PE28mm 2kgPE28M／M(백)2KG, PE28mm 2kgPE28M／M(청)2KG 외 7개",668.02,3938701.0
2026-07-07,진송팩,2026-01-02,6.4,116,"PE28mm 2kgPE28M／M(녹)2KG, PE28mm 2kgPE28M／M(백)2KG, PE28mm 2kgPE28M／M(적)2KG 외 8개",2999.4500000000003,7030996.0
2026-07-08,경인산업,2025-12-04,18.4,38,"PE28mm 2kgPE28M／M(백)2KG, PP12MPP12M／M10KG(백), PP12MPP12M／M10KG(청) 외 2개",1945.23,4028111.0
2026-07-08,신광포장기계,2026-01-05,4.7,158,"PE28mm 2kgPE28M／M(백)2KG, PE28mm 2kgPE28M／M(황)2KG, PE28mm, 6KGPE28M／M(백)6KG 외 16개",6017.12,13233179.0
2026-07-09,에이원코리아,2025-12-29,48.7,15,"PE28mm 2kgPE28M／M(백)2KG, PP12MPP12M／M12KG(황), 운송료운송료",1226.41,2413642.0
2026-07-09,우선산업,2025-12-26,15.8,46,"PE28mm 2kgPE28M／M(백)2KG, PE50mm, 4.5KGPE50M／M(백)4.5KG, PE50mm, 4.7KGPE50M／M(백)4.7KG 외 1개",3502.0,7082525.0
2026-07-09,주식회사 동원피앤아이,2025-12-26,13.4,55,"PE 결속끈PE#50 (백) 5500m 5KG, PE28mm 2kgPE28M／M(백)2KG, PE50mm, 4.7KGPE50M／M(황)4.7KG 외 1개",53584.69,9944337.0
2026-07-09,천일포장산업,2025-12-01,22.5,32,"PE28mm 2kgPE28M／M(백)2KG, PE28mm, 6KGPE28M／M(백)6KG, PP6MMPP6M／M10KG(백)",3126.29,7358497.0
2026-07-09,한국포장기계,2025-12-29,16.1,46,"PE28mm 2kgPE28M／M(백)2KG, PE28mm 2kgPE28M／M(적)2KG, PE28mm 2kgPE28M／M(청)2KG 외 5개",4839.65,11765235.0
2026-07-10,(주)거성씨푸드,2025-02-21,126.3,4,"PP15MPP15MM*10KG(황색), PP15MPP15M／M10KG(투명)",262.5,622500.0
2026-07-10,(주)아이마켓코리아,2025-12-24,3.4,213,"PP11MM*13.34KG삼성경량밴드(황색)2300m*두께0.84mm단중5.8g GRS, PP11MM*13.34KG삼성경량밴드2300m*두께0.84mm단중5.8g GRS, PP18MM x 21Kg 삼성 황색2300M 포장중량 21Kg, 1롤/1pcs 포장 (황색) 외 2개",14291.08,28366635.0
2026-07-10,경인팩,2026-01-05,3.8,190,"PE28mm 2kgPE28M／M(백)2KG, PE28mm 2kgPE28M／M(적)2KG, PE28mm 2kgPE28M／M(청)2KG 외 14개",5510.5199999999995,16562146.0
2026-07-10,대상산업,2026-01-02,3.9,187,"PE28mm 2kgPE28M／M(백)2KG, PE28mm 2kgPE28M／M(적)2KG, PE28mm 2kgPE28M／M(청)2KG 외 11개",2277.29,7029671.0
2026-07-10,대흥수출포장,2026-01-05,31.8,24,PE28mm 2kgPE28M／M(백)2KG,101.74,295043.0
2026-07-10,동원팩,2026-01-05,3.1,236,"PE28mm 2kgPE28M／M(녹)2KG, PE28mm 2kgPE28M／M(백)2KG, PE28mm 2kgPE28M／M(청)2KG 외 7개",668.02,3938701.0
2026-07-10,주식회사 마크원테크,2025-12-19,29.9,16,"PP6MMPP6M／M10KG(백), 운송료",678.5,1494179.0
2026-07-11,광림포장기계,2025-12-31,32.9,23,"PP12MPP12M／M10KG(황), PP12MPP12M／M12.5KG (황), PP12MPP12mm*0.72T*2800m 12.5KG(투명) 외 6개",5447.27,10710986.0
2026-07-11,주식회사 대원포장기계,2025-12-01,37.3,19,PE28mm 2kgPE28M／M(백)2KG,400.0,1160000.0
2026-07-11,하영종합상사,2025-09-29,57.3,11,"PE28mm 2kgPE28M／M(백)2KG, 운송료",115.09,370036.0
2026-07-12,대화수지공업(주),2025-09-29,13.7,13,"PE원료LLD PE, PE원료LLDPE 재생투명, PE원료재생원료",66677.0,78634597.0
2026-07-12,신광포장기계,2026-01-05,4.7,158,"PE28mm 2kgPE28M／M(백)2KG, PE28mm 2kgPE28M／M(황)2KG, PE28mm, 6KGPE28M／M(백)6KG 외 16개",6017.12,13233179.0
2026-07-13,(주)아이마켓코리아,2025-12-24,3.4,213,"PP11MM*13.34KG삼성경량밴드(황색)2300m*두께0.84mm단중5.8g GRS, PP11MM*13.34KG삼성경량밴드2300m*두께0.84mm단중5.8g GRS, PP18MM x 21Kg 삼성 황색2300M 포장중량 21Kg, 1롤/1pcs 포장 (황색) 외 2개",14291.08,28366635.0
2026-07-13,강원농협연합포장재가공사업소,2025-11-17,34.0,18,PP12MPP12M／M12.5KG (황),3348.21,6195536.0
2026-07-13,경인팩,2026-01-05,3.8,190,"PE28mm 2kgPE28M／M(백)2KG, PE28mm 2kgPE28M／M(적)2KG, PE28mm 2kgPE28M／M(청)2KG 외 14개",5510.5199999999995,16562146.0
2026-07-13,대상산업,2026-01-02,3.9,187,"PE28mm 2kgPE28M／M(백)2KG, PE28mm 2kgPE28M／M(적)2KG, PE28mm 2kgPE28M／M(청)2KG 외 11개",2277.29,7029671.0
2026-07-13,동원팩,2026-01-05,3.1,236,"PE28mm 2kgPE28M／M(녹)2KG, PE28mm 2kgPE28M／M(백)2KG, PE28mm 2kgPE28M／M(청)2KG 외 7개",668.02,3938701.0
2026-07-13,주식회사 에이스팩,2024-08-08,16.2,13,"스트레치필름(일반 기계랩)18*500mm*2000m, 스트레치필름(일반 기계랩)25*500mm*1400m, 스트레치필름(일반 핸드랩)18*500mm*350m 외 2개",93.24,2832600.0
2026-07-13,주신산업,2026-01-05,9.3,79,"PE28mm 2kgPE28M／M(백)2KG, PP12MPP12M／M10KG(황), 운송료택배비",750.0799999999999,1575293.0
2026-07-13,진송팩,2026-01-02,6.4,116,"PE28mm 2kgPE28M／M(녹)2KG, PE28mm 2kgPE28M／M(백)2KG, PE28mm 2kgPE28M／M(적)2KG 외 8개",2999.4500000000003,7030996.0
2026-07-14,주)대성씨앤씨,2025-12-22,12.0,61,"PP12MPP12M／M10KG(백), PP12MPP12M／M10KG(황), PP5MMx7000Mx0.5T 11.4kg 백색core 200x8T OD400 롤랩핑 400*200 외 4개",2049.7,8922062.0
2026-07-14,현대테크,2025-09-15,151.8,5,PP12MPP12M／M10KG(황),1108.0,2116800.0
2026-07-15,(주)낙원포장,2025-12-23,12.6,58,"PE15MPP15M／M10KG, PE28mm 2kgPE28M／M(백)2KG, PP10.5MPP10.5M10KG(청) 외 6개",7870.610000000001,15670636.0
2026-07-15,(주)영화수출포장 김포공장,2025-05-21,42.0,3,PE 결속끈PE#50 (백) 5500m 5KG,400.0,1180000.0
2026-07-15,전주삼신산업,2025-12-29,9.9,74,"PE28mm 2kgPE28M／M(백)2KG, PE28mm 2kgPE28M／M(청)2KG, PP12MPP12M／M10KG(황) 외 5개",1214.31,2861475.0
2026-07-16,(주)베스테크,2025-11-11,19.4,30,도전성밴드7.7mm*900m,281.93,8394013.0
2026-07-16,(주)아이마켓코리아,2025-12-24,3.4,213,"PP11MM*13.34KG삼성경량밴드(황색)2300m*두께0.84mm단중5.8g GRS, PP11MM*13.34KG삼성경량밴드2300m*두께0.84mm단중5.8g GRS, PP18MM x 21Kg 삼성 황색2300M 포장중량 21Kg, 1롤/1pcs 포장 (황색) 외 2개",14291.08,28366635.0
2026-07-16,경인팩,2026-01-05,3.8,190,"PE28mm 2kgPE28M／M(백)2KG, PE28mm 2kgPE28M／M(적)2KG, PE28mm 2kgPE28M／M(청)2KG 외 14개",5510.5199999999995,16562146.0
2026-07-16,대상산업,2026-01-02,3.9,187,"PE28mm 2kgPE28M／M(백)2KG, PE28mm 2kgPE28M／M(적)2KG, PE28mm 2kgPE28M／M(청)2KG 외 11개",2277.29,7029671.0
2026-07-16,동원팩,2026-01-05,3.1,236,"PE28mm 2kgPE28M／M(녹)2KG, PE28mm 2kgPE28M／M(백)2KG, PE28mm 2kgPE28M／M(청)2KG 외 7개",668.02,3938701.0
2026-07-16,신광포장기계,2026-01-05,4.7,158,"PE28mm 2kgPE28M／M(백)2KG, PE28mm 2kgPE28M／M(황)2KG, PE28mm, 6KGPE28M／M(백)6KG 외 16개",6017.12,13233179.0
2026-07-16,주식회사 대한종합포장,2025-11-24,18.3,38,"PP12MPP12M／M10KG(백), PP5MMx7000Mx0.5T 백색, 스트레치필름(기능 기계랩)15*500mm*1700m 외 2개",447.06,5345675.0
2026-07-16,합동포장기계,2026-01-05,16.7,45,"PE28mm 2kgPE28M／M(백)2KG, PE28mm 2kgPE28M／M(청)2KG, PP12MPP12M／M10KG(백) 외 11개",4790.71,11879932.0
2026-07-17,신대한판지(주),2024-08-12,32.2,7,"PP12MPP12M／M10KG(녹), PP12MPP12M／M10KG(백), PP9MMPP9M／M9.5KG(백색)",1497.5,3627100.0
2026-07-17,주식회사 광림파워팩,2025-12-31,11.4,64,"PE28mm 2kgPE28M／M(백)2KG, PP12MPP12M／M10KG(황), PP12MPP12M／M12.5KG (황) 외 8개",6870.24,14245264.0
2026-07-17,파코팩(PACO PACK),2024-09-05,40.8,7,"PE 결속끈PE#50 (백) 5500m 5KG, PE28mm 2kgPE28M／M(백)2KG, PE50mm, 5KGPE50M／M(황)5KG",2226.67,6146667.0
2026-07-18,파워엠팩,2025-07-23,18.3,32,"PP10.5MPP10.5M10KG(청), PP10.5MPP10.5M10KG투명, PP12MPP12M／M10KG(백) 외 5개",4589.52,9635060.0
2026-07-19,(주)삼영피앤텍,2025-11-06,51.8,14,PE28mm 2kgPE28M／M(백)2KG,44.29,159429.0
2026-07-19,(주)아이마켓코리아,2025-12-24,3.4,213,"PP11MM*13.34KG삼성경량밴드(황색)2300m*두께0.84mm단중5.8g GRS, PP11MM*13.34KG삼성경량밴드2300m*두께0.84mm단중5.8g GRS, PP18MM x 21Kg 삼성 황색2300M 포장중량 21Kg, 1롤/1pcs 포장 (황색) 외 2개",14291.08,28366635.0
2026-07-19,경인팩,2026-01-05,3.8,190,"PE28mm 2kgPE28M／M(백)2KG, PE28mm 2kgPE28M／M(적)2KG, PE28mm 2kgPE28M／M(청)2KG 외 14개",5510.5199999999995,16562146.0
2026-07-19,금산포장,2026-01-05,15.0,45,"PE28mm 2kgPE28M／M(백)2KG, PE28mm, 6KGPE28M／M(백)6KG, PP12MPP12M／M10KG(투명) 외 2개",1071.8500000000001,2573952.0
2026-07-19,대상산업,2026-01-02,3.9,187,"PE28mm 2kgPE28M／M(백)2KG, PE28mm 2kgPE28M／M(적)2KG, PE28mm 2kgPE28M／M(청)2KG 외 11개",2277.29,7029671.0
2026-07-19,동원팩,2026-01-05,3.1,236,"PE28mm 2kgPE28M／M(녹)2KG, PE28mm 2kgPE28M／M(백)2KG, PE28mm 2kgPE28M／M(청)2KG 외 7개",668.02,3938701.0
2026-07-19,백암지관공업사,2025-12-03,57.8,13,"PP12MPP12M／M11KG(청), PP12MPP12M／M12.5KG (황)",315.94,663469.0
2026-07-19,진송팩,2026-01-02,6.4,116,"PE28mm 2kgPE28M／M(녹)2KG, PE28mm 2kgPE28M／M(백)2KG, PE28mm 2kgPE28M／M(적)2KG 외 8개",2999.4500000000003,7030996.0
2026-07-20,보우팩,2025-08-06,58.2,11,"PE28mm 2kgPE28M／M(청)2KG, PE28mm 2kgPE28M／M(황)2KG, PE28mm, 6KGPE28M／M(백)6KG 외 1개",3126.0,6902300.0
2026-07-20,신광포장기계,2026-01-05,4.7,158,"PE28mm 2kgPE28M／M(백)2KG, PE28mm 2kgPE28M／M(황)2KG, PE28mm, 6KGPE28M／M(백)6KG 외 16개",6017.12,13233179.0
2026-07-20,한남포장기계,2025-12-16,18.3,39,"PE28mm 2kgPE28M／M(백)2KG, PP12MPP12MM / 9.5KG(황), PP12MPP12M／M9KG(황)",2504.96,5711779.0
2026-07-21,(주)인스트아이앤씨,2025-07-01,55.9,10,"PE28mm 2kgPE28M／M(백)2KG, 운송료",39.9,137560.0
2026-07-21,(주)진송팩,2025-11-11,18.7,4,"PP18MPP18M／M10KG(황), 운송료",197.0,413900.0
2026-07-21,(주)한주,2024-10-15,23.9,13,"PP15MM*17.5kg 삼성 recycle2194M두께1.0mm단중7.6g Clear, PP18MM*21kg 삼성 recycle2300M두께0.80mm단중8.8g Clear, 삼성 코드: 6922-00001(황색) PP18MMx 2300M 포장중량 21Kg, 1롤/1pcs 포장,",21823.96,37912978.0
2026-07-22,(주)아이마켓코리아,2025-12-24,3.4,213,"PP11MM*13.34KG삼성경량밴드(황색)2300m*두께0.84mm단중5.8g GRS, PP11MM*13.34KG삼성경량밴드2300m*두께0.84mm단중5.8g GRS, PP18MM x 21Kg 삼성 황색2300M 포장중량 21Kg, 1롤/1pcs 포장 (황색) 외 2개",14291.08,28366635.0
2026-07-22,경인팩,2026-01-05,3.8,190,"PE28mm 2kgPE28M／M(백)2KG, PE28mm 2kgPE28M／M(적)2KG, PE28mm 2kgPE28M／M(청)2KG 외 14개",5510.5199999999995,16562146.0
2026-07-22,대상산업,2026-01-02,3.9,187,"PE28mm 2kgPE28M／M(백)2KG, PE28mm 2kgPE28M／M(적)2KG, PE28mm 2kgPE28M／M(청)2KG 외 11개",2277.29,7029671.0
2026-07-22,동원팩,2026-01-05,3.1,236,"PE28mm 2kgPE28M／M(녹)2KG, PE28mm 2kgPE28M／M(백)2KG, PE28mm 2kgPE28M／M(청)2KG 외 7개",668.02,3938701.0
2026-07-22,민건 이에이,2025-12-24,30.2,24,PP12MPP12M／M10KG(백),702.08,1488417.0
2026-07-22,주식회사 동원피앤아이,2025-12-26,13.4,55,"PE 결속끈PE#50 (백) 5500m 5KG, PE28mm 2kgPE28M／M(백)2KG, PE50mm, 4.7KGPE50M／M(황)4.7KG 외 1개",53584.69,9944337.0
2026-07-22,주신산업,2026-01-05,9.3,79,"PE28mm 2kgPE28M／M(백)2KG, PP12MPP12M／M10KG(황), 운송료택배비",750.0799999999999,1575293.0
2026-07-22,한길포장기계,2026-01-05,22.9,33,"PE28mm 2kgPE28M／M(백)2KG, PP12MPP12M／M10KG(백), PP12MPP12M／M10KG(청) 외 3개",2366.34,4956034.0
2026-07-23,동서포장종합상사,2025-12-18,31.2,23,PE28mm 2kgPE28M／M(백)2KG,106.96,320783.0
2026-07-23,태광오토팩,2025-12-01,26.2,26,"PE28mm 2kgPE28M／M(백)2KG, PE28mm 2kgPE28M／M(청)2KG, PE28mm 2kgPE28M／M(황)2KG 외 2개",1850.52,4437283.0
2026-07-24,대성포장기계,2025-06-17,134.3,4,"PE28mm, 6KGPE28M／M(백)6KG",30.0,96000.0
2026-07-24,신광포장기계,2026-01-05,4.7,158,"PE28mm 2kgPE28M／M(백)2KG, PE28mm 2kgPE28M／M(황)2KG, PE28mm, 6KGPE28M／M(백)6KG 외 16개",6017.12,13233179.0
2026-07-24,우선산업,2025-12-26,15.8,46,"PE28mm 2kgPE28M／M(백)2KG, PE50mm, 4.5KGPE50M／M(백)4.5KG, PE50mm, 4.7KGPE50M／M(백)4.7KG 외 1개",3502.0,7082525.0
2026-07-24,전주삼신산업,2025-12-29,9.9,74,"PE28mm 2kgPE28M／M(백)2KG, PE28mm 2kgPE28M／M(청)2KG, PP12MPP12M／M10KG(황) 외 5개",1214.31,2861475.0
2026-07-24,제이케이머티리얼즈(주)/순성공장,2025-12-26,21.2,35,"PET 16MMPET 16mm x 0.8T x 1200m Embossed (반투명 녹색), PP18MPP18M／M10KG(황)",1175.33,2874963.0
2026-07-25,(주)아이마켓코리아,2025-12-24,3.4,213,"PP11MM*13.34KG삼성경량밴드(황색)2300m*두께0.84mm단중5.8g GRS, PP11MM*13.34KG삼성경량밴드2300m*두께0.84mm단중5.8g GRS, PP18MM x 21Kg 삼성 황색2300M 포장중량 21Kg, 1롤/1pcs 포장 (황색) 외 2개",14291.08,28366635.0
2026-07-25,경인팩,2026-01-05,3.8,190,"PE28mm 2kgPE28M／M(백)2KG, PE28mm 2kgPE28M／M(적)2KG, PE28mm 2kgPE28M／M(청)2KG 외 14개",5510.5199999999995,16562146.0
2026-07-25,대상산업,2026-01-02,3.9,187,"PE28mm 2kgPE28M／M(백)2KG, PE28mm 2kgPE28M／M(적)2KG, PE28mm 2kgPE28M／M(청)2KG 외 11개",2277.29,7029671.0
2026-07-25,대화수지공업(주),2025-09-29,13.7,13,"PE원료LLD PE, PE원료LLDPE 재생투명, PE원료재생원료",66677.0,78634597.0
2026-07-25,동원팩,2026-01-05,3.1,236,"PE28mm 2kgPE28M／M(녹)2KG, PE28mm 2kgPE28M／M(백)2KG, PE28mm 2kgPE28M／M(청)2KG 외 7개",668.02,3938701.0
2026-07-25,진송팩,2026-01-02,6.4,116,"PE28mm 2kgPE28M／M(녹)2KG, PE28mm 2kgPE28M／M(백)2KG, PE28mm 2kgPE28M／M(적)2KG 외 8개",2999.4500000000003,7030996.0
2026-07-25,한국포장기계,2025-12-29,16.1,46,"PE28mm 2kgPE28M／M(백)2KG, PE28mm 2kgPE28M／M(적)2KG, PE28mm 2kgPE28M／M(청)2KG 외 5개",4839.65,11765235.0
2026-07-26,경인산업,2025-12-04,18.4,38,"PE28mm 2kgPE28M／M(백)2KG, PP12MPP12M／M10KG(백), PP12MPP12M／M10KG(청) 외 2개",1945.23,4028111.0
2026-07-26,대전인재사,2025-10-17,141.0,5,"스트레치필름(일반 핸드랩 20)20*500mm*350m, 운송료",65.0,2146000.0
2026-07-26,주)대성씨앤씨,2025-12-22,12.0,61,"PP12MPP12M／M10KG(백), PP12MPP12M／M10KG(황), PP5MMx7000Mx0.5T 11.4kg 백색core 200x8T OD400 롤랩핑 400*200 외 4개",2049.7,8922062.0
2026-07-26,"주식회사 오비아이(OBI co.,Ltd.)",2025-11-04,66.3,11,"PE28mm 2kgPE28M／M(백)2KG, PP8MPP8M／M10KG(백)",230.0,653000.0
2026-07-27,(주)낙원포장,2025-12-23,12.6,58,"PE15MPP15M／M10KG, PE28mm 2kgPE28M／M(백)2KG, PP10.5MPP10.5M10KG(청) 외 6개",7870.610000000001,15670636.0
2026-07-27,(주)남영판지,2024-07-09,68.5,3,PP12MPP12M／M10KG(황),650.0,1430000.0
2026-07-28,(주)아이마켓코리아,2025-12-24,3.4,213,"PP11MM*13.34KG삼성경량밴드(황색)2300m*두께0.84mm단중5.8g GRS, PP11MM*13.34KG삼성경량밴드2300m*두께0.84mm단중5.8g GRS, PP18MM x 21Kg 삼성 황색2300M 포장중량 21Kg, 1롤/1pcs 포장 (황색) 외 2개",14291.08,28366635.0
2026-07-28,RLBUTTON,2025-12-16,56.8,13,"12 x 3,000M 0.63T12x3,000M0.63TCLEAR, PP 12MM12MMx1000Mx0.55MM Blue, PP19M * 1000M HD BlackPP19MM*1000M*0.85T Black 외 6개",16971.29,40408212.0
2026-07-28,TIGERPAK PACKAGING,2025-12-25,43.9,17,"12 x 2,800M 0.55T12 x 2,800M 0.55T 검정, 12 x 2800M 0.55T12 x 2800M 0.55T BLACK, 12 x 2800M 0.60T12 x 2800M 0.60T BLACK 외 11개",50436.18,113594139.0
2026-07-28,경인팩,2026-01-05,3.8,190,"PE28mm 2kgPE28M／M(백)2KG, PE28mm 2kgPE28M／M(적)2KG, PE28mm 2kgPE28M／M(청)2KG 외 14개",5510.5199999999995,16562146.0
2026-07-28,대상산업,2026-01-02,3.9,187,"PE28mm 2kgPE28M／M(백)2KG, PE28mm 2kgPE28M／M(적)2KG, PE28mm 2kgPE28M／M(청)2KG 외 11개",2277.29,7029671.0
2026-07-28,동원팩,2026-01-05,3.1,236,"PE28mm 2kgPE28M／M(녹)2KG, PE28mm 2kgPE28M／M(백)2KG, PE28mm 2kgPE28M／M(청)2KG 외 7개",668.02,3938701.0
2026-07-28,신광포장기계,2026-01-05,4.7,158,"PE28mm 2kgPE28M／M(백)2KG, PE28mm 2kgPE28M／M(황)2KG, PE28mm, 6KGPE28M／M(백)6KG 외 16개",6017.12,13233179.0
2026-07-28,주식회사 광림파워팩,2025-12-31,11.4,64,"PE28mm 2kgPE28M／M(백)2KG, PP12MPP12M／M10KG(황), PP12MPP12M／M12.5KG (황) 외 8개",6870.24,14245264.0
2026-07-29,세움패키지(SEUMPKG),2025-12-16,25.6,28,"PE 결속끈PE#50 (백) 5500m 5KG, PE28mm 2kgPE28M／M(백)2KG, PP12MPP12M／M10KG(황) 외 5개",2818.1,6986669.0
2026-07-29,연화수출포장,2025-12-31,35.1,19,"PP15MPP15M／M10 (청색), PP15MPP15M／M10KG(투명), 운송료",803.5,1835397.0
2026-07-29,주식회사 에이스팩,2024-08-08,16.2,13,"스트레치필름(일반 기계랩)18*500mm*2000m, 스트레치필름(일반 기계랩)25*500mm*1400m, 스트레치필름(일반 핸드랩)18*500mm*350m 외 2개",93.24,2832600.0
2026-07-31,(주)아이마켓코리아,2025-12-24,3.4,213,"PP11MM*13.34KG삼성경량밴드(황색)2300m*두께0.84mm단중5.8g GRS, PP11MM*13.34KG삼성경량밴드2300m*두께0.84mm단중5.8g GRS, PP18MM x 21Kg 삼성 황색2300M 포장중량 21Kg, 1롤/1pcs 포장 (황색) 외 2개",14291.08,28366635.0
2026-07-31,경인팩,2026-01-05,3.8,190,"PE28mm 2kgPE28M／M(백)2KG, PE28mm 2kgPE28M／M(적)2KG, PE28mm 2kgPE28M／M(청)2KG 외 14개",5510.5199999999995,16562146.0
2026-07-31,대상산업,2026-01-02,3.9,187,"PE28mm 2kgPE28M／M(백)2KG, PE28mm 2kgPE28M／M(적)2KG, PE28mm 2kgPE28M／M(청)2KG 외 11개",2277.29,7029671.0
2026-07-31,동원팩,2026-01-05,3.1,236,"PE28mm 2kgPE28M／M(녹)2KG, PE28mm 2kgPE28M／M(백)2KG, PE28mm 2kgPE28M／M(청)2KG 외 7개",668.02,3938701.0
2026-07-31,박스컴퍼니(주),2024-10-30,71.2,5,PP7MPP7M10KG백색,560.0,1428000.0
2026-07-31,유일,2025-11-21,42.9,17,"PE28mm 2kgPE28M／M(백)2KG, PE50mm, 5KGPE50M／M(백)5KG",1348.24,3771294.0
2026-07-31,주신산업,2026-01-05,9.3,79,"PE28mm 2kgPE28M／M(백)2KG, PP12MPP12M／M10KG(황), 운송료택배비",750.0799999999999,1575293.0
2026-07-31,진송팩,2026-01-02,6.4,116,"PE28mm 2kgPE28M／M(녹)2KG, PE28mm 2kgPE28M／M(백)2KG, PE28mm 2kgPE28M／M(적)2KG 외 8개",2999.4500000000003,7030996.0
2026-07-31,천일포장산업,2025-12-01,22.5,32,"PE28mm 2kgPE28M／M(백)2KG, PE28mm, 6KGPE28M／M(백)6KG, PP6MMPP6M／M10KG(백)",3126.29,7358497.0
2026-08-01,(주)스피드랩코리아,2026-01-05,26.1,29,"PP6MMPP6M／M10KG(백), 운송료",635.39,1393750.0
2026-08-01,서흥포장 주식회사,2025-12-10,26.5,27,"PP12MPP12M／M10KG(황), PP7MPP7M10KG백색, 스트레치필름(특수기능형)15*500*400",309.12,918890.0
2026-08-01,신광포장기계,2026-01-05,4.7,158,"PE28mm 2kgPE28M／M(백)2KG, PE28mm 2kgPE28M／M(황)2KG, PE28mm, 6KGPE28M／M(백)6KG 외 16개",6017.12,13233179.0
2026-08-01,합동포장기계,2026-01-05,16.7,45,"PE28mm 2kgPE28M／M(백)2KG, PE28mm 2kgPE28M／M(청)2KG, PP12MPP12M／M10KG(백) 외 11개",4790.71,11879932.0
2026-08-02,KOMERI,2025-11-23,42.5,16,"15 x 1,000M 0.55T Yellow15x1,000M0.55T 황색, 15 x 100M 0.55T15x100M 0.55T 황색, 15 x 100M 0.55T15x100M0.55T녹색 외 6개",9545.14,26068335.0
2026-08-02,전주삼신산업,2025-12-29,9.9,74,"PE28mm 2kgPE28M／M(백)2KG, PE28mm 2kgPE28M／M(청)2KG, PP12MPP12M／M10KG(황) 외 5개",1214.31,2861475.0
2026-08-03,(주)수현물산,2025-11-24,84.6,8,PP15MPP15M／M9KG(황),10.12,243000.0
2026-08-03,(주)아이마켓코리아,2025-12-24,3.4,213,"PP11MM*13.34KG삼성경량밴드(황색)2300m*두께0.84mm단중5.8g GRS, PP11MM*13.34KG삼성경량밴드2300m*두께0.84mm단중5.8g GRS, PP18MM x 21Kg 삼성 황색2300M 포장중량 21Kg, 1롤/1pcs 포장 (황색) 외 2개",14291.08,28366635.0
2026-08-03,경인팩,2026-01-05,3.8,190,"PE28mm 2kgPE28M／M(백)2KG, PE28mm 2kgPE28M／M(적)2KG, PE28mm 2kgPE28M／M(청)2KG 외 14개",5510.5199999999995,16562146.0
2026-08-03,금산포장,2026-01-05,15.0,45,"PE28mm 2kgPE28M／M(백)2KG, PE28mm, 6KGPE28M／M(백)6KG, PP12MPP12M／M10KG(투명) 외 2개",1071.8500000000001,2573952.0
2026-08-03,대상산업,2026-01-02,3.9,187,"PE28mm 2kgPE28M／M(백)2KG, PE28mm 2kgPE28M／M(적)2KG, PE28mm 2kgPE28M／M(청)2KG 외 11개",2277.29,7029671.0
2026-08-03,동원팩,2026-01-05,3.1,236,"PE28mm 2kgPE28M／M(녹)2KG, PE28mm 2kgPE28M／M(백)2KG, PE28mm 2kgPE28M／M(청)2KG 외 7개",668.02,3938701.0
2026-08-03,성신목재,2025-09-05,166.3,4,부자재마대,37.5,131250.0
2026-08-03,주식회사 대한종합포장,2025-11-24,18.3,38,"PP12MPP12M／M10KG(백), PP5MMx7000Mx0.5T 백색, 스트레치필름(기능 기계랩)15*500mm*1700m 외 2개",447.06,5345675.0
2026-08-03,주식회사 진도종합상사,2026-01-05,42.7,16,"PE28mm 2kgPE28M／M(백)2KG, 운송료",86.72,256139.0
2026-08-03,피앤비,2025-11-06,45.6,15,"PP12MPP12M／M10KG(백), PP7MPP7M10KG백색",923.0,2122900.0
2026-08-04,(주)베스테크,2025-11-11,19.4,30,도전성밴드7.7mm*900m,281.93,8394013.0
2026-08-04,삼원산업,2025-12-31,54.2,14,"PP12MPP12M／M10KG(황), PP12MPP12M／M12KG(투명), PP12MPP12M／M12KG(황) 외 2개",3536.1099999999997,6888611.0
2026-08-04,주식회사 동원피앤아이,2025-12-26,13.4,55,"PE 결속끈PE#50 (백) 5500m 5KG, PE28mm 2kgPE28M／M(백)2KG, PE50mm, 4.7KGPE50M／M(황)4.7KG 외 1개",53584.69,9944337.0
2026-08-05,신광포장기계,2026-01-05,4.7,158,"PE28mm 2kgPE28M／M(백)2KG, PE28mm 2kgPE28M／M(황)2KG, PE28mm, 6KGPE28M／M(백)6KG 외 16개",6017.12,13233179.0
2026-08-05,주식회사청아판지팩,2025-09-25,157.5,5,PE28mm 2kgPE28M／M(백)2KG,168.0,520800.0
2026-08-05,파워엠팩,2025-07-23,18.3,32,"PP10.5MPP10.5M10KG(청), PP10.5MPP10.5M10KG투명, PP12MPP12M／M10KG(백) 외 5개",4589.52,9635060.0
2026-08-06,(주)아이마켓코리아,2025-12-24,3.4,213,"PP11MM*13.34KG삼성경량밴드(황색)2300m*두께0.84mm단중5.8g GRS, PP11MM*13.34KG삼성경량밴드2300m*두께0.84mm단중5.8g GRS, PP18MM x 21Kg 삼성 황색2300M 포장중량 21Kg, 1롤/1pcs 포장 (황색) 외 2개",14291.08,28366635.0
2026-08-06,경인팩,2026-01-05,3.8,190,"PE28mm 2kgPE28M／M(백)2KG, PE28mm 2kgPE28M／M(적)2KG, PE28mm 2kgPE28M／M(청)2KG 외 14개",5510.5199999999995,16562146.0
2026-08-06,대상산업,2026-01-02,3.9,187,"PE28mm 2kgPE28M／M(백)2KG, PE28mm 2kgPE28M／M(적)2KG, PE28mm 2kgPE28M／M(청)2KG 외 11개",2277.29,7029671.0
2026-08-06,동원팩,2026-01-05,3.1,236,"PE28mm 2kgPE28M／M(녹)2KG, PE28mm 2kgPE28M／M(백)2KG, PE28mm 2kgPE28M／M(청)2KG 외 7개",668.02,3938701.0
2026-08-06,진송팩,2026-01-02,6.4,116,"PE28mm 2kgPE28M／M(녹)2KG, PE28mm 2kgPE28M／M(백)2KG, PE28mm 2kgPE28M／M(적)2KG 외 8개",2999.4500000000003,7030996.0
2026-08-07,CYKLOP PACKAGING SYSTEMS PTY LTD.,2025-12-25,45.1,17,"12 x 3,000M 0.65T12x3,000M 0.65T White, 12 x 3,000M 0.65T12x3,000M0.65T BLUE, 12 x 3,000M 0.65T12x3,000M0.65T CLEAR 외 10개",35722.67,79285128.0
2026-08-07,대화수지공업(주),2025-09-29,13.7,13,"PE원료LLD PE, PE원료LLDPE 재생투명, PE원료재생원료",66677.0,78634597.0
2026-08-07,서울상사,2025-12-19,33.8,22,"PP12MPP12M／M10KG(투명), PP12MPP12M／M10KG(황), PP15MPP15MM*10KG(황색) 외 4개",2726.66,5322667.0
2026-08-07,주)대성씨앤씨,2025-12-22,12.0,61,"PP12MPP12M／M10KG(백), PP12MPP12M／M10KG(황), PP5MMx7000Mx0.5T 11.4kg 백색core 200x8T OD400 롤랩핑 400*200 외 4개",2049.7,8922062.0
2026-08-07,한남포장기계,2025-12-16,18.3,39,"PE28mm 2kgPE28M／M(백)2KG, PP12MPP12MM / 9.5KG(황), PP12MPP12M／M9KG(황)",2504.96,5711779.0
2026-08-08,(주)낙원포장,2025-12-23,12.6,58,"PE15MPP15M／M10KG, PE28mm 2kgPE28M／M(백)2KG, PP10.5MPP10.5M10KG(청) 외 6개",7870.610000000001,15670636.0
2026-08-08,(주)진송팩,2025-11-11,18.7,4,"PP18MPP18M／M10KG(황), 운송료",197.0,413900.0
2026-08-08,우선산업,2025-12-26,15.8,46,"PE28mm 2kgPE28M／M(백)2KG, PE50mm, 4.5KGPE50M／M(백)4.5KG, PE50mm, 4.7KGPE50M／M(백)4.7KG 외 1개",3502.0,7082525.0
2026-08-08,주식회사 광림파워팩,2025-12-31,11.4,64,"PE28mm 2kgPE28M／M(백)2KG, PP12MPP12M／M10KG(황), PP12MPP12M／M12.5KG (황) 외 8개",6870.24,14245264.0
2026-08-08,주식회사 마크원테크,2025-12-19,29.9,16,"PP6MMPP6M／M10KG(백), 운송료",678.5,1494179.0
2026-08-09,(주)아이마켓코리아,2025-12-24,3.4,213,"PP11MM*13.34KG삼성경량밴드(황색)2300m*두께0.84mm단중5.8g GRS, PP11MM*13.34KG삼성경량밴드2300m*두께0.84mm단중5.8g GRS, PP18MM x 21Kg 삼성 황색2300M 포장중량 21Kg, 1롤/1pcs 포장 (황색) 외 2개",14291.08,28366635.0
2026-08-09,경인팩,2026-01-05,3.8,190,"PE28mm 2kgPE28M／M(백)2KG, PE28mm 2kgPE28M／M(적)2KG, PE28mm 2kgPE28M／M(청)2KG 외 14개",5510.5199999999995,16562146.0
2026-08-09,대상산업,2026-01-02,3.9,187,"PE28mm 2kgPE28M／M(백)2KG, PE28mm 2kgPE28M／M(적)2KG, PE28mm 2kgPE28M／M(청)2KG 외 11개",2277.29,7029671.0
2026-08-09,동원팩,2026-01-05,3.1,236,"PE28mm 2kgPE28M／M(녹)2KG, PE28mm 2kgPE28M／M(백)2KG, PE28mm 2kgPE28M／M(청)2KG 외 7개",668.02,3938701.0
2026-08-09,신광포장기계,2026-01-05,4.7,158,"PE28mm 2kgPE28M／M(백)2KG, PE28mm 2kgPE28M／M(황)2KG, PE28mm, 6KGPE28M／M(백)6KG 외 16개",6017.12,13233179.0
2026-08-09,주신산업,2026-01-05,9.3,79,"PE28mm 2kgPE28M／M(백)2KG, PP12MPP12M／M10KG(황), 운송료택배비",750.0799999999999,1575293.0
2026-08-10,대흥수출포장,2026-01-05,31.8,24,PE28mm 2kgPE28M／M(백)2KG,101.74,295043.0
2026-08-10,동방포장기자재,2025-11-24,37.9,18,"PP12MPP12M／M10KG(황), PP12MPP12M／M12KG(적색), PP15MPP15MM*10KG(황색)",2230.6400000000003,4474281.0
2026-08-10,한국포장기계,2025-12-29,16.1,46,"PE28mm 2kgPE28M／M(백)2KG, PE28mm 2kgPE28M／M(적)2KG, PE28mm 2kgPE28M／M(청)2KG 외 5개",4839.65,11765235.0
2026-08-11,전주삼신산업,2025-12-29,9.9,74,"PE28mm 2kgPE28M／M(백)2KG, PE28mm 2kgPE28M／M(청)2KG, PP12MPP12M／M10KG(황) 외 5개",1214.31,2861475.0
2026-08-12,(주)아이마켓코리아,2025-12-24,3.4,213,"PP11MM*13.34KG삼성경량밴드(황색)2300m*두께0.84mm단중5.8g GRS, PP11MM*13.34KG삼성경량밴드2300m*두께0.84mm단중5.8g GRS, PP18MM x 21Kg 삼성 황색2300M 포장중량 21Kg, 1롤/1pcs 포장 (황색) 외 2개",14291.08,28366635.0
2026-08-12,경인팩,2026-01-05,3.8,190,"PE28mm 2kgPE28M／M(백)2KG, PE28mm 2kgPE28M／M(적)2KG, PE28mm 2kgPE28M／M(청)2KG 외 14개",5510.5199999999995,16562146.0
2026-08-12,광림포장기계,2025-12-31,32.9,23,"PP12MPP12M／M10KG(황), PP12MPP12M／M12.5KG (황), PP12MPP12mm*0.72T*2800m 12.5KG(투명) 외 6개",5447.27,10710986.0
2026-08-12,대상산업,2026-01-02,3.9,187,"PE28mm 2kgPE28M／M(백)2KG, PE28mm 2kgPE28M／M(적)2KG, PE28mm 2kgPE28M／M(청)2KG 외 11개",2277.29,7029671.0
2026-08-12,동원팩,2026-01-05,3.1,236,"PE28mm 2kgPE28M／M(녹)2KG, PE28mm 2kgPE28M／M(백)2KG, PE28mm 2kgPE28M／M(청)2KG 외 7개",668.02,3938701.0
2026-08-12,진송팩,2026-01-02,6.4,116,"PE28mm 2kgPE28M／M(녹)2KG, PE28mm 2kgPE28M／M(백)2KG, PE28mm 2kgPE28M／M(적)2KG 외 8개",2999.4500000000003,7030996.0
2026-08-13,(주)한주,2024-10-15,23.9,13,"PP15MM*17.5kg 삼성 recycle2194M두께1.0mm단중7.6g Clear, PP18MM*21kg 삼성 recycle2300M두께0.80mm단중8.8g Clear, 삼성 코드: 6922-00001(황색) PP18MMx 2300M 포장중량 21Kg, 1롤/1pcs 포장,",21823.96,37912978.0
2026-08-13,경인산업,2025-12-04,18.4,38,"PE28mm 2kgPE28M／M(백)2KG, PP12MPP12M／M10KG(백), PP12MPP12M／M10KG(청) 외 2개",1945.23,4028111.0
2026-08-13,삼보팩,2025-01-16,82.0,5,PP12MPP12M／M10KG(황),283.33,623333.0
2026-08-13,신광포장기계,2026-01-05,4.7,158,"PE28mm 2kgPE28M／M(백)2KG, PE28mm 2kgPE28M／M(황)2KG, PE28mm, 6KGPE28M／M(백)6KG 외 16개",6017.12,13233179.0
2026-08-13,신광포장기계(부산),2025-11-04,47.9,15,"PE28mm 2kgPE28M／M(백)2KG, 운송료",222.6,648840.0
2026-08-13,신한포장기계(주),2025-11-10,69.8,10,PE28mm 2kgPE28M／M(백)2KG,1001.2,2710000.0
2026-08-13,한길포장기계,2026-01-05,22.9,33,"PE28mm 2kgPE28M／M(백)2KG, PP12MPP12M／M10KG(백), PP12MPP12M／M10KG(청) 외 3개",2366.34,4956034.0
2026-08-14,다금마대,2025-12-29,38.4,19,마대,236.79,544616.0
2026-08-14,제이케이머티리얼즈(주)/순성공장,2025-12-26,21.2,35,"PET 16MMPET 16mm x 0.8T x 1200m Embossed (반투명 녹색), PP18MPP18M／M10KG(황)",1175.33,2874963.0
2026-08-14,주식회사 에이스팩,2024-08-08,16.2,13,"스트레치필름(일반 기계랩)18*500mm*2000m, 스트레치필름(일반 기계랩)25*500mm*1400m, 스트레치필름(일반 핸드랩)18*500mm*350m 외 2개",93.24,2832600.0
2026-08-15,(주)아이마켓코리아,2025-12-24,3.4,213,"PP11MM*13.34KG삼성경량밴드(황색)2300m*두께0.84mm단중5.8g GRS, PP11MM*13.34KG삼성경량밴드2300m*두께0.84mm단중5.8g GRS, PP18MM x 21Kg 삼성 황색2300M 포장중량 21Kg, 1롤/1pcs 포장 (황색) 외 2개",14291.08,28366635.0
2026-08-15,ANDERSON WHOLESALE PACKAGING PTY LTD.,2025-12-14,61.3,12,"12 x 3,000M 0.55T12 x 3,000M 0.55T 청색, 12 x 3,000M 0.60T12x3,000M0.60TBLUE, 12 x 3,000M 0.60T12x3,000M0.60TCLEAR 외 9개",22965.96,52140274.0
2026-08-15,경인팩,2026-01-05,3.8,190,"PE28mm 2kgPE28M／M(백)2KG, PE28mm 2kgPE28M／M(적)2KG, PE28mm 2kgPE28M／M(청)2KG 외 14개",5510.5199999999995,16562146.0
2026-08-15,대상산업,2026-01-02,3.9,187,"PE28mm 2kgPE28M／M(백)2KG, PE28mm 2kgPE28M／M(적)2KG, PE28mm 2kgPE28M／M(청)2KG 외 11개",2277.29,7029671.0
2026-08-15,동원팩,2026-01-05,3.1,236,"PE28mm 2kgPE28M／M(녹)2KG, PE28mm 2kgPE28M／M(백)2KG, PE28mm 2kgPE28M／M(청)2KG 외 7개",668.02,3938701.0
2026-08-16,강원농협연합포장재가공사업소,2025-11-17,34.0,18,PP12MPP12M／M12.5KG (황),3348.21,6195536.0
2026-08-16,주식회사 바인텍,2025-12-19,48.2,7,"PP10MMPP10MM／500M (투명), PP8MMPP8MM／750M (투명)",810.0,5697000.0
2026-08-17,NZ SAFETY BLACKWOODS,2025-11-02,72.2,10,"12 x 3,000M 0.60T12x3,000M0.60TBLUE, 12 x 3,000M 0.60T12x3,000M0.60TCLEAR, PP 12MM12MMx1000Mx0.55MM Blue 외 5개",9775.68,24386353.0
2026-08-17,신광포장기계,2026-01-05,4.7,158,"PE28mm 2kgPE28M／M(백)2KG, PE28mm 2kgPE28M／M(황)2KG, PE28mm, 6KGPE28M／M(백)6KG 외 16개",6017.12,13233179.0
2026-08-17,주식회사 대원포장기계,2025-12-01,37.3,19,PE28mm 2kgPE28M／M(백)2KG,400.0,1160000.0
2026-08-17,주식회사 동원피앤아이,2025-12-26,13.4,55,"PE 결속끈PE#50 (백) 5500m 5KG, PE28mm 2kgPE28M／M(백)2KG, PE50mm, 4.7KGPE50M／M(황)4.7KG 외 1개",53584.69,9944337.0
2026-08-17,합동포장기계,2026-01-05,16.7,45,"PE28mm 2kgPE28M／M(백)2KG, PE28mm 2kgPE28M／M(청)2KG, PP12MPP12M／M10KG(백) 외 11개",4790.71,11879932.0
2026-08-17,호성수출포장,2025-10-31,58.5,12,"PE28mm 2kgPE28M／M(백)2KG, 스트레치필름(일반 핸드랩 20)20*500mm*350m",408.0,1735200.0
2026-08-18,(주)아이마켓코리아,2025-12-24,3.4,213,"PP11MM*13.34KG삼성경량밴드(황색)2300m*두께0.84mm단중5.8g GRS, PP11MM*13.34KG삼성경량밴드2300m*두께0.84mm단중5.8g GRS, PP18MM x 21Kg 삼성 황색2300M 포장중량 21Kg, 1롤/1pcs 포장 (황색) 외 2개",14291.08,28366635.0
2026-08-18,H.E. BAUMRUCKER COMPANY,2025-09-27,65.8,9,"12 x 3,018M 0.58T White (8x8)12 x 3,018M 0.58T White (8x8), 12 x 3,018M 0.58T White 230 CORE (9x8)12 x 3,018M 0.58T White 230 CORE (9x8), 15 x 1,645M 0.76T 16*6 Black15 x 1,645M 0.76T 16*6 Black 외 6개",31937.23,90135842.0
2026-08-18,경인팩,2026-01-05,3.8,190,"PE28mm 2kgPE28M／M(백)2KG, PE28mm 2kgPE28M／M(적)2KG, PE28mm 2kgPE28M／M(청)2KG 외 14개",5510.5199999999995,16562146.0
2026-08-18,금산포장,2026-01-05,15.0,45,"PE28mm 2kgPE28M／M(백)2KG, PE28mm, 6KGPE28M／M(백)6KG, PP12MPP12M／M10KG(투명) 외 2개",1071.8500000000001,2573952.0
2026-08-18,대상산업,2026-01-02,3.9,187,"PE28mm 2kgPE28M／M(백)2KG, PE28mm 2kgPE28M／M(적)2KG, PE28mm 2kgPE28M／M(청)2KG 외 11개",2277.29,7029671.0
2026-08-18,동원팩,2026-01-05,3.1,236,"PE28mm 2kgPE28M／M(녹)2KG, PE28mm 2kgPE28M／M(백)2KG, PE28mm 2kgPE28M／M(청)2KG 외 7개",668.02,3938701.0
2026-08-18,신대한판지(주),2024-08-12,32.2,7,"PP12MPP12M／M10KG(녹), PP12MPP12M／M10KG(백), PP9MMPP9M／M9.5KG(백색)",1497.5,3627100.0
2026-08-18,주신산업,2026-01-05,9.3,79,"PE28mm 2kgPE28M／M(백)2KG, PP12MPP12M／M10KG(황), 운송료택배비",750.0799999999999,1575293.0
2026-08-18,진송팩,2026-01-02,6.4,116,"PE28mm 2kgPE28M／M(녹)2KG, PE28mm 2kgPE28M／M(백)2KG, PE28mm 2kgPE28M／M(적)2KG 외 8개",2999.4500000000003,7030996.0
2026-08-18,태광오토팩,2025-12-01,26.2,26,"PE28mm 2kgPE28M／M(백)2KG, PE28mm 2kgPE28M／M(청)2KG, PE28mm 2kgPE28M／M(황)2KG 외 2개",1850.52,4437283.0
2026-08-19,세화종합상사,2025-11-24,67.2,10,PE28mm 2kgPE28M／M(백)2KG,38.0,123500.0
2026-08-19,주)대성씨앤씨,2025-12-22,12.0,61,"PP12MPP12M／M10KG(백), PP12MPP12M／M10KG(황), PP5MMx7000Mx0.5T 11.4kg 백색core 200x8T OD400 롤랩핑 400*200 외 4개",2049.7,8922062.0
2026-08-19,주식회사 광림파워팩,2025-12-31,11.4,64,"PE28mm 2kgPE28M／M(백)2KG, PP12MPP12M／M10KG(황), PP12MPP12M／M12.5KG (황) 외 8개",6870.24,14245264.0
2026-08-20,(주)낙원포장,2025-12-23,12.6,58,"PE15MPP15M／M10KG, PE28mm 2kgPE28M／M(백)2KG, PP10.5MPP10.5M10KG(청) 외 6개",7870.610000000001,15670636.0
2026-08-20,대화수지공업(주),2025-09-29,13.7,13,"PE원료LLD PE, PE원료LLDPE 재생투명, PE원료재생원료",66677.0,78634597.0
2026-08-20,전주삼신산업,2025-12-29,9.9,74,"PE28mm 2kgPE28M／M(백)2KG, PE28mm 2kgPE28M／M(청)2KG, PP12MPP12M／M10KG(황) 외 5개",1214.31,2861475.0
2026-08-21,(주)금성칼라팩,2025-11-24,90.0,8,PP7MPP7M10KG백색,1260.0,2961000.0
2026-08-21,(주)아이마켓코리아,2025-12-24,3.4,213,"PP11MM*13.34KG삼성경량밴드(황색)2300m*두께0.84mm단중5.8g GRS, PP11MM*13.34KG삼성경량밴드2300m*두께0.84mm단중5.8g GRS, PP18MM x 21Kg 삼성 황색2300M 포장중량 21Kg, 1롤/1pcs 포장 (황색) 외 2개",14291.08,28366635.0
2026-08-21,경인팩,2026-01-05,3.8,190,"PE28mm 2kgPE28M／M(백)2KG, PE28mm 2kgPE28M／M(적)2KG, PE28mm 2kgPE28M／M(청)2KG 외 14개",5510.5199999999995,16562146.0
2026-08-21,대상산업,2026-01-02,3.9,187,"PE28mm 2kgPE28M／M(백)2KG, PE28mm 2kgPE28M／M(적)2KG, PE28mm 2kgPE28M／M(청)2KG 외 11개",2277.29,7029671.0
2026-08-21,동원팩,2026-01-05,3.1,236,"PE28mm 2kgPE28M／M(녹)2KG, PE28mm 2kgPE28M／M(백)2KG, PE28mm 2kgPE28M／M(청)2KG 외 7개",668.02,3938701.0
2026-08-21,민건 이에이,2025-12-24,30.2,24,PP12MPP12M／M10KG(백),702.08,1488417.0
2026-08-21,신광포장기계,2026-01-05,4.7,158,"PE28mm 2kgPE28M／M(백)2KG, PE28mm 2kgPE28M／M(황)2KG, PE28mm, 6KGPE28M／M(백)6KG 외 16개",6017.12,13233179.0
2026-08-21,주식회사 대한종합포장,2025-11-24,18.3,38,"PP12MPP12M／M10KG(백), PP5MMx7000Mx0.5T 백색, 스트레치필름(기능 기계랩)15*500mm*1700m 외 2개",447.06,5345675.0
2026-08-22,신화티에스,2024-10-07,76.3,4,PP15MPP15MM*10KG(황색),500.0,1000000.0
2026-08-22,천일포장산업,2025-12-01,22.5,32,"PE28mm 2kgPE28M／M(백)2KG, PE28mm, 6KGPE28M／M(백)6KG, PP6MMPP6M／M10KG(백)",3126.29,7358497.0
2026-08-23,(주)베스테크,2025-11-11,19.4,30,도전성밴드7.7mm*900m,281.93,8394013.0
2026-08-23,(주)탐스텍,2025-12-29,79.0,10,"12 x 3,000M 0.60T12x3,000M0.60TBLUE, 15 x 1,000M 1.0T H/D Yellow w/paper core15 x 1,000M 1.0T H/D Yellow w/paper core, 15 x 2,000M 0.50T15 x 2,000M 0.50T 청색 외 1개",7195.65,14636160.0
2026-08-23,동서포장종합상사,2025-12-18,31.2,23,PE28mm 2kgPE28M／M(백)2KG,106.96,320783.0
2026-08-23,세움패키지(SEUMPKG),2025-12-16,25.6,28,"PE 결속끈PE#50 (백) 5500m 5KG, PE28mm 2kgPE28M／M(백)2KG, PP12MPP12M／M10KG(황) 외 5개",2818.1,6986669.0
2026-08-23,우선산업,2025-12-26,15.8,46,"PE28mm 2kgPE28M／M(백)2KG, PE50mm, 4.5KGPE50M／M(백)4.5KG, PE50mm, 4.7KGPE50M／M(백)4.7KG 외 1개",3502.0,7082525.0
2026-08-23,파워엠팩,2025-07-23,18.3,32,"PP10.5MPP10.5M10KG(청), PP10.5MPP10.5M10KG투명, PP12MPP12M／M10KG(백) 외 5개",4589.52,9635060.0
2026-08-24,(주)아이마켓코리아,2025-12-24,3.4,213,"PP11MM*13.34KG삼성경량밴드(황색)2300m*두께0.84mm단중5.8g GRS, PP11MM*13.34KG삼성경량밴드2300m*두께0.84mm단중5.8g GRS, PP18MM x 21Kg 삼성 황색2300M 포장중량 21Kg, 1롤/1pcs 포장 (황색) 외 2개",14291.08,28366635.0
2026-08-24,경인팩,2026-01-05,3.8,190,"PE28mm 2kgPE28M／M(백)2KG, PE28mm 2kgPE28M／M(적)2KG, PE28mm 2kgPE28M／M(청)2KG 외 14개",5510.5199999999995,16562146.0
2026-08-24,대상산업,2026-01-02,3.9,187,"PE28mm 2kgPE28M／M(백)2KG, PE28mm 2kgPE28M／M(적)2KG, PE28mm 2kgPE28M／M(청)2KG 외 11개",2277.29,7029671.0
2026-08-24,동원팩,2026-01-05,3.1,236,"PE28mm 2kgPE28M／M(녹)2KG, PE28mm 2kgPE28M／M(백)2KG, PE28mm 2kgPE28M／M(청)2KG 외 7개",668.02,3938701.0
2026-08-24,진송팩,2026-01-02,6.4,116,"PE28mm 2kgPE28M／M(녹)2KG, PE28mm 2kgPE28M／M(백)2KG, PE28mm 2kgPE28M／M(적)2KG 외 8개",2999.4500000000003,7030996.0
2026-08-25,신광포장기계,2026-01-05,4.7,158,"PE28mm 2kgPE28M／M(백)2KG, PE28mm 2kgPE28M／M(황)2KG, PE28mm, 6KGPE28M／M(백)6KG 외 16개",6017.12,13233179.0
2026-08-25,제일포장(김해),2025-04-08,63.1,8,"PE28mm 2kgPE28M／M(녹)2KG, PE28mm 2kgPE28M／M(백)2KG, 운송료",1215.3600000000001,3624371.0
2026-08-25,한남포장기계,2025-12-16,18.3,39,"PE28mm 2kgPE28M／M(백)2KG, PP12MPP12MM / 9.5KG(황), PP12MPP12M／M9KG(황)",2504.96,5711779.0
2026-08-26,(주)영화수출포장 김포공장,2025-05-21,42.0,3,PE 결속끈PE#50 (백) 5500m 5KG,400.0,1180000.0
2026-08-26,(주)진송팩,2025-11-11,18.7,4,"PP18MPP18M／M10KG(황), 운송료",197.0,413900.0
2026-08-26,세림산업사,2025-12-17,84.0,4,PP원료 (검정),3600.0,2520000.0
2026-08-26,에이원코리아,2025-12-29,48.7,15,"PE28mm 2kgPE28M／M(백)2KG, PP12MPP12M／M12KG(황), 운송료운송료",1226.41,2413642.0
2026-08-26,파코팩(PACO PACK),2024-09-05,40.8,7,"PE 결속끈PE#50 (백) 5500m 5KG, PE28mm 2kgPE28M／M(백)2KG, PE50mm, 5KGPE50M／M(황)5KG",2226.67,6146667.0
2026-08-26,한국포장기계,2025-12-29,16.1,46,"PE28mm 2kgPE28M／M(백)2KG, PE28mm 2kgPE28M／M(적)2KG, PE28mm 2kgPE28M／M(청)2KG 외 5개",4839.65,11765235.0
2026-08-27,(주)스피드랩코리아,2026-01-05,26.1,29,"PP6MMPP6M／M10KG(백), 운송료",635.39,1393750.0
2026-08-27,(주)아이마켓코리아,2025-12-24,3.4,213,"PP11MM*13.34KG삼성경량밴드(황색)2300m*두께0.84mm단중5.8g GRS, PP11MM*13.34KG삼성경량밴드2300m*두께0.84mm단중5.8g GRS, PP18MM x 21Kg 삼성 황색2300M 포장중량 21Kg, 1롤/1pcs 포장 (황색) 외 2개",14291.08,28366635.0
2026-08-27,경인팩,2026-01-05,3.8,190,"PE28mm 2kgPE28M／M(백)2KG, PE28mm 2kgPE28M／M(적)2KG, PE28mm 2kgPE28M／M(청)2KG 외 14개",5510.5199999999995,16562146.0
2026-08-27,대상산업,2026-01-02,3.9,187,"PE28mm 2kgPE28M／M(백)2KG, PE28mm 2kgPE28M／M(적)2KG, PE28mm 2kgPE28M／M(청)2KG 외 11개",2277.29,7029671.0
2026-08-27,동원팩,2026-01-05,3.1,236,"PE28mm 2kgPE28M／M(녹)2KG, PE28mm 2kgPE28M／M(백)2KG, PE28mm 2kgPE28M／M(청)2KG 외 7개",668.02,3938701.0
2026-08-27,서흥포장 주식회사,2025-12-10,26.5,27,"PP12MPP12M／M10KG(황), PP7MPP7M10KG백색, 스트레치필름(특수기능형)15*500*400",309.12,918890.0
2026-08-27,주신산업,2026-01-05,9.3,79,"PE28mm 2kgPE28M／M(백)2KG, PP12MPP12M／M10KG(황), 운송료택배비",750.0799999999999,1575293.0
2026-08-29,신광포장기계,2026-01-05,4.7,158,"PE28mm 2kgPE28M／M(백)2KG, PE28mm 2kgPE28M／M(황)2KG, PE28mm, 6KGPE28M／M(백)6KG 외 16개",6017.12,13233179.0
2026-08-29,전주삼신산업,2025-12-29,9.9,74,"PE28mm 2kgPE28M／M(백)2KG, PE28mm 2kgPE28M／M(청)2KG, PP12MPP12M／M10KG(황) 외 5개",1214.31,2861475.0
2026-08-30,(주)아이마켓코리아,2025-12-24,3.4,213,"PP11MM*13.34KG삼성경량밴드(황색)2300m*두께0.84mm단중5.8g GRS, PP11MM*13.34KG삼성경량밴드2300m*두께0.84mm단중5.8g GRS, PP18MM x 21Kg 삼성 황색2300M 포장중량 21Kg, 1롤/1pcs 포장 (황색) 외 2개",14291.08,28366635.0
2026-08-30,경인팩,2026-01-05,3.8,190,"PE28mm 2kgPE28M／M(백)2KG, PE28mm 2kgPE28M／M(적)2KG, PE28mm 2kgPE28M／M(청)2KG 외 14개",5510.5199999999995,16562146.0
2026-08-30,대상산업,2026-01-02,3.9,187,"PE28mm 2kgPE28M／M(백)2KG, PE28mm 2kgPE28M／M(적)2KG, PE28mm 2kgPE28M／M(청)2KG 외 11개",2277.29,7029671.0
2026-08-30,동원팩,2026-01-05,3.1,236,"PE28mm 2kgPE28M／M(녹)2KG, PE28mm 2kgPE28M／M(백)2KG, PE28mm 2kgPE28M／M(청)2KG 외 7개",668.02,3938701.0
2026-08-30,주식회사 광림파워팩,2025-12-31,11.4,64,"PE28mm 2kgPE28M／M(백)2KG, PP12MPP12M／M10KG(황), PP12MPP12M／M12.5KG (황) 외 8개",6870.24,14245264.0
2026-08-30,주식회사 동원피앤아이,2025-12-26,13.4,55,"PE 결속끈PE#50 (백) 5500m 5KG, PE28mm 2kgPE28M／M(백)2KG, PE50mm, 4.7KGPE50M／M(황)4.7KG 외 1개",53584.69,9944337.0
2026-08-30,주식회사 에이스팩,2024-08-08,16.2,13,"스트레치필름(일반 기계랩)18*500mm*2000m, 스트레치필름(일반 기계랩)25*500mm*1400m, 스트레치필름(일반 핸드랩)18*500mm*350m 외 2개",93.24,2832600.0
2026-08-30,진송팩,2026-01-02,6.4,116,"PE28mm 2kgPE28M／M(녹)2KG, PE28mm 2kgPE28M／M(백)2KG, PE28mm 2kgPE28M／M(적)2KG 외 8개",2999.4500000000003,7030996.0
2026-08-31,경인산업,2025-12-04,18.4,38,"PE28mm 2kgPE28M／M(백)2KG, PP12MPP12M／M10KG(백), PP12MPP12M／M10KG(청) 외 2개",1945.23,4028111.0
2026-08-31,주)대성씨앤씨,2025-12-22,12.0,61,"PP12MPP12M／M10KG(백), PP12MPP12M／M10KG(황), PP5MMx7000Mx0.5T 11.4kg 백색core 200x8T OD400 롤랩핑 400*200 외 4개",2049.7,8922062.0
2026-09-01,(주)낙원포장,2025-12-23,12.6,58,"PE15MPP15M／M10KG, PE28mm 2kgPE28M／M(백)2KG, PP10.5MPP10.5M10KG(청) 외 6개",7870.610000000001,15670636.0
2026-09-02,(주)아이마켓코리아,2025-12-24,3.4,213,"PP11MM*13.34KG삼성경량밴드(황색)2300m*두께0.84mm단중5.8g GRS, PP11MM*13.34KG삼성경량밴드2300m*두께0.84mm단중5.8g GRS, PP18MM x 21Kg 삼성 황색2300M 포장중량 21Kg, 1롤/1pcs 포장 (황색) 외 2개",14291.08,28366635.0
2026-09-02,경인팩,2026-01-05,3.8,190,"PE28mm 2kgPE28M／M(백)2KG, PE28mm 2kgPE28M／M(적)2KG, PE28mm 2kgPE28M／M(청)2KG 외 14개",5510.5199999999995,16562146.0
2026-09-02,금산포장,2026-01-05,15.0,45,"PE28mm 2kgPE28M／M(백)2KG, PE28mm, 6KGPE28M／M(백)6KG, PP12MPP12M／M10KG(투명) 외 2개",1071.8500000000001,2573952.0
2026-09-02,대상산업,2026-01-02,3.9,187,"PE28mm 2kgPE28M／M(백)2KG, PE28mm 2kgPE28M／M(적)2KG, PE28mm 2kgPE28M／M(청)2KG 외 11개",2277.29,7029671.0
2026-09-02,대화수지공업(주),2025-09-29,13.7,13,"PE원료LLD PE, PE원료LLDPE 재생투명, PE원료재생원료",66677.0,78634597.0
2026-09-02,동원팩,2026-01-05,3.1,236,"PE28mm 2kgPE28M／M(녹)2KG, PE28mm 2kgPE28M／M(백)2KG, PE28mm 2kgPE28M／M(청)2KG 외 7개",668.02,3938701.0
2026-09-02,신광포장기계,2026-01-05,4.7,158,"PE28mm 2kgPE28M／M(백)2KG, PE28mm 2kgPE28M／M(황)2KG, PE28mm, 6KGPE28M／M(백)6KG 외 16개",6017.12,13233179.0
2026-09-02,연화수출포장,2025-12-31,35.1,19,"PP15MPP15M／M10 (청색), PP15MPP15M／M10KG(투명), 운송료",803.5,1835397.0
2026-09-02,합동포장기계,2026-01-05,16.7,45,"PE28mm 2kgPE28M／M(백)2KG, PE28mm 2kgPE28M／M(청)2KG, PP12MPP12M／M10KG(백) 외 11개",4790.71,11879932.0
2026-09-03,WESTSIDE PACKAGING SYSTEMS AUSTRALIA,2025-11-27,70.8,9,"12 x 3,000M 0.65T White w/Green Ararat Meat Exports EST.298 printed12 x 3,000M 0.65T White w/Green Ararat Meat Exports EST.298 printed, 12 x 3,000M 0.65T12x3,000M0.65T BLUE, 12 x 3,000M 0.65T12x3,000M0.65T CLEAR 외 10개",38410.7,87509864.0
2026-09-03,매일농산,2025-12-01,138.5,3,PP12MPP12M／M10KG(황),20.0,454545.0
2026-09-04,제이케이머티리얼즈(주)/순성공장,2025-12-26,21.2,35,"PET 16MMPET 16mm x 0.8T x 1200m Embossed (반투명 녹색), PP18MPP18M／M10KG(황)",1175.33,2874963.0
2026-09-04,한길포장기계,2026-01-05,22.9,33,"PE28mm 2kgPE28M／M(백)2KG, PP12MPP12M／M10KG(백), PP12MPP12M／M10KG(청) 외 3개",2366.34,4956034.0
2026-09-05,(주)아이마켓코리아,2025-12-24,3.4,213,"PP11MM*13.34KG삼성경량밴드(황색)2300m*두께0.84mm단중5.8g GRS, PP11MM*13.34KG삼성경량밴드2300m*두께0.84mm단중5.8g GRS, PP18MM x 21Kg 삼성 황색2300M 포장중량 21Kg, 1롤/1pcs 포장 (황색) 외 2개",14291.08,28366635.0
2026-09-05,(주)한주,2024-10-15,23.9,13,"PP15MM*17.5kg 삼성 recycle2194M두께1.0mm단중7.6g Clear, PP18MM*21kg 삼성 recycle2300M두께0.80mm단중8.8g Clear, 삼성 코드: 6922-00001(황색) PP18MMx 2300M 포장중량 21Kg, 1롤/1pcs 포장,",21823.96,37912978.0
2026-09-05,경인팩,2026-01-05,3.8,190,"PE28mm 2kgPE28M／M(백)2KG, PE28mm 2kgPE28M／M(적)2KG, PE28mm 2kgPE28M／M(청)2KG 외 14개",5510.5199999999995,16562146.0
2026-09-05,대상산업,2026-01-02,3.9,187,"PE28mm 2kgPE28M／M(백)2KG, PE28mm 2kgPE28M／M(적)2KG, PE28mm 2kgPE28M／M(청)2KG 외 11개",2277.29,7029671.0
2026-09-05,동원팩,2026-01-05,3.1,236,"PE28mm 2kgPE28M／M(녹)2KG, PE28mm 2kgPE28M／M(백)2KG, PE28mm 2kgPE28M／M(청)2KG 외 7개",668.02,3938701.0
2026-09-05,주신산업,2026-01-05,9.3,79,"PE28mm 2kgPE28M／M(백)2KG, PP12MPP12M／M10KG(황), 운송료택배비",750.0799999999999,1575293.0
2026-09-05,진송팩,2026-01-02,6.4,116,"PE28mm 2kgPE28M／M(녹)2KG, PE28mm 2kgPE28M／M(백)2KG, PE28mm 2kgPE28M／M(적)2KG 외 8개",2999.4500000000003,7030996.0
2026-09-06,신광포장기계,2026-01-05,4.7,158,"PE28mm 2kgPE28M／M(백)2KG, PE28mm 2kgPE28M／M(황)2KG, PE28mm, 6KGPE28M／M(백)6KG 외 16개",6017.12,13233179.0
2026-09-06,주식회사 마크원테크,2025-12-19,29.9,16,"PP6MMPP6M／M10KG(백), 운송료",678.5,1494179.0
2026-09-06,하영종합상사,2025-09-29,57.3,11,"PE28mm 2kgPE28M／M(백)2KG, 운송료",115.09,370036.0
2026-09-07,우선산업,2025-12-26,15.8,46,"PE28mm 2kgPE28M／M(백)2KG, PE50mm, 4.5KGPE50M／M(백)4.5KG, PE50mm, 4.7KGPE50M／M(백)4.7KG 외 1개",3502.0,7082525.0
2026-09-07,유일포장기계,2025-12-01,70.6,10,PP5MMx7000Mx0.5T 백색,38.22,966056.0
2026-09-07,전주삼신산업,2025-12-29,9.9,74,"PE28mm 2kgPE28M／M(백)2KG, PE28mm 2kgPE28M／M(청)2KG, PP12MPP12M／M10KG(황) 외 5개",1214.31,2861475.0
2026-09-08,(주)삼영피앤텍,2025-11-06,51.8,14,PE28mm 2kgPE28M／M(백)2KG,44.29,159429.0
2026-09-08,(주)아이마켓코리아,2025-12-24,3.4,213,"PP11MM*13.34KG삼성경량밴드(황색)2300m*두께0.84mm단중5.8g GRS, PP11MM*13.34KG삼성경량밴드2300m*두께0.84mm단중5.8g GRS, PP18MM x 21Kg 삼성 황색2300M 포장중량 21Kg, 1롤/1pcs 포장 (황색) 외 2개",14291.08,28366635.0
2026-09-08,경인팩,2026-01-05,3.8,190,"PE28mm 2kgPE28M／M(백)2KG, PE28mm 2kgPE28M／M(적)2KG, PE28mm 2kgPE28M／M(청)2KG 외 14개",5510.5199999999995,16562146.0
2026-09-08,대상산업,2026-01-02,3.9,187,"PE28mm 2kgPE28M／M(백)2KG, PE28mm 2kgPE28M／M(적)2KG, PE28mm 2kgPE28M／M(청)2KG 외 11개",2277.29,7029671.0
2026-09-08,동원팩,2026-01-05,3.1,236,"PE28mm 2kgPE28M／M(녹)2KG, PE28mm 2kgPE28M／M(백)2KG, PE28mm 2kgPE28M／M(청)2KG 외 7개",668.02,3938701.0
2026-09-08,주식회사 대한종합포장,2025-11-24,18.3,38,"PP12MPP12M／M10KG(백), PP5MMx7000Mx0.5T 백색, 스트레치필름(기능 기계랩)15*500mm*1700m 외 2개",447.06,5345675.0
2026-09-09,TIGERPAK PACKAGING,2025-12-25,43.9,17,"12 x 2,800M 0.55T12 x 2,800M 0.55T 검정, 12 x 2800M 0.55T12 x 2800M 0.55T BLACK, 12 x 2800M 0.60T12 x 2800M 0.60T BLACK 외 11개",50436.18,113594139.0
2026-09-09,그린포장,2025-11-01,104.2,5,PE28mm 2kgPE28M／M(백)2KG,244.0,780800.0
2026-09-09,서울상사,2025-12-19,33.8,22,"PP12MPP12M／M10KG(투명), PP12MPP12M／M10KG(황), PP15MPP15MM*10KG(황색) 외 4개",2726.66,5322667.0
2026-09-10,(주)영화수출포장,2025-11-14,75.6,10,PE 결속끈PE#50 (백) 5500m 5KG,600.0,1770000.0
2026-09-10,대흥수출포장,2026-01-05,31.8,24,PE28mm 2kgPE28M／M(백)2KG,101.74,295043.0
2026-09-10,신광포장기계,2026-01-05,4.7,158,"PE28mm 2kgPE28M／M(백)2KG, PE28mm 2kgPE28M／M(황)2KG, PE28mm, 6KGPE28M／M(백)6KG 외 16개",6017.12,13233179.0
2026-09-10,주식회사 광림파워팩,2025-12-31,11.4,64,"PE28mm 2kgPE28M／M(백)2KG, PP12MPP12M／M10KG(황), PP12MPP12M／M12.5KG (황) 외 8개",6870.24,14245264.0
2026-09-10,파워엠팩,2025-07-23,18.3,32,"PP10.5MPP10.5M10KG(청), PP10.5MPP10.5M10KG투명, PP12MPP12M／M10KG(백) 외 5개",4589.52,9635060.0
2026-09-11,(주)베스테크,2025-11-11,19.4,30,도전성밴드7.7mm*900m,281.93,8394013.0
2026-09-11,(주)아이마켓코리아,2025-12-24,3.4,213,"PP11MM*13.34KG삼성경량밴드(황색)2300m*두께0.84mm단중5.8g GRS, PP11MM*13.34KG삼성경량밴드2300m*두께0.84mm단중5.8g GRS, PP18MM x 21Kg 삼성 황색2300M 포장중량 21Kg, 1롤/1pcs 포장 (황색) 외 2개",14291.08,28366635.0
2026-09-11,경인팩,2026-01-05,3.8,190,"PE28mm 2kgPE28M／M(백)2KG, PE28mm 2kgPE28M／M(적)2KG, PE28mm 2kgPE28M／M(청)2KG 외 14개",5510.5199999999995,16562146.0
2026-09-11,대상산업,2026-01-02,3.9,187,"PE28mm 2kgPE28M／M(백)2KG, PE28mm 2kgPE28M／M(적)2KG, PE28mm 2kgPE28M／M(청)2KG 외 11개",2277.29,7029671.0
2026-09-11,동원팩,2026-01-05,3.1,236,"PE28mm 2kgPE28M／M(녹)2KG, PE28mm 2kgPE28M／M(백)2KG, PE28mm 2kgPE28M／M(청)2KG 외 7개",668.02,3938701.0
2026-09-11,라이커스,2025-12-29,128.6,6,"TI-640, TI-640_25kg, Y-130 (PP원료)",6140.17,10228058.0
2026-09-11,유일,2025-11-21,42.9,17,"PE28mm 2kgPE28M／M(백)2KG, PE50mm, 5KGPE50M／M(백)5KG",1348.24,3771294.0
2026-09-11,진송팩,2026-01-02,6.4,116,"PE28mm 2kgPE28M／M(녹)2KG, PE28mm 2kgPE28M／M(백)2KG, PE28mm 2kgPE28M／M(적)2KG 외 8개",2999.4500000000003,7030996.0
2026-09-11,한국포장기계,2025-12-29,16.1,46,"PE28mm 2kgPE28M／M(백)2KG, PE28mm 2kgPE28M／M(적)2KG, PE28mm 2kgPE28M／M(청)2KG 외 5개",4839.65,11765235.0
2026-09-12,KONZ TRADING LTD.,2025-11-12,152.5,5,"15 x 2,500M 0.64T15 x 2,500M 0.64T 청색, Ocean FreightOcean Freight (선임)",7526.0,19881498.0
2026-09-12,주)대성씨앤씨,2025-12-22,12.0,61,"PP12MPP12M／M10KG(백), PP12MPP12M／M10KG(황), PP5MMx7000Mx0.5T 11.4kg 백색core 200x8T OD400 롤랩핑 400*200 외 4개",2049.7,8922062.0
2026-09-12,주식회사 동원피앤아이,2025-12-26,13.4,55,"PE 결속끈PE#50 (백) 5500m 5KG, PE28mm 2kgPE28M／M(백)2KG, PE50mm, 4.7KGPE50M／M(황)4.7KG 외 1개",53584.69,9944337.0
2026-09-12,한남포장기계,2025-12-16,18.3,39,"PE28mm 2kgPE28M／M(백)2KG, PP12MPP12MM / 9.5KG(황), PP12MPP12M／M9KG(황)",2504.96,5711779.0
2026-09-13,(주)낙원포장,2025-12-23,12.6,58,"PE15MPP15M／M10KG, PE28mm 2kgPE28M／M(백)2KG, PP10.5MPP10.5M10KG(청) 외 6개",7870.610000000001,15670636.0
2026-09-13,(주)진송팩,2025-11-11,18.7,4,"PP18MPP18M／M10KG(황), 운송료",197.0,413900.0
2026-09-13,KOMERI,2025-11-23,42.5,16,"15 x 1,000M 0.55T Yellow15x1,000M0.55T 황색, 15 x 100M 0.55T15x100M 0.55T 황색, 15 x 100M 0.55T15x100M0.55T녹색 외 6개",9545.14,26068335.0
2026-09-13,광림포장기계,2025-12-31,32.9,23,"PP12MPP12M／M10KG(황), PP12MPP12M／M12.5KG (황), PP12MPP12mm*0.72T*2800m 12.5KG(투명) 외 6개",5447.27,10710986.0
2026-09-13,천일포장산업,2025-12-01,22.5,32,"PE28mm 2kgPE28M／M(백)2KG, PE28mm, 6KGPE28M／M(백)6KG, PP6MMPP6M／M10KG(백)",3126.29,7358497.0
2026-09-13,태광오토팩,2025-12-01,26.2,26,"PE28mm 2kgPE28M／M(백)2KG, PE28mm 2kgPE28M／M(청)2KG, PE28mm 2kgPE28M／M(황)2KG 외 2개",1850.52,4437283.0
2026-09-14,(주)아이마켓코리아,2025-12-24,3.4,213,"PP11MM*13.34KG삼성경량밴드(황색)2300m*두께0.84mm단중5.8g GRS, PP11MM*13.34KG삼성경량밴드2300m*두께0.84mm단중5.8g GRS, PP18MM x 21Kg 삼성 황색2300M 포장중량 21Kg, 1롤/1pcs 포장 (황색) 외 2개",14291.08,28366635.0
2026-09-14,(주)인스트아이앤씨,2025-07-01,55.9,10,"PE28mm 2kgPE28M／M(백)2KG, 운송료",39.9,137560.0
2026-09-14,PUNCHBOWL,2025-12-16,136.4,6,"12 x 2,500M 0.65T12x2,500M0.65TBLACK, PP19M Premium BlackPP19M／M*1000M 0.8T Black",9746.0,22802507.0
2026-09-14,경인팩,2026-01-05,3.8,190,"PE28mm 2kgPE28M／M(백)2KG, PE28mm 2kgPE28M／M(적)2KG, PE28mm 2kgPE28M／M(청)2KG 외 14개",5510.5199999999995,16562146.0
2026-09-14,대상산업,2026-01-02,3.9,187,"PE28mm 2kgPE28M／M(백)2KG, PE28mm 2kgPE28M／M(적)2KG, PE28mm 2kgPE28M／M(청)2KG 외 11개",2277.29,7029671.0
2026-09-14,동원팩,2026-01-05,3.1,236,"PE28mm 2kgPE28M／M(녹)2KG, PE28mm 2kgPE28M／M(백)2KG, PE28mm 2kgPE28M／M(청)2KG 외 7개",668.02,3938701.0
2026-09-14,백암지관공업사,2025-12-03,57.8,13,"PP12MPP12M／M11KG(청), PP12MPP12M／M12.5KG (황)",315.94,663469.0
2026-09-14,신광포장기계,2026-01-05,4.7,158,"PE28mm 2kgPE28M／M(백)2KG, PE28mm 2kgPE28M／M(황)2KG, PE28mm, 6KGPE28M／M(백)6KG 외 16개",6017.12,13233179.0
2026-09-14,주식회사 진도종합상사,2026-01-05,42.7,16,"PE28mm 2kgPE28M／M(백)2KG, 운송료",86.72,256139.0
2026-09-14,주신산업,2026-01-05,9.3,79,"PE28mm 2kgPE28M／M(백)2KG, PP12MPP12M／M10KG(황), 운송료택배비",750.0799999999999,1575293.0
2026-09-15,(주)삼신,2025-12-15,137.8,6,PE28mm 2kgPE28M／M(백)2KG,2000.0,5500000.0
2026-09-15,대화수지공업(주),2025-09-29,13.7,13,"PE원료LLD PE, PE원료LLDPE 재생투명, PE원료재생원료",66677.0,78634597.0
2026-09-15,주식회사 에이스팩,2024-08-08,16.2,13,"스트레치필름(일반 기계랩)18*500mm*2000m, 스트레치필름(일반 기계랩)25*500mm*1400m, 스트레치필름(일반 핸드랩)18*500mm*350m 외 2개",93.24,2832600.0
2026-09-16,동방포장기자재,2025-11-24,37.9,18,"PP12MPP12M／M10KG(황), PP12MPP12M／M12KG(적색), PP15MPP15MM*10KG(황색)",2230.6400000000003,4474281.0
2026-09-16,보우팩,2025-08-06,58.2,11,"PE28mm 2kgPE28M／M(청)2KG, PE28mm 2kgPE28M／M(황)2KG, PE28mm, 6KGPE28M／M(백)6KG 외 1개",3126.0,6902300.0
2026-09-16,전주삼신산업,2025-12-29,9.9,74,"PE28mm 2kgPE28M／M(백)2KG, PE28mm 2kgPE28M／M(청)2KG, PP12MPP12M／M10KG(황) 외 5개",1214.31,2861475.0
2026-09-17,(주)아이마켓코리아,2025-12-24,3.4,213,"PP11MM*13.34KG삼성경량밴드(황색)2300m*두께0.84mm단중5.8g GRS, PP11MM*13.34KG삼성경량밴드2300m*두께0.84mm단중5.8g GRS, PP18MM x 21Kg 삼성 황색2300M 포장중량 21Kg, 1롤/1pcs 포장 (황색) 외 2개",14291.08,28366635.0
2026-09-17,경인팩,2026-01-05,3.8,190,"PE28mm 2kgPE28M／M(백)2KG, PE28mm 2kgPE28M／M(적)2KG, PE28mm 2kgPE28M／M(청)2KG 외 14개",5510.5199999999995,16562146.0
2026-09-17,금산포장,2026-01-05,15.0,45,"PE28mm 2kgPE28M／M(백)2KG, PE28mm, 6KGPE28M／M(백)6KG, PP12MPP12M／M10KG(투명) 외 2개",1071.8500000000001,2573952.0
2026-09-17,대상산업,2026-01-02,3.9,187,"PE28mm 2kgPE28M／M(백)2KG, PE28mm 2kgPE28M／M(적)2KG, PE28mm 2kgPE28M／M(청)2KG 외 11개",2277.29,7029671.0
2026-09-17,동원팩,2026-01-05,3.1,236,"PE28mm 2kgPE28M／M(녹)2KG, PE28mm 2kgPE28M／M(백)2KG, PE28mm 2kgPE28M／M(청)2KG 외 7개",668.02,3938701.0
2026-09-17,세움패키지(SEUMPKG),2025-12-16,25.6,28,"PE 결속끈PE#50 (백) 5500m 5KG, PE28mm 2kgPE28M／M(백)2KG, PP12MPP12M／M10KG(황) 외 5개",2818.1,6986669.0
2026-09-17,진송팩,2026-01-02,6.4,116,"PE28mm 2kgPE28M／M(녹)2KG, PE28mm 2kgPE28M／M(백)2KG, PE28mm 2kgPE28M／M(적)2KG 외 8개",2999.4500000000003,7030996.0
2026-09-17,피앤비,2025-11-06,45.6,15,"PP12MPP12M／M10KG(백), PP7MPP7M10KG백색",923.0,2122900.0
2026-09-18,(주)대일상사 (전주),2024-09-20,91.5,3,PE28mm 2kgPE28M／M(백)2KG,80.0,264000.0
2026-09-18,경인산업,2025-12-04,18.4,38,"PE28mm 2kgPE28M／M(백)2KG, PP12MPP12M／M10KG(백), PP12MPP12M／M10KG(청) 외 2개",1945.23,4028111.0
2026-09-18,신광포장기계,2026-01-05,4.7,158,"PE28mm 2kgPE28M／M(백)2KG, PE28mm 2kgPE28M／M(황)2KG, PE28mm, 6KGPE28M／M(백)6KG 외 16개",6017.12,13233179.0
2026-09-18,합동포장기계,2026-01-05,16.7,45,"PE28mm 2kgPE28M／M(백)2KG, PE28mm 2kgPE28M／M(청)2KG, PP12MPP12M／M10KG(백) 외 11개",4790.71,11879932.0
2026-09-19,강원농협연합포장재가공사업소,2025-11-17,34.0,18,PP12MPP12M／M12.5KG (황),3348.21,6195536.0
2026-09-19,신대한판지(주),2024-08-12,32.2,7,"PP12MPP12M／M10KG(녹), PP12MPP12M／M10KG(백), PP9MMPP9M／M9.5KG(백색)",1497.5,3627100.0
2026-09-20,(주)아이마켓코리아,2025-12-24,3.4,213,"PP11MM*13.34KG삼성경량밴드(황색)2300m*두께0.84mm단중5.8g GRS, PP11MM*13.34KG삼성경량밴드2300m*두께0.84mm단중5.8g GRS, PP18MM x 21Kg 삼성 황색2300M 포장중량 21Kg, 1롤/1pcs 포장 (황색) 외 2개",14291.08,28366635.0
2026-09-20,경인팩,2026-01-05,3.8,190,"PE28mm 2kgPE28M／M(백)2KG, PE28mm 2kgPE28M／M(적)2KG, PE28mm 2kgPE28M／M(청)2KG 외 14개",5510.5199999999995,16562146.0
2026-09-20,대상산업,2026-01-02,3.9,187,"PE28mm 2kgPE28M／M(백)2KG, PE28mm 2kgPE28M／M(적)2KG, PE28mm 2kgPE28M／M(청)2KG 외 11개",2277.29,7029671.0
2026-09-20,동원팩,2026-01-05,3.1,236,"PE28mm 2kgPE28M／M(녹)2KG, PE28mm 2kgPE28M／M(백)2KG, PE28mm 2kgPE28M／M(청)2KG 외 7개",668.02,3938701.0
2026-09-20,민건 이에이,2025-12-24,30.2,24,PP12MPP12M／M10KG(백),702.08,1488417.0
2026-09-21,(주)디앤푸드,2025-02-04,99.0,5,스트레치필름(일반 기계랩)20*500mm*1400m,30.0,990000.0
2026-09-21,CYKLOP PACKAGING SYSTEMS PTY LTD.,2025-12-25,45.1,17,"12 x 3,000M 0.65T12x3,000M 0.65T White, 12 x 3,000M 0.65T12x3,000M0.65T BLUE, 12 x 3,000M 0.65T12x3,000M0.65T CLEAR 외 10개",35722.67,79285128.0
2026-09-21,OMNI GROUP,2024-12-30,90.5,5,"12 x 3,000M 0.60T12x3,000M0.60T BLUE 30% Recycled, 12 x 3,000M 0.60T12x3,000M0.60TBLUE, 15 x 2,500M 0.60T15 x 2,500M 0.60T 청색 외 1개",10562.3,24634219.0
2026-09-21,다금마대,2025-12-29,38.4,19,마대,236.79,544616.0
2026-09-21,주식회사 광림파워팩,2025-12-31,11.4,64,"PE28mm 2kgPE28M／M(백)2KG, PP12MPP12M／M10KG(황), PP12MPP12M／M12.5KG (황) 외 8개",6870.24,14245264.0
2026-09-22,(주)디알젬(김천공장지점),2025-06-23,152.5,3,피피클립19*28(2KG-삼성),7500.0,142500.0
2026-09-22,(주)스피드랩코리아,2026-01-05,26.1,29,"PP6MMPP6M／M10KG(백), 운송료",635.39,1393750.0
2026-09-22,RLBUTTON,2025-12-16,56.8,13,"12 x 3,000M 0.63T12x3,000M0.63TCLEAR, PP 12MM12MMx1000Mx0.55MM Blue, PP19M * 1000M HD BlackPP19MM*1000M*0.85T Black 외 6개",16971.29,40408212.0
2026-09-22,서흥포장 주식회사,2025-12-10,26.5,27,"PP12MPP12M／M10KG(황), PP7MPP7M10KG백색, 스트레치필름(특수기능형)15*500*400",309.12,918890.0
2026-09-22,신광포장기계,2026-01-05,4.7,158,"PE28mm 2kgPE28M／M(백)2KG, PE28mm 2kgPE28M／M(황)2KG, PE28mm, 6KGPE28M／M(백)6KG 외 16개",6017.12,13233179.0
2026-09-22,우선산업,2025-12-26,15.8,46,"PE28mm 2kgPE28M／M(백)2KG, PE50mm, 4.5KGPE50M／M(백)4.5KG, PE50mm, 4.7KGPE50M／M(백)4.7KG 외 1개",3502.0,7082525.0
2026-09-23,(주)아이마켓코리아,2025-12-24,3.4,213,"PP11MM*13.34KG삼성경량밴드(황색)2300m*두께0.84mm단중5.8g GRS, PP11MM*13.34KG삼성경량밴드2300m*두께0.84mm단중5.8g GRS, PP18MM x 21Kg 삼성 황색2300M 포장중량 21Kg, 1롤/1pcs 포장 (황색) 외 2개",14291.08,28366635.0
2026-09-23,경인팩,2026-01-05,3.8,190,"PE28mm 2kgPE28M／M(백)2KG, PE28mm 2kgPE28M／M(적)2KG, PE28mm 2kgPE28M／M(청)2KG 외 14개",5510.5199999999995,16562146.0
2026-09-23,대상산업,2026-01-02,3.9,187,"PE28mm 2kgPE28M／M(백)2KG, PE28mm 2kgPE28M／M(적)2KG, PE28mm 2kgPE28M／M(청)2KG 외 11개",2277.29,7029671.0
2026-09-23,동서포장종합상사,2025-12-18,31.2,23,PE28mm 2kgPE28M／M(백)2KG,106.96,320783.0
2026-09-23,동원팩,2026-01-05,3.1,236,"PE28mm 2kgPE28M／M(녹)2KG, PE28mm 2kgPE28M／M(백)2KG, PE28mm 2kgPE28M／M(청)2KG 외 7개",668.02,3938701.0
2026-09-23,주식회사 대원포장기계,2025-12-01,37.3,19,PE28mm 2kgPE28M／M(백)2KG,400.0,1160000.0
2026-09-23,주신산업,2026-01-05,9.3,79,"PE28mm 2kgPE28M／M(백)2KG, PP12MPP12M／M10KG(황), 운송료택배비",750.0799999999999,1575293.0
2026-09-23,진송팩,2026-01-02,6.4,116,"PE28mm 2kgPE28M／M(녹)2KG, PE28mm 2kgPE28M／M(백)2KG, PE28mm 2kgPE28M／M(적)2KG 외 8개",2999.4500000000003,7030996.0
2026-09-24,주)대성씨앤씨,2025-12-22,12.0,61,"PP12MPP12M／M10KG(백), PP12MPP12M／M10KG(황), PP5MMx7000Mx0.5T 11.4kg 백색core 200x8T OD400 롤랩핑 400*200 외 4개",2049.7,8922062.0
2026-09-25,(주)낙원포장,2025-12-23,12.6,58,"PE15MPP15M／M10KG, PE28mm 2kgPE28M／M(백)2KG, PP10.5MPP10.5M10KG(청) 외 6개",7870.610000000001,15670636.0
2026-09-25,전주삼신산업,2025-12-29,9.9,74,"PE28mm 2kgPE28M／M(백)2KG, PE28mm 2kgPE28M／M(청)2KG, PP12MPP12M／M10KG(황) 외 5개",1214.31,2861475.0
2026-09-25,제이케이머티리얼즈(주)/순성공장,2025-12-26,21.2,35,"PET 16MMPET 16mm x 0.8T x 1200m Embossed (반투명 녹색), PP18MPP18M／M10KG(황)",1175.33,2874963.0
2026-09-25,주식회사 동원피앤아이,2025-12-26,13.4,55,"PE 결속끈PE#50 (백) 5500m 5KG, PE28mm 2kgPE28M／M(백)2KG, PE50mm, 4.7KGPE50M／M(황)4.7KG 외 1개",53584.69,9944337.0
2026-09-26,(주)아이마켓코리아,2025-12-24,3.4,213,"PP11MM*13.34KG삼성경량밴드(황색)2300m*두께0.84mm단중5.8g GRS, PP11MM*13.34KG삼성경량밴드2300m*두께0.84mm단중5.8g GRS, PP18MM x 21Kg 삼성 황색2300M 포장중량 21Kg, 1롤/1pcs 포장 (황색) 외 2개",14291.08,28366635.0
2026-09-26,경인팩,2026-01-05,3.8,190,"PE28mm 2kgPE28M／M(백)2KG, PE28mm 2kgPE28M／M(적)2KG, PE28mm 2kgPE28M／M(청)2KG 외 14개",5510.5199999999995,16562146.0
2026-09-26,대상산업,2026-01-02,3.9,187,"PE28mm 2kgPE28M／M(백)2KG, PE28mm 2kgPE28M／M(적)2KG, PE28mm 2kgPE28M／M(청)2KG 외 11개",2277.29,7029671.0
2026-09-26,동원팩,2026-01-05,3.1,236,"PE28mm 2kgPE28M／M(녹)2KG, PE28mm 2kgPE28M／M(백)2KG, PE28mm 2kgPE28M／M(청)2KG 외 7개",668.02,3938701.0
2026-09-26,신광포장기계,2026-01-05,4.7,158,"PE28mm 2kgPE28M／M(백)2KG, PE28mm 2kgPE28M／M(황)2KG, PE28mm, 6KGPE28M／M(백)6KG 외 16개",6017.12,13233179.0
2026-09-26,주식회사 대한종합포장,2025-11-24,18.3,38,"PP12MPP12M／M10KG(백), PP5MMx7000Mx0.5T 백색, 스트레치필름(기능 기계랩)15*500mm*1700m 외 2개",447.06,5345675.0
2026-09-26,한길포장기계,2026-01-05,22.9,33,"PE28mm 2kgPE28M／M(백)2KG, PP12MPP12M／M10KG(백), PP12MPP12M／M10KG(청) 외 3개",2366.34,4956034.0
2026-09-27,삼원산업,2025-12-31,54.2,14,"PP12MPP12M／M10KG(황), PP12MPP12M／M12KG(투명), PP12MPP12M／M12KG(황) 외 2개",3536.1099999999997,6888611.0
2026-09-27,신우교역,2025-07-18,109.4,6,PP12MPP12M／M10KG(황),1000.0,2300000.0
2026-09-27,한국포장기계,2025-12-29,16.1,46,"PE28mm 2kgPE28M／M(백)2KG, PE28mm 2kgPE28M／M(적)2KG, PE28mm 2kgPE28M／M(청)2KG 외 5개",4839.65,11765235.0
2026-09-28,(주)한국유니콤,2025-07-03,113.0,3,PE28mm 2kgPE28M／M(백)2KG,200.0,640000.0
2026-09-28,(주)한주,2024-10-15,23.9,13,"PP15MM*17.5kg 삼성 recycle2194M두께1.0mm단중7.6g Clear, PP18MM*21kg 삼성 recycle2300M두께0.80mm단중8.8g Clear, 삼성 코드: 6922-00001(황색) PP18MMx 2300M 포장중량 21Kg, 1롤/1pcs 포장,",21823.96,37912978.0
2026-09-28,대화수지공업(주),2025-09-29,13.7,13,"PE원료LLD PE, PE원료LLDPE 재생투명, PE원료재생원료",66677.0,78634597.0
2026-09-28,파워엠팩,2025-07-23,18.3,32,"PP10.5MPP10.5M10KG(청), PP10.5MPP10.5M10KG투명, PP12MPP12M／M10KG(백) 외 5개",4589.52,9635060.0
2026-09-29,(주)아이마켓코리아,2025-12-24,3.4,213,"PP11MM*13.34KG삼성경량밴드(황색)2300m*두께0.84mm단중5.8g GRS, PP11MM*13.34KG삼성경량밴드2300m*두께0.84mm단중5.8g GRS, PP18MM x 21Kg 삼성 황색2300M 포장중량 21Kg, 1롤/1pcs 포장 (황색) 외 2개",14291.08,28366635.0
2026-09-29,경인팩,2026-01-05,3.8,190,"PE28mm 2kgPE28M／M(백)2KG, PE28mm 2kgPE28M／M(적)2KG, PE28mm 2kgPE28M／M(청)2KG 외 14개",5510.5199999999995,16562146.0
2026-09-29,대상산업,2026-01-02,3.9,187,"PE28mm 2kgPE28M／M(백)2KG, PE28mm 2kgPE28M／M(적)2KG, PE28mm 2kgPE28M／M(청)2KG 외 11개",2277.29,7029671.0
2026-09-29,동원팩,2026-01-05,3.1,236,"PE28mm 2kgPE28M／M(녹)2KG, PE28mm 2kgPE28M／M(백)2KG, PE28mm 2kgPE28M／M(청)2KG 외 7개",668.02,3938701.0
2026-09-29,신광포장기계(부산),2025-11-04,47.9,15,"PE28mm 2kgPE28M／M(백)2KG, 운송료",222.6,648840.0
2026-09-29,진송팩,2026-01-02,6.4,116,"PE28mm 2kgPE28M／M(녹)2KG, PE28mm 2kgPE28M／M(백)2KG, PE28mm 2kgPE28M／M(적)2KG 외 8개",2999.4500000000003,7030996.0
2026-09-30,(주)베스테크,2025-11-11,19.4,30,도전성밴드7.7mm*900m,281.93,8394013.0
2026-09-30,신광포장기계,2026-01-05,4.7,158,"PE28mm 2kgPE28M／M(백)2KG, PE28mm 2kgPE28M／M(황)2KG, PE28mm, 6KGPE28M／M(백)6KG 외 16개",6017.12,13233179.0
2026-09-30,"주식회사 오비아이(OBI co.,Ltd.)",2025-11-04,66.3,11,"PE28mm 2kgPE28M／M(백)2KG, PP8MPP8M／M10KG(백)",230.0,653000.0
2026-09-30,한남포장기계,2025-12-16,18.3,39,"PE28mm 2kgPE28M／M(백)2KG, PP12MPP12MM / 9.5KG(황), PP12MPP12M／M9KG(황)",2504.96,5711779.0
2026-10-01,(주)진송팩,2025-11-11,18.7,4,"PP18MPP18M／M10KG(황), 운송료",197.0,413900.0
2026-10-01,주식회사 에이스팩,2024-08-08,16.2,13,"스트레치필름(일반 기계랩)18*500mm*2000m, 스트레치필름(일반 기계랩)25*500mm*1400m, 스트레치필름(일반 핸드랩)18*500mm*350m 외 2개",93.24,2832600.0
2026-10-02,(주)신명코퍼레이션,2026-01-05,90.8,5,PP18MM*21kg 삼성 recycle2300M두께0.80mm단중8.8g Clear,20.0,860000.0
2026-10-02,(주)아이마켓코리아,2025-12-24,3.4,213,"PP11MM*13.34KG삼성경량밴드(황색)2300m*두께0.84mm단중5.8g GRS, PP11MM*13.34KG삼성경량밴드2300m*두께0.84mm단중5.8g GRS, PP18MM x 21Kg 삼성 황색2300M 포장중량 21Kg, 1롤/1pcs 포장 (황색) 외 2개",14291.08,28366635.0
2026-10-02,경인팩,2026-01-05,3.8,190,"PE28mm 2kgPE28M／M(백)2KG, PE28mm 2kgPE28M／M(적)2KG, PE28mm 2kgPE28M／M(청)2KG 외 14개",5510.5199999999995,16562146.0
2026-10-02,금산포장,2026-01-05,15.0,45,"PE28mm 2kgPE28M／M(백)2KG, PE28mm, 6KGPE28M／M(백)6KG, PP12MPP12M／M10KG(투명) 외 2개",1071.8500000000001,2573952.0
2026-10-02,대상산업,2026-01-02,3.9,187,"PE28mm 2kgPE28M／M(백)2KG, PE28mm 2kgPE28M／M(적)2KG, PE28mm 2kgPE28M／M(청)2KG 외 11개",2277.29,7029671.0
2026-10-02,동원팩,2026-01-05,3.1,236,"PE28mm 2kgPE28M／M(녹)2KG, PE28mm 2kgPE28M／M(백)2KG, PE28mm 2kgPE28M／M(청)2KG 외 7개",668.02,3938701.0
2026-10-02,주식회사 광림파워팩,2025-12-31,11.4,64,"PE28mm 2kgPE28M／M(백)2KG, PP12MPP12M／M10KG(황), PP12MPP12M／M12.5KG (황) 외 8개",6870.24,14245264.0
2026-10-02,주신산업,2026-01-05,9.3,79,"PE28mm 2kgPE28M／M(백)2KG, PP12MPP12M／M10KG(황), 운송료택배비",750.0799999999999,1575293.0
2026-10-03,(주)남영판지,2024-07-09,68.5,3,PP12MPP12M／M10KG(황),650.0,1430000.0
2026-10-03,주식회사 바인텍,2025-12-19,48.2,7,"PP10MMPP10MM／500M (투명), PP8MMPP8MM／750M (투명)",810.0,5697000.0
2026-10-04,신광포장기계,2026-01-05,4.7,158,"PE28mm 2kgPE28M／M(백)2KG, PE28mm 2kgPE28M／M(황)2KG, PE28mm, 6KGPE28M／M(백)6KG 외 16개",6017.12,13233179.0
2026-10-04,전주삼신산업,2025-12-29,9.9,74,"PE28mm 2kgPE28M／M(백)2KG, PE28mm 2kgPE28M／M(청)2KG, PP12MPP12M／M10KG(황) 외 5개",1214.31,2861475.0
2026-10-04,합동포장기계,2026-01-05,16.7,45,"PE28mm 2kgPE28M／M(백)2KG, PE28mm 2kgPE28M／M(청)2KG, PP12MPP12M／M10KG(백) 외 11개",4790.71,11879932.0
2026-10-05,(주)아이마켓코리아,2025-12-24,3.4,213,"PP11MM*13.34KG삼성경량밴드(황색)2300m*두께0.84mm단중5.8g GRS, PP11MM*13.34KG삼성경량밴드2300m*두께0.84mm단중5.8g GRS, PP18MM x 21Kg 삼성 황색2300M 포장중량 21Kg, 1롤/1pcs 포장 (황색) 외 2개",14291.08,28366635.0
2026-10-05,경인팩,2026-01-05,3.8,190,"PE28mm 2kgPE28M／M(백)2KG, PE28mm 2kgPE28M／M(적)2KG, PE28mm 2kgPE28M／M(청)2KG 외 14개",5510.5199999999995,16562146.0
2026-10-05,대상산업,2026-01-02,3.9,187,"PE28mm 2kgPE28M／M(백)2KG, PE28mm 2kgPE28M／M(적)2KG, PE28mm 2kgPE28M／M(청)2KG 외 11개",2277.29,7029671.0
2026-10-05,동원팩,2026-01-05,3.1,236,"PE28mm 2kgPE28M／M(녹)2KG, PE28mm 2kgPE28M／M(백)2KG, PE28mm 2kgPE28M／M(청)2KG 외 7개",668.02,3938701.0
2026-10-05,주식회사 대일,2025-11-19,160.5,3,PE28mm 2kgPE28M／M(백)2KG,80.0,264000.0
2026-10-05,주식회사 마크원테크,2025-12-19,29.9,16,"PP6MMPP6M／M10KG(백), 운송료",678.5,1494179.0
2026-10-05,진송팩,2026-01-02,6.4,116,"PE28mm 2kgPE28M／M(녹)2KG, PE28mm 2kgPE28M／M(백)2KG, PE28mm 2kgPE28M／M(적)2KG 외 8개",2999.4500000000003,7030996.0
2026-10-05,천일포장산업,2025-12-01,22.5,32,"PE28mm 2kgPE28M／M(백)2KG, PE28mm, 6KGPE28M／M(백)6KG, PP6MMPP6M／M10KG(백)",3126.29,7358497.0
2026-10-05,파코팩(PACO PACK),2024-09-05,40.8,7,"PE 결속끈PE#50 (백) 5500m 5KG, PE28mm 2kgPE28M／M(백)2KG, PE50mm, 5KGPE50M／M(황)5KG",2226.67,6146667.0
2026-10-06,(주)더담패키지,2025-11-13,109.6,6,PP7MPP7M10KG백색,500.0,1175000.0
2026-10-06,경인산업,2025-12-04,18.4,38,"PE28mm 2kgPE28M／M(백)2KG, PP12MPP12M／M10KG(백), PP12MPP12M／M10KG(청) 외 2개",1945.23,4028111.0
2026-10-06,주)대성씨앤씨,2025-12-22,12.0,61,"PP12MPP12M／M10KG(백), PP12MPP12M／M10KG(황), PP5MMx7000Mx0.5T 11.4kg 백색core 200x8T OD400 롤랩핑 400*200 외 4개",2049.7,8922062.0
2026-10-07,(주)낙원포장,2025-12-23,12.6,58,"PE15MPP15M／M10KG, PE28mm 2kgPE28M／M(백)2KG, PP10.5MPP10.5M10KG(청) 외 6개",7870.610000000001,15670636.0
2026-10-07,(주)영화수출포장 김포공장,2025-05-21,42.0,3,PE 결속끈PE#50 (백) 5500m 5KG,400.0,1180000.0
2026-10-07,상일교역상사,2025-08-13,105.4,6,"12 x 1,707M 0.78T12x1,707M 0.78T 백색, 12 x 3,017M 0.55T12x3,017M 0.55T 백색",15326.52,40353500.0
2026-10-07,연화수출포장,2025-12-31,35.1,19,"PP15MPP15M／M10 (청색), PP15MPP15M／M10KG(투명), 운송료",803.5,1835397.0
2026-10-07,우선산업,2025-12-26,15.8,46,"PE28mm 2kgPE28M／M(백)2KG, PE50mm, 4.5KGPE50M／M(백)4.5KG, PE50mm, 4.7KGPE50M／M(백)4.7KG 외 1개",3502.0,7082525.0
2026-10-08,(주)아이마켓코리아,2025-12-24,3.4,213,"PP11MM*13.34KG삼성경량밴드(황색)2300m*두께0.84mm단중5.8g GRS, PP11MM*13.34KG삼성경량밴드2300m*두께0.84mm단중5.8g GRS, PP18MM x 21Kg 삼성 황색2300M 포장중량 21Kg, 1롤/1pcs 포장 (황색) 외 2개",14291.08,28366635.0
2026-10-08,경인팩,2026-01-05,3.8,190,"PE28mm 2kgPE28M／M(백)2KG, PE28mm 2kgPE28M／M(적)2KG, PE28mm 2kgPE28M／M(청)2KG 외 14개",5510.5199999999995,16562146.0
2026-10-08,대상산업,2026-01-02,3.9,187,"PE28mm 2kgPE28M／M(백)2KG, PE28mm 2kgPE28M／M(적)2KG, PE28mm 2kgPE28M／M(청)2KG 외 11개",2277.29,7029671.0
2026-10-08,동원팩,2026-01-05,3.1,236,"PE28mm 2kgPE28M／M(녹)2KG, PE28mm 2kgPE28M／M(백)2KG, PE28mm 2kgPE28M／M(청)2KG 외 7개",668.02,3938701.0
2026-10-08,신광포장기계,2026-01-05,4.7,158,"PE28mm 2kgPE28M／M(백)2KG, PE28mm 2kgPE28M／M(황)2KG, PE28mm, 6KGPE28M／M(백)6KG 외 16개",6017.12,13233179.0
2026-10-08,주식회사 동원피앤아이,2025-12-26,13.4,55,"PE 결속끈PE#50 (백) 5500m 5KG, PE28mm 2kgPE28M／M(백)2KG, PE50mm, 4.7KGPE50M／M(황)4.7KG 외 1개",53584.69,9944337.0
2026-10-09,태광오토팩,2025-12-01,26.2,26,"PE28mm 2kgPE28M／M(백)2KG, PE28mm 2kgPE28M／M(청)2KG, PE28mm 2kgPE28M／M(황)2KG 외 2개",1850.52,4437283.0
2026-10-10,박스컴퍼니(주),2024-10-30,71.2,5,PP7MPP7M10KG백색,560.0,1428000.0
2026-10-11,(주)아이마켓코리아,2025-12-24,3.4,213,"PP11MM*13.34KG삼성경량밴드(황색)2300m*두께0.84mm단중5.8g GRS, PP11MM*13.34KG삼성경량밴드2300m*두께0.84mm단중5.8g GRS, PP18MM x 21Kg 삼성 황색2300M 포장중량 21Kg, 1롤/1pcs 포장 (황색) 외 2개",14291.08,28366635.0
2026-10-11,경인팩,2026-01-05,3.8,190,"PE28mm 2kgPE28M／M(백)2KG, PE28mm 2kgPE28M／M(적)2KG, PE28mm 2kgPE28M／M(청)2KG 외 14개",5510.5199999999995,16562146.0
2026-10-11,대상산업,2026-01-02,3.9,187,"PE28mm 2kgPE28M／M(백)2KG, PE28mm 2kgPE28M／M(적)2KG, PE28mm 2kgPE28M／M(청)2KG 외 11개",2277.29,7029671.0
2026-10-11,대화수지공업(주),2025-09-29,13.7,13,"PE원료LLD PE, PE원료LLDPE 재생투명, PE원료재생원료",66677.0,78634597.0
2026-10-11,대흥수출포장,2026-01-05,31.8,24,PE28mm 2kgPE28M／M(백)2KG,101.74,295043.0
2026-10-11,동원팩,2026-01-05,3.1,236,"PE28mm 2kgPE28M／M(녹)2KG, PE28mm 2kgPE28M／M(백)2KG, PE28mm 2kgPE28M／M(청)2KG 외 7개",668.02,3938701.0
2026-10-11,주신산업,2026-01-05,9.3,79,"PE28mm 2kgPE28M／M(백)2KG, PP12MPP12M／M10KG(황), 운송료택배비",750.0799999999999,1575293.0
2026-10-11,진송팩,2026-01-02,6.4,116,"PE28mm 2kgPE28M／M(녹)2KG, PE28mm 2kgPE28M／M(백)2KG, PE28mm 2kgPE28M／M(적)2KG 외 8개",2999.4500000000003,7030996.0
2026-10-12,서울상사,2025-12-19,33.8,22,"PP12MPP12M／M10KG(투명), PP12MPP12M／M10KG(황), PP15MPP15MM*10KG(황색) 외 4개",2726.66,5322667.0
2026-10-12,세움패키지(SEUMPKG),2025-12-16,25.6,28,"PE 결속끈PE#50 (백) 5500m 5KG, PE28mm 2kgPE28M／M(백)2KG, PP12MPP12M／M10KG(황) 외 5개",2818.1,6986669.0
2026-10-12,신광포장기계,2026-01-05,4.7,158,"PE28mm 2kgPE28M／M(백)2KG, PE28mm 2kgPE28M／M(황)2KG, PE28mm, 6KGPE28M／M(백)6KG 외 16개",6017.12,13233179.0
2026-10-13,에이원코리아,2025-12-29,48.7,15,"PE28mm 2kgPE28M／M(백)2KG, PP12MPP12M／M12KG(황), 운송료운송료",1226.41,2413642.0
2026-10-13,전주삼신산업,2025-12-29,9.9,74,"PE28mm 2kgPE28M／M(백)2KG, PE28mm 2kgPE28M／M(청)2KG, PP12MPP12M／M10KG(황) 외 5개",1214.31,2861475.0
2026-10-13,주식회사 광림파워팩,2025-12-31,11.4,64,"PE28mm 2kgPE28M／M(백)2KG, PP12MPP12M／M10KG(황), PP12MPP12M／M12.5KG (황) 외 8개",6870.24,14245264.0
2026-10-13,한국포장기계,2025-12-29,16.1,46,"PE28mm 2kgPE28M／M(백)2KG, PE28mm 2kgPE28M／M(적)2KG, PE28mm 2kgPE28M／M(청)2KG 외 5개",4839.65,11765235.0
2026-10-14,(주)아이마켓코리아,2025-12-24,3.4,213,"PP11MM*13.34KG삼성경량밴드(황색)2300m*두께0.84mm단중5.8g GRS, PP11MM*13.34KG삼성경량밴드2300m*두께0.84mm단중5.8g GRS, PP18MM x 21Kg 삼성 황색2300M 포장중량 21Kg, 1롤/1pcs 포장 (황색) 외 2개",14291.08,28366635.0
2026-10-14,경인팩,2026-01-05,3.8,190,"PE28mm 2kgPE28M／M(백)2KG, PE28mm 2kgPE28M／M(적)2KG, PE28mm 2kgPE28M／M(청)2KG 외 14개",5510.5199999999995,16562146.0
2026-10-14,대상산업,2026-01-02,3.9,187,"PE28mm 2kgPE28M／M(백)2KG, PE28mm 2kgPE28M／M(적)2KG, PE28mm 2kgPE28M／M(청)2KG 외 11개",2277.29,7029671.0
2026-10-14,동양프린팅,2025-06-18,161.3,4,PE28mm 2kgPE28M／M(백)2KG,20.0,66000.0
2026-10-14,동원팩,2026-01-05,3.1,236,"PE28mm 2kgPE28M／M(녹)2KG, PE28mm 2kgPE28M／M(백)2KG, PE28mm 2kgPE28M／M(청)2KG 외 7개",668.02,3938701.0
2026-10-14,주식회사 대한종합포장,2025-11-24,18.3,38,"PP12MPP12M／M10KG(백), PP5MMx7000Mx0.5T 백색, 스트레치필름(기능 기계랩)15*500mm*1700m 외 2개",447.06,5345675.0
2026-10-14,호성수출포장,2025-10-31,58.5,12,"PE28mm 2kgPE28M／M(백)2KG, 스트레치필름(일반 핸드랩 20)20*500mm*350m",408.0,1735200.0
2026-10-15,ANDERSON WHOLESALE PACKAGING PTY LTD.,2025-12-14,61.3,12,"12 x 3,000M 0.55T12 x 3,000M 0.55T 청색, 12 x 3,000M 0.60T12x3,000M0.60TBLUE, 12 x 3,000M 0.60T12x3,000M0.60TCLEAR 외 9개",22965.96,52140274.0
2026-10-15,광림포장기계,2025-12-31,32.9,23,"PP12MPP12M／M10KG(황), PP12MPP12M／M12.5KG (황), PP12MPP12mm*0.72T*2800m 12.5KG(투명) 외 6개",5447.27,10710986.0
2026-10-16,신광포장기계,2026-01-05,4.7,158,"PE28mm 2kgPE28M／M(백)2KG, PE28mm 2kgPE28M／M(황)2KG, PE28mm, 6KGPE28M／M(백)6KG 외 16개",6017.12,13233179.0
2026-10-16,제이케이머티리얼즈(주)/순성공장,2025-12-26,21.2,35,"PET 16MMPET 16mm x 0.8T x 1200m Embossed (반투명 녹색), PP18MPP18M／M10KG(황)",1175.33,2874963.0
2026-10-16,주식회사 고양물산,2025-12-05,105.2,7,마대,274.57,631514.0
2026-10-16,파워엠팩,2025-07-23,18.3,32,"PP10.5MPP10.5M10KG(청), PP10.5MPP10.5M10KG투명, PP12MPP12M／M10KG(백) 외 5개",4589.52,9635060.0
2026-10-17,(주)아이마켓코리아,2025-12-24,3.4,213,"PP11MM*13.34KG삼성경량밴드(황색)2300m*두께0.84mm단중5.8g GRS, PP11MM*13.34KG삼성경량밴드2300m*두께0.84mm단중5.8g GRS, PP18MM x 21Kg 삼성 황색2300M 포장중량 21Kg, 1롤/1pcs 포장 (황색) 외 2개",14291.08,28366635.0
2026-10-17,경인팩,2026-01-05,3.8,190,"PE28mm 2kgPE28M／M(백)2KG, PE28mm 2kgPE28M／M(적)2KG, PE28mm 2kgPE28M／M(청)2KG 외 14개",5510.5199999999995,16562146.0
2026-10-17,금산포장,2026-01-05,15.0,45,"PE28mm 2kgPE28M／M(백)2KG, PE28mm, 6KGPE28M／M(백)6KG, PP12MPP12M／M10KG(투명) 외 2개",1071.8500000000001,2573952.0
2026-10-17,대상산업,2026-01-02,3.9,187,"PE28mm 2kgPE28M／M(백)2KG, PE28mm 2kgPE28M／M(적)2KG, PE28mm 2kgPE28M／M(청)2KG 외 11개",2277.29,7029671.0
2026-10-17,동원팩,2026-01-05,3.1,236,"PE28mm 2kgPE28M／M(녹)2KG, PE28mm 2kgPE28M／M(백)2KG, PE28mm 2kgPE28M／M(청)2KG 외 7개",668.02,3938701.0
2026-10-17,주식회사 에이스팩,2024-08-08,16.2,13,"스트레치필름(일반 기계랩)18*500mm*2000m, 스트레치필름(일반 기계랩)25*500mm*1400m, 스트레치필름(일반 핸드랩)18*500mm*350m 외 2개",93.24,2832600.0
2026-10-17,진송팩,2026-01-02,6.4,116,"PE28mm 2kgPE28M／M(녹)2KG, PE28mm 2kgPE28M／M(백)2KG, PE28mm 2kgPE28M／M(적)2KG 외 8개",2999.4500000000003,7030996.0
2026-10-18,(주)스피드랩코리아,2026-01-05,26.1,29,"PP6MMPP6M／M10KG(백), 운송료",635.39,1393750.0
2026-10-18,서흥포장 주식회사,2025-12-10,26.5,27,"PP12MPP12M／M10KG(황), PP7MPP7M10KG백색, 스트레치필름(특수기능형)15*500*400",309.12,918890.0
2026-10-18,주)대성씨앤씨,2025-12-22,12.0,61,"PP12MPP12M／M10KG(백), PP12MPP12M／M10KG(황), PP5MMx7000Mx0.5T 11.4kg 백색core 200x8T OD400 롤랩핑 400*200 외 4개",2049.7,8922062.0
2026-10-18,한길포장기계,2026-01-05,22.9,33,"PE28mm 2kgPE28M／M(백)2KG, PP12MPP12M／M10KG(백), PP12MPP12M／M10KG(청) 외 3개",2366.34,4956034.0
2026-10-18,한남포장기계,2025-12-16,18.3,39,"PE28mm 2kgPE28M／M(백)2KG, PP12MPP12MM / 9.5KG(황), PP12MPP12M／M9KG(황)",2504.96,5711779.0
2026-10-19,(주)낙원포장,2025-12-23,12.6,58,"PE15MPP15M／M10KG, PE28mm 2kgPE28M／M(백)2KG, PP10.5MPP10.5M10KG(청) 외 6개",7870.610000000001,15670636.0
2026-10-19,(주)베스테크,2025-11-11,19.4,30,도전성밴드7.7mm*900m,281.93,8394013.0
2026-10-19,(주)진송팩,2025-11-11,18.7,4,"PP18MPP18M／M10KG(황), 운송료",197.0,413900.0
2026-10-20,(주)아이마켓코리아,2025-12-24,3.4,213,"PP11MM*13.34KG삼성경량밴드(황색)2300m*두께0.84mm단중5.8g GRS, PP11MM*13.34KG삼성경량밴드2300m*두께0.84mm단중5.8g GRS, PP18MM x 21Kg 삼성 황색2300M 포장중량 21Kg, 1롤/1pcs 포장 (황색) 외 2개",14291.08,28366635.0
2026-10-20,경인팩,2026-01-05,3.8,190,"PE28mm 2kgPE28M／M(백)2KG, PE28mm 2kgPE28M／M(적)2KG, PE28mm 2kgPE28M／M(청)2KG 외 14개",5510.5199999999995,16562146.0
2026-10-20,대상산업,2026-01-02,3.9,187,"PE28mm 2kgPE28M／M(백)2KG, PE28mm 2kgPE28M／M(적)2KG, PE28mm 2kgPE28M／M(청)2KG 외 11개",2277.29,7029671.0
2026-10-20,동원팩,2026-01-05,3.1,236,"PE28mm 2kgPE28M／M(녹)2KG, PE28mm 2kgPE28M／M(백)2KG, PE28mm 2kgPE28M／M(청)2KG 외 7개",668.02,3938701.0
2026-10-20,민건 이에이,2025-12-24,30.2,24,PP12MPP12M／M10KG(백),702.08,1488417.0
2026-10-20,신광포장기계,2026-01-05,4.7,158,"PE28mm 2kgPE28M／M(백)2KG, PE28mm 2kgPE28M／M(황)2KG, PE28mm, 6KGPE28M／M(백)6KG 외 16개",6017.12,13233179.0
2026-10-20,주신산업,2026-01-05,9.3,79,"PE28mm 2kgPE28M／M(백)2KG, PP12MPP12M／M10KG(황), 운송료택배비",750.0799999999999,1575293.0
2026-10-20,합동포장기계,2026-01-05,16.7,45,"PE28mm 2kgPE28M／M(백)2KG, PE28mm 2kgPE28M／M(청)2KG, PP12MPP12M／M10KG(백) 외 11개",4790.71,11879932.0
2026-10-21,(주)한주,2024-10-15,23.9,13,"PP15MM*17.5kg 삼성 recycle2194M두께1.0mm단중7.6g Clear, PP18MM*21kg 삼성 recycle2300M두께0.80mm단중8.8g Clear, 삼성 코드: 6922-00001(황색) PP18MMx 2300M 포장중량 21Kg, 1롤/1pcs 포장,",21823.96,37912978.0
2026-10-21,동남물산,2024-12-20,134.5,3,PE28mm 2kgPE28M／M(백)2KG,400.0,1260000.0
2026-10-21,신대한판지(주),2024-08-12,32.2,7,"PP12MPP12M／M10KG(녹), PP12MPP12M／M10KG(백), PP9MMPP9M／M9.5KG(백색)",1497.5,3627100.0
2026-10-21,신한포장기계(주),2025-11-10,69.8,10,PE28mm 2kgPE28M／M(백)2KG,1001.2,2710000.0
2026-10-21,주식회사 동원피앤아이,2025-12-26,13.4,55,"PE 결속끈PE#50 (백) 5500m 5KG, PE28mm 2kgPE28M／M(백)2KG, PE50mm, 4.7KGPE50M／M(황)4.7KG 외 1개",53584.69,9944337.0
2026-10-22,H.E. BAUMRUCKER COMPANY,2025-09-27,65.8,9,"12 x 3,018M 0.58T White (8x8)12 x 3,018M 0.58T White (8x8), 12 x 3,018M 0.58T White 230 CORE (9x8)12 x 3,018M 0.58T White 230 CORE (9x8), 15 x 1,645M 0.76T 16*6 Black15 x 1,645M 0.76T 16*6 Black 외 6개",31937.23,90135842.0
2026-10-22,TIGERPAK PACKAGING,2025-12-25,43.9,17,"12 x 2,800M 0.55T12 x 2,800M 0.55T 검정, 12 x 2800M 0.55T12 x 2800M 0.55T BLACK, 12 x 2800M 0.60T12 x 2800M 0.60T BLACK 외 11개",50436.18,113594139.0
2026-10-22,우선산업,2025-12-26,15.8,46,"PE28mm 2kgPE28M／M(백)2KG, PE50mm, 4.5KGPE50M／M(백)4.5KG, PE50mm, 4.7KGPE50M／M(백)4.7KG 외 1개",3502.0,7082525.0
2026-10-22,전주삼신산업,2025-12-29,9.9,74,"PE28mm 2kgPE28M／M(백)2KG, PE28mm 2kgPE28M／M(청)2KG, PP12MPP12M／M10KG(황) 외 5개",1214.31,2861475.0
2026-10-23,(주)아이마켓코리아,2025-12-24,3.4,213,"PP11MM*13.34KG삼성경량밴드(황색)2300m*두께0.84mm단중5.8g GRS, PP11MM*13.34KG삼성경량밴드2300m*두께0.84mm단중5.8g GRS, PP18MM x 21Kg 삼성 황색2300M 포장중량 21Kg, 1롤/1pcs 포장 (황색) 외 2개",14291.08,28366635.0
2026-10-23,강원농협연합포장재가공사업소,2025-11-17,34.0,18,PP12MPP12M／M12.5KG (황),3348.21,6195536.0
2026-10-23,경인팩,2026-01-05,3.8,190,"PE28mm 2kgPE28M／M(백)2KG, PE28mm 2kgPE28M／M(적)2KG, PE28mm 2kgPE28M／M(청)2KG 외 14개",5510.5199999999995,16562146.0
2026-10-23,대상산업,2026-01-02,3.9,187,"PE28mm 2kgPE28M／M(백)2KG, PE28mm 2kgPE28M／M(적)2KG, PE28mm 2kgPE28M／M(청)2KG 외 11개",2277.29,7029671.0
2026-10-23,동방포장기자재,2025-11-24,37.9,18,"PP12MPP12M／M10KG(황), PP12MPP12M／M12KG(적색), PP15MPP15MM*10KG(황색)",2230.6400000000003,4474281.0
2026-10-23,동원팩,2026-01-05,3.1,236,"PE28mm 2kgPE28M／M(녹)2KG, PE28mm 2kgPE28M／M(백)2KG, PE28mm 2kgPE28M／M(청)2KG 외 7개",668.02,3938701.0
2026-10-23,유일,2025-11-21,42.9,17,"PE28mm 2kgPE28M／M(백)2KG, PE50mm, 5KGPE50M／M(백)5KG",1348.24,3771294.0
2026-10-23,진송팩,2026-01-02,6.4,116,"PE28mm 2kgPE28M／M(녹)2KG, PE28mm 2kgPE28M／M(백)2KG, PE28mm 2kgPE28M／M(적)2KG 외 8개",2999.4500000000003,7030996.0
2026-10-24,경인산업,2025-12-04,18.4,38,"PE28mm 2kgPE28M／M(백)2KG, PP12MPP12M／M10KG(백), PP12MPP12M／M10KG(청) 외 2개",1945.23,4028111.0
2026-10-24,대화수지공업(주),2025-09-29,13.7,13,"PE원료LLD PE, PE원료LLDPE 재생투명, PE원료재생원료",66677.0,78634597.0
2026-10-24,동서포장종합상사,2025-12-18,31.2,23,PE28mm 2kgPE28M／M(백)2KG,106.96,320783.0
2026-10-24,신광포장기계,2026-01-05,4.7,158,"PE28mm 2kgPE28M／M(백)2KG, PE28mm 2kgPE28M／M(황)2KG, PE28mm, 6KGPE28M／M(백)6KG 외 16개",6017.12,13233179.0
2026-10-24,주식회사 광림파워팩,2025-12-31,11.4,64,"PE28mm 2kgPE28M／M(백)2KG, PP12MPP12M／M10KG(황), PP12MPP12M／M12.5KG (황) 외 8개",6870.24,14245264.0
2026-10-25,KOMERI,2025-11-23,42.5,16,"15 x 1,000M 0.55T Yellow15x1,000M0.55T 황색, 15 x 100M 0.55T15x100M 0.55T 황색, 15 x 100M 0.55T15x100M0.55T녹색 외 6개",9545.14,26068335.0
2026-10-25,세화종합상사,2025-11-24,67.2,10,PE28mm 2kgPE28M／M(백)2KG,38.0,123500.0
2026-10-25,평원산업,2025-10-24,122.4,6,"PP18MPP18M／M10KG(백), PP18MPP18M／M10KG(황)",1155.0,3230000.0
2026-10-26,(주)수현물산,2025-11-24,84.6,8,PP15MPP15M／M9KG(황),10.12,243000.0
2026-10-26,(주)아이마켓코리아,2025-12-24,3.4,213,"PP11MM*13.34KG삼성경량밴드(황색)2300m*두께0.84mm단중5.8g GRS, PP11MM*13.34KG삼성경량밴드2300m*두께0.84mm단중5.8g GRS, PP18MM x 21Kg 삼성 황색2300M 포장중량 21Kg, 1롤/1pcs 포장 (황색) 외 2개",14291.08,28366635.0
2026-10-26,경인팩,2026-01-05,3.8,190,"PE28mm 2kgPE28M／M(백)2KG, PE28mm 2kgPE28M／M(적)2KG, PE28mm 2kgPE28M／M(청)2KG 외 14개",5510.5199999999995,16562146.0
2026-10-26,대상산업,2026-01-02,3.9,187,"PE28mm 2kgPE28M／M(백)2KG, PE28mm 2kgPE28M／M(적)2KG, PE28mm 2kgPE28M／M(청)2KG 외 11개",2277.29,7029671.0
2026-10-26,동원팩,2026-01-05,3.1,236,"PE28mm 2kgPE28M／M(녹)2KG, PE28mm 2kgPE28M／M(백)2KG, PE28mm 2kgPE28M／M(청)2KG 외 7개",668.02,3938701.0
2026-10-26,주식회사 진도종합상사,2026-01-05,42.7,16,"PE28mm 2kgPE28M／M(백)2KG, 운송료",86.72,256139.0
2026-10-27,제일포장(김해),2025-04-08,63.1,8,"PE28mm 2kgPE28M／M(녹)2KG, PE28mm 2kgPE28M／M(백)2KG, 운송료",1215.3600000000001,3624371.0
2026-10-27,천일포장산업,2025-12-01,22.5,32,"PE28mm 2kgPE28M／M(백)2KG, PE28mm, 6KGPE28M／M(백)6KG, PP6MMPP6M／M10KG(백)",3126.29,7358497.0
2026-10-28,NZ SAFETY BLACKWOODS,2025-11-02,72.2,10,"12 x 3,000M 0.60T12x3,000M0.60TBLUE, 12 x 3,000M 0.60T12x3,000M0.60TCLEAR, PP 12MM12MMx1000Mx0.55MM Blue 외 5개",9775.68,24386353.0
2026-10-28,신광포장기계,2026-01-05,4.7,158,"PE28mm 2kgPE28M／M(백)2KG, PE28mm 2kgPE28M／M(황)2KG, PE28mm, 6KGPE28M／M(백)6KG 외 16개",6017.12,13233179.0
2026-10-29,(주)삼영피앤텍,2025-11-06,51.8,14,PE28mm 2kgPE28M／M(백)2KG,44.29,159429.0
2026-10-29,(주)아이마켓코리아,2025-12-24,3.4,213,"PP11MM*13.34KG삼성경량밴드(황색)2300m*두께0.84mm단중5.8g GRS, PP11MM*13.34KG삼성경량밴드2300m*두께0.84mm단중5.8g GRS, PP18MM x 21Kg 삼성 황색2300M 포장중량 21Kg, 1롤/1pcs 포장 (황색) 외 2개",14291.08,28366635.0
2026-10-29,경인팩,2026-01-05,3.8,190,"PE28mm 2kgPE28M／M(백)2KG, PE28mm 2kgPE28M／M(적)2KG, PE28mm 2kgPE28M／M(청)2KG 외 14개",5510.5199999999995,16562146.0
2026-10-29,다금마대,2025-12-29,38.4,19,마대,236.79,544616.0
2026-10-29,대상산업,2026-01-02,3.9,187,"PE28mm 2kgPE28M／M(백)2KG, PE28mm 2kgPE28M／M(적)2KG, PE28mm 2kgPE28M／M(청)2KG 외 11개",2277.29,7029671.0
2026-10-29,동원팩,2026-01-05,3.1,236,"PE28mm 2kgPE28M／M(녹)2KG, PE28mm 2kgPE28M／M(백)2KG, PE28mm 2kgPE28M／M(청)2KG 외 7개",668.02,3938701.0
2026-10-29,주신산업,2026-01-05,9.3,79,"PE28mm 2kgPE28M／M(백)2KG, PP12MPP12M／M10KG(황), 운송료택배비",750.0799999999999,1575293.0
2026-10-29,진송팩,2026-01-02,6.4,116,"PE28mm 2kgPE28M／M(녹)2KG, PE28mm 2kgPE28M／M(백)2KG, PE28mm 2kgPE28M／M(적)2KG 외 8개",2999.4500000000003,7030996.0
2026-10-29,한국포장기계,2025-12-29,16.1,46,"PE28mm 2kgPE28M／M(백)2KG, PE28mm 2kgPE28M／M(적)2KG, PE28mm 2kgPE28M／M(청)2KG 외 5개",4839.65,11765235.0
2026-10-30,주)대성씨앤씨,2025-12-22,12.0,61,"PP12MPP12M／M10KG(백), PP12MPP12M／M10KG(황), PP5MMx7000Mx0.5T 11.4kg 백색core 200x8T OD400 롤랩핑 400*200 외 4개",2049.7,8922062.0
2026-10-30,주식회사 대원포장기계,2025-12-01,37.3,19,PE28mm 2kgPE28M／M(백)2KG,400.0,1160000.0
2026-10-31,(주)낙원포장,2025-12-23,12.6,58,"PE15MPP15M／M10KG, PE28mm 2kgPE28M／M(백)2KG, PP10.5MPP10.5M10KG(청) 외 6개",7870.610000000001,15670636.0
2026-10-31,전주삼신산업,2025-12-29,9.9,74,"PE28mm 2kgPE28M／M(백)2KG, PE28mm 2kgPE28M／M(청)2KG, PP12MPP12M／M10KG(황) 외 5개",1214.31,2861475.0
2026-11-01,(주)아이마켓코리아,2025-12-24,3.4,213,"PP11MM*13.34KG삼성경량밴드(황색)2300m*두께0.84mm단중5.8g GRS, PP11MM*13.34KG삼성경량밴드2300m*두께0.84mm단중5.8g GRS, PP18MM x 21Kg 삼성 황색2300M 포장중량 21Kg, 1롤/1pcs 포장 (황색) 외 2개",14291.08,28366635.0
2026-11-01,경인팩,2026-01-05,3.8,190,"PE28mm 2kgPE28M／M(백)2KG, PE28mm 2kgPE28M／M(적)2KG, PE28mm 2kgPE28M／M(청)2KG 외 14개",5510.5199999999995,16562146.0
2026-11-01,금산포장,2026-01-05,15.0,45,"PE28mm 2kgPE28M／M(백)2KG, PE28mm, 6KGPE28M／M(백)6KG, PP12MPP12M／M10KG(투명) 외 2개",1071.8500000000001,2573952.0
2026-11-01,대상산업,2026-01-02,3.9,187,"PE28mm 2kgPE28M／M(백)2KG, PE28mm 2kgPE28M／M(적)2KG, PE28mm 2kgPE28M／M(청)2KG 외 11개",2277.29,7029671.0
2026-11-01,동원팩,2026-01-05,3.1,236,"PE28mm 2kgPE28M／M(녹)2KG, PE28mm 2kgPE28M／M(백)2KG, PE28mm 2kgPE28M／M(청)2KG 외 7개",668.02,3938701.0
2026-11-01,신광포장기계,2026-01-05,4.7,158,"PE28mm 2kgPE28M／M(백)2KG, PE28mm 2kgPE28M／M(황)2KG, PE28mm, 6KGPE28M／M(백)6KG 외 16개",6017.12,13233179.0
2026-11-01,주식회사 대한종합포장,2025-11-24,18.3,38,"PP12MPP12M／M10KG(백), PP5MMx7000Mx0.5T 백색, 스트레치필름(기능 기계랩)15*500mm*1700m 외 2개",447.06,5345675.0
2026-11-01,피앤비,2025-11-06,45.6,15,"PP12MPP12M／M10KG(백), PP7MPP7M10KG백색",923.0,2122900.0
2026-11-02,주식회사 에이스팩,2024-08-08,16.2,13,"스트레치필름(일반 기계랩)18*500mm*2000m, 스트레치필름(일반 기계랩)25*500mm*1400m, 스트레치필름(일반 핸드랩)18*500mm*350m 외 2개",93.24,2832600.0
2026-11-02,하영종합상사,2025-09-29,57.3,11,"PE28mm 2kgPE28M／M(백)2KG, 운송료",115.09,370036.0
2026-11-03,삼보팩,2025-01-16,82.0,5,PP12MPP12M／M10KG(황),283.33,623333.0
2026-11-03,주식회사 동원피앤아이,2025-12-26,13.4,55,"PE 결속끈PE#50 (백) 5500m 5KG, PE28mm 2kgPE28M／M(백)2KG, PE50mm, 4.7KGPE50M／M(황)4.7KG 외 1개",53584.69,9944337.0
2026-11-03,주식회사 마크원테크,2025-12-19,29.9,16,"PP6MMPP6M／M10KG(백), 운송료",678.5,1494179.0
2026-11-03,파워엠팩,2025-07-23,18.3,32,"PP10.5MPP10.5M10KG(청), PP10.5MPP10.5M10KG투명, PP12MPP12M／M10KG(백) 외 5개",4589.52,9635060.0
2026-11-04,(주)아이마켓코리아,2025-12-24,3.4,213,"PP11MM*13.34KG삼성경량밴드(황색)2300m*두께0.84mm단중5.8g GRS, PP11MM*13.34KG삼성경량밴드2300m*두께0.84mm단중5.8g GRS, PP18MM x 21Kg 삼성 황색2300M 포장중량 21Kg, 1롤/1pcs 포장 (황색) 외 2개",14291.08,28366635.0
2026-11-04,경인팩,2026-01-05,3.8,190,"PE28mm 2kgPE28M／M(백)2KG, PE28mm 2kgPE28M／M(적)2KG, PE28mm 2kgPE28M／M(청)2KG 외 14개",5510.5199999999995,16562146.0
2026-11-04,대상산업,2026-01-02,3.9,187,"PE28mm 2kgPE28M／M(백)2KG, PE28mm 2kgPE28M／M(적)2KG, PE28mm 2kgPE28M／M(청)2KG 외 11개",2277.29,7029671.0
2026-11-04,동원팩,2026-01-05,3.1,236,"PE28mm 2kgPE28M／M(녹)2KG, PE28mm 2kgPE28M／M(백)2KG, PE28mm 2kgPE28M／M(청)2KG 외 7개",668.02,3938701.0
2026-11-04,주식회사 광림파워팩,2025-12-31,11.4,64,"PE28mm 2kgPE28M／M(백)2KG, PP12MPP12M／M10KG(황), PP12MPP12M／M12.5KG (황) 외 8개",6870.24,14245264.0
2026-11-04,주식회사 되살림패키지,2025-10-16,128.7,4,PP12MPP12M／M10KG(백),320.0,768000.0
2026-11-04,진송팩,2026-01-02,6.4,116,"PE28mm 2kgPE28M／M(녹)2KG, PE28mm 2kgPE28M／M(백)2KG, PE28mm 2kgPE28M／M(적)2KG 외 8개",2999.4500000000003,7030996.0
2026-11-04,태광오토팩,2025-12-01,26.2,26,"PE28mm 2kgPE28M／M(백)2KG, PE28mm 2kgPE28M／M(청)2KG, PE28mm 2kgPE28M／M(황)2KG 외 2개",1850.52,4437283.0
2026-11-05,CYKLOP PACKAGING SYSTEMS PTY LTD.,2025-12-25,45.1,17,"12 x 3,000M 0.65T12x3,000M 0.65T White, 12 x 3,000M 0.65T12x3,000M0.65T BLUE, 12 x 3,000M 0.65T12x3,000M0.65T CLEAR 외 10개",35722.67,79285128.0
2026-11-05,신광포장기계,2026-01-05,4.7,158,"PE28mm 2kgPE28M／M(백)2KG, PE28mm 2kgPE28M／M(황)2KG, PE28mm, 6KGPE28M／M(백)6KG 외 16개",6017.12,13233179.0
2026-11-05,한남포장기계,2025-12-16,18.3,39,"PE28mm 2kgPE28M／M(백)2KG, PP12MPP12MM / 9.5KG(황), PP12MPP12M／M9KG(황)",2504.96,5711779.0
2026-11-05,합동포장기계,2026-01-05,16.7,45,"PE28mm 2kgPE28M／M(백)2KG, PE28mm 2kgPE28M／M(청)2KG, PP12MPP12M／M10KG(백) 외 11개",4790.71,11879932.0
2026-11-06,(주)진송팩,2025-11-11,18.7,4,"PP18MPP18M／M10KG(황), 운송료",197.0,413900.0
2026-11-06,대화수지공업(주),2025-09-29,13.7,13,"PE원료LLD PE, PE원료LLDPE 재생투명, PE원료재생원료",66677.0,78634597.0
2026-11-06,세움패키지(SEUMPKG),2025-12-16,25.6,28,"PE 결속끈PE#50 (백) 5500m 5KG, PE28mm 2kgPE28M／M(백)2KG, PP12MPP12M／M10KG(황) 외 5개",2818.1,6986669.0
2026-11-06,신화티에스,2024-10-07,76.3,4,PP15MPP15MM*10KG(황색),500.0,1000000.0
2026-11-06,우선산업,2025-12-26,15.8,46,"PE28mm 2kgPE28M／M(백)2KG, PE50mm, 4.5KGPE50M／M(백)4.5KG, PE50mm, 4.7KGPE50M／M(백)4.7KG 외 1개",3502.0,7082525.0
2026-11-06,제이케이머티리얼즈(주)/순성공장,2025-12-26,21.2,35,"PET 16MMPET 16mm x 0.8T x 1200m Embossed (반투명 녹색), PP18MPP18M／M10KG(황)",1175.33,2874963.0
2026-11-07,(주)베스테크,2025-11-11,19.4,30,도전성밴드7.7mm*900m,281.93,8394013.0
2026-11-07,(주)아이마켓코리아,2025-12-24,3.4,213,"PP11MM*13.34KG삼성경량밴드(황색)2300m*두께0.84mm단중5.8g GRS, PP11MM*13.34KG삼성경량밴드2300m*두께0.84mm단중5.8g GRS, PP18MM x 21Kg 삼성 황색2300M 포장중량 21Kg, 1롤/1pcs 포장 (황색) 외 2개",14291.08,28366635.0
2026-11-07,경인팩,2026-01-05,3.8,190,"PE28mm 2kgPE28M／M(백)2KG, PE28mm 2kgPE28M／M(적)2KG, PE28mm 2kgPE28M／M(청)2KG 외 14개",5510.5199999999995,16562146.0
2026-11-07,대상산업,2026-01-02,3.9,187,"PE28mm 2kgPE28M／M(백)2KG, PE28mm 2kgPE28M／M(적)2KG, PE28mm 2kgPE28M／M(청)2KG 외 11개",2277.29,7029671.0
2026-11-07,동원팩,2026-01-05,3.1,236,"PE28mm 2kgPE28M／M(녹)2KG, PE28mm 2kgPE28M／M(백)2KG, PE28mm 2kgPE28M／M(청)2KG 외 7개",668.02,3938701.0
2026-11-07,주신산업,2026-01-05,9.3,79,"PE28mm 2kgPE28M／M(백)2KG, PP12MPP12M／M10KG(황), 운송료택배비",750.0799999999999,1575293.0
2026-11-08,(주)인스트아이앤씨,2025-07-01,55.9,10,"PE28mm 2kgPE28M／M(백)2KG, 운송료",39.9,137560.0
2026-11-09,신광포장기계,2026-01-05,4.7,158,"PE28mm 2kgPE28M／M(백)2KG, PE28mm 2kgPE28M／M(황)2KG, PE28mm, 6KGPE28M／M(백)6KG 외 16개",6017.12,13233179.0
2026-11-09,전주삼신산업,2025-12-29,9.9,74,"PE28mm 2kgPE28M／M(백)2KG, PE28mm 2kgPE28M／M(청)2KG, PP12MPP12M／M10KG(황) 외 5개",1214.31,2861475.0
2026-11-09,한길포장기계,2026-01-05,22.9,33,"PE28mm 2kgPE28M／M(백)2KG, PP12MPP12M／M10KG(백), PP12MPP12M／M10KG(청) 외 3개",2366.34,4956034.0
2026-11-10,(주)아이마켓코리아,2025-12-24,3.4,213,"PP11MM*13.34KG삼성경량밴드(황색)2300m*두께0.84mm단중5.8g GRS, PP11MM*13.34KG삼성경량밴드2300m*두께0.84mm단중5.8g GRS, PP18MM x 21Kg 삼성 황색2300M 포장중량 21Kg, 1롤/1pcs 포장 (황색) 외 2개",14291.08,28366635.0
2026-11-10,(주)탐스텍,2025-12-29,79.0,10,"12 x 3,000M 0.60T12x3,000M0.60TBLUE, 15 x 1,000M 1.0T H/D Yellow w/paper core15 x 1,000M 1.0T H/D Yellow w/paper core, 15 x 2,000M 0.50T15 x 2,000M 0.50T 청색 외 1개",7195.65,14636160.0
2026-11-10,경인팩,2026-01-05,3.8,190,"PE28mm 2kgPE28M／M(백)2KG, PE28mm 2kgPE28M／M(적)2KG, PE28mm 2kgPE28M／M(청)2KG 외 14개",5510.5199999999995,16562146.0
2026-11-10,대상산업,2026-01-02,3.9,187,"PE28mm 2kgPE28M／M(백)2KG, PE28mm 2kgPE28M／M(적)2KG, PE28mm 2kgPE28M／M(청)2KG 외 11개",2277.29,7029671.0
2026-11-10,동원팩,2026-01-05,3.1,236,"PE28mm 2kgPE28M／M(녹)2KG, PE28mm 2kgPE28M／M(백)2KG, PE28mm 2kgPE28M／M(청)2KG 외 7개",668.02,3938701.0
2026-11-10,백암지관공업사,2025-12-03,57.8,13,"PP12MPP12M／M11KG(청), PP12MPP12M／M12.5KG (황)",315.94,663469.0
2026-11-10,진송팩,2026-01-02,6.4,116,"PE28mm 2kgPE28M／M(녹)2KG, PE28mm 2kgPE28M／M(백)2KG, PE28mm 2kgPE28M／M(적)2KG 외 8개",2999.4500000000003,7030996.0
2026-11-11,경인산업,2025-12-04,18.4,38,"PE28mm 2kgPE28M／M(백)2KG, PP12MPP12M／M10KG(백), PP12MPP12M／M10KG(청) 외 2개",1945.23,4028111.0
2026-11-11,대흥수출포장,2026-01-05,31.8,24,PE28mm 2kgPE28M／M(백)2KG,101.74,295043.0
2026-11-11,연화수출포장,2025-12-31,35.1,19,"PP15MPP15M／M10 (청색), PP15MPP15M／M10KG(투명), 운송료",803.5,1835397.0
2026-11-11,주)대성씨앤씨,2025-12-22,12.0,61,"PP12MPP12M／M10KG(백), PP12MPP12M／M10KG(황), PP5MMx7000Mx0.5T 11.4kg 백색core 200x8T OD400 롤랩핑 400*200 외 4개",2049.7,8922062.0
2026-11-12,(주)낙원포장,2025-12-23,12.6,58,"PE15MPP15M／M10KG, PE28mm 2kgPE28M／M(백)2KG, PP10.5MPP10.5M10KG(청) 외 6개",7870.610000000001,15670636.0
2026-11-12,WESTSIDE PACKAGING SYSTEMS AUSTRALIA,2025-11-27,70.8,9,"12 x 3,000M 0.65T White w/Green Ararat Meat Exports EST.298 printed12 x 3,000M 0.65T White w/Green Ararat Meat Exports EST.298 printed, 12 x 3,000M 0.65T12x3,000M0.65T BLUE, 12 x 3,000M 0.65T12x3,000M0.65T CLEAR 외 10개",38410.7,87509864.0
2026-11-13,(주)거성씨푸드,2025-02-21,126.3,4,"PP15MPP15MM*10KG(황색), PP15MPP15M／M10KG(투명)",262.5,622500.0
2026-11-13,(주)스피드랩코리아,2026-01-05,26.1,29,"PP6MMPP6M／M10KG(백), 운송료",635.39,1393750.0
2026-11-13,(주)아이마켓코리아,2025-12-24,3.4,213,"PP11MM*13.34KG삼성경량밴드(황색)2300m*두께0.84mm단중5.8g GRS, PP11MM*13.34KG삼성경량밴드2300m*두께0.84mm단중5.8g GRS, PP18MM x 21Kg 삼성 황색2300M 포장중량 21Kg, 1롤/1pcs 포장 (황색) 외 2개",14291.08,28366635.0
2026-11-13,(주)한주,2024-10-15,23.9,13,"PP15MM*17.5kg 삼성 recycle2194M두께1.0mm단중7.6g Clear, PP18MM*21kg 삼성 recycle2300M두께0.80mm단중8.8g Clear, 삼성 코드: 6922-00001(황색) PP18MMx 2300M 포장중량 21Kg, 1롤/1pcs 포장,",21823.96,37912978.0
2026-11-13,경인팩,2026-01-05,3.8,190,"PE28mm 2kgPE28M／M(백)2KG, PE28mm 2kgPE28M／M(적)2KG, PE28mm 2kgPE28M／M(청)2KG 외 14개",5510.5199999999995,16562146.0
2026-11-13,대상산업,2026-01-02,3.9,187,"PE28mm 2kgPE28M／M(백)2KG, PE28mm 2kgPE28M／M(적)2KG, PE28mm 2kgPE28M／M(청)2KG 외 11개",2277.29,7029671.0
2026-11-13,동원팩,2026-01-05,3.1,236,"PE28mm 2kgPE28M／M(녹)2KG, PE28mm 2kgPE28M／M(백)2KG, PE28mm 2kgPE28M／M(청)2KG 외 7개",668.02,3938701.0
2026-11-13,보우팩,2025-08-06,58.2,11,"PE28mm 2kgPE28M／M(청)2KG, PE28mm 2kgPE28M／M(황)2KG, PE28mm, 6KGPE28M／M(백)6KG 외 1개",3126.0,6902300.0
2026-11-13,서흥포장 주식회사,2025-12-10,26.5,27,"PP12MPP12M／M10KG(황), PP7MPP7M10KG백색, 스트레치필름(특수기능형)15*500*400",309.12,918890.0
2026-11-13,신광포장기계,2026-01-05,4.7,158,"PE28mm 2kgPE28M／M(백)2KG, PE28mm 2kgPE28M／M(황)2KG, PE28mm, 6KGPE28M／M(백)6KG 외 16개",6017.12,13233179.0
2026-11-14,서울상사,2025-12-19,33.8,22,"PP12MPP12M／M10KG(투명), PP12MPP12M／M10KG(황), PP15MPP15MM*10KG(황색) 외 4개",2726.66,5322667.0
2026-11-14,파코팩(PACO PACK),2024-09-05,40.8,7,"PE 결속끈PE#50 (백) 5500m 5KG, PE28mm 2kgPE28M／M(백)2KG, PE50mm, 5KGPE50M／M(황)5KG",2226.67,6146667.0
2026-11-14,한국포장기계,2025-12-29,16.1,46,"PE28mm 2kgPE28M／M(백)2KG, PE28mm 2kgPE28M／M(적)2KG, PE28mm 2kgPE28M／M(청)2KG 외 5개",4839.65,11765235.0
2026-11-15,신광포장기계(부산),2025-11-04,47.9,15,"PE28mm 2kgPE28M／M(백)2KG, 운송료",222.6,648840.0
2026-11-15,주식회사 광림파워팩,2025-12-31,11.4,64,"PE28mm 2kgPE28M／M(백)2KG, PP12MPP12M／M10KG(황), PP12MPP12M／M12.5KG (황) 외 8개",6870.24,14245264.0
2026-11-16,(주)아이마켓코리아,2025-12-24,3.4,213,"PP11MM*13.34KG삼성경량밴드(황색)2300m*두께0.84mm단중5.8g GRS, PP11MM*13.34KG삼성경량밴드2300m*두께0.84mm단중5.8g GRS, PP18MM x 21Kg 삼성 황색2300M 포장중량 21Kg, 1롤/1pcs 포장 (황색) 외 2개",14291.08,28366635.0
2026-11-16,경인팩,2026-01-05,3.8,190,"PE28mm 2kgPE28M／M(백)2KG, PE28mm 2kgPE28M／M(적)2KG, PE28mm 2kgPE28M／M(청)2KG 외 14개",5510.5199999999995,16562146.0
2026-11-16,광림포장기계,2025-12-31,32.9,23,"PP12MPP12M／M10KG(황), PP12MPP12M／M12.5KG (황), PP12MPP12mm*0.72T*2800m 12.5KG(투명) 외 6개",5447.27,10710986.0
2026-11-16,금산포장,2026-01-05,15.0,45,"PE28mm 2kgPE28M／M(백)2KG, PE28mm, 6KGPE28M／M(백)6KG, PP12MPP12M／M10KG(투명) 외 2개",1071.8500000000001,2573952.0
2026-11-16,대상산업,2026-01-02,3.9,187,"PE28mm 2kgPE28M／M(백)2KG, PE28mm 2kgPE28M／M(적)2KG, PE28mm 2kgPE28M／M(청)2KG 외 11개",2277.29,7029671.0
2026-11-16,동원팩,2026-01-05,3.1,236,"PE28mm 2kgPE28M／M(녹)2KG, PE28mm 2kgPE28M／M(백)2KG, PE28mm 2kgPE28M／M(청)2KG 외 7개",668.02,3938701.0
2026-11-16,유일포장기계,2025-12-01,70.6,10,PP5MMx7000Mx0.5T 백색,38.22,966056.0
2026-11-16,주식회사 동원피앤아이,2025-12-26,13.4,55,"PE 결속끈PE#50 (백) 5500m 5KG, PE28mm 2kgPE28M／M(백)2KG, PE50mm, 4.7KGPE50M／M(황)4.7KG 외 1개",53584.69,9944337.0
2026-11-16,주신산업,2026-01-05,9.3,79,"PE28mm 2kgPE28M／M(백)2KG, PP12MPP12M／M10KG(황), 운송료택배비",750.0799999999999,1575293.0
2026-11-16,진송팩,2026-01-02,6.4,116,"PE28mm 2kgPE28M／M(녹)2KG, PE28mm 2kgPE28M／M(백)2KG, PE28mm 2kgPE28M／M(적)2KG 외 8개",2999.4500000000003,7030996.0
2026-11-17,RLBUTTON,2025-12-16,56.8,13,"12 x 3,000M 0.63T12x3,000M0.63TCLEAR, PP 12MM12MMx1000Mx0.55MM Blue, PP19M * 1000M HD BlackPP19MM*1000M*0.85T Black 외 6개",16971.29,40408212.0
2026-11-17,신광포장기계,2026-01-05,4.7,158,"PE28mm 2kgPE28M／M(백)2KG, PE28mm 2kgPE28M／M(황)2KG, PE28mm, 6KGPE28M／M(백)6KG 외 16개",6017.12,13233179.0
2026-11-18,(주)영화수출포장 김포공장,2025-05-21,42.0,3,PE 결속끈PE#50 (백) 5500m 5KG,400.0,1180000.0
2026-11-18,세림산업사,2025-12-17,84.0,4,PP원료 (검정),3600.0,2520000.0
2026-11-18,전주삼신산업,2025-12-29,9.9,74,"PE28mm 2kgPE28M／M(백)2KG, PE28mm 2kgPE28M／M(청)2KG, PP12MPP12M／M10KG(황) 외 5개",1214.31,2861475.0
2026-11-18,주식회사 에이스팩,2024-08-08,16.2,13,"스트레치필름(일반 기계랩)18*500mm*2000m, 스트레치필름(일반 기계랩)25*500mm*1400m, 스트레치필름(일반 핸드랩)18*500mm*350m 외 2개",93.24,2832600.0
2026-11-18,천일포장산업,2025-12-01,22.5,32,"PE28mm 2kgPE28M／M(백)2KG, PE28mm, 6KGPE28M／M(백)6KG, PP6MMPP6M／M10KG(백)",3126.29,7358497.0
2026-11-19,(주)금성칼라팩,2025-11-24,90.0,8,PP7MPP7M10KG백색,1260.0,2961000.0
2026-11-19,(주)아이마켓코리아,2025-12-24,3.4,213,"PP11MM*13.34KG삼성경량밴드(황색)2300m*두께0.84mm단중5.8g GRS, PP11MM*13.34KG삼성경량밴드2300m*두께0.84mm단중5.8g GRS, PP18MM x 21Kg 삼성 황색2300M 포장중량 21Kg, 1롤/1pcs 포장 (황색) 외 2개",14291.08,28366635.0
2026-11-19,경인팩,2026-01-05,3.8,190,"PE28mm 2kgPE28M／M(백)2KG, PE28mm 2kgPE28M／M(적)2KG, PE28mm 2kgPE28M／M(청)2KG 외 14개",5510.5199999999995,16562146.0
2026-11-19,대상산업,2026-01-02,3.9,187,"PE28mm 2kgPE28M／M(백)2KG, PE28mm 2kgPE28M／M(적)2KG, PE28mm 2kgPE28M／M(청)2KG 외 11개",2277.29,7029671.0
2026-11-19,대화수지공업(주),2025-09-29,13.7,13,"PE원료LLD PE, PE원료LLDPE 재생투명, PE원료재생원료",66677.0,78634597.0
2026-11-19,동원팩,2026-01-05,3.1,236,"PE28mm 2kgPE28M／M(녹)2KG, PE28mm 2kgPE28M／M(백)2KG, PE28mm 2kgPE28M／M(청)2KG 외 7개",668.02,3938701.0
2026-11-19,민건 이에이,2025-12-24,30.2,24,PP12MPP12M／M10KG(백),702.08,1488417.0
2026-11-19,주식회사 대한종합포장,2025-11-24,18.3,38,"PP12MPP12M／M10KG(백), PP5MMx7000Mx0.5T 백색, 스트레치필름(기능 기계랩)15*500mm*1700m 외 2개",447.06,5345675.0
2026-11-20,삼원산업,2025-12-31,54.2,14,"PP12MPP12M／M10KG(황), PP12MPP12M／M12KG(투명), PP12MPP12M／M12KG(황) 외 2개",3536.1099999999997,6888611.0
2026-11-20,주식회사 바인텍,2025-12-19,48.2,7,"PP10MMPP10MM／500M (투명), PP8MMPP8MM／750M (투명)",810.0,5697000.0
2026-11-21,신광포장기계,2026-01-05,4.7,158,"PE28mm 2kgPE28M／M(백)2KG, PE28mm 2kgPE28M／M(황)2KG, PE28mm, 6KGPE28M／M(백)6KG 외 16개",6017.12,13233179.0
2026-11-21,우선산업,2025-12-26,15.8,46,"PE28mm 2kgPE28M／M(백)2KG, PE50mm, 4.5KGPE50M／M(백)4.5KG, PE50mm, 4.7KGPE50M／M(백)4.7KG 외 1개",3502.0,7082525.0
2026-11-21,파워엠팩,2025-07-23,18.3,32,"PP10.5MPP10.5M10KG(청), PP10.5MPP10.5M10KG투명, PP12MPP12M／M10KG(백) 외 5개",4589.52,9635060.0
2026-11-21,합동포장기계,2026-01-05,16.7,45,"PE28mm 2kgPE28M／M(백)2KG, PE28mm 2kgPE28M／M(청)2KG, PP12MPP12M／M10KG(백) 외 11개",4790.71,11879932.0
2026-11-22,(주)아이마켓코리아,2025-12-24,3.4,213,"PP11MM*13.34KG삼성경량밴드(황색)2300m*두께0.84mm단중5.8g GRS, PP11MM*13.34KG삼성경량밴드2300m*두께0.84mm단중5.8g GRS, PP18MM x 21Kg 삼성 황색2300M 포장중량 21Kg, 1롤/1pcs 포장 (황색) 외 2개",14291.08,28366635.0
2026-11-22,경인팩,2026-01-05,3.8,190,"PE28mm 2kgPE28M／M(백)2KG, PE28mm 2kgPE28M／M(적)2KG, PE28mm 2kgPE28M／M(청)2KG 외 14개",5510.5199999999995,16562146.0
2026-11-22,대상산업,2026-01-02,3.9,187,"PE28mm 2kgPE28M／M(백)2KG, PE28mm 2kgPE28M／M(적)2KG, PE28mm 2kgPE28M／M(청)2KG 외 11개",2277.29,7029671.0
2026-11-22,동원팩,2026-01-05,3.1,236,"PE28mm 2kgPE28M／M(녹)2KG, PE28mm 2kgPE28M／M(백)2KG, PE28mm 2kgPE28M／M(청)2KG 외 7개",668.02,3938701.0
2026-11-22,신대한판지(주),2024-08-12,32.2,7,"PP12MPP12M／M10KG(녹), PP12MPP12M／M10KG(백), PP9MMPP9M／M9.5KG(백색)",1497.5,3627100.0
2026-11-22,진송팩,2026-01-02,6.4,116,"PE28mm 2kgPE28M／M(녹)2KG, PE28mm 2kgPE28M／M(백)2KG, PE28mm 2kgPE28M／M(적)2KG 외 8개",2999.4500000000003,7030996.0
2026-11-23,주)대성씨앤씨,2025-12-22,12.0,61,"PP12MPP12M／M10KG(백), PP12MPP12M／M10KG(황), PP5MMx7000Mx0.5T 11.4kg 백색core 200x8T OD400 롤랩핑 400*200 외 4개",2049.7,8922062.0
2026-11-23,한남포장기계,2025-12-16,18.3,39,"PE28mm 2kgPE28M／M(백)2KG, PP12MPP12MM / 9.5KG(황), PP12MPP12M／M9KG(황)",2504.96,5711779.0
2026-11-24,(주)낙원포장,2025-12-23,12.6,58,"PE15MPP15M／M10KG, PE28mm 2kgPE28M／M(백)2KG, PP10.5MPP10.5M10KG(청) 외 6개",7870.610000000001,15670636.0
2026-11-24,(주)영화수출포장,2025-11-14,75.6,10,PE 결속끈PE#50 (백) 5500m 5KG,600.0,1770000.0
2026-11-24,(주)진송팩,2025-11-11,18.7,4,"PP18MPP18M／M10KG(황), 운송료",197.0,413900.0
2026-11-24,동서포장종합상사,2025-12-18,31.2,23,PE28mm 2kgPE28M／M(백)2KG,106.96,320783.0
2026-11-25,(주)아이마켓코리아,2025-12-24,3.4,213,"PP11MM*13.34KG삼성경량밴드(황색)2300m*두께0.84mm단중5.8g GRS, PP11MM*13.34KG삼성경량밴드2300m*두께0.84mm단중5.8g GRS, PP18MM x 21Kg 삼성 황색2300M 포장중량 21Kg, 1롤/1pcs 포장 (황색) 외 2개",14291.08,28366635.0
2026-11-25,경인팩,2026-01-05,3.8,190,"PE28mm 2kgPE28M／M(백)2KG, PE28mm 2kgPE28M／M(적)2KG, PE28mm 2kgPE28M／M(청)2KG 외 14개",5510.5199999999995,16562146.0
2026-11-25,대상산업,2026-01-02,3.9,187,"PE28mm 2kgPE28M／M(백)2KG, PE28mm 2kgPE28M／M(적)2KG, PE28mm 2kgPE28M／M(청)2KG 외 11개",2277.29,7029671.0
2026-11-25,동원팩,2026-01-05,3.1,236,"PE28mm 2kgPE28M／M(녹)2KG, PE28mm 2kgPE28M／M(백)2KG, PE28mm 2kgPE28M／M(청)2KG 외 7개",668.02,3938701.0
2026-11-25,신광포장기계,2026-01-05,4.7,158,"PE28mm 2kgPE28M／M(백)2KG, PE28mm 2kgPE28M／M(황)2KG, PE28mm, 6KGPE28M／M(백)6KG 외 16개",6017.12,13233179.0
2026-11-25,주신산업,2026-01-05,9.3,79,"PE28mm 2kgPE28M／M(백)2KG, PP12MPP12M／M10KG(황), 운송료택배비",750.0799999999999,1575293.0
2026-11-26,(주)베스테크,2025-11-11,19.4,30,도전성밴드7.7mm*900m,281.93,8394013.0
2026-11-26,강원농협연합포장재가공사업소,2025-11-17,34.0,18,PP12MPP12M／M12.5KG (황),3348.21,6195536.0
2026-11-26,주식회사 광림파워팩,2025-12-31,11.4,64,"PE28mm 2kgPE28M／M(백)2KG, PP12MPP12M／M10KG(황), PP12MPP12M／M12.5KG (황) 외 8개",6870.24,14245264.0
2026-11-27,전주삼신산업,2025-12-29,9.9,74,"PE28mm 2kgPE28M／M(백)2KG, PE28mm 2kgPE28M／M(청)2KG, PP12MPP12M／M10KG(황) 외 5개",1214.31,2861475.0
2026-11-27,제이케이머티리얼즈(주)/순성공장,2025-12-26,21.2,35,"PET 16MMPET 16mm x 0.8T x 1200m Embossed (반투명 녹색), PP18MPP18M／M10KG(황)",1175.33,2874963.0
2026-11-28,(주)아이마켓코리아,2025-12-24,3.4,213,"PP11MM*13.34KG삼성경량밴드(황색)2300m*두께0.84mm단중5.8g GRS, PP11MM*13.34KG삼성경량밴드2300m*두께0.84mm단중5.8g GRS, PP18MM x 21Kg 삼성 황색2300M 포장중량 21Kg, 1롤/1pcs 포장 (황색) 외 2개",14291.08,28366635.0
2026-11-28,경인팩,2026-01-05,3.8,190,"PE28mm 2kgPE28M／M(백)2KG, PE28mm 2kgPE28M／M(적)2KG, PE28mm 2kgPE28M／M(청)2KG 외 14개",5510.5199999999995,16562146.0
2026-11-28,대상산업,2026-01-02,3.9,187,"PE28mm 2kgPE28M／M(백)2KG, PE28mm 2kgPE28M／M(적)2KG, PE28mm 2kgPE28M／M(청)2KG 외 11개",2277.29,7029671.0
2026-11-28,동원팩,2026-01-05,3.1,236,"PE28mm 2kgPE28M／M(녹)2KG, PE28mm 2kgPE28M／M(백)2KG, PE28mm 2kgPE28M／M(청)2KG 외 7개",668.02,3938701.0
2026-11-28,진송팩,2026-01-02,6.4,116,"PE28mm 2kgPE28M／M(녹)2KG, PE28mm 2kgPE28M／M(백)2KG, PE28mm 2kgPE28M／M(적)2KG 외 8개",2999.4500000000003,7030996.0
2026-11-29,경인산업,2025-12-04,18.4,38,"PE28mm 2kgPE28M／M(백)2KG, PP12MPP12M／M10KG(백), PP12MPP12M／M10KG(청) 외 2개",1945.23,4028111.0
2026-11-29,동방포장기자재,2025-11-24,37.9,18,"PP12MPP12M／M10KG(황), PP12MPP12M／M12KG(적색), PP15MPP15MM*10KG(황색)",2230.6400000000003,4474281.0
2026-11-29,신광포장기계,2026-01-05,4.7,158,"PE28mm 2kgPE28M／M(백)2KG, PE28mm 2kgPE28M／M(황)2KG, PE28mm, 6KGPE28M／M(백)6KG 외 16개",6017.12,13233179.0
2026-11-29,주식회사 동원피앤아이,2025-12-26,13.4,55,"PE 결속끈PE#50 (백) 5500m 5KG, PE28mm 2kgPE28M／M(백)2KG, PE50mm, 4.7KGPE50M／M(황)4.7KG 외 1개",53584.69,9944337.0
2026-11-30,에이원코리아,2025-12-29,48.7,15,"PE28mm 2kgPE28M／M(백)2KG, PP12MPP12M／M12KG(황), 운송료운송료",1226.41,2413642.0
2026-11-30,태광오토팩,2025-12-01,26.2,26,"PE28mm 2kgPE28M／M(백)2KG, PE28mm 2kgPE28M／M(청)2KG, PE28mm 2kgPE28M／M(황)2KG 외 2개",1850.52,4437283.0
2026-11-30,한국포장기계,2025-12-29,16.1,46,"PE28mm 2kgPE28M／M(백)2KG, PE28mm 2kgPE28M／M(적)2KG, PE28mm 2kgPE28M／M(청)2KG 외 5개",4839.65,11765235.0
2026-12-01,(주)아이마켓코리아,2025-12-24,3.4,213,"PP11MM*13.34KG삼성경량밴드(황색)2300m*두께0.84mm단중5.8g GRS, PP11MM*13.34KG삼성경량밴드2300m*두께0.84mm단중5.8g GRS, PP18MM x 21Kg 삼성 황색2300M 포장중량 21Kg, 1롤/1pcs 포장 (황색) 외 2개",14291.08,28366635.0
2026-12-01,경인팩,2026-01-05,3.8,190,"PE28mm 2kgPE28M／M(백)2KG, PE28mm 2kgPE28M／M(적)2KG, PE28mm 2kgPE28M／M(청)2KG 외 14개",5510.5199999999995,16562146.0
2026-12-01,금산포장,2026-01-05,15.0,45,"PE28mm 2kgPE28M／M(백)2KG, PE28mm, 6KGPE28M／M(백)6KG, PP12MPP12M／M10KG(투명) 외 2개",1071.8500000000001,2573952.0
2026-12-01,대상산업,2026-01-02,3.9,187,"PE28mm 2kgPE28M／M(백)2KG, PE28mm 2kgPE28M／M(적)2KG, PE28mm 2kgPE28M／M(청)2KG 외 11개",2277.29,7029671.0
2026-12-01,동원팩,2026-01-05,3.1,236,"PE28mm 2kgPE28M／M(녹)2KG, PE28mm 2kgPE28M／M(백)2KG, PE28mm 2kgPE28M／M(청)2KG 외 7개",668.02,3938701.0
2026-12-01,세움패키지(SEUMPKG),2025-12-16,25.6,28,"PE 결속끈PE#50 (백) 5500m 5KG, PE28mm 2kgPE28M／M(백)2KG, PP12MPP12M／M10KG(황) 외 5개",2818.1,6986669.0
2026-12-01,한길포장기계,2026-01-05,22.9,33,"PE28mm 2kgPE28M／M(백)2KG, PP12MPP12M／M10KG(백), PP12MPP12M／M10KG(청) 외 3개",2366.34,4956034.0
2026-12-02,대화수지공업(주),2025-09-29,13.7,13,"PE원료LLD PE, PE원료LLDPE 재생투명, PE원료재생원료",66677.0,78634597.0
2026-12-02,주식회사 마크원테크,2025-12-19,29.9,16,"PP6MMPP6M／M10KG(백), 운송료",678.5,1494179.0
2026-12-03,신광포장기계,2026-01-05,4.7,158,"PE28mm 2kgPE28M／M(백)2KG, PE28mm 2kgPE28M／M(황)2KG, PE28mm, 6KGPE28M／M(백)6KG 외 16개",6017.12,13233179.0
2026-12-04,(주)아이마켓코리아,2025-12-24,3.4,213,"PP11MM*13.34KG삼성경량밴드(황색)2300m*두께0.84mm단중5.8g GRS, PP11MM*13.34KG삼성경량밴드2300m*두께0.84mm단중5.8g GRS, PP18MM x 21Kg 삼성 황색2300M 포장중량 21Kg, 1롤/1pcs 포장 (황색) 외 2개",14291.08,28366635.0
2026-12-04,TIGERPAK PACKAGING,2025-12-25,43.9,17,"12 x 2,800M 0.55T12 x 2,800M 0.55T 검정, 12 x 2800M 0.55T12 x 2800M 0.55T BLACK, 12 x 2800M 0.60T12 x 2800M 0.60T BLACK 외 11개",50436.18,113594139.0
2026-12-04,경인팩,2026-01-05,3.8,190,"PE28mm 2kgPE28M／M(백)2KG, PE28mm 2kgPE28M／M(적)2KG, PE28mm 2kgPE28M／M(청)2KG 외 14개",5510.5199999999995,16562146.0
2026-12-04,대상산업,2026-01-02,3.9,187,"PE28mm 2kgPE28M／M(백)2KG, PE28mm 2kgPE28M／M(적)2KG, PE28mm 2kgPE28M／M(청)2KG 외 11개",2277.29,7029671.0
2026-12-04,동원팩,2026-01-05,3.1,236,"PE28mm 2kgPE28M／M(녹)2KG, PE28mm 2kgPE28M／M(백)2KG, PE28mm 2kgPE28M／M(청)2KG 외 7개",668.02,3938701.0
2026-12-04,유일,2025-11-21,42.9,17,"PE28mm 2kgPE28M／M(백)2KG, PE50mm, 5KGPE50M／M(백)5KG",1348.24,3771294.0
2026-12-04,주식회사 에이스팩,2024-08-08,16.2,13,"스트레치필름(일반 기계랩)18*500mm*2000m, 스트레치필름(일반 기계랩)25*500mm*1400m, 스트레치필름(일반 핸드랩)18*500mm*350m 외 2개",93.24,2832600.0
2026-12-04,주신산업,2026-01-05,9.3,79,"PE28mm 2kgPE28M／M(백)2KG, PP12MPP12M／M10KG(황), 운송료택배비",750.0799999999999,1575293.0
2026-12-04,진송팩,2026-01-02,6.4,116,"PE28mm 2kgPE28M／M(녹)2KG, PE28mm 2kgPE28M／M(백)2KG, PE28mm 2kgPE28M／M(적)2KG 외 8개",2999.4500000000003,7030996.0
2026-12-05,대성포장기계,2025-06-17,134.3,4,"PE28mm, 6KGPE28M／M(백)6KG",30.0,96000.0
2026-12-05,주)대성씨앤씨,2025-12-22,12.0,61,"PP12MPP12M／M10KG(백), PP12MPP12M／M10KG(황), PP5MMx7000Mx0.5T 11.4kg 백색core 200x8T OD400 롤랩핑 400*200 외 4개",2049.7,8922062.0
2026-12-05,"주식회사 오비아이(OBI co.,Ltd.)",2025-11-04,66.3,11,"PE28mm 2kgPE28M／M(백)2KG, PP8MPP8M／M10KG(백)",230.0,653000.0
2026-12-06,(주)낙원포장,2025-12-23,12.6,58,"PE15MPP15M／M10KG, PE28mm 2kgPE28M／M(백)2KG, PP10.5MPP10.5M10KG(청) 외 6개",7870.610000000001,15670636.0
2026-12-06,(주)한주,2024-10-15,23.9,13,"PP15MM*17.5kg 삼성 recycle2194M두께1.0mm단중7.6g Clear, PP18MM*21kg 삼성 recycle2300M두께0.80mm단중8.8g Clear, 삼성 코드: 6922-00001(황색) PP18MMx 2300M 포장중량 21Kg, 1롤/1pcs 포장,",21823.96,37912978.0
2026-12-06,KOMERI,2025-11-23,42.5,16,"15 x 1,000M 0.55T Yellow15x1,000M0.55T 황색, 15 x 100M 0.55T15x100M 0.55T 황색, 15 x 100M 0.55T15x100M0.55T녹색 외 6개",9545.14,26068335.0
2026-12-06,다금마대,2025-12-29,38.4,19,마대,236.79,544616.0
2026-12-06,우선산업,2025-12-26,15.8,46,"PE28mm 2kgPE28M／M(백)2KG, PE50mm, 4.5KGPE50M／M(백)4.5KG, PE50mm, 4.7KGPE50M／M(백)4.7KG 외 1개",3502.0,7082525.0
2026-12-06,전주삼신산업,2025-12-29,9.9,74,"PE28mm 2kgPE28M／M(백)2KG, PE28mm 2kgPE28M／M(청)2KG, PP12MPP12M／M10KG(황) 외 5개",1214.31,2861475.0
2026-12-06,주식회사 대원포장기계,2025-12-01,37.3,19,PE28mm 2kgPE28M／M(백)2KG,400.0,1160000.0
2026-12-07,(주)아이마켓코리아,2025-12-24,3.4,213,"PP11MM*13.34KG삼성경량밴드(황색)2300m*두께0.84mm단중5.8g GRS, PP11MM*13.34KG삼성경량밴드2300m*두께0.84mm단중5.8g GRS, PP18MM x 21Kg 삼성 황색2300M 포장중량 21Kg, 1롤/1pcs 포장 (황색) 외 2개",14291.08,28366635.0
2026-12-07,경인팩,2026-01-05,3.8,190,"PE28mm 2kgPE28M／M(백)2KG, PE28mm 2kgPE28M／M(적)2KG, PE28mm 2kgPE28M／M(청)2KG 외 14개",5510.5199999999995,16562146.0
2026-12-07,대상산업,2026-01-02,3.9,187,"PE28mm 2kgPE28M／M(백)2KG, PE28mm 2kgPE28M／M(적)2KG, PE28mm 2kgPE28M／M(청)2KG 외 11개",2277.29,7029671.0
2026-12-07,동원팩,2026-01-05,3.1,236,"PE28mm 2kgPE28M／M(녹)2KG, PE28mm 2kgPE28M／M(백)2KG, PE28mm 2kgPE28M／M(청)2KG 외 7개",668.02,3938701.0
2026-12-07,신광포장기계,2026-01-05,4.7,158,"PE28mm 2kgPE28M／M(백)2KG, PE28mm 2kgPE28M／M(황)2KG, PE28mm, 6KGPE28M／M(백)6KG 외 16개",6017.12,13233179.0
2026-12-07,주식회사 광림파워팩,2025-12-31,11.4,64,"PE28mm 2kgPE28M／M(백)2KG, PP12MPP12M／M10KG(황), PP12MPP12M／M12.5KG (황) 외 8개",6870.24,14245264.0
2026-12-07,주식회사 대한종합포장,2025-11-24,18.3,38,"PP12MPP12M／M10KG(백), PP5MMx7000Mx0.5T 백색, 스트레치필름(기능 기계랩)15*500mm*1700m 외 2개",447.06,5345675.0
2026-12-07,주식회사 진도종합상사,2026-01-05,42.7,16,"PE28mm 2kgPE28M／M(백)2KG, 운송료",86.72,256139.0
2026-12-07,합동포장기계,2026-01-05,16.7,45,"PE28mm 2kgPE28M／M(백)2KG, PE28mm 2kgPE28M／M(청)2KG, PP12MPP12M／M10KG(백) 외 11개",4790.71,11879932.0
2026-12-09,(주)스피드랩코리아,2026-01-05,26.1,29,"PP6MMPP6M／M10KG(백), 운송료",635.39,1393750.0
2026-12-09,서흥포장 주식회사,2025-12-10,26.5,27,"PP12MPP12M／M10KG(황), PP7MPP7M10KG백색, 스트레치필름(특수기능형)15*500*400",309.12,918890.0
2026-12-09,파워엠팩,2025-07-23,18.3,32,"PP10.5MPP10.5M10KG(청), PP10.5MPP10.5M10KG투명, PP12MPP12M／M10KG(백) 외 5개",4589.52,9635060.0
2026-12-10,(주)남영판지,2024-07-09,68.5,3,PP12MPP12M／M10KG(황),650.0,1430000.0
2026-12-10,(주)아이마켓코리아,2025-12-24,3.4,213,"PP11MM*13.34KG삼성경량밴드(황색)2300m*두께0.84mm단중5.8g GRS, PP11MM*13.34KG삼성경량밴드2300m*두께0.84mm단중5.8g GRS, PP18MM x 21Kg 삼성 황색2300M 포장중량 21Kg, 1롤/1pcs 포장 (황색) 외 2개",14291.08,28366635.0
2026-12-10,경인팩,2026-01-05,3.8,190,"PE28mm 2kgPE28M／M(백)2KG, PE28mm 2kgPE28M／M(적)2KG, PE28mm 2kgPE28M／M(청)2KG 외 14개",5510.5199999999995,16562146.0
2026-12-10,대상산업,2026-01-02,3.9,187,"PE28mm 2kgPE28M／M(백)2KG, PE28mm 2kgPE28M／M(적)2KG, PE28mm 2kgPE28M／M(청)2KG 외 11개",2277.29,7029671.0
2026-12-10,동원팩,2026-01-05,3.1,236,"PE28mm 2kgPE28M／M(녹)2KG, PE28mm 2kgPE28M／M(백)2KG, PE28mm 2kgPE28M／M(청)2KG 외 7개",668.02,3938701.0
2026-12-10,진송팩,2026-01-02,6.4,116,"PE28mm 2kgPE28M／M(녹)2KG, PE28mm 2kgPE28M／M(백)2KG, PE28mm 2kgPE28M／M(적)2KG 외 8개",2999.4500000000003,7030996.0
2026-12-10,천일포장산업,2025-12-01,22.5,32,"PE28mm 2kgPE28M／M(백)2KG, PE28mm, 6KGPE28M／M(백)6KG, PP6MMPP6M／M10KG(백)",3126.29,7358497.0
2026-12-11,신광포장기계,2026-01-05,4.7,158,"PE28mm 2kgPE28M／M(백)2KG, PE28mm 2kgPE28M／M(황)2KG, PE28mm, 6KGPE28M／M(백)6KG 외 16개",6017.12,13233179.0
2026-12-11,한남포장기계,2025-12-16,18.3,39,"PE28mm 2kgPE28M／M(백)2KG, PP12MPP12MM / 9.5KG(황), PP12MPP12M／M9KG(황)",2504.96,5711779.0
2026-12-11,호성수출포장,2025-10-31,58.5,12,"PE28mm 2kgPE28M／M(백)2KG, 스트레치필름(일반 핸드랩 20)20*500mm*350m",408.0,1735200.0
2026-12-12,(주)진송팩,2025-11-11,18.7,4,"PP18MPP18M／M10KG(황), 운송료",197.0,413900.0
2026-12-12,대흥수출포장,2026-01-05,31.8,24,PE28mm 2kgPE28M／M(백)2KG,101.74,295043.0
2026-12-12,주식회사 동원피앤아이,2025-12-26,13.4,55,"PE 결속끈PE#50 (백) 5500m 5KG, PE28mm 2kgPE28M／M(백)2KG, PE50mm, 4.7KGPE50M／M(황)4.7KG 외 1개",53584.69,9944337.0
2026-12-12,현대테크,2025-09-15,151.8,5,PP12MPP12M／M10KG(황),1108.0,2116800.0
2026-12-13,(주)아이마켓코리아,2025-12-24,3.4,213,"PP11MM*13.34KG삼성경량밴드(황색)2300m*두께0.84mm단중5.8g GRS, PP11MM*13.34KG삼성경량밴드2300m*두께0.84mm단중5.8g GRS, PP18MM x 21Kg 삼성 황색2300M 포장중량 21Kg, 1롤/1pcs 포장 (황색) 외 2개",14291.08,28366635.0
2026-12-13,경인팩,2026-01-05,3.8,190,"PE28mm 2kgPE28M／M(백)2KG, PE28mm 2kgPE28M／M(적)2KG, PE28mm 2kgPE28M／M(청)2KG 외 14개",5510.5199999999995,16562146.0
2026-12-13,대상산업,2026-01-02,3.9,187,"PE28mm 2kgPE28M／M(백)2KG, PE28mm 2kgPE28M／M(적)2KG, PE28mm 2kgPE28M／M(청)2KG 외 11개",2277.29,7029671.0
2026-12-13,동원팩,2026-01-05,3.1,236,"PE28mm 2kgPE28M／M(녹)2KG, PE28mm 2kgPE28M／M(백)2KG, PE28mm 2kgPE28M／M(청)2KG 외 7개",668.02,3938701.0
2026-12-13,주신산업,2026-01-05,9.3,79,"PE28mm 2kgPE28M／M(백)2KG, PP12MPP12M／M10KG(황), 운송료택배비",750.0799999999999,1575293.0
2026-12-14,대전인재사,2025-10-17,141.0,5,"스트레치필름(일반 핸드랩 20)20*500mm*350m, 운송료",65.0,2146000.0
2026-12-15,(주)베스테크,2025-11-11,19.4,30,도전성밴드7.7mm*900m,281.93,8394013.0
2026-12-15,ANDERSON WHOLESALE PACKAGING PTY LTD.,2025-12-14,61.3,12,"12 x 3,000M 0.55T12 x 3,000M 0.55T 청색, 12 x 3,000M 0.60T12x3,000M0.60TBLUE, 12 x 3,000M 0.60T12x3,000M0.60TCLEAR 외 9개",22965.96,52140274.0
2026-12-15,대화수지공업(주),2025-09-29,13.7,13,"PE원료LLD PE, PE원료LLDPE 재생투명, PE원료재생원료",66677.0,78634597.0
2026-12-15,신광포장기계,2026-01-05,4.7,158,"PE28mm 2kgPE28M／M(백)2KG, PE28mm 2kgPE28M／M(황)2KG, PE28mm, 6KGPE28M／M(백)6KG 외 16개",6017.12,13233179.0
2026-12-15,전주삼신산업,2025-12-29,9.9,74,"PE28mm 2kgPE28M／M(백)2KG, PE28mm 2kgPE28M／M(청)2KG, PP12MPP12M／M10KG(황) 외 5개",1214.31,2861475.0
2026-12-16,(주)아이마켓코리아,2025-12-24,3.4,213,"PP11MM*13.34KG삼성경량밴드(황색)2300m*두께0.84mm단중5.8g GRS, PP11MM*13.34KG삼성경량밴드2300m*두께0.84mm단중5.8g GRS, PP18MM x 21Kg 삼성 황색2300M 포장중량 21Kg, 1롤/1pcs 포장 (황색) 외 2개",14291.08,28366635.0
2026-12-16,경인팩,2026-01-05,3.8,190,"PE28mm 2kgPE28M／M(백)2KG, PE28mm 2kgPE28M／M(적)2KG, PE28mm 2kgPE28M／M(청)2KG 외 14개",5510.5199999999995,16562146.0
2026-12-16,금산포장,2026-01-05,15.0,45,"PE28mm 2kgPE28M／M(백)2KG, PE28mm, 6KGPE28M／M(백)6KG, PP12MPP12M／M10KG(투명) 외 2개",1071.8500000000001,2573952.0
2026-12-16,대상산업,2026-01-02,3.9,187,"PE28mm 2kgPE28M／M(백)2KG, PE28mm 2kgPE28M／M(적)2KG, PE28mm 2kgPE28M／M(청)2KG 외 11개",2277.29,7029671.0
2026-12-16,동원팩,2026-01-05,3.1,236,"PE28mm 2kgPE28M／M(녹)2KG, PE28mm 2kgPE28M／M(백)2KG, PE28mm 2kgPE28M／M(청)2KG 외 7개",668.02,3938701.0
2026-12-16,연화수출포장,2025-12-31,35.1,19,"PP15MPP15M／M10 (청색), PP15MPP15M／M10KG(투명), 운송료",803.5,1835397.0
2026-12-16,진송팩,2026-01-02,6.4,116,"PE28mm 2kgPE28M／M(녹)2KG, PE28mm 2kgPE28M／M(백)2KG, PE28mm 2kgPE28M／M(적)2KG 외 8개",2999.4500000000003,7030996.0
2026-12-16,피앤비,2025-11-06,45.6,15,"PP12MPP12M／M10KG(백), PP7MPP7M10KG백색",923.0,2122900.0
2026-12-16,한국포장기계,2025-12-29,16.1,46,"PE28mm 2kgPE28M／M(백)2KG, PE28mm 2kgPE28M／M(적)2KG, PE28mm 2kgPE28M／M(청)2KG 외 5개",4839.65,11765235.0
2026-12-17,경인산업,2025-12-04,18.4,38,"PE28mm 2kgPE28M／M(백)2KG, PP12MPP12M／M10KG(백), PP12MPP12M／M10KG(청) 외 2개",1945.23,4028111.0
2026-12-17,서울상사,2025-12-19,33.8,22,"PP12MPP12M／M10KG(투명), PP12MPP12M／M10KG(황), PP15MPP15MM*10KG(황색) 외 4개",2726.66,5322667.0
2026-12-17,주)대성씨앤씨,2025-12-22,12.0,61,"PP12MPP12M／M10KG(백), PP12MPP12M／M10KG(황), PP5MMx7000Mx0.5T 11.4kg 백색core 200x8T OD400 롤랩핑 400*200 외 4개",2049.7,8922062.0
2026-12-18,(주)낙원포장,2025-12-23,12.6,58,"PE15MPP15M／M10KG, PE28mm 2kgPE28M／M(백)2KG, PP10.5MPP10.5M10KG(청) 외 6개",7870.610000000001,15670636.0
2026-12-18,(주)대일상사 (전주),2024-09-20,91.5,3,PE28mm 2kgPE28M／M(백)2KG,80.0,264000.0
2026-12-18,광림포장기계,2025-12-31,32.9,23,"PP12MPP12M／M10KG(황), PP12MPP12M／M12.5KG (황), PP12MPP12mm*0.72T*2800m 12.5KG(투명) 외 6개",5447.27,10710986.0
2026-12-18,제이케이머티리얼즈(주)/순성공장,2025-12-26,21.2,35,"PET 16MMPET 16mm x 0.8T x 1200m Embossed (반투명 녹색), PP18MPP18M／M10KG(황)",1175.33,2874963.0
2026-12-18,주식회사 광림파워팩,2025-12-31,11.4,64,"PE28mm 2kgPE28M／M(백)2KG, PP12MPP12M／M10KG(황), PP12MPP12M／M12.5KG (황) 외 8개",6870.24,14245264.0
2026-12-19,(주)삼영피앤텍,2025-11-06,51.8,14,PE28mm 2kgPE28M／M(백)2KG,44.29,159429.0
2026-12-19,(주)아이마켓코리아,2025-12-24,3.4,213,"PP11MM*13.34KG삼성경량밴드(황색)2300m*두께0.84mm단중5.8g GRS, PP11MM*13.34KG삼성경량밴드2300m*두께0.84mm단중5.8g GRS, PP18MM x 21Kg 삼성 황색2300M 포장중량 21Kg, 1롤/1pcs 포장 (황색) 외 2개",14291.08,28366635.0
2026-12-19,경인팩,2026-01-05,3.8,190,"PE28mm 2kgPE28M／M(백)2KG, PE28mm 2kgPE28M／M(적)2KG, PE28mm 2kgPE28M／M(청)2KG 외 14개",5510.5199999999995,16562146.0
2026-12-19,대상산업,2026-01-02,3.9,187,"PE28mm 2kgPE28M／M(백)2KG, PE28mm 2kgPE28M／M(적)2KG, PE28mm 2kgPE28M／M(청)2KG 외 11개",2277.29,7029671.0
2026-12-19,동원팩,2026-01-05,3.1,236,"PE28mm 2kgPE28M／M(녹)2KG, PE28mm 2kgPE28M／M(백)2KG, PE28mm 2kgPE28M／M(청)2KG 외 7개",668.02,3938701.0
2026-12-19,민건 이에이,2025-12-24,30.2,24,PP12MPP12M／M10KG(백),702.08,1488417.0
2026-12-19,신광포장기계,2026-01-05,4.7,158,"PE28mm 2kgPE28M／M(백)2KG, PE28mm 2kgPE28M／M(황)2KG, PE28mm, 6KGPE28M／M(백)6KG 외 16개",6017.12,13233179.0
2026-12-20,CYKLOP PACKAGING SYSTEMS PTY LTD.,2025-12-25,45.1,17,"12 x 3,000M 0.65T12x3,000M 0.65T White, 12 x 3,000M 0.65T12x3,000M0.65T BLUE, 12 x 3,000M 0.65T12x3,000M0.65T CLEAR 외 10개",35722.67,79285128.0
2026-12-20,OMNI GROUP,2024-12-30,90.5,5,"12 x 3,000M 0.60T12x3,000M0.60T BLUE 30% Recycled, 12 x 3,000M 0.60T12x3,000M0.60TBLUE, 15 x 2,500M 0.60T15 x 2,500M 0.60T 청색 외 1개",10562.3,24634219.0
2026-12-20,박스컴퍼니(주),2024-10-30,71.2,5,PP7MPP7M10KG백색,560.0,1428000.0
2026-12-20,주식회사 에이스팩,2024-08-08,16.2,13,"스트레치필름(일반 기계랩)18*500mm*2000m, 스트레치필름(일반 기계랩)25*500mm*1400m, 스트레치필름(일반 핸드랩)18*500mm*350m 외 2개",93.24,2832600.0
2026-12-21,우선산업,2025-12-26,15.8,46,"PE28mm 2kgPE28M／M(백)2KG, PE50mm, 4.5KGPE50M／M(백)4.5KG, PE50mm, 4.7KGPE50M／M(백)4.7KG 외 1개",3502.0,7082525.0
2026-12-22,(주)아이마켓코리아,2025-12-24,3.4,213,"PP11MM*13.34KG삼성경량밴드(황색)2300m*두께0.84mm단중5.8g GRS, PP11MM*13.34KG삼성경량밴드2300m*두께0.84mm단중5.8g GRS, PP18MM x 21Kg 삼성 황색2300M 포장중량 21Kg, 1롤/1pcs 포장 (황색) 외 2개",14291.08,28366635.0
2026-12-22,경인팩,2026-01-05,3.8,190,"PE28mm 2kgPE28M／M(백)2KG, PE28mm 2kgPE28M／M(적)2KG, PE28mm 2kgPE28M／M(청)2KG 외 14개",5510.5199999999995,16562146.0
2026-12-22,그린포장,2025-11-01,104.2,5,PE28mm 2kgPE28M／M(백)2KG,244.0,780800.0
2026-12-22,대상산업,2026-01-02,3.9,187,"PE28mm 2kgPE28M／M(백)2KG, PE28mm 2kgPE28M／M(적)2KG, PE28mm 2kgPE28M／M(청)2KG 외 11개",2277.29,7029671.0
2026-12-22,동원팩,2026-01-05,3.1,236,"PE28mm 2kgPE28M／M(녹)2KG, PE28mm 2kgPE28M／M(백)2KG, PE28mm 2kgPE28M／M(청)2KG 외 7개",668.02,3938701.0
2026-12-22,주신산업,2026-01-05,9.3,79,"PE28mm 2kgPE28M／M(백)2KG, PP12MPP12M／M10KG(황), 운송료택배비",750.0799999999999,1575293.0
2026-12-22,진송팩,2026-01-02,6.4,116,"PE28mm 2kgPE28M／M(녹)2KG, PE28mm 2kgPE28M／M(백)2KG, PE28mm 2kgPE28M／M(적)2KG 외 8개",2999.4500000000003,7030996.0
2026-12-23,신광포장기계,2026-01-05,4.7,158,"PE28mm 2kgPE28M／M(백)2KG, PE28mm 2kgPE28M／M(황)2KG, PE28mm, 6KGPE28M／M(백)6KG 외 16개",6017.12,13233179.0
2026-12-23,한길포장기계,2026-01-05,22.9,33,"PE28mm 2kgPE28M／M(백)2KG, PP12MPP12M／M10KG(백), PP12MPP12M／M10KG(청) 외 3개",2366.34,4956034.0
2026-12-23,합동포장기계,2026-01-05,16.7,45,"PE28mm 2kgPE28M／M(백)2KG, PE28mm 2kgPE28M／M(청)2KG, PP12MPP12M／M10KG(백) 외 11개",4790.71,11879932.0
2026-12-24,신대한판지(주),2024-08-12,32.2,7,"PP12MPP12M／M10KG(녹), PP12MPP12M／M10KG(백), PP9MMPP9M／M9.5KG(백색)",1497.5,3627100.0
2026-12-24,전주삼신산업,2025-12-29,9.9,74,"PE28mm 2kgPE28M／M(백)2KG, PE28mm 2kgPE28M／M(청)2KG, PP12MPP12M／M10KG(황) 외 5개",1214.31,2861475.0
2026-12-24,파코팩(PACO PACK),2024-09-05,40.8,7,"PE 결속끈PE#50 (백) 5500m 5KG, PE28mm 2kgPE28M／M(백)2KG, PE50mm, 5KGPE50M／M(황)5KG",2226.67,6146667.0
2026-12-25,(주)아이마켓코리아,2025-12-24,3.4,213,"PP11MM*13.34KG삼성경량밴드(황색)2300m*두께0.84mm단중5.8g GRS, PP11MM*13.34KG삼성경량밴드2300m*두께0.84mm단중5.8g GRS, PP18MM x 21Kg 삼성 황색2300M 포장중량 21Kg, 1롤/1pcs 포장 (황색) 외 2개",14291.08,28366635.0
2026-12-25,경인팩,2026-01-05,3.8,190,"PE28mm 2kgPE28M／M(백)2KG, PE28mm 2kgPE28M／M(적)2KG, PE28mm 2kgPE28M／M(청)2KG 외 14개",5510.5199999999995,16562146.0
2026-12-25,대상산업,2026-01-02,3.9,187,"PE28mm 2kgPE28M／M(백)2KG, PE28mm 2kgPE28M／M(적)2KG, PE28mm 2kgPE28M／M(청)2KG 외 11개",2277.29,7029671.0
2026-12-25,동서포장종합상사,2025-12-18,31.2,23,PE28mm 2kgPE28M／M(백)2KG,106.96,320783.0
2026-12-25,동원팩,2026-01-05,3.1,236,"PE28mm 2kgPE28M／M(녹)2KG, PE28mm 2kgPE28M／M(백)2KG, PE28mm 2kgPE28M／M(청)2KG 외 7개",668.02,3938701.0
2026-12-25,주식회사 대한종합포장,2025-11-24,18.3,38,"PP12MPP12M／M10KG(백), PP5MMx7000Mx0.5T 백색, 스트레치필름(기능 기계랩)15*500mm*1700m 외 2개",447.06,5345675.0
2026-12-25,주식회사 동원피앤아이,2025-12-26,13.4,55,"PE 결속끈PE#50 (백) 5500m 5KG, PE28mm 2kgPE28M／M(백)2KG, PE50mm, 4.7KGPE50M／M(황)4.7KG 외 1개",53584.69,9944337.0
2026-12-26,H.E. BAUMRUCKER COMPANY,2025-09-27,65.8,9,"12 x 3,018M 0.58T White (8x8)12 x 3,018M 0.58T White (8x8), 12 x 3,018M 0.58T White 230 CORE (9x8)12 x 3,018M 0.58T White 230 CORE (9x8), 15 x 1,645M 0.76T 16*6 Black15 x 1,645M 0.76T 16*6 Black 외 6개",31937.23,90135842.0
2026-12-26,세움패키지(SEUMPKG),2025-12-16,25.6,28,"PE 결속끈PE#50 (백) 5500m 5KG, PE28mm 2kgPE28M／M(백)2KG, PP12MPP12M／M10KG(황) 외 5개",2818.1,6986669.0
2026-12-26,태광오토팩,2025-12-01,26.2,26,"PE28mm 2kgPE28M／M(백)2KG, PE28mm 2kgPE28M／M(청)2KG, PE28mm 2kgPE28M／M(황)2KG 외 2개",1850.52,4437283.0
2026-12-27,신광포장기계,2026-01-05,4.7,158,"PE28mm 2kgPE28M／M(백)2KG, PE28mm 2kgPE28M／M(황)2KG, PE28mm, 6KGPE28M／M(백)6KG 외 16개",6017.12,13233179.0
2026-12-27,파워엠팩,2025-07-23,18.3,32,"PP10.5MPP10.5M10KG(청), PP10.5MPP10.5M10KG투명, PP12MPP12M／M10KG(백) 외 5개",4589.52,9635060.0
2026-12-28,(주)아이마켓코리아,2025-12-24,3.4,213,"PP11MM*13.34KG삼성경량밴드(황색)2300m*두께0.84mm단중5.8g GRS, PP11MM*13.34KG삼성경량밴드2300m*두께0.84mm단중5.8g GRS, PP18MM x 21Kg 삼성 황색2300M 포장중량 21Kg, 1롤/1pcs 포장 (황색) 외 2개",14291.08,28366635.0
2026-12-28,경인팩,2026-01-05,3.8,190,"PE28mm 2kgPE28M／M(백)2KG, PE28mm 2kgPE28M／M(적)2KG, PE28mm 2kgPE28M／M(청)2KG 외 14개",5510.5199999999995,16562146.0
2026-12-28,대상산업,2026-01-02,3.9,187,"PE28mm 2kgPE28M／M(백)2KG, PE28mm 2kgPE28M／M(적)2KG, PE28mm 2kgPE28M／M(청)2KG 외 11개",2277.29,7029671.0
2026-12-28,대화수지공업(주),2025-09-29,13.7,13,"PE원료LLD PE, PE원료LLDPE 재생투명, PE원료재생원료",66677.0,78634597.0
2026-12-28,동원팩,2026-01-05,3.1,236,"PE28mm 2kgPE28M／M(녹)2KG, PE28mm 2kgPE28M／M(백)2KG, PE28mm 2kgPE28M／M(청)2KG 외 7개",668.02,3938701.0
2026-12-28,진송팩,2026-01-02,6.4,116,"PE28mm 2kgPE28M／M(녹)2KG, PE28mm 2kgPE28M／M(백)2KG, PE28mm 2kgPE28M／M(적)2KG 외 8개",2999.4500000000003,7030996.0
2026-12-29,(주)디앤푸드,2025-02-04,99.0,5,스트레치필름(일반 기계랩)20*500mm*1400m,30.0,990000.0
2026-12-29,(주)한주,2024-10-15,23.9,13,"PP15MM*17.5kg 삼성 recycle2194M두께1.0mm단중7.6g Clear, PP18MM*21kg 삼성 recycle2300M두께0.80mm단중8.8g Clear, 삼성 코드: 6922-00001(황색) PP18MMx 2300M 포장중량 21Kg, 1롤/1pcs 포장,",21823.96,37912978.0
2026-12-29,신한포장기계(주),2025-11-10,69.8,10,PE28mm 2kgPE28M／M(백)2KG,1001.2,2710000.0
2026-12-29,제일포장(김해),2025-04-08,63.1,8,"PE28mm 2kgPE28M／M(녹)2KG, PE28mm 2kgPE28M／M(백)2KG, 운송료",1215.3600000000001,3624371.0
2026-12-29,주)대성씨앤씨,2025-12-22,12.0,61,"PP12MPP12M／M10KG(백), PP12MPP12M／M10KG(황), PP5MMx7000Mx0.5T 11.4kg 백색core 200x8T OD400 롤랩핑 400*200 외 4개",2049.7,8922062.0
2026-12-29,주식회사 광림파워팩,2025-12-31,11.4,64,"PE28mm 2kgPE28M／M(백)2KG, PP12MPP12M／M10KG(황), PP12MPP12M／M12.5KG (황) 외 8개",6870.24,14245264.0
2026-12-29,하영종합상사,2025-09-29,57.3,11,"PE28mm 2kgPE28M／M(백)2KG, 운송료",115.09,370036.0
2026-12-29,한남포장기계,2025-12-16,18.3,39,"PE28mm 2kgPE28M／M(백)2KG, PP12MPP12MM / 9.5KG(황), PP12MPP12M／M9KG(황)",2504.96,5711779.0
2026-12-30,(주)낙원포장,2025-12-23,12.6,58,"PE15MPP15M／M10KG, PE28mm 2kgPE28M／M(백)2KG, PP10.5MPP10.5M10KG(청) 외 6개",7870.610000000001,15670636.0
2026-12-30,(주)영화수출포장 김포공장,2025-05-21,42.0,3,PE 결속끈PE#50 (백) 5500m 5KG,400.0,1180000.0
2026-12-30,(주)진송팩,2025-11-11,18.7,4,"PP18MPP18M／M10KG(황), 운송료",197.0,413900.0
2026-12-30,강원농협연합포장재가공사업소,2025-11-17,34.0,18,PP12MPP12M／M12.5KG (황),3348.21,6195536.0
2026-12-31,(주)신명코퍼레이션,2026-01-05,90.8,5,PP18MM*21kg 삼성 recycle2300M두께0.80mm단중8.8g Clear,20.0,860000.0
2026-12-31,(주)아이마켓코리아,2025-12-24,3.4,213,"PP11MM*13.34KG삼성경량밴드(황색)2300m*두께0.84mm단중5.8g GRS, PP11MM*13.34KG삼성경량밴드2300m*두께0.84mm단중5.8g GRS, PP18MM x 21Kg 삼성 황색2300M 포장중량 21Kg, 1롤/1pcs 포장 (황색) 외 2개",14291.08,28366635.0
2026-12-31,경인팩,2026-01-05,3.8,190,"PE28mm 2kgPE28M／M(백)2KG, PE28mm 2kgPE28M／M(적)2KG, PE28mm 2kgPE28M／M(청)2KG 외 14개",5510.5199999999995,16562146.0
2026-12-31,금산포장,2026-01-05,15.0,45,"PE28mm 2kgPE28M／M(백)2KG, PE28mm, 6KGPE28M／M(백)6KG, PP12MPP12M／M10KG(투명) 외 2개",1071.8500000000001,2573952.0
2026-12-31,대상산업,2026-01-02,3.9,187,"PE28mm 2kgPE28M／M(백)2KG, PE28mm 2kgPE28M／M(적)2KG, PE28mm 2kgPE28M／M(청)2KG 외 11개",2277.29,7029671.0
2026-12-31,동원팩,2026-01-05,3.1,236,"PE28mm 2kgPE28M／M(녹)2KG, PE28mm 2kgPE28M／M(백)2KG, PE28mm 2kgPE28M／M(청)2KG 외 7개",668.02,3938701.0
2026-12-31,세화종합상사,2025-11-24,67.2,10,PE28mm 2kgPE28M／M(백)2KG,38.0,123500.0
2026-12-31,신광포장기계,2026-01-05,4.7,158,"PE28mm 2kgPE28M／M(백)2KG, PE28mm 2kgPE28M／M(황)2KG, PE28mm, 6KGPE28M／M(백)6KG 외 16개",6017.12,13233179.0
2026-12-31,주식회사 마크원테크,2025-12-19,29.9,16,"PP6MMPP6M／M10KG(백), 운송료",678.5,1494179.0
2026-12-31,주신산업,2026-01-05,9.3,79,"PE28mm 2kgPE28M／M(백)2KG, PP12MPP12M／M10KG(황), 운송료택배비",750.0799999999999,1575293.0
