일자,거래처명,창고,품   목 [규격],수량(kg),단위,단가,외화금액,공급가액,부가세,합계,적요,법인명(삼성),오더번호
20091201,(주)이카운트,PE,완제품,11.0000000000, ,4150.0000000000,300.0000000000,440000.0000000000,8000.0000000000,448000.0000000000, , , 
2009/12  계,,,,11,,4150,300,440000,8000,448000,,,
20100105,자강산업(주),PP,PP18M,1500.0000000000,KG,1630.0000000000,0.0000000000,2445000.0000000000,244500.0000000000,2689500.0000000000, , , 
20100106,경인팩,PE,PE28mm 2kgPE 28M／M (백) 2KG,2725.0000000000,KG,1968.7500000000,0.0000000000,5352500.0000000000,535250.0000000000,5887750.0000000000, , , 
20100107,(주)삼화인쇄,PP,PP10.5MPP 10.5M 10KG 투명,6685.0000000000,KG,2021.4285714286,0.0000000000,14212250.0000000000,1421225.0000000000,15633475.0000000000, , , 
20100108,한국미쓰비시상사(주),PE,PE28mmPE 28M／M (백색),15312.5000000000,KG,1689.5000000000,1752960.0000000000,28740707.0000000000,852125.0000000000,29592832.0000000000, , , 
20100111,(주)삼화인쇄,PP,PP10.5MPP 10.5M 10KG 투명,9144.0000000000,KG,1744.4444444444,0.0000000000,15803000.0000000000,1580300.0000000000,17383300.0000000000, , , 
20100112,KOMERI,PP,15 x 100M 0.55T15 x 100M 0.55T 녹색,18394.0000000000,KG,985.4671866667,2875720.0000000000,45552434.0000000000,1056700.0000000000,46609134.0000000000, , , 
20100113,"SANYU CO.,LTD",PP,15 x 100M 0.55T15 x 100M 0.55T 황색,8555.0000000000,KG,1382.7152000000,1116500.0000000000,16712127.0000000000,293195.0000000000,17005322.0000000000, , , 
20100114,경인팩,PE,PE28mm 2kgPE 28M／M (백) 2KG,2791.0000000000,KG,1800.0000000000,0.0000000000,6044700.0000000000,604470.0000000000,6649170.0000000000, , , 
20100115,(주)디에스팩,PP,STOPPER 50 PCSSTOPPER 50 PCS 투명,41455.0000000000,ea,1601.8785714286,0.0000000000,19204365.0000000000,1215680.0000000000,20420045.0000000000,STOPPER, , 
20100118,(주)교학사,PP,PP12MPP 12M／M 12.5(황),4050.0000000000,KG,2028.5714285714,0.0000000000,7497500.0000000000,749750.0000000000,8247250.0000000000, , , 
20100119,KOMERI,PP,15 x 100M 0.55T15 x 100M 0.55T 녹색,17444.0000000000,KG,1160.1115444444,2875720.0000000000,44284938.0000000000,853600.0000000000,45138538.0000000000, , , 
20100120,TSUKASA CHEMICAL INDUSTRY,PE,"PE28mm, 6KGPE 28M／M (백) 6KG",11545.0000000000,KG,1467.4000000000,1592640.0000000000,22606522.0000000000,295000.0000000000,22901522.0000000000, , , 
20100121,동방포장기자재,PE,PE28mm 2kgPE 28M／M (백) 2KG,1845.0000000000,KG,2262.5000000000,0.0000000000,4130000.0000000000,413000.0000000000,4543000.0000000000, , , 
20100122,삼원산업,PP,PP12MPP 12M／M 12KG(황),5944.0000000000,KG,2022.7272727273,0.0000000000,10803450.0000000000,1080345.0000000000,11883795.0000000000,150롤, , 
20100125,(주)대림칼라,PP,PP 11MM11MM -10KG (백),15404.0000000000,KG,1377.2837500000,1783565.0000000000,31403226.0000000000,861640.0000000000,32264866.0000000000, , , 
20100126,대경(박타원),PE,PE28mm 2kgPE 28M／M (백) 2KG,3345.0000000000,KG,2150.0000000000,0.0000000000,7694000.0000000000,769400.0000000000,8463400.0000000000, , , 
20100127,광림포장기계컨베이어,PE,PE28mm 2kgPE 28M／M (백) 2KG,5120.0000000000,KG,1791.6666666667,0.0000000000,9060000.0000000000,906000.0000000000,9966000.0000000000, , , 
20100128,경인팩,PE,PE28mm 2kgPE 28M／M (백) 2KG,336.0000000000,KG,2250.0000000000,0.0000000000,756000.0000000000,75600.0000000000,831600.0000000000,14박스, , 
20100129,합동포장기계,PP,PP12MPP 12M／M 12.5(투명),3891.0000000000,KG,2137.4272727273,0.0000000000,8346699.0000000000,834669.0000000000,9181368.0000000000,20롤, , 
20100130,금산포장,PE,PE28mm 2kgPE 28M／M (백) 2KG,3600.0000000000,KG,2375.0000000000,0.0000000000,8250000.0000000000,825000.0000000000,9075000.0000000000,30박스, , 
20100131,삼성전자(주),PP,18MMx 21kg 삼성2520M 두께 0.9mm 단중 8.56g,15390.0000000000,KG,1714.3000000000,0.0000000000,26381877.0000000000,298377.0000000000,26680254.0000000000,내수, , 
2010/01  계,,,,194475.5,,37561.1719091054,11997105,335281295,15765826,351047121,,,
20100201,(주)디에스팩,PE,PE28mm 2kgPE 28M／M (백) 2KG,941.0000000000,KG,11580.0000000000,0.0000000000,2246000.0000000000,224600.0000000000,2470600.0000000000,30박스, , 
20100202,LANDEN,PP,"12 x 3,000M 0.62T12 x 3,000M 0.62T 백색",23809.5000000000,KG,1688.9398615385,27720.0000000000,47860030.0000000000,1548860.0000000000,49408890.0000000000, , , 
20100203,경인팩,PE,PE28mm 2kgPE 28M／M (백) 2KG,2600.0000000000,KG,2075.0000000000,0.0000000000,5780000.0000000000,578000.0000000000,6358000.0000000000,100박스, , 
20100204,(주)한국유니콤,PE,PE28mm 2kgPE 28M／M (백) 2KG,4511.0000000000,KG,2097.5166666667,0.0000000000,9346339.0000000000,934633.0000000000,10280972.0000000000,25박스, , 
20100205,한서포장,PE,PE28mm 2kgPE 28M／M (백) 2KG,6472.0000000000,KG,2025.9833333333,0.0000000000,13369870.0000000000,1336987.0000000000,14706857.0000000000,30박스, , 
20100208,삼성전자(주),PP,18MMx 21kg 삼성2520M 두께 0.9mm 단중 8.56g,16840.0000000000,KG,1482.9200000000,1998240.0000000000,38191195.0000000000,1196449.0000000000,39387644.0000000000,수출(5), , 
20100209,자강산업(주),PP,PP18MPP 18M／M 10KG,3014.0000000000,KG,1705.6750000000,0.0000000000,5145216.0000000000,514521.0000000000,5659737.0000000000,80롤, , 
20100210,파워엠팩,PP,PP9MMPP9M／M13KG(투명),4507.0000000000,KG,1665.5222222222,0.0000000000,7536134.0000000000,753610.0000000000,8289744.0000000000,96롤, , 
20100211,경인팩,PE,PE28mm 2kgPE28M／M(백)2KG,15265.0000000000,KG,1200.8116000000,19974.8800000000,33622974.0000000000,1049420.0000000000,34672394.0000000000,24(3박스), , 
20100212,한국미쓰비시상사(주),PE,PE28mm 2kgPE28M／M(백)2KG,21720.0000000000,KG,147.2900000000,3188790.0000000000,41118171.0000000000,0.0000000000,41118171.0000000000, , , 
20100213,CORPORATEEXPRESS,PP,PP 12MM12MM 1000M 0.55MM Blue,8923.0000000000,KG,2.1110750000,18670.0000000000,21603519.0000000000,0.0000000000,21603519.0000000000, , , 
20100215,LANDEN,PP,"12 x 3,000M 0.62T12x3,000M0.62T백색",15319.0000000000,KG,1.8182000000,27852.0000000000,32227549.0000000000,0.0000000000,32227549.0000000000, , , 
20100217,삼성전자(주),PP,18MMx 21kg 삼성2520M두께0.9mm단중8.56g,2794.0000000000,KG,1894.1428571429,0.0000000000,4865676.0000000000,486567.0000000000,5352243.0000000000,내수 30롤, , 
20100218,제일산업(주)(화성),PP,PP12MPP12M／M9KG,1140.0000000000,KG,2040.0000000000,0.0000000000,2191000.0000000000,219100.0000000000,2410100.0000000000,30롤, , 
20100219,경인팩,PP,PP8MMPP8M／M10KG(투명),23786.0000000000,KG,1712.3500000000,0.0000000000,11768994.0000000000,1176899.0000000000,12945893.0000000000,20롤, , 
20100220,"SANYU CO.,LTD",PP,15 x 170M 0.55T15x170M0.55T백색,660260.0000000000,KG,134.4065181818,1813680.0000000000,22606977.0000000000,0.0000000000,22606977.0000000000, , , 
20100222,금산포장,PP,PP12MPP12M／M12.5KG(아.그린),6476.0000000000,KG,1984.6153846154,0.0000000000,10906700.0000000000,1090670.0000000000,11997370.0000000000,100롤, , 
20100223,KOMERI,PP,15 x 100M 0.55T15x100M0.55T녹색,23089.0000000000,KG,707.9548000000,2637400.0000000000,53499678.0000000000,2027238.0000000000,55526916.0000000000, , , 
20100224,(주)시몬사,PE,PE28mm 2kgPE28M／M(백)2KG,640.0000000000,KG,2550.0000000000,0.0000000000,1640000.0000000000,164000.0000000000,1804000.0000000000,20박스, , 
20100225,파워엠팩,PP,PP9MMPP9M／M13KG(투명),1160.0000000000,KG,2025.0000000000,0.0000000000,2492000.0000000000,249200.0000000000,2741200.0000000000,30롤, , 
20100226,선풍포장,PE,PE28mm 2kgPE28M／M(백)2KG,3455.0000000000,KG,2142.0600000000,0.0000000000,6619790.0000000000,159275.0000000000,6779065.0000000000,3박스, , 
20100227,호성수출포장,PE,PE28mm 2kgPE28M／M(백)2KG,12367.0000000000,KG,459.4176666667,28553.0800000000,33855887.0000000000,78000.0000000000,33933887.0000000000,15박스, , 
20100228,TSUKASA CHEMICAL INDUSTRY,PE,PE28mm 2kgPE28M／M(청)2KG,11280.0000000000,KG,168.4000000000,1877280.0000000000,24391686.0000000000,0.0000000000,24391686.0000000000, , , 
2010/02  계,,,,870368.5,,41491.9351853675,11638159.96,432885385,13788029,446673414,,,
20100302,광림포장기계컨베이어,PP,PP15MPP15M／M13KG(황),4653.0000000000,KG,2790.0000000000,0.0000000000,7938500.0000000000,793850.0000000000,8732350.0000000000,150롤, , 
20100303,삼성전자(주),PP,18MMx 21kg 삼성2520M두께0.9mm단중8.56g,3261.0000000000,KG,2041.4000000000,0.0000000000,5854786.0000000000,461757.0000000000,6316543.0000000000,수출 9, , 
20100304,한국미쓰비시상사(주),PE,PE28mm 2kgPE28M／M(황)2KG,14602.0000000000,KG,3938.6175000000,1577309.0000000000,32971684.0000000000,1234165.0000000000,34205849.0000000000, , , 
20100305,광림포장기계컨베이어,PE,PE28mm 2kgPE28M／M(황)2KG,4380.0000000000,KG,1990.4444444444,0.0000000000,8132755.0000000000,407314.0000000000,8540069.0000000000,5박스, , 
20100306,RLBUTTON,PP,"12 x 3,000M 0.60T12x3,000M0.60TBLUE",15962.0000000000,KG,6.1555333333,28033.3200000000,32064511.0000000000,0.0000000000,32064511.0000000000, , , 
20100308,경인팩,PE,PE28mm 2kgPE28M／M(녹)2KG,2605.0000000000,KG,2133.3333333333,0.0000000000,4749000.0000000000,474900.0000000000,5223900.0000000000,4박스, , 
20100309,대우밴딩,PE,PE28mm 2kgPE28M／M(백)2KG,1100.0000000000,KG,2566.6666666667,0.0000000000,2830000.0000000000,283000.0000000000,3113000.0000000000,20 c/t, , 
20100310,삼성전자(주),PP,18MMx 21kg 삼성2520M두께0.9mm단중8.56g,3264.0000000000,KG,1842.6200000000,0.0000000000,6021342.0000000000,123721.0000000000,6145063.0000000000,수출 20, , 
20100311,대경(박타원),PP,PP12MPP12M／M12.5KG(아.그린),8877.0000000000,KG,1921.4117647059,0.0000000000,17438843.0000000000,1372719.0000000000,18811562.0000000000,50롤, , 
20100312,삼현산업팩,PP,PP 12MM12MM 2200 0.60MM White,8335.5000000000,KG,955.1296000000,12139.0000000000,16968009.0000000000,323880.0000000000,17291889.0000000000, , , 
20100313,PUNCHBOWL,PP,PP19M HD BlackPP19M／M*1000M1.0TBlack,31630.0000000000,KG,36.5556200000,1804777.0000000000,68123805.0000000000,0.0000000000,68123805.0000000000, , , 
20100315,삼성전자(주),PP,18MMx 21kg 삼성2520M두께0.9mm단중8.56g,17468.0000000000,KG,1620.7017500000,28980.0000000000,38448490.0000000000,145494.0000000000,38593984.0000000000,수출 17, , 
20100316,경인팩,PE,PE28mm 2kgPE28M／M(황)2KG,280.0000000000,KG,2100.0000000000,0.0000000000,516000.0000000000,51600.0000000000,567600.0000000000,1박스, , 
20100317,(주)교학사,PP,PP12MPP12M／M12.5(황),5170.0000000000,KG,1923.8750000000,0.0000000000,10292130.0000000000,1029213.0000000000,11321343.0000000000,50롤, , 
20100318,삼원산업,PE,PE28mm 2kgPE28M／M(백)2KG,19006.0000000000,KG,2033.2237384615,0.0000000000,38368798.0000000000,2104830.0000000000,40473628.0000000000,10박스, , 
20100319,삼성전자(주),PP,18MMx 21kg 삼성2520M두께0.9mm단중8.56g,7615.0000000000,KG,1905.0111111111,0.0000000000,14180975.0000000000,193489.0000000000,14374464.0000000000,수출 160, , 
20100322,삼성전자(주),PP,18MMx 21kg 삼성2520M두께0.9mm단중8.56g,1182.0000000000,KG,2041.4428571429,0.0000000000,2093272.0000000000,190500.0000000000,2283772.0000000000,수출 2, , 
20100323,충남상회,PE,PE28mm 2kgPE28M／M(백)2KG,1380.0000000000,KG,2475.0000000000,0.0000000000,3275000.0000000000,327500.0000000000,3602500.0000000000,10박스, , 
20100324,삼성전자(주),PP,18MMx 21kg 삼성2520M두께0.9mm단중8.56g,9192.0000000000,KG,1933.8538461538,0.0000000000,16427110.0000000000,1396444.0000000000,17823554.0000000000,내수 15, , 
20100325,광림포장기계컨베이어,PP,PP12MPP12M／M12.5(황),4260.0000000000,KG,1918.7500000000,0.0000000000,8046500.0000000000,804650.0000000000,8851150.0000000000,100롤, , 
20100326,삼성전자(주),PP,18MMx 21kg 삼성2300M두께0.9mm단중9.1g,23361.0000000000,KG,1729.1133333333,30844.8000000000,45945048.0000000000,838652.0000000000,46783700.0000000000,수출 60, , 
20100327,LANDEN,PP,"12 x 3,000M 0.62T12x3,000M0.62T백색",15246.0000000000,KG,1.8182000000,27720.0000000000,31634064.0000000000,0.0000000000,31634064.0000000000, , , 
20100329,삼성전자(주),PP,18MMx 15kg 삼성1650M두께0.9mm단중8.56g,11071.0000000000,KG,2109.7700000000,0.0000000000,21880513.0000000000,1998434.0000000000,23878947.0000000000,수출 60, , 
20100330,삼성전자(주),PP,18MMx 21kg 삼성2300M두께0.9mm단중9.1g,10120.0000000000,KG,2291.4428571429,0.0000000000,19697390.0000000000,593000.0000000000,20290390.0000000000,수출 270, , 
20100331,전주삼신포장기계,PE,PE28mm 2kgPE28M／M(청)2KG,60.0000000000,KG,2550.0000000000,0.0000000000,153000.0000000000,15300.0000000000,168300.0000000000,1박스, , 
2010/03  계,,,,224080.5,,46856.3371558291,3509803.12,454051525,15164412,469215937,,,
20100401,동광포장,PE,PE28mm 2kgPE28M／M(백)2KG,1125.0000000000,KG,2120.0000000000,0.0000000000,2665000.0000000000,266500.0000000000,2931500.0000000000,20박스, , 
20100402,위니아만도(주),PP,18MMx 15kg 위니아1818MMx 15kg,6740.0000000000,KG,5469.5384615385,0.0000000000,20608716.0000000000,2014476.0000000000,22623192.0000000000, , , 
20100403,ABL,PP,"12 x 3,000M 0.60T12x3,000M0.60TBLUE",15082.0000000000,KG,5.4154666667,37103.7600000000,41864171.0000000000,0.0000000000,41864171.0000000000, , , 
20100405,(주)지엔에스트레이딩,PP,18MMx 21kg 삼성(내수)2520M두께0.9mm단중8.56g,3934.0000000000,KG,1795.5000000000,0.0000000000,7159972.0000000000,275239.0000000000,7435211.0000000000,내수 30, , 
20100406,광림포장기계컨베이어,PP,PP9MMPP9M／M10KG,7490.0000000000,KG,2075.0000000000,0.0000000000,16639500.0000000000,1663950.0000000000,18303450.0000000000,100롤, , 
20100407,신한화학포장기계(주),PE,PE28mm 2kgPE28M／M(백)2KG,1145.0000000000,KG,2333.3333333333,0.0000000000,2779000.0000000000,277900.0000000000,3056900.0000000000,50박스, , 
20100408,파워엠팩,PP,PP12MPP12M／M10KG(투명),5273.0000000000,KG,1879.3333333333,0.0000000000,9770313.0000000000,586535.0000000000,10356848.0000000000,80롤, , 
20100409,한서포장,PE,PE28mm 2kgPE28M／M(백)2KG,2460.0000000000,KG,2403.3200000000,0.0000000000,5682000.0000000000,568200.0000000000,6250200.0000000000,15박스, , 
20100410,TAPE,PP,PP 12MM12MMx1000Mx0.55MM Blue,32459.0000000000,KG,120.6768214286,65414.5300000000,74546088.0000000000,107250.0000000000,74653338.0000000000, , , 
20100412,(주)지엔에스트레이딩,PP,18MMx 21kg 삼성2300M두께0.9mm단중9.1g,8478.0000000000,KG,2173.7363636364,0.0000000000,15770834.0000000000,559406.0000000000,16330240.0000000000,수출 48, , 
20100413,(주)삼신,PE,PE28mm 2kgPE28M／M(백)2KG,3202.0000000000,KG,2203.8333333333,0.0000000000,7014662.0000000000,415360.0000000000,7430022.0000000000,50박스, , 
20100414,신광포장기계(부산),PE,PE28mm 2kgPE28M／M(백)2KG,976.0000000000,KG,2083.3333333333,0.0000000000,1804200.0000000000,180420.0000000000,1984620.0000000000,4박스, , 
20100415,합동포장기계,PE,PE28mm 2kgPE28M／M(백)2KG,2342.0000000000,KG,2073.5000000000,0.0000000000,4522660.0000000000,452266.0000000000,4974926.0000000000,15박스, , 
20100416,(주)지엔에스트레이딩,PP,18MMx 21kg 삼성2300M두께0.9mm단중9.1g,2605.0000000000,KG,2096.1428571429,0.0000000000,5467400.0000000000,353425.0000000000,5820825.0000000000,수출 3, , 
20100417,LANDEN,PP,"9 x 3,932M 0.60T9 x 3,932M 0.6T 백색",14868.0000000000,KG,2.0661000000,30718.8000000000,34057933.0000000000,0.0000000000,34057933.0000000000, , ,100317
20100418,RLBUTTON,PP,PP 12MM12MMx1000Mx0.55MM Blue,8551.8000000000,KG,3.3383444444,15809.6300000000,17528125.0000000000,0.0000000000,17528125.0000000000, , , 
20100419,삼원산업,PP,PP12MPP12M／M9.5KG,6141.0000000000,KG,1850.0000000000,0.0000000000,11336750.0000000000,1133675.0000000000,12470425.0000000000,100롤, , 
20100420,(주)지엔에스트레이딩,PP,18MMx 21kg 삼성(내수)2520M두께0.9mm단중8.56g,5360.0000000000,KG,1881.8333333333,0.0000000000,9992520.0000000000,999252.0000000000,10991772.0000000000,내수 40, , 
20100421,홍영산업,PE,PE28mm 2kgPE28M／M(백)2KG,5325.0000000000,KG,2038.2000000000,0.0000000000,10468090.0000000000,350875.0000000000,10818965.0000000000,20박스, , 
20100422,경인팩,PE,PE28mm 2kgPE28M／M(황)2KG,1168.0000000000,KG,2483.3333333333,0.0000000000,2789200.0000000000,278920.0000000000,3068120.0000000000,2박스, , 
20100423,대상산업,PE,PE28mm 2kgPE28M／M(백)2KG,2745.0000000000,KG,2063.3666666667,0.0000000000,5540225.0000000000,276657.0000000000,5816882.0000000000,30박스, , 
20100424,PUNCHBOWL,PP,PP19M HD BlackPP19M／M*1000M1.0TBlack,18541.0000000000,KG,4.5026600000,35126.1000000000,39007533.0000000000,0.0000000000,39007533.0000000000, , ,200171
20100426,제일산업(주)(화성),PP,PP8MMPP8M／M10KG(투명),22440.0000000000,KG,356.4888888889,2934228.0000000000,35845310.0000000000,120000.0000000000,35965310.0000000000,60롤, , 
20100427,대경(박타원),PE,PE28mm 2kgPE28M／M(백)2KG,6040.0000000000,KG,2200.0000000000,0.0000000000,12945000.0000000000,1294500.0000000000,14239500.0000000000,25박스, , 
20100428,(주)지엔에스트레이딩,PP,18MMx 21kg 삼성2300M두께0.9mm단중9.1g,2167.0000000000,KG,2747.0000000000,0.0000000000,4261670.0000000000,155526.0000000000,4417196.0000000000,수출 70, , 
20100429,한서포장,PE,PE28mm 2kgPE28M／M(백)2KG,2750.0000000000,KG,2221.4285714286,0.0000000000,5700000.0000000000,570000.0000000000,6270000.0000000000,20박스, , 
20100430,(주)대일상사,PE,PE28mm 2kgPE28M／M(백)2KG,5350.0000000000,KG,1950.0000000000,0.0000000000,10183750.0000000000,1018375.0000000000,11202125.0000000000,10박스, , 
2010/04  계,,,,194757.8,,48634.2212018415,3118400.82,415950622,13918707,429869329,,,
20100501,APACKPLASTIC,PP,"15 x 2,500M 0.64T15 x 2,500M 0.64T 청색",7675.5000000000,KG,1.9349000000,14851.2000000000,16566513.0000000000,0.0000000000,16566513.0000000000, , ,APDAN1002
20100502,"SANYU CO.,LTD",PP,15 x 100M 0.55T15x100M0.55T황색,421598.4000000000,KG,142.8083692308,1567106.0000000000,53362360.0000000000,0.0000000000,53362360.0000000000, , ,15 KIC
20100503,삼성종합포장,PE,PE28mm 2kgPE28M／M(백)2KG,4905.0000000000,KG,2014.3416666667,0.0000000000,10053316.0000000000,543729.0000000000,10597045.0000000000,20박스, , 
20100504,(주)삼신,PE,PE28mm 2kgPE28M／M(백)2KG,1855.0000000000,KG,1962.2750000000,0.0000000000,4055710.0000000000,294625.0000000000,4350335.0000000000,50박스, , 
20100506,광림포장기계컨베이어,PE,PE28mm 2kgPE28M／M(황)2KG,10034.0000000000,KG,1991.6153846154,0.0000000000,19052290.0000000000,1209295.0000000000,20261585.0000000000,10박스, , 
20100507,제일산업(주)(화성),PP,PP12MPP12M／M9KG,4204.0000000000,KG,2157.4545454545,0.0000000000,8613172.0000000000,861317.0000000000,9474489.0000000000,60롤, , 
20100508,TSUKASA CHEMICAL INDUSTRY,PE,"PE28mm, 6KGPE28M／M(백)6KG",10120.0000000000,KG,152.5000000000,1769200.0000000000,28013370.0000000000,0.0000000000,28013370.0000000000, , ,KYC-34-0005
20100510,신광포장기계(부산),PE,PE28mm 2kgPE28M／M(백)2KG,5976.0000000000,KG,2248.5714285714,0.0000000000,13211750.0000000000,1321175.0000000000,14532925.0000000000,5박스, , 
20100511,NORTH SHORE,PP,PP 06MM06MMx5486Mx0.48MM White,19444.0000000000,KG,1152.6727666667,26232.7700000000,38308892.0000000000,156817.0000000000,38465709.0000000000, , , 
20100512,파워엠팩,PP,PP10.5MPP10.5M10KG투명,760.0000000000,KG,2300.0000000000,0.0000000000,1614000.0000000000,161400.0000000000,1775400.0000000000,40롤, , 
20100513,(주)지엔에스트레이딩,PP,18MMx 21kg 삼성2300M두께0.9mm단중9.1g,3984.0000000000,KG,1842.3500000000,0.0000000000,7349332.0000000000,57994.0000000000,7407326.0000000000,수출 65, , 
20100514,합동포장기계,PP,PP12MPP12M／M12.5(황),8323.4000000000,KG,3234.6069842105,0.0000000000,16488250.0000000000,1259995.0000000000,17748245.0000000000,100롤, , 
20100517,DAINDO OFFSET,PE,PE28mm 2kgPE28M／M(백)2KG,16530.0000000000,KG,1482.7644444444,21319.2000000000,34020210.0000000000,553148.0000000000,34573358.0000000000, , ,100412
20100518,KOMERI,PP,15 x 100M 0.55T15x100M0.55T녹색,8597.8400000000,KG,1196.9734000000,1364600.0000000000,21443431.0000000000,447040.0000000000,21890471.0000000000, , ,PUS100215902
20100519,태현포장기계,PP,PP9MMPP9M／M10KG(투명),3098.0000000000,KG,1930.0000000000,0.0000000000,6413900.0000000000,641390.0000000000,7055290.0000000000,30롤, , 
20100520,경인팩,PE,"PE28mm, 6KGPE28M／M(백)6KG",5925.0000000000,KG,1931.7076923077,0.0000000000,11054065.0000000000,448976.0000000000,11503041.0000000000,15박스, , 
20100521,LANDEN,PP,"12 x 3,000M 0.62T12x3,000M0.62T백색",15246.0000000000,KG,2.0661000000,31500.0000000000,36700650.0000000000,0.0000000000,36700650.0000000000, , ,100317-2
20100524,대경(박타원),PE,PE28mm 2kgPE28M／M(적)2KG,3345.0000000000,KG,1866.6666666667,0.0000000000,5785250.0000000000,578525.0000000000,6363775.0000000000,2박스, , 
20100525,(주)범영화성,PE,PE28mm 2kgPE28M／M(백)2KG,4890.0000000000,KG,1960.1375000000,0.0000000000,9346760.0000000000,323632.0000000000,9670392.0000000000,20박스, , 
20100526,삼원산업,PP,PP15MPP15M／M10KG(적),1765.0000000000,KG,2180.0000000000,0.0000000000,3246750.0000000000,324675.0000000000,3571425.0000000000,50롤, , 
20100527,파워엠팩,PE,PE28mm 2kgPE28M／M(백)2KG,200.0000000000,KG,2350.0000000000,0.0000000000,470000.0000000000,47000.0000000000,517000.0000000000,10박스, , 
20100528,파워엠팩,PP,PP10.5MPP10.5M10KG투명,22100.0000000000,KG,368.9431250000,3507883.0000000000,48504778.0000000000,90000.0000000000,48594778.0000000000,50롤, , 
20100531,태림PACK,PE,PE28mm 2kgPE28M／M(백)2KG,22725.5000000000,KG,974.6452533333,34797.3300000000,47245271.0000000000,153789.0000000000,47399060.0000000000,2박스, , 
2010/05  계,,,,603301.64,,35445.0352271681,8337489.5,440920020,9474522,450394542,,,
20100601,홍영산업,PE,PE28mm 2kgPE28M／M(백)2KG,8880.0000000000,KG,1976.9230769231,0.0000000000,16850500.0000000000,1685050.0000000000,18535550.0000000000,20박스, , 
20100602,파워엠팩,PP,PP10.5MPP10.5M10KG투명,1120.0000000000,KG,2250.0000000000,0.0000000000,2124000.0000000000,212400.0000000000,2336400.0000000000,100롤, , 
20100603,(주)삼신,PE,PE28mm 2kgPE28M／M(백)2KG,1000.0000000000,KG,2500.0000000000,0.0000000000,2500000.0000000000,250000.0000000000,2750000.0000000000,50박스, , 
20100604,(주)삼신,PP,PP15MPP15M／M10KG(황),3845.0000000000,KG,2027.1571428571,0.0000000000,7595390.0000000000,426701.0000000000,8022091.0000000000,50롤, ,화물 직송
20100605,RLBUTTON,PP,"12 x 3,000M 0.60T12x3,000M0.60TBLUE",16738.5000000000,KG,150.3768882353,30646.0500000000,37919296.0000000000,100000.0000000000,38019296.0000000000, , ,411461 Lyttelton
20100607,광림포장기계컨베이어,PP,PP15MPP15M／M13KG,4770.0000000000,KG,2050.0000000000,0.0000000000,9122500.0000000000,912250.0000000000,10034750.0000000000,50롤, , 
20100608,(주)지엔에스트레이딩,PP,18MMx 21kg 삼성2300M두께0.9mm단중9.1g,5996.0000000000,KG,2054.8750000000,0.0000000000,12015253.0000000000,637045.0000000000,12652298.0000000000,수출 32, , 
20100609,파워엠팩,PP,PP12MPP12M／M10KG(황),3782.0000000000,KG,1801.2200000000,0.0000000000,6771955.0000000000,447739.0000000000,7219694.0000000000,80롤, , 
20100610,조은상사,PE,"PE28mm, 6KGPE28M／M(백)6KG",2504.0000000000,KG,2081.4285714286,0.0000000000,5079400.0000000000,507940.0000000000,5587340.0000000000,21박스, , 
20100611,(주)지엔에스트레이딩,PP,18MMx 21kg 삼성2300M두께0.9mm단중9.1g,8884.0000000000,KG,1253.1942000000,1357600.0000000000,23366107.0000000000,233925.0000000000,23600032.0000000000,수출 58, , 
20100612,ARMSTRONG,PP,"12 x 2,500M 0.65T12x2,500M0.65TWHITE",1440.0000000000,KG,2.4467000000,3523.2000000000,4444516.0000000000,0.0000000000,4444516.0000000000, , ,PO 017394
20100614,경인팩,PE,PE28mm 2kgPE28M／M(백)2KG,11505.0000000000,KG,1354.1585333333,1353900.0000000000,27697400.0000000000,936925.0000000000,28634325.0000000000,40박스, , 
20100615,(주)지엔에스트레이딩,PP,18MMx 21kg 삼성2300M두께0.9mm단중9.1g,5722.0000000000,KG,2031.3100000000,0.0000000000,11439882.0000000000,525044.0000000000,11964926.0000000000,수출 60, , 
20100616,MARKCOLIN,PP,PP 12MM12MMx1000Mx0.55MM Blue,11622.0000000000,KG,1367.4150083333,16054.1400000000,28686311.0000000000,903765.0000000000,29590076.0000000000, , ,56458
20100617,TSUKASA CHEMICAL INDUSTRY,PE,"PE28mm, 6KGPE28M／M(백)6KG",18027.0000000000,KG,1730.9090909091,1917600.0000000000,39058853.0000000000,1366005.0000000000,40424858.0000000000, , ,KYC-34-0007 (HAKATA)
20100618,(주)지엔에스트레이딩,PP,18MMx 21kg 삼성2300M두께0.9mm단중9.1g,4606.0000000000,KG,1827.1833333333,0.0000000000,8403398.0000000000,290989.0000000000,8694387.0000000000,수출 48, , 
20100619,금산포장,PE,PE28mm 2kgPE28M／M(백)2KG,682.0000000000,KG,2650.0000000000,0.0000000000,1779200.0000000000,177920.0000000000,1957120.0000000000,30+1롤, , 
20100621,미추클린센터,PE,PE28mm 2kgPE28M／M(백)2KG,25087.0000000000,KG,1033.0578947368,2946048.0000000000,45623082.0000000000,352463.0000000000,45975545.0000000000,2박스, , 
20100622,위니아만도(주),PP,18MMx 15kg 위니아1818MMx 15kg,6295.0000000000,KG,2055.7142857143,0.0000000000,14004750.0000000000,1400475.0000000000,15405225.0000000000,300롤, , 
20100623,신광포장기계(부산),PE,PE28mm 2kgPE28M／M(백)2KG,10311.0000000000,KG,886.1456461538,1351160.0000000000,23534474.0000000000,588900.0000000000,24123374.0000000000,5박스, , 
20100624,(주)지엔에스트레이딩,PP,18MMx 15kg 삼성1650M두께0.9mm단중8.56g,4825.0000000000,KG,1983.0200000000,0.0000000000,9317597.0000000000,538321.0000000000,9855918.0000000000,수출 60, , 
20100625,호성수출포장,PE,PE28mm 2kgPE28M／M(백)2KG,800.0000000000,KG,2600.0000000000,0.0000000000,2070000.0000000000,207000.0000000000,2277000.0000000000,15박스, , 
20100626,TSUKASA CHEMICAL INDUSTRY,PE,PE28mm 2kgPE28M／M(백)2KG,10080.0000000000,KG,176.0000000000,1754400.0000000000,23201413.0000000000,0.0000000000,23201413.0000000000, , ,KYC-34-0006
20100628,경인팩,PP,PP15MPP15M／M9.5KG(적색),2653.5000000000,KG,1894.1250000000,0.0000000000,4863170.0000000000,293001.0000000000,5156171.0000000000,15롤, , 
20100629,대경(박타원),PE,PE28mm 2kgPE28M／M(백)2KG,1625.0000000000,KG,1898.0200000000,0.0000000000,2917970.0000000000,180851.0000000000,3098821.0000000000,5박스, , 
20100630,경인팩,PP,PP12MPP12M／M12.5KG,9837.0000000000,KG,1556.6711750000,10945.0000000000,19609883.0000000000,636315.0000000000,20246198.0000000000,10롤, , 
2010/06  계,,,,182637,,43191.351546958,10741876.39,389996300,13811024,403807324,,,
20100701,대상산업,PE,PE28mm 2kgPE28M／M(백)2KG,3971.0000000000,KG,2468.1818181818,0.0000000000,7391700.0000000000,739170.0000000000,8130870.0000000000,10박스, , 
20100702,(주)지엔에스트레이딩,PP,18MMx 21kg 삼성2300M두께0.9mm단중9.1g,3739.5000000000,KG,1758.0000000000,0.0000000000,6608621.0000000000,421151.0000000000,7029772.0000000000,수출 62, , 
20100705,제일산업(주)(화성),PP,PP8MPP8M／M10KG(백색),22738.0000000000,KG,2295.1760000000,33264.0000000000,47751996.0000000000,713000.0000000000,48464996.0000000000,70롤, , 
20100706,경인팩,PP,PP15MPP15M／M10KG(황),4433.0000000000,KG,1967.1200000000,0.0000000000,9937661.0000000000,907362.0000000000,10845023.0000000000,10롤, , 
20100707,광림포장기계컨베이어,PP,PP15MPP15M／M13KG,5485.0000000000,KG,2107.1428571429,0.0000000000,10804750.0000000000,1080475.0000000000,11885225.0000000000,100롤, , 
20100708,(주)삼신,PE,PE28mm 2kgPE28M／M(백)2KG,2750.0000000000,KG,2250.0000000000,0.0000000000,6330000.0000000000,633000.0000000000,6963000.0000000000,50박스, , 
20100709,파워엠팩,PP,PP9MMPP9M／M11KG(녹),640.0000000000,KG,2016.6666666667,0.0000000000,1425500.0000000000,142550.0000000000,1568050.0000000000,10롤, , 
20100710,신한화학포장기계(주),PP,5014,1000.0000000000,kg,1530.0000000000,0.0000000000,1530000.0000000000,153000.0000000000,1683000.0000000000, , , 
20100712,삼원산업,PP,PP12MPP12M／M12KG(투),3161.0000000000,KG,2100.0000000000,0.0000000000,7264400.0000000000,726440.0000000000,7990840.0000000000,100롤, , 
20100713,(주)지엔에스트레이딩,PP,18MMx 21kg 삼성2300M두께0.9mm단중9.1g,7069.0000000000,KG,2071.3333333333,0.0000000000,14990607.0000000000,1425601.0000000000,16416208.0000000000,수출 15, , 
20100714,합동포장기계,PE,PE28mm 2kgPE28M／M(백)2KG,1950.0000000000,KG,2450.0000000000,0.0000000000,4110000.0000000000,411000.0000000000,4521000.0000000000,15박스, , 
20100715,위니아만도(주),PP,18MMx 15kg 위니아1818MMx 15kg,4740.0000000000,KG,2522.5000000000,0.0000000000,10929000.0000000000,1092900.0000000000,12021900.0000000000,300롤, , 
20100716,(주)지엔에스트레이딩,PP,18MMx 15kg 삼성1650M두께0.9mm단중8.56g,22004.0000000000,KG,667.6200000000,33390.0000000000,45953007.0000000000,124989.0000000000,46077996.0000000000,수출 128, , 
20100717,금산포장,PE,PE28mm 2kgPE28M／M(백)2KG,600.0000000000,KG,2600.0000000000,0.0000000000,1560000.0000000000,156000.0000000000,1716000.0000000000,30박스, , 
20100719,삼원산업,PP,PP12MPP12M／M12KG(황),3520.0000000000,KG,2105.5555555556,0.0000000000,6999000.0000000000,699900.0000000000,7698900.0000000000,100롤, , 
20100720,(주)지엔에스트레이딩,PP,18MMx 21kg 삼성2300M두께0.9mm단중9.1g,4546.0000000000,KG,1994.4200000000,0.0000000000,8688550.0000000000,104000.0000000000,8792550.0000000000,수출 15, , 
20100721,(주)지엔에스트레이딩,PP,18MMx 21kg 삼성2300M두께0.9mm단중9.1g,4299.0000000000,KG,1819.0000000000,0.0000000000,7844677.0000000000,231586.0000000000,8076263.0000000000,수출 67, , 
20100722,한서포장,PE,PE28mm 2kgPE28M／M(백)2KG,2860.0000000000,KG,2180.0000000000,0.0000000000,6442000.0000000000,644200.0000000000,7086200.0000000000,20박스, , 
20100723,경인팩,PP,PP12MPP12M／M12.5(황),62.5000000000,KG,1800.0000000000,0.0000000000,112500.0000000000,11250.0000000000,123750.0000000000,5롤, , 
20100726,경인팩,PP,PP12MPP12M／M10KG(황),19517.2000000000,KG,1200.5802545455,24090.0000000000,37378548.0000000000,853800.0000000000,38232348.0000000000,6롤, , 
20100727,(주)지엔에스트레이딩,PP,18MMx 21kg 삼성2300M두께0.9mm단중9.1g,16031.0000000000,KG,5624.3908950000,0.0000000000,32035209.0000000000,608250.0000000000,32643459.0000000000,수출 49, , 
20100728,(주)지엔에스트레이딩,PP,18MMx 15kg 삼성1650M두께0.9mm단중8.56g,2760.0000000000,KG,1840.0166666667,0.0000000000,4986408.0000000000,495867.0000000000,5482275.0000000000,내수1, , 
20100729,제일산업(주)(화성),PP,PP6MMPP6M／M10KG(녹),300.0000000000,KG,2000.0000000000,0.0000000000,600000.0000000000,60000.0000000000,660000.0000000000,20롤, , 
2010/07  계,,,,138176.2,,49367.7040470925,90744,281674134,12435491,294109625,,,
20100803,(주)지엔에스트레이딩,PP,18MMx 21kg 삼성2300M두께0.9mm단중9.1g,1218.0000000000,KG,1841.0000000000,0.0000000000,2242454.0000000000,108256.0000000000,2350710.0000000000,수출 30, , 
20100804,(주)지엔에스트레이딩,PP,18MMx 21kg 삼성2300M두께0.9mm단중9.1g,840.0000000000,KG,1841.0000000000,0.0000000000,1546520.0000000000,0.0000000000,1546520.0000000000,수출 40, , 
20100805,(주)지엔에스트레이딩,PP,18MMx 21kg 삼성2300M두께0.9mm단중9.1g,15159.0000000000,KG,1293.3175000000,1424760.0000000000,26563503.0000000000,601965.0000000000,27165468.0000000000,수출 32, , 
20100807,대상산업,PE,PE28mm 2kgPE28M／M(백)2KG,930.0000000000,KG,2233.3333333333,0.0000000000,2127500.0000000000,212750.0000000000,2340250.0000000000,20박스, , 
20100809,광림포장기계컨베이어,PP,PP15MPP15M／M13KG,4846.0000000000,KG,1928.5714285714,0.0000000000,8619300.0000000000,861930.0000000000,9481230.0000000000,100롤, , 
20100810,대경(박타원),PE,PE28mm 2kgPE28M／M(백)2KG,5320.0000000000,KG,1962.3727272727,0.0000000000,10346900.0000000000,272860.0000000000,10619760.0000000000,20박스, , 
20100811,제일산업(주)(화성),PP,PP8MPP8M／M10KG(백),27234.0000000000,KG,1872.3437500000,0.0000000000,11069350.0000000000,1106935.0000000000,12176285.0000000000,70롤, , 
20100812,삼원포장산업,PE,PE28mm 2kgPE28M／M(백)2KG,3350.0000000000,KG,2521.4285714286,0.0000000000,7809000.0000000000,780900.0000000000,8589900.0000000000,10박스, , 
20100813,경인팩,PE,PE28mm 2kgPE28M／M(백)2KG,6125.0000000000,KG,1954.1666666667,0.0000000000,12566250.0000000000,1256625.0000000000,13822875.0000000000,50박스, , 
20100814,"SANYU CO.,LTD",PP,15 x 100M 0.55T15x100M0.55T황색,135307.1000000000,KG,107.2626250000,1388453.8000000000,40074975.0000000000,0.0000000000,40074975.0000000000, , ,17 KIC
20100816,(주)지엔에스트레이딩,PP,18MMx 21kg 삼성2300M두께0.9mm단중9.1g,5386.0000000000,KG,2071.5125000000,0.0000000000,10815334.0000000000,549665.0000000000,11364999.0000000000,수출 106, , 
20100817,RLBUTTON,PP,"12 x 3,000M 0.60T12x3,000M0.60TBLUE",8208.0000000000,KG,1195.7791571429,14074.0000000000,17520096.0000000000,72700.0000000000,17592796.0000000000, , ,412657
20100818,광림포장기계컨베이어,PP,PP12MPP12M／M10KG(황),23670.0000000000,KG,1752.6666666667,0.0000000000,8298500.0000000000,829850.0000000000,9128350.0000000000,50롤, , 
20100819,(주)지엔에스트레이딩,PP,18MMx 15kg 삼성1650M두께0.9mm단중8.56g,1304.0000000000,KG,1830.0333333333,0.0000000000,2400319.0000000000,147240.0000000000,2547559.0000000000,내수 30롤, , 
20100820,성산포장,PE,PE28mm 2kgPE28M／M(백)2KG,1368.0000000000,KG,2570.0000000000,0.0000000000,3423200.0000000000,342320.0000000000,3765520.0000000000,2박스, , 
20100823,(주)지엔에스트레이딩,PP,18MMx 21kg 삼성2300M두께0.9mm단중9.1g,3772.0000000000,KG,2002.0000000000,0.0000000000,7485256.0000000000,412157.0000000000,7897413.0000000000,수출 5, , 
20100824,금산포장,PE,PE28mm 2kgPE28M／M(백)2KG,2005.0000000000,KG,2100.0000000000,0.0000000000,4506500.0000000000,450650.0000000000,4957150.0000000000,30박스, , 
20100825,합동포장기계,PP,PP12MPP12M／M12.5(황),5900.0000000000,KG,2068.0000000000,0.0000000000,13071250.0000000000,1307125.0000000000,14378375.0000000000,70롤, , 
20100826,(주)지엔에스트레이딩,PP,18MMx 15kg 삼성1650M두께0.9mm단중8.56g,4121.0000000000,KG,1832.7750000000,0.0000000000,7600708.0000000000,163652.0000000000,7764360.0000000000,수출 130, , 
20100827,APACKPLASTIC,PP,"15 x 2,500M 0.64T15 x 2,500M 0.64T 청색",14167.5000000000,KG,1729.3263583333,15450.0000000000,29848730.0000000000,1139525.0000000000,30988255.0000000000,750 롤, , 
20100828,MARKCOLIN,PP,PP 12MM12MMx1000Mx0.55MM Blue,7294.8000000000,KG,2.1495400000,15325.8900000000,18305231.0000000000,0.0000000000,18305231.0000000000, , , 
20100830,(주)삼신,PE,PE28mm 2kgPE28M／M(백)2KG,51200.0000000000,KG,1688.6666666667,0.0000000000,3850000.0000000000,385000.0000000000,4235000.0000000000,50박스, , 
20100831,LANDEN,PP,"8 x 3,932M 0.55T8 x 3,932M 0.55T 백색",14414.0000000000,KG,1565.2997142857,26964.0000000000,34934128.0000000000,86076.0000000000,35020204.0000000000, , , 
2010/08  계,,,,343139.4,,39963.0055387013,2885027.69,285025004,11088181,296113185,,,
20100901,홍영산업,PE,PE28mm 2kgPE28M／M(백)2KG,7520.0000000000,KG,2427.2727272727,0.0000000000,17255000.0000000000,1725500.0000000000,18980500.0000000000,20박스, , 
20100902,(주)삼신,PE,PE28mm 2kgPE28M／M(백)2KG,4005.0000000000,KG,2155.5555555556,0.0000000000,8654000.0000000000,865400.0000000000,9519400.0000000000,50박스, , 
20100903,파워엠팩,PP,PP18MPP18M／M10KG(황),1450.0000000000,KG,2000.0000000000,0.0000000000,3270000.0000000000,327000.0000000000,3597000.0000000000,40롤, , 
20100906,제일산업(주)(화성),PP,PP6MMPP6M／M10KG(황),5988.0000000000,KG,1928.6923076923,0.0000000000,11338994.0000000000,793665.0000000000,12132659.0000000000,12롤, , 
20100907,광림포장기계컨베이어,PP,PP12MPP12M／M12.5(투명),2250.0000000000,KG,1750.0000000000,0.0000000000,3937500.0000000000,393750.0000000000,4331250.0000000000,20롤, , 
20100908,위니아만도(주),PP,18MMx 15kg 위니아1818MMx 15kg,31146.0000000000,KG,1358.7293800000,48938.4000000000,68146133.0000000000,1057500.0000000000,69203633.0000000000,300롤, , 
20100909,자강산업(주),PP,PP18MPP18M／M10KG(황),1740.0000000000,KG,1950.0000000000,0.0000000000,3189000.0000000000,318900.0000000000,3507900.0000000000,100롤, , 
20100910,(주)리코,PE,PE28mm 2kgPE28M／M(청)2KG,25900.5000000000,KG,1058.5589708333,1971527.5500000000,66217330.0000000000,1171092.0000000000,67388422.0000000000, , , 
20100913,태림PACK,PE,PE28mm 2kgPE28M／M(백)2KG,3994.5000000000,KG,2113.6666666667,0.0000000000,7897276.0000000000,279376.0000000000,8176652.0000000000,2박스, , 
20100914,KOMERI,PP,15 x 100M 0.55T15x100M0.55T황색,10292.0000000000,KG,1754.6069937500,1438000.0000000000,27763742.0000000000,779855.0000000000,28543597.0000000000, , ,PUS100621908 (Mizushima)
20100915,금산포장,PP,PP12MPP12M／M12.5KG(아.그린),3165.0000000000,KG,1887.5000000000,0.0000000000,5574500.0000000000,557450.0000000000,6131950.0000000000,50롤, , 
20100916,(주)지엔에스트레이딩,PP,18MMx 21kg 삼성2300M두께0.9mm단중9.1g,8083.0000000000,KG,1989.0000000000,0.0000000000,15121883.0000000000,619073.0000000000,15740956.0000000000,수출 183, , 
20100917,삼원산업,PP,PP12MPP12M／M12KG(황),6884.0000000000,KG,1803.4166666667,0.0000000000,11781686.0000000000,1178168.0000000000,12959854.0000000000,100롤, , 
20100920,위니아만도(주),PP,18MMx 15kg 위니아1818MMx 15kg,4524.0000000000,KG,2320.0000000000,0.0000000000,10361400.0000000000,1036140.0000000000,11397540.0000000000,300롤, , 
20100924,상일교역상사,PE,PE28mm 1.8kgPE28M／M(백) 1.8KG,18900.0000000000,KG,1.8000000000,33498.0000000000,38928025.0000000000,0.0000000000,38928025.0000000000, , ,CWC LA (4013660)
20100925,RLBUTTON,PP,"12 x 3,000M 0.60T12x3,000M0.60TBLUE",8251.4000000000,KG,4.0099500000,14754.0800000000,17145716.0000000000,0.0000000000,17145716.0000000000, , ,413266 (Lyttelton)
20100926,CORPORATEEXPRESS,PP,"12 x 3,000M 0.60T12x3,000M0.60TBLUE",3852.0000000000,KG,2.0338000000,7836.2400000000,9106494.0000000000,0.0000000000,9106494.0000000000, , ,QE11296
20100927,제일산업(주)(화성),PP,PP12MPP12M／M9KG(황),5629.0000000000,KG,2025.4166666667,0.0000000000,11620844.0000000000,937839.0000000000,12558683.0000000000,25롤, ,전무님요청으로 실제 12*10kg나갔음
20100928,합동포장기계,PE,PE28mm 2kgPE28M／M(백)2KG,1399.0000000000,KG,2371.4285714286,0.0000000000,2866800.0000000000,286680.0000000000,3153480.0000000000,10박스, , 
20100929,(주)일조씨앤큐,PE,PE28mm 2kgPE28M／M(백)2KG,3905.0000000000,KG,2031.2500000000,0.0000000000,7893750.0000000000,789375.0000000000,8683125.0000000000,5박스, , 
20100930,홍영산업,PE,PE28mm 2kgPE28M／M(백)2KG,4799.0000000000,KG,2225.6777777778,0.0000000000,9513353.0000000000,298603.0000000000,9811956.0000000000,20박스, , 
2010/09  계,,,,163677.4,,35158.6160343104,3514554.27,357583426,13415366,370998792,,,
20101001,위니아만도(주),PP,18MMx 15kg 위니아1818MMx 15kg,5856.0000000000,KG,2156.6666666667,0.0000000000,13385800.0000000000,1338580.0000000000,14724380.0000000000,300롤, , 
20101004,(주)지엔에스트레이딩,PP,18MMx 21kg 삼성2300M두께0.9mm단중9.1g,2760.0000000000,KG,1938.6666666667,0.0000000000,5190290.0000000000,333446.0000000000,5523736.0000000000,수출 48, , 
20101005,대경(박타원),PP,PP15MPP15M／M13KG(황),10163.0000000000,KG,2266.4467333333,0.0000000000,21423800.0000000000,526960.0000000000,21950760.0000000000,20롤, , 
20101006,자강산업(주),PP,PP18MPP18M／M10KG(황),2445.0000000000,KG,1975.7142857143,0.0000000000,4765750.0000000000,476575.0000000000,5242325.0000000000,50롤, , 
20101007,파워엠팩,PP,PP10.5MPP10.5M10KG(청),8250.0000000000,KG,1262.2785100000,1552400.0000000000,25246509.0000000000,429283.0000000000,25675792.0000000000,50롤, , 
20101008,국제산업기계,PE,PE28mm 2kgPE28M／M(백)2KG,25499.0000000000,KG,1785.3011764706,3436208.0000000000,56052725.0000000000,944400.0000000000,56997125.0000000000,10박스, , 
20101009,RLBUTTON,PP,"12 x 3,000M 0.60T12x3,000M0.60TBLUE",8263.6000000000,KG,3.4506125000,14767.3900000000,16501081.0000000000,0.0000000000,16501081.0000000000, , ,413267 Auckland
20101011,합동포장기계,PP,PP12MPP12M／M12.5(황),2075.0000000000,KG,1972.0000000000,0.0000000000,3819000.0000000000,381900.0000000000,4200900.0000000000,50롤, , 
20101012,삼원산업,PP,PP12MPP12M／M12KG(황),3837.0000000000,KG,1768.8571428571,0.0000000000,6751836.0000000000,667451.0000000000,7419287.0000000000,150롤, , 
20101013,ARMSTRONG,PP,PP 12MM12MMx1000Mx0.55MM Blue,14292.0000000000,KG,1057.4877642857,18605.6500000000,33095167.0000000000,1212660.0000000000,34307827.0000000000, , ,PO018212
20101014,광림포장기계컨베이어,PE,PE28mm 2kgPE28M／M(백)2KG,3520.0000000000,KG,1962.5000000000,0.0000000000,6761000.0000000000,676100.0000000000,7437100.0000000000,30박스, , 
20101015,POWERPAK,PP,PP 12MM12MMx1000Mx0.50MM Blue,8715.0000000000,KG,864.7831888889,13760.0400000000,20254626.0000000000,385989.0000000000,20640615.0000000000, , ,12867
20101018,경인팩,PE,PE50mm 2kgPE50M／M(백)2KG,4550.0000000000,KG,1887.5000000000,0.0000000000,9909000.0000000000,990900.0000000000,10899900.0000000000,160박스, ,수출용
20101019,신한화학포장기계(주),PE,PE28mm 2kgPE28M／M(백)2KG,5485.0000000000,KG,2307.1428571429,0.0000000000,11430400.0000000000,1143040.0000000000,12573440.0000000000,50박스, , 
20101020,제일산업(주)(화성),PP,PP8MPP8M／M10KG(백),6936.0000000000,KG,2146.1538461538,0.0000000000,13056050.0000000000,1305605.0000000000,14361655.0000000000,50롤, , 
20101021,대경(박타원),PE,PE28mm 2kgPE28M／M(백)2KG,495.0000000000,KG,1900.0000000000,0.0000000000,911250.0000000000,91125.0000000000,1002375.0000000000,3박스, , 
20101022,위니아만도(주),PP,18MMx 15kg 위니아1818MMx 15kg,22218.0000000000,KG,1665.5010625000,29862.0000000000,49150604.0000000000,1552002.0000000000,50702606.0000000000,300롤, , 
20101023,TSUKASA CHEMICAL INDUSTRY,PE,PE50mm 2kgPE50M／M(백)2KG,7080.0000000000,KG,173.0000000000,1220520.0000000000,16901883.0000000000,0.0000000000,16901883.0000000000, , ,KYC-34-0008
20101025,(주)지엔에스트레이딩,PP,18MMx 21kg 삼성2300M두께0.9mm단중9.1g,1840.0000000000,KG,2044.0000000000,0.0000000000,3996520.0000000000,245000.0000000000,4241520.0000000000,수출 16 , , 
20101026,신광포장기계(부산),PE,PE28mm 2kgPE28M／M(백)2KG,168.0000000000,KG,2700.0000000000,0.0000000000,453600.0000000000,45360.0000000000,498960.0000000000,7박스, , 
20101027,제일산업(주)(화성),PP,PP8MPP8M／M10KG(백),4716.0000000000,KG,2136.3636363636,0.0000000000,9284000.0000000000,928400.0000000000,10212400.0000000000,50롤, , 
20101028,(주)지엔에스트레이딩,PP,18MMx 21kg 삼성2300M두께0.9mm단중9.1g,4582.0000000000,KG,1997.0000000000,0.0000000000,8624666.0000000000,158800.0000000000,8783466.0000000000,수출 24, , 
20101029,LANDEN,PP,"12 x 3,000M 0.62T12x3,000M0.62T백색",306714.0000000000,KG,646.6488235294,1464088.0000000000,86408186.0000000000,3267981.0000000000,89676167.0000000000, , ,100907-1
2010/10  계,,,,460459.6,,38617.462973073,7750211.08,423373743,17101557,440475300,,,
20101101,(주)시몬사,PE,PE28mm 2kgPE28M／M(백)2KG,2800.0000000000,KG,2390.0000000000,0.0000000000,6510000.0000000000,651000.0000000000,7161000.0000000000,20박스, , 
20101102,광림포장기계컨베이어,PP,PP15MPP15M／M10KG(황),4885.0000000000,KG,1981.8181818182,0.0000000000,9586500.0000000000,958650.0000000000,10545150.0000000000,100롤, , 
20101103,(주)범영화성,PE,PE28mm 2kgPE28M／M(백)2KG,6246.0000000000,KG,2050.4545454545,0.0000000000,12375013.0000000000,557032.0000000000,12932045.0000000000,20박스, , 
20101104,태영포장산업,PE,PE28mm 2kgPE28M／M(백)2KG,26550.0000000000,KG,1116.8560000000,2912984.0000000000,51034128.0000000000,1112450.0000000000,52146578.0000000000,5박스, , 
20101105,KOMERI,PP,15 x 100M 0.55T15x100M0.55T녹색,14152.0000000000,KG,1140.6146500000,1308900.0000000000,31291484.0000000000,1335000.0000000000,32626484.0000000000, , ,PUS100816906 NIIGATA
20101108,(주)지엔에스트레이딩,PP,18MMx 21kg 삼성2300M두께0.9mm단중9.1g,4724.0000000000,KG,1835.8750000000,0.0000000000,8692197.0000000000,99826.0000000000,8792023.0000000000,수출 158, , 
20101109,광림포장기계컨베이어,PP,PP9MMPP9M／M10KG(황),5080.0000000000,KG,1784.4285714286,0.0000000000,8991390.0000000000,899139.0000000000,9890529.0000000000,100롤, , 
20101110,삼원산업,PE,PE28mm 2kgPE28M／M(백)2KG,1771.0000000000,KG,2125.0000000000,0.0000000000,3873850.0000000000,387385.0000000000,4261235.0000000000,10박스, , 
20101111,(주)지엔에스트레이딩,PP,18MMx 15kg 삼성1650M두께0.9mm단중8.56g,4186.0000000000,KG,1980.3500000000,0.0000000000,7747916.0000000000,197200.0000000000,7945116.0000000000,수출 172, , 
20101112,(주)삼화인쇄,PP,PP15MPP15M／M10KG(황),15463.0000000000,KG,1681.4750000000,18500.4000000000,30582943.0000000000,1009375.0000000000,31592318.0000000000,70(제책4층), , 
20101113,MARKCOLIN,PP,PP 12MM12MMx1000Mx0.55MM Blue,16319.0000000000,KG,390.2223615385,30222.8500000000,36489805.0000000000,301800.0000000000,36791605.0000000000, , ,58907
20101115,위니아만도(주),PP,18MMx 15kg 위니아1818MMx 15kg,6990.0000000000,KG,2175.6666666667,0.0000000000,15562130.0000000000,1556213.0000000000,17118343.0000000000,300롤, , 
20101116,(주)지엔에스트레이딩,PP,18MMx 15kg 삼성1650M두께0.9mm단중8.56g,2136.0000000000,KG,2218.0200000000,0.0000000000,4056901.0000000000,233723.0000000000,4290624.0000000000, 수출 62, , 
20101117,삼현산업팩,PP,PP 12MM12MM 2200 0.60MM White,7399.0000000000,KG,2131.9054545455,0.0000000000,15034060.0000000000,1503406.0000000000,16537466.0000000000,100, ,SDK-10011
20101118,신한화학포장기계(주),PE,PE28mm 2kgPE28M／M(백)2KG,3650.0000000000,KG,2133.3333333333,0.0000000000,8142000.0000000000,814200.0000000000,8956200.0000000000,50박스, , 
20101119,(주)지엔에스트레이딩,PP,18MMx 21kg 삼성2300M두께0.9mm단중9.1g,4736.0000000000,KG,1932.9272727273,0.0000000000,9077233.0000000000,352489.0000000000,9429722.0000000000,수출 21, , 
20101120,TSUKASA CHEMICAL INDUSTRY,PE,"PE50mm, 6KGPE50M／M(백)6KG",31680.0000000000,KG,167.3333333333,5237472.0000000000,71453782.0000000000,0.0000000000,71453782.0000000000, , ,KYC-34-0009
20101122,LANDEN,PP,"9 x 3,932M 0.60T9 x 3,932M 0.6T 백색",21332.0000000000,KG,1744.6676000000,29862.0000000000,46170525.0000000000,1237570.0000000000,47408095.0000000000, , ,100907-2
20101123,신광포장기계(부산),PE,PE28mm 2kgPE28M／M(백)2KG,5948.0000000000,KG,2230.0909090909,0.0000000000,12834764.0000000000,1175220.0000000000,14009984.0000000000,36박스, , 
20101124,(주)삼화인쇄,PP,PP 11MM11MM-10KG(백),4510.0000000000,KG,2177.7777777778,0.0000000000,9305250.0000000000,930525.0000000000,10235775.0000000000,100롤(3층), , 
20101125,(주)지엔에스트레이딩,PP,18MMx 21kg 삼성2300M두께0.9mm단중9.1g,5915.5000000000,KG,1971.1750000000,0.0000000000,11261607.0000000000,517218.0000000000,11778825.0000000000,1롤, , 
20101126,위니아만도(주),PP,18MMx 15kg 위니아1818MMx 15kg,5924.0000000000,KG,2270.0000000000,0.0000000000,13551800.0000000000,1355180.0000000000,14906980.0000000000,300롤, , 
20101129,LANDEN,PP,"12 x 3,000M 0.62T12x3,000M0.62T백색",16686.0000000000,KG,1921.7095571429,29988.0000000000,37722228.0000000000,330800.0000000000,38053028.0000000000, , ,100907-3
20101130,(주)지엔에스트레이딩,PP,18MMx 15kg 삼성1650M두께0.9mm단중8.56g,27526.0000000000,KG,954.9131250000,2968786.0000000000,52022524.0000000000,415426.0000000000,52437950.0000000000,수출 115, , 
2010/11  계,,,,246608.5,,42506.6143398575,12536715.25,513370030,17930827,531300857,,,
20101201,(주)범영화성,PE,PE28mm 2kgPE28M／M(백)2KG,1100.0000000000,KG,2633.3333333333,0.0000000000,2910000.0000000000,291000.0000000000,3201000.0000000000,20박스, , 
20101202,경인팩,PE,PE28mm 2kgPE28M／M(백)2KG,6540.0000000000,KG,2486.6666666667,0.0000000000,15145000.0000000000,1514500.0000000000,16659500.0000000000,50박스(한국포장), ,한국포장납품건(12월말일 입금처리)
20101203,(주)원스텐,PP,PP15MPP15M／M10KG(황),5200.0000000000,KG,1800.0000000000,0.0000000000,9210000.0000000000,921000.0000000000,10131000.0000000000,40롤, , 
20101204,"SANYU CO.,LTD",PP,15 x 100M 0.55T15x100M0.55T황색,167525.0000000000,KG,493.8086600000,1463700.0000000000,21158521.0000000000,109500.0000000000,21268021.0000000000, , ,19 KIC
20101206,KOMERI,PP,15 x 100M 0.55T15x100M0.55T녹색,11175.0000000000,KG,1159.7658750000,1233720.0000000000,24945967.0000000000,788510.0000000000,25734477.0000000000, , ,PUS100910908 Mizushima
20101207,신한화학포장기계(주),PE,PE28mm 2kgPE28M／M(백)2KG,2895.0000000000,KG,2168.3333333333,0.0000000000,6373000.0000000000,637300.0000000000,7010300.0000000000,50박스, , 
20101208,(주)지엔에스트레이딩,PP,18MMx 15kg 삼성1650M두께0.9mm단중8.56g,3134.0000000000,KG,1973.2100000000,0.0000000000,5963437.0000000000,353439.0000000000,6316876.0000000000,수출 82, , 
20101209,산업포장유통(주),PP,PE28mm 2kgPE28M／M(백)2KG,2717.5000000000,KG,1903.7500000000,0.0000000000,5123125.0000000000,512312.0000000000,5635437.0000000000,25박스, , 
20101210,한국미쓰비시상사(주),PE,PE28mm 2kgPE28M／M(백)2KG,22900.0000000000,KG,1690.2275000000,3431472.0000000000,49775131.0000000000,314280.0000000000,50089411.0000000000, , ,KCM-34-0013
20101213,LANDEN,PP,"9 x 3,932M 0.60T9 x 3,932M 0.6T 백색",16808.0000000000,KG,1572.8339000000,32256.0000000000,40356693.0000000000,187073.0000000000,40543766.0000000000, , ,101011-380(1)
20101214,우정사업본부,PE,PE28mm 2kgPE28M／M(백)2KG,3500.0000000000,KG,2022.5000000000,0.0000000000,6808600.0000000000,680860.0000000000,7489460.0000000000,3박스, , 
20101215,합동포장기계,PP,PP12MPP12M／M12.5(황),1115.0000000000,KG,2215.0000000000,0.0000000000,2237950.0000000000,223795.0000000000,2461745.0000000000,70롤, , 
20101216,우정사업본부,PP,PE28mm 2kgPE28M／M(백)2KG,208.0000000000,KG,24050.0000000000,0.0000000000,6008000.0000000000,600800.0000000000,6608800.0000000000,4박스, ,여주우체국
20101217,(주)지엔에스트레이딩,PP,18MMx 21kg 삼성2300M두께0.9mm단중9.1g,3550.0000000000,KG,2123.2857142857,0.0000000000,6957390.0000000000,309109.0000000000,7266499.0000000000,동욱전자 10, , 
20101218,RLBUTTON,PP,"12 x 3,000M 0.60T12x3,000M0.60TCLEAR",12381.0000000000,KG,233.1399727273,35592.7600000000,41649026.0000000000,48600.0000000000,41697626.0000000000, , ,414688
20101220,광림포장기계컨베이어,PP,PP15MPP15M／M13KG(황),28428.0000000000,KG,1471.1055555556,35446.5000000000,59892182.0000000000,1910035.0000000000,61802217.0000000000,150롤, , 
20101221,금산포장,PP,PP12MPP12M／M12.5(황),1850.0000000000,KG,2015.0000000000,0.0000000000,3740400.0000000000,374040.0000000000,4114440.0000000000,20롤, , 
20101222,RLBUTTON,PP,PP 12MM12MMx1000Mx0.55MM Blue,14842.0000000000,KG,650.6903333333,15169.9600000000,29692764.0000000000,1219725.0000000000,30912489.0000000000, , ,414430
20101223,(주)지엔에스트레이딩,PP,18MMx 21kg 삼성(내수)2520M두께0.9mm단중8.56g,3882.0000000000,KG,2196.6833333333,0.0000000000,7731129.0000000000,323781.0000000000,8054910.0000000000,내수 32, , 
20101224,합동포장기계,PP,PP12MPP12M／M12.5(황),4150.0000000000,KG,1975.7142857143,0.0000000000,7736750.0000000000,773675.0000000000,8510425.0000000000,50롤, , 
20101225,CORPORATEEXPRESS,PP,PP 12MM12MMx1000Mx0.55MM Blue,14269.0000000000,KG,544.1879000000,21701.4700000000,29093242.0000000000,410400.0000000000,29503642.0000000000, , ,QE11795
20101227,경인팩,PE,PE28mm 2kgPE28M／M(백)2KG,1586.0000000000,KG,2374.0000000000,0.0000000000,3717620.0000000000,371762.0000000000,4089382.0000000000,10박스, , 
20101228,(주)지엔에스트레이딩,PP,18MMx 21kg 삼성2300M두께0.9mm단중9.1g,2688.0000000000,KG,2152.1666666667,0.0000000000,5206204.0000000000,219049.0000000000,5425253.0000000000,수출 77, , 
20101229,국제산업기계,PE,PE28mm 2kgPE28M／M(백)2KG,980.0000000000,KG,2082.5000000000,0.0000000000,2047000.0000000000,204700.0000000000,2251700.0000000000,10박스, , 
20101230,미래포장기계,PP,PP12MPP12M／M10KG(황),15746.0000000000,KG,1267.3746666667,32382.0000000000,38058010.0000000000,94500.0000000000,38152510.0000000000,30롤, , 
2010/12  계,,,,349169.5,,65255.2776966162,6301440.69,431537141,13393745,444930886,,,
20110101,PUNCHBOWL,PP,"12 x 2,500M 0.62T12x2,500M 0.62T 백색",8175.5000000000,KG,2.1568333333,16807.9700000000,19142597.0000000000,0.0000000000,19142597.0000000000, , ,200037
20110103,(주)지엔에스트레이딩,PP,18MMx 21kg 삼성(내수)2520M두께0.9mm단중8.56g,2329.0000000000,KG,1844.0000000000,0.0000000000,4299861.0000000000,348793.0000000000,4648654.0000000000,내수 26, , 
20110104,한국미쓰비시상사(주),PE,PE35mm 2kgPE35M／M(연두)2KG,22200.0000000000,KG,423.8620000000,3669386.0000000000,52222409.0000000000,160800.0000000000,52383209.0000000000, , ,KCM-34-0014
20110105,(주)지엔에스트레이딩,PP,18MMx 21kg 삼성2300M두께0.9mm단중9.1g,2587.0000000000,KG,2147.2857142857,0.0000000000,5270442.0000000000,291377.0000000000,5561819.0000000000,수출 32, , 
20110106,대경(박타원),PE,PE28mm 2kgPE28M／M(백)2KG,15760.0000000000,KG,1995.0000000000,1940400.0000000000,36138147.0000000000,991500.0000000000,37129647.0000000000,75박스, , 
20110107,삼원산업,PP,PP15MPP15M／M10KG(황),3740.0000000000,KG,2331.2500000000,0.0000000000,8063200.0000000000,806320.0000000000,8869520.0000000000,50롤, , 
20110108,POWERPAK,PP,PP19M Premium BlackPP19M／M*1000M 0.7T Black,8696.4000000000,KG,2.0205333333,17585.3000000000,19750050.0000000000,0.0000000000,19750050.0000000000, , ,13762
20110110,(주)지엔에스트레이딩,PP,18MMx 21kg 삼성2300M두께0.9mm단중9.1g,3336.0000000000,KG,2055.4545454545,0.0000000000,6860656.0000000000,358840.0000000000,7219496.0000000000,수출 5, , 
20110111,금산포장,PE,PE28mm 2kgPE28M／M(백)2KG,2820.0000000000,KG,2220.0000000000,0.0000000000,6272120.0000000000,627212.0000000000,6899332.0000000000,30박스, , 
20110112,(주)지엔에스트레이딩,PP,18MMx 15kg 삼성1650M두께0.9mm단중8.56g,15827.5000000000,KG,2203.5636363636,0.0000000000,33530760.0000000000,1438020.0000000000,34968780.0000000000,수출 620(컨테이너), , 
20110113,SNELL PACKAGING,PP,"12 x 3,000M 0.63T12x3,000M0.63TCLEAR",20974.0000000000,KG,1795.6235562500,14953.9100000000,42249645.0000000000,671543.0000000000,42921188.0000000000, , ,"FOB BUSAN, KOREA (L/C 30 DAYS)"
20110114,대경(박타원),PE,PE28mm 2kgPE28M／M(백)2KG,340.0000000000,KG,2480.0000000000,0.0000000000,835200.0000000000,83520.0000000000,918720.0000000000,2박스, , 
20110115,MARKCOLIN,PP,PP 12MM12MMx1000Mx0.55MM Blue,7590.4000000000,KG,2.2114000000,16541.9200000000,18397923.0000000000,0.0000000000,18397923.0000000000, , ,60009
20110117,(주)유경산업지대,PE,PE28mm 2kgPE28M／M(백)2KG,1968.0000000000,KG,2517.5000000000,0.0000000000,5132240.0000000000,513224.0000000000,5645464.0000000000,50박스, , 
20110118,종로포장비니루상사,PE,PE28mm 2kgPE28M／M(백)2KG,2920.0000000000,KG,2281.4285714286,0.0000000000,6522000.0000000000,652200.0000000000,7174200.0000000000,10박스, , 
20110119,(주)지엔에스트레이딩,PP,18MMx 15kg 삼성1650M두께0.9mm단중8.56g,4677.0000000000,KG,2159.8545454545,0.0000000000,10516482.0000000000,678933.0000000000,11195415.0000000000,수출 76, , 
20110120,동서포장종합상사,PE,PE28mm 2kgPE28M／M(백)2KG,3420.0000000000,KG,2560.0000000000,0.0000000000,8663600.0000000000,866360.0000000000,9529960.0000000000,5박스, , 
20110121,(주)지엔에스트레이딩,PP,18MMx 15kg 삼성1650M두께0.9mm단중8.56g,24167.0000000000,KG,2440.0520000000,3759684.0000000000,57442388.0000000000,341100.0000000000,57783488.0000000000,수출 92, , 
20110122,APACKPLASTIC,PP,"15 x 2,500M 0.64T15 x 2,500M 0.64T 청색",264744.5000000000,KG,153.4015500000,1520170.0000000000,39280172.0000000000,0.0000000000,39280172.0000000000, , ,APDAN1004
20110124,경인팩,PE,PE28mm 2kgPE28M／M(백)2KG,23118.5000000000,KG,1071.6223529412,37689.5200000000,50856216.0000000000,856857.0000000000,51713073.0000000000,20박스, , 
20110125,(주)지엔에스트레이딩,PP,18MMx 21kg 삼성2300M두께0.9mm단중9.1g,6823.0000000000,KG,2079.9111111111,0.0000000000,13970824.0000000000,521173.0000000000,14491997.0000000000,수출 175, , 
20110126,해성수출포장,PE,PE28mm 2kgPE28M／M(백)2KG,600.0000000000,KG,2505.0000000000,0.0000000000,1518000.0000000000,151800.0000000000,1669800.0000000000,20박스, , 
20110127,LANDEN,PP,"9 x 3,932M 0.60T9 x 3,932M 0.6T 백색",19774.0000000000,KG,1866.5608636364,32256.0000000000,46373495.0000000000,423394.0000000000,46796889.0000000000, , ,101011-380(2)
20110128,조은상사,PE,"PE28mm, 6KGPE28M／M(백)6KG",4492.0000000000,KG,2238.8888888889,0.0000000000,9432920.0000000000,943292.0000000000,10376212.0000000000,22박스, , 
20110129,KOMERI,PP,15 x 100M 0.55T15x100M0.55T녹색,6689.0000000000,KG,270.8219166667,1317540.0000000000,17718277.0000000000,0.0000000000,17718277.0000000000, , ,"PUS101112931 NIIGATA, JAPAN"
20110131,한국미쓰비시상사(주),PP,PE28mm 2kgPE28M／M(백)2KG,26456.0000000000,KG,873.8246153846,3909583.0000000000,53275092.0000000000,23808.0000000000,53298900.0000000000, , ,KCM-35-0001
2011/01  계,,,,504224.8,,42521.2946345324,16252597.62,573734716,11750066,585484782,,,
20110204,LANDEN,PP,"12 x 3,000M 0.62T12x3,000M0.62T백색",15246.0000000000,KG,2.1240000000,32382.0000000000,36355271.0000000000,0.0000000000,36355271.0000000000, , ,101011-511(2)
20110205,RLBUTTON,PP,"12 x 3,000M 0.60T12x3,000M0.60TBLUE",28539.2000000000,KG,5.2193250000,54274.7000000000,60934205.0000000000,0.0000000000,60934205.0000000000, , ,414688
20110207,(주)지엔에스트레이딩,PP,18MMx 15kg 삼성1650M두께0.9mm단중8.56g,6925.0000000000,KG,2209.8857142857,0.0000000000,15204176.0000000000,697112.0000000000,15901288.0000000000,수출 162, , 
20110208,한서포장,PE,PE28mm 2kgPE28M／M(백)2KG,4400.0000000000,KG,2305.8500000000,0.0000000000,9711744.0000000000,292200.0000000000,10003944.0000000000,35박스, , 
20110209,파워엠팩,PP,PP10MPP10M／M11KG녹색투명,5466.0000000000,KG,2175.7142857143,0.0000000000,11577568.0000000000,1157756.0000000000,12735324.0000000000,102롤, , 
20110210,호성수출포장,PE,PE28mm 2kgPE28M／M(백)2KG,5750.0000000000,KG,2051.0000000000,0.0000000000,12106350.0000000000,1210635.0000000000,13316985.0000000000,20박스, , 
20110211,(주)지엔에스트레이딩,PP,18MMx 21kg 삼성2300M두께0.9mm단중9.1g,8199.0000000000,KG,2139.1250000000,0.0000000000,17239242.0000000000,772761.0000000000,18012003.0000000000,수출 14, , 
20110212,SNELL PACKAGING,PP,"12 x 3,000M 0.63T12x3,000M0.63TBLUE",8138.0000000000,KG,1.8354000000,14935.7400000000,16621985.0000000000,0.0000000000,16621985.0000000000, , ,PO028183
20110213,TSUKASA CHEMICAL INDUSTRY,PE,"PE50mm, 6KGPE50M／M(황)6KG",11280.0000000000,KG,178.0000000000,2001120.0000000000,26723957.0000000000,0.0000000000,26723957.0000000000, , ,KYC-35-0001 HAKATA
20110214,삼원산업,PP,PP15MPP15M／M10KG(황),1040.0000000000,KG,2126.6666666667,0.0000000000,1911200.0000000000,191120.0000000000,2102320.0000000000,50롤, , 
20110215,광림포장기계컨베이어,PP,PP12MPP12M／M12.5(투명),4305.0000000000,KG,1940.0000000000,0.0000000000,8237680.0000000000,823768.0000000000,9061448.0000000000,30롤, , 
20110216,(주)삼화인쇄,PP,PP10.5MPP10.5M10KG투명,4130.0000000000,KG,2153.7500000000,0.0000000000,8827900.0000000000,882790.0000000000,9710690.0000000000,100(제책4층), , 
20110217,(주)삼화인쇄,PP,PP10.5MPP10.5M10KG투명,2856.0000000000,KG,1945.0000000000,0.0000000000,5570400.0000000000,557040.0000000000,6127440.0000000000,평판지하(50롤), , 
20110218,(주)지엔에스트레이딩,PP,18MMx 21kg 삼성2300M두께0.9mm단중9.1g,15756.0000000000,KG,1617.3472571429,18114.0000000000,34209826.0000000000,247818.0000000000,34457644.0000000000,수출 1, , 
20110219,RLBUTTON,PP,PP19MPP19M／M*0.55T 1000M Blue,9439.0000000000,KG,5.1168500000,17280.1800000000,19288136.0000000000,0.0000000000,19288136.0000000000, , , 
20110221,경인팩,PE,PE28mm 2kgPE28M／M(청)2KG,1370.0000000000,KG,2262.0000000000,0.0000000000,3203360.0000000000,320336.0000000000,3523696.0000000000,25박스, , 
20110222,한서포장,PE,PE28mm 2kgPE28M／M(백)2KG,1649.5000000000,KG,2398.7500000000,0.0000000000,4156835.0000000000,415683.0000000000,4572518.0000000000,20박스, , 
20110223,TSUKASA CHEMICAL INDUSTRY,PE,"PE50mm, 6KGPE50M／M(백)6KG",25348.0000000000,KG,1177.8571428571,3683520.0000000000,57953580.0000000000,319440.0000000000,58273020.0000000000, , ,KYC-35-0002 HAKATA
20110224,(주)디디에스엠,PE,우편물 자동파속끈 1호35m/m x 2kg (PE),5102.0000000000,KG,2263.0000000000,0.0000000000,11802344.0000000000,1180234.0000000000,12982578.0000000000,1901롤, , 
20110225,태영포장산업,PE,PE28mm 2kgPE28M／M(백)2KG,2840.0000000000,KG,2378.0000000000,0.0000000000,6902240.0000000000,690224.0000000000,7592464.0000000000,20박스, , 
20110226,SNELL PACKAGING,PP,"12 x 3,000M 0.63T12x3,000M0.63TCLEAR",12168.0000000000,KG,2.2072000000,26314.6000000000,29653922.0000000000,0.0000000000,29653922.0000000000, , ,PO028666
20110227,ONARE,PP,7 x 5000M 0.60T7 x 5000M 0.60T Clear,7702.0000000000,KG,3.9780166667,13858.4000000000,15617030.0000000000,0.0000000000,15617030.0000000000, , , 
20110228,(주)지엔에스트레이딩,PP,18MMx 21kg 삼성2300M두께0.9mm단중9.1g,3761.0000000000,KG,2110.7555555556,0.0000000000,7988832.0000000000,226800.0000000000,8215632.0000000000,수출 30, , 
2011/02  계,,,,191409.7,,33453.182413889,5861799.62,421797783,9985717,431783500,,,
20110302,자강산업(주),PP,PP18MPP18M／M10KG(황),1360.0000000000,KG,2097.5000000000,0.0000000000,2758000.0000000000,275800.0000000000,3033800.0000000000,100롤, , 
20110303,(주)지엔에스트레이딩,PP,18MMx 21kg 삼성2300M두께0.9mm단중9.1g,2967.0000000000,KG,2051.8400000000,0.0000000000,6085872.0000000000,107640.0000000000,6193512.0000000000,수출 67, , 
20110304,LANDEN,PP,"9 x 3,932M 0.60T9 x 3,932M 0.6T 백색",29001.0000000000,KG,1260.5455105263,1369396.0000000000,70320482.0000000000,1589190.0000000000,71909672.0000000000, , ,101011-380(3)
20110305,PUNCHBOWL,PP,PP19M HD BlackPP19M／M*1000M1.0TBlack,22625.0000000000,KG,2.0464333333,46301.0000000000,51977502.0000000000,0.0000000000,51977502.0000000000, , ,200228
20110307,KOMERI,PP,15 x 100M 0.55T15x100M0.55T적색,8004.0000000000,KG,828.0474000000,1428520.0000000000,23553845.0000000000,417240.0000000000,23971085.0000000000, , ,PUS101214917 MIZUSHIMA
20110308,(주)지엔에스트레이딩,PP,18MMx 21kg 삼성2300M두께0.9mm단중9.1g,6776.0000000000,KG,2244.5538461538,0.0000000000,15438464.0000000000,855512.0000000000,16293976.0000000000,수출 8, , 
20110309,(주)지엔에스트레이딩,PP,18MMx 15kg 삼성1650M두께0.9mm단중8.56g,4335.0000000000,KG,1992.6285714286,0.0000000000,8719488.0000000000,206640.0000000000,8926128.0000000000,수출 200, , 
20110310,파워엠팩,PP,PP10.5MPP10.5M10KG(청),5090.0000000000,KG,2104.2857142857,0.0000000000,11267500.0000000000,1126750.0000000000,12394250.0000000000,39롤, , 
20110311,위니아만도(주),PP,18MMx 15kg 위니아1818MMx 15kg,6413.0000000000,KG,2076.2500000000,0.0000000000,14491170.0000000000,1449117.0000000000,15940287.0000000000,300롤, , 
20110312,ABL,PP,"12 x 3,000M 0.60T12x3,000M0.60TBLUE",26497.0000000000,KG,2.1866500000,57281.5000000000,64063628.0000000000,0.0000000000,64063628.0000000000, , ,350013
20110314,삼원산업,PP,PP12MPP12M／M12KG(투명),5260.0000000000,KG,2015.0000000000,0.0000000000,10109000.0000000000,1010900.0000000000,11119900.0000000000,50롤, , 
20110315,"SANYU CO.,LTD",PP,15 x 170M 0.55T15x170M0.55T백색,218085.0000000000,KG,1363.2615258065,1456300.0000000000,44099871.0000000000,729831.0000000000,44829702.0000000000, , ,21 KIC
20110316,광림포장기계컨베이어,PP,PP15MPP15M／M13KG(황),3352.6000000000,KG,2068.1428571429,0.0000000000,6265609.0000000000,626560.0000000000,6892169.0000000000,50롤, , 
20110317,DAINDO OFFSET,PE,PE28mm 2kgPE28M／M(백)2KG,11340.5000000000,KG,1113.4375000000,21150.0000000000,24104160.0000000000,14544.0000000000,24118704.0000000000, , ,110127
20110318,(주)지엔에스트레이딩,PP,18MMx 21kg 삼성2300M두께0.9mm단중9.1g,8508.0000000000,KG,4241.8181818182,0.0000000000,17836568.0000000000,565172.0000000000,18401740.0000000000,수출 193, , 
20110321,상일교역상사,PE,PE28mm 1.8kgPE28M／M(백) 1.8KG,19680.0000000000,KG,663.0050000000,37354.5000000000,43726762.0000000000,157968.0000000000,43884730.0000000000, , ,CWC LA (4014348)
20110322,제일포장(김해),PE,PE28mm 2kgPE28M／M(백)2KG,3140.0000000000,KG,2442.0000000000,0.0000000000,8268600.0000000000,826860.0000000000,9095460.0000000000,100박스, , 
20110323,(주)한국유니콤,PE,PE28mm 2kgPE28M／M(백)2KG,1305.0000000000,KG,2532.5000000000,0.0000000000,3448750.0000000000,344875.0000000000,3793625.0000000000,25박스, , 
20110324,경인팩,PP,PP10.5MPP10.5M10KG투명,1754.0000000000,KG,2062.5000000000,0.0000000000,3838544.0000000000,280520.0000000000,4119064.0000000000,19롤, , 
20110325,(주)지엔에스트레이딩,PP,18MMx 15kg 삼성1650M두께0.9mm단중8.56g,13328.0000000000,KG,2080.0631578947,0.0000000000,29049490.0000000000,2486369.0000000000,31535859.0000000000,수출 24, , 
20110328,LANDEN,PP,"12 x 3,000M 0.62T12x3,000M0.62T백색",20300.0000000000,KG,1833.1605714286,32382.0000000000,47370683.0000000000,723368.0000000000,48094051.0000000000, , ,101011-511(3)
20110329,NORTH SHORE,PP,PP 06MM06MMx5486Mx0.55MM White,17859.0000000000,KG,1099.2319454545,30414.4200000000,38708146.0000000000,482040.0000000000,39190186.0000000000, , ,KJ-11711
20110330,위니아만도(주),PP,18MMx 15kg 위니아1818MMx 15kg,4864.0000000000,KG,2522.5000000000,0.0000000000,11251400.0000000000,1125140.0000000000,12376540.0000000000,300롤, , 
20110331,조은상사,PE,"PE28mm, 6KGPE28M／M(백)6KG",504.0000000000,KG,2680.0000000000,0.0000000000,1350720.0000000000,135072.0000000000,1485792.0000000000,21박스, , 
2011/03  계,,,,442348.1,,43376.5048652731,4479099.42,558104254,15537108,573641362,,,
20110401,한국미쓰비시상사(주),PE,"PE28mm, 6KGPE28M／M(황)6KG",25023.0000000000,KG,904.2142857143,3717864.0000000000,56971116.0000000000,559752.0000000000,57530868.0000000000, , ,KCM-35-0002
20110402,MARKCOLIN,PP,PP 12MM12MMx1000Mx0.55MM Blue,9704.0000000000,KG,654.4995714286,16742.3200000000,24020226.0000000000,560200.0000000000,24580426.0000000000, , ,60736
20110404,에이스인쇄,PE,PE28mm 2kgPE28M／M(백)2KG,2988.0000000000,KG,2081.8181818182,0.0000000000,6162268.0000000000,258862.0000000000,6421130.0000000000,6박스, , 
20110405,삼원산업,PP,PP12MPP12M／M12KG(황),10422.0000000000,KG,2461.5882352941,0.0000000000,23049075.0000000000,2304907.0000000000,25353982.0000000000,200롤, , 
20110406,대상산업,PE,PE28mm 2kgPE28M／M(백)2KG,4792.5000000000,KG,2591.7142857143,0.0000000000,11966395.0000000000,1196639.0000000000,13163034.0000000000,40박스, , 
20110407,(주)삼화인쇄,PP,PP10.5MPP10.5M10KG투명,22263.0000000000,KG,1971.5211875000,32256.0000000000,50584788.0000000000,911250.0000000000,51496038.0000000000,100(제책4층), , 
20110408,(주)지엔에스트레이딩,PP,18MMx 21kg 삼성(내수)2520M두께0.9mm단중8.56g,2358.0000000000,KG,2331.2000000000,0.0000000000,4980524.0000000000,193478.0000000000,5174002.0000000000,내수 30, , 
20110411,(주)지엔에스트레이딩,PP,18MMx 21kg 삼성2300M두께0.9mm단중9.1g,2793.0000000000,KG,2050.0000000000,0.0000000000,5726448.0000000000,0.0000000000,5726448.0000000000,수출 133, , 
20110412,경인팩,PE,PE28mm 2kgPE28M／M(백)2KG,1600.0000000000,KG,2475.0000000000,0.0000000000,4060000.0000000000,406000.0000000000,4466000.0000000000,60박스, , 
20110413,TSUKASA CHEMICAL INDUSTRY,PE,PE28mm 2kgPE28M／M(녹)2KG,13480.0000000000,KG,1504.4285714286,2052960.0000000000,32032467.0000000000,521075.0000000000,32553542.0000000000, , ,KYC-35-0003
20110414,(주)지엔에스트레이딩,PP,18MMx 21kg 삼성2300M두께0.9mm단중9.1g,3183.0000000000,KG,2307.4000000000,0.0000000000,7440744.0000000000,33000.0000000000,7473744.0000000000,수출 25, , 
20110415,제일산업(주)(화성),PP,PP12MPP12M／M10KG(황),5701.0000000000,KG,2112.0128333333,0.0000000000,12083900.0000000000,99450.0000000000,12183350.0000000000,51롤, , 
20110416,PUNCHBOWL,PP,PP19M HD BlackPP19M／M*1000M1.0TBlack,11710.0000000000,KG,8.8976666667,24376.6000000000,26555868.0000000000,0.0000000000,26555868.0000000000, , ,200264
20110418,(주)지엔에스트레이딩,PP,18MMx 21kg 삼성2300M두께0.9mm단중9.1g,2571.0000000000,KG,2318.0000000000,0.0000000000,5975568.0000000000,76800.0000000000,6052368.0000000000,수출106, , 
20110419,대일종합상사,PP,PP18MPP18M／M10KG(황),3545.0000000000,KG,2531.6666666667,0.0000000000,8562000.0000000000,856200.0000000000,9418200.0000000000,50롤, , 
20110420,광림포장기계컨베이어,PP,PP9MMPP9M／M10KG(황),4268.0000000000,KG,2214.2857142857,0.0000000000,9105824.0000000000,576512.0000000000,9682336.0000000000,100롤, , 
20110421,경인팩,PE,PE28mm 2kgPE28M／M(백)2KG,15238.0000000000,KG,1464.5535714286,2032125.0000000000,36300531.0000000000,724250.0000000000,37024781.0000000000,10박스, , 
20110422,"SANYU CO.,LTD",PP,15 x 170M 0.55T15x170M0.55T백색,226961.0000000000,KG,150.7169230769,1515250.0000000000,19983116.0000000000,0.0000000000,19983116.0000000000, , ,22 KIC
20110423,LANDEN,PP,"12 x 3,000M 0.62T12x3,000M0.62T백색",23308.5000000000,KG,2.2071000000,50847.0000000000,54919844.0000000000,0.0000000000,54919844.0000000000, , ,101011-511(4)
20110425,경인팩,PE,PE28mm 2kgPE28M／M(백)2KG,1322.0000000000,KG,2340.0000000000,0.0000000000,2853760.0000000000,285376.0000000000,3139136.0000000000,10박스, , 
20110426,경인팩,PE,PE28mm 2kgPE28M／M(백)2KG,5960.0000000000,KG,2426.6666666667,0.0000000000,14324200.0000000000,695500.0000000000,15019700.0000000000,5박스, , 
20110427,우정사업본부,PP,우편물 자동파속끈3호6mm x 2250mx5kg,6690.0000000000,KG,2771.4285714286,0.0000000000,17874834.0000000000,1787482.0000000000,19662316.0000000000,70롤, , 
20110428,산업포장유통(주),PE,PE28mm 2kgPE28M／M(백)2KG,3340.0000000000,KG,2471.4285714286,0.0000000000,7819000.0000000000,781900.0000000000,8600900.0000000000,25박스, , 
20110429,(주)동원화학,PE,우편물 자동파속끈 1호35m/m x 2kg (PE),10645.0000000000,KG,2316.2500000000,0.0000000000,16330232.0000000000,802760.0000000000,17132992.0000000000,338롤, , 
2011/04  계,,,,419866,,44461.4986038799,9442420.92,459682728,13631393,473314121,,,
20110502,태현포장기계,PE,PE28mm 2kgPE28M／M(백)2KG,11009.0000000000,KG,1360.3099058824,1430760.0000000000,31563084.0000000000,1267462.0000000000,32830546.0000000000,40박스, , 
20110503,광림포장기계컨베이어,PP,PP9MMPP9M／M10KG(황),2040.0000000000,KG,2066.6666666667,0.0000000000,4088000.0000000000,408800.0000000000,4496800.0000000000,100롤, , 
20110504,한국미쓰비시상사(주),PE,"PE28mm, 6KGPE28M／M(백)6KG",21375.0000000000,KG,1256.5396500000,2034663.0000000000,48672387.0000000000,123500.0000000000,48795887.0000000000, , , 
20110506,신한화학포장기계(주),PE,PE28mm 2kgPE28M／M(청)2KG,80.0000000000,KG,2500.0000000000,0.0000000000,200000.0000000000,20000.0000000000,220000.0000000000,2박스, , 
20110509,제일산업(주)(화성),PP,반자동히터,4300.0000000000,ea,3580.0000000000,0.0000000000,10346000.0000000000,1034600.0000000000,11380600.0000000000,10개, , 
20110511,파워엠팩,PP,PP10.5MPP10.5M10KG(청),1575.0000000000,KG,2053.3333333333,0.0000000000,3239750.0000000000,323975.0000000000,3563725.0000000000,50롤, , 
20110512,홍영산업,PE,PE28mm 2kgPE28M／M(백)2KG,5089.0000000000,KG,2581.6666666667,0.0000000000,11954712.0000000000,1195471.0000000000,13150183.0000000000,20박스, , 
20110513,경인팩,PE,PE28mm 2kgPE28M／M(황)2KG,1100.0000000000,KG,2425.0000000000,0.0000000000,2510000.0000000000,251000.0000000000,2761000.0000000000,5박스, , 
20110516,TSUKASA CHEMICAL INDUSTRY,PE,PE28mm 2kgPE28M／M(백)2KG,30673.0000000000,KG,838.3887000000,2049235.2000000000,75246897.0000000000,1036000.0000000000,76282897.0000000000, , ,KYC-35-0004
20110517,광림파워팩,PP,PP12MPP12M／M10KG(황),1492.0000000000,KG,2650.0000000000,0.0000000000,3555400.0000000000,355540.0000000000,3910940.0000000000,100롤(0.7T), , 
20110518,제일산업(주)(화성),PP,PP12MPP12M／M10KG(황),3508.0000000000,KG,2378.8888888889,0.0000000000,8248324.0000000000,589018.0000000000,8837342.0000000000,50롤 (9T), , 
20110519,해성수출포장,PE,PE28mm 2kgPE28M／M(백)2KG,1400.0000000000,KG,2475.0000000000,0.0000000000,3300000.0000000000,330000.0000000000,3630000.0000000000,20박스 + 1롤(불량교환건), , 
20110520,"SANYU CO.,LTD",PP,15 x 100M 0.55T15x100M0.55T황색,9554.0000000000,KG,1029.2118615385,1351220.0000000000,22425364.0000000000,448900.0000000000,22874264.0000000000, , ,23 KIC
20110521,POWERPAK,PP,PP 12MM12MMx1000Mx0.50MM Blue,10035.0000000000,KG,514.1090625000,20060.0000000000,23613082.0000000000,185400.0000000000,23798482.0000000000, , ,15132
20110523,(주)지엔에스트레이딩,PP,18MMx 21kg 삼성2300M두께0.9mm단중9.1g,1549.0000000000,KG,2337.5000000000,0.0000000000,3576328.0000000000,156208.0000000000,3732536.0000000000,수출 1, , 
20110524,(주)삼화인쇄,PP,PP 11MM11MM-10KG(백),4817.0000000000,KG,2209.2000000000,0.0000000000,10236463.0000000000,1023646.0000000000,11260109.0000000000,100(제책3층), , 
20110525,제일산업(주)(화성),PP,PP6MMPP6M／M10KG(백),2792.0000000000,KG,2490.0000000000,0.0000000000,7222200.0000000000,722220.0000000000,7944420.0000000000,12롤, , 
20110526,(주)지엔에스트레이딩,PP,PP18MMx 21kg 삼성(내수)2520M두께0.9mm단중8.56g,5180.0000000000,KG,2253.3333333333,0.0000000000,11756560.0000000000,1175656.0000000000,12932216.0000000000,내수 20, , 
20110527,경인팩,PE,PE28mm 2kgPE28M／M(청)2KG,19100.0000000000,KG,443.4416666667,39411.0000000000,43507695.0000000000,53000.0000000000,43560695.0000000000,10박스, , 
20110528,LANDEN,PP,"12 x 3,000M 0.62T12x3,000M0.62T백색",18996.0000000000,KG,1845.0479375000,34813.8000000000,45870573.0000000000,790611.0000000000,46661184.0000000000, , ,PO # 110210-511(1)
20110530,ABL,PP,"12 x 3,000M 0.60T12x3,000M0.60TBLUE",46486.0000000000,KG,555.5097814815,69691.3300000000,89578706.0000000000,1415875.0000000000,90994581.0000000000, , ,350017
20110531,제일산업(주)(화성),PP,PP6MMPP6M／M10KG(백),4103.0000000000,KG,2232.1777777778,0.0000000000,9363480.0000000000,601209.0000000000,9964689.0000000000,50롤, , 
2011/05  계,,,,206253,,42075.3252322358,7029854.33,470075005,13508091,483583096,,,
20110601,위니아만도(주),PP,스트레치필름0.025T*600W*1440M(위니아),3817.0000000000,롤,10770.0000000000,0.0000000000,13784200.0000000000,1378420.0000000000,15162620.0000000000,128롤, , 
20110602,한서포장,PE,PE28mm 2kgPE28M／M(백)2KG,87176.0000000000,KG,1417.1038461538,1670670.0000000000,36802529.0000000000,1458880.0000000000,38261409.0000000000,30박스, , 
20110603,금산포장,PE,PE28mm 2kgPE28M／M(백)2KG,1475.0000000000,KG,2616.6666666667,0.0000000000,3935000.0000000000,393500.0000000000,4328500.0000000000,30박스, , 
20110606,POWERPAK,PP,"15 x 1,000M 0.50T Blue15x1,000M0.50T청색",8788.0000000000,KG,2.2140200000,19958.8000000000,21563487.0000000000,0.0000000000,21563487.0000000000, , ,15133
20110607,제일산업(주)(화성),PP,PP6MMPP6M／M10KG(황),1890.0000000000,KG,3435.7142857143,0.0000000000,4362000.0000000000,436200.0000000000,4798200.0000000000,20롤, , 
20110608,(주)지엔에스트레이딩,PP,PP18MMx 21kg 삼성(내수)2520M두께0.9mm단중8.56g,2341.0000000000,KG,2360.0000000000,0.0000000000,5334888.0000000000,454884.0000000000,5789772.0000000000,내수 20, , 
20110609,홍영산업,PE,PE28mm 2kgPE28M／M(백)2KG,1542.0000000000,KG,2643.3333333333,0.0000000000,3588860.0000000000,358886.0000000000,3947746.0000000000,20박스, , 
20110610,(주)지엔에스트레이딩,PP,PP18MMx 21kg 삼성(내수)2520M두께0.9mm단중8.56g,5535.0000000000,KG,2338.1537200000,0.0000000000,13009828.0000000000,174884.0000000000,13184712.0000000000,내수 30, , 
20110611,ARMSTRONG,PP,"12 x 3,000M 0.63T12x3,000M0.63TBLUE",7587.0000000000,KG,2.6267666667,19892.5200000000,21545588.0000000000,0.0000000000,21545588.0000000000, , ,PO020103
20110612,KOMERI,PP,15 x 100M 0.55T15x100M0.55T자색,6399.0000000000,KG,264.7744000000,1386700.0000000000,18700620.0000000000,0.0000000000,18700620.0000000000, , ,PUS110405908
20110613,LANDEN,PP,"9 x 3,932M 0.60T9 x 3,932M 0.6T 백색",16168.0000000000,KG,1800.5830500000,34675.2000000000,40520826.0000000000,303000.0000000000,40823826.0000000000, , ,110210-380(2)
20110614,제일산업(주)(화성),PP,PP12MPP12M／M10KG(황),4526.0000000000,KG,2268.0000000000,0.0000000000,10792568.0000000000,558500.0000000000,11351068.0000000000,50롤(7월로이월), , 
20110615,광림파워팩,PE,PE28mm 2kgPE28M／M(적)2KG,5290.0000000000,KG,2436.3636363636,0.0000000000,12142500.0000000000,1214250.0000000000,13356750.0000000000,20박스, , 
20110616,삼성니플,PP,PP15MPP15M／M10KG(황),60.0000000000,KG,2100.0000000000,0.0000000000,126000.0000000000,12600.0000000000,138600.0000000000,6롤, , 
20110617,경인팩,PP,PP12MPP12M／M10KG(황),40.0000000000,KG,2100.0000000000,0.0000000000,84000.0000000000,8400.0000000000,92400.0000000000,4롤, , 
20110618,RLBUTTON,PP,PP19M BUILDERSPP19M／M*300M 0.60T Blue,9118.0000000000,KG,3.6277111111,19388.4200000000,21112050.0000000000,0.0000000000,21112050.0000000000, , ,417438
20110619,TSUKASA CHEMICAL INDUSTRY,PE,"PE50mm, 6KGPE50M／M(백)6KG",11280.0000000000,KG,188.0000000000,2102880.0000000000,28409698.0000000000,0.0000000000,28409698.0000000000, , ,KYC-35-0005
20110620,(주)지엔에스트레이딩,PP,PP18MMx 21kg 삼성2300M두께0.9mm단중9.1g,2966.0000000000,KG,2172.9600000000,0.0000000000,6859392.0000000000,198504.0000000000,7057896.0000000000,수출 13, , 
20110621,미래상사,PE,PE28mm 2kgPE28M／M(백)2KG,2190.0000000000,KG,2585.0000000000,0.0000000000,4988300.0000000000,498830.0000000000,5487130.0000000000,3박스, , 
20110622,제일산업(주)(화성),PP,PP6MMPP6M／M10KG(백),1140.0000000000,KG,2445.0000000000,0.0000000000,2514000.0000000000,251400.0000000000,2765400.0000000000,50롤(7월이월), , 
20110623,위니아만도(주),PP,PP18MMx 15kg 위니아1818MMx 15kg,5815.0000000000,KG,2508.0000000000,0.0000000000,13728500.0000000000,1372850.0000000000,15101350.0000000000,300롤, , 
20110624,(주)지엔에스트레이딩,PP,PP18MMx 21kg 삼성2300M두께0.9mm단중9.1g,5255.0000000000,KG,2193.3000000000,0.0000000000,9096404.0000000000,342746.0000000000,9439150.0000000000,수출 48, , 
20110627,CORPORATEEXPRESS,PP,PP 12MM12MMx1000Mx0.55MM Blue,14685.0000000000,KG,704.8742083333,23185.1900000000,30482816.0000000000,549150.0000000000,31031966.0000000000, , ,QL372240
20110628,(주)지엔에스트레이딩,PP,PP18MMx 21kg 삼성(내수)2520M두께0.9mm단중8.56g,4336.0000000000,KG,2366.0000000000,0.0000000000,9772584.0000000000,741444.0000000000,10514028.0000000000,내수 30, , 
20110629,광림파워팩,PP,PP9MMPP9M／M10KG(황),4000.0000000000,KG,2050.0000000000,0.0000000000,8200000.0000000000,820000.0000000000,9020000.0000000000,200롤, , 
20110630,전주삼신산업,PE,PE28mm 2kgPE28M／M(백)2KG,13179.0000000000,KG,1630.6700000000,2024904.0000000000,31991590.0000000000,494515.0000000000,32486105.0000000000,10박스, , 
2011/06  계,,,,226598,,55402.9656443428,7302254.13,373448228,12021843,385470071,,,
20110701,LANDEN,PP,"12 x 3,000M 0.62T12x3,000M0.62T백색",19430.0000000000,KG,2151.8569583333,34813.8000000000,46093147.0000000000,883890.0000000000,46977037.0000000000, , ,110210-511(2)
20110702,POWERPAK,PP,PP 12MM12MMx1000Mx0.50MM Blue,9032.0000000000,KG,2.1285500000,19576.0000000000,20948277.0000000000,0.0000000000,20948277.0000000000, , ,15448
20110704,(주)태진케미칼,PP,PP파샤 (스크랩),6226.0000000000,kg,2033.3333333333,0.0000000000,9138968.0000000000,147500.0000000000,9286468.0000000000, , , 
20110705,태현포장기계,PE,PE28mm 2kgPE28M／M(백)2KG,1530.0000000000,KG,2625.0000000000,0.0000000000,4072500.0000000000,407250.0000000000,4479750.0000000000,40박스, , 
20110706,(주)지엔에스트레이딩,PP,PP18MMx 21kg 삼성2300M두께0.9mm단중9.1g,4729.0000000000,KG,2187.0000000000,0.0000000000,10719552.0000000000,477507.0000000000,11197059.0000000000,수출 89 (멕시코), , 
20110707,광림파워팩,PE,PE28mm 2kgPE28M／M(백)2KG,521.0000000000,KG,2583.3333333333,0.0000000000,1446100.0000000000,144610.0000000000,1590710.0000000000,20박스, , 
20110708,광림파워팩,PE,PE28mm 2kgPE28M／M(백)2KG,73500.0000000000,KG,2278.5200000000,0.0000000000,10634400.0000000000,711000.0000000000,11345400.0000000000,50박스, , 
20110711,LANDEN,PP,"9 x 3,932M 0.60T9 x 3,932M 0.6T 백색",24493.0000000000,KG,868.0500666667,52807.4700000000,58231185.0000000000,93000.0000000000,58324185.0000000000, , ,110210-380(3)
20110712,(주)지엔에스트레이딩,PP,PP18MMx 21kg 삼성2300M두께0.9mm단중9.1g,3834.0000000000,KG,2462.2222222222,0.0000000000,9015256.0000000000,498676.0000000000,9513932.0000000000,수출 65(멕시코), , 
20110713,합동포장기계,PE,PE28mm 2kgPE28M／M(백)2KG,4250.0000000000,KG,2400.0000000000,0.0000000000,9155000.0000000000,915500.0000000000,10070500.0000000000,10박스, , 
20110714,"SANYU CO.,LTD",PP,15 x 170M 0.55T15x170M0.55T백색,278662.0000000000,KG,-2352.8195176471,1501530.0000000000,24716900.0000000000,450000.0000000000,25166900.0000000000, , ,24 KIC
20110715,(주)지엔에스트레이딩,PP,PP18MMx 21kg 삼성(내수)2520M두께0.9mm단중8.56g,4027.5000000000,KG,2306.5333333333,0.0000000000,9476638.0000000000,130003.0000000000,9606641.0000000000,내수10, , 
20110716,TAIPS,PP,"15 x 1,000M 0.55T Blue15x1,000M0.55T청색",6693.0000000000,KG,10.6164285714,22303.6600000000,23568277.0000000000,0.0000000000,23568277.0000000000, , ,S152MY
20110718,KOMERI,PP,15 x 100M 0.55T15x100M0.55T황색,10321.5000000000,KG,1740.7496545455,1473000.0000000000,29575385.0000000000,988138.0000000000,30563523.0000000000, , ,PUS110428905
20110719,한서포장,PE,PE28mm 2kgPE28M／M(백)2KG,5650.0000000000,KG,1351.0536250000,7781.0000000000,13493197.0000000000,523600.0000000000,14016797.0000000000,30박스, , 
20110720,(주)범영화성,PE,PE28mm 2kgPE28M／M(백)2KG,5300.0000000000,KG,2494.0000000000,0.0000000000,12635600.0000000000,452948.0000000000,13088548.0000000000,20박스, , 
20110721,제일산업(주)(화성),PP,PP8MPP8M／M10KG(백),2040.0000000000,KG,2250.0000000000,0.0000000000,4748000.0000000000,474800.0000000000,5222800.0000000000,64롤, , 
20110722,LANDEN,PP,"12 x 3,000M 0.62T12x3,000M0.62T백색",20952.0000000000,KG,2081.3648333333,34813.8000000000,49897503.0000000000,1315850.0000000000,51213353.0000000000, , ,110210-511(3)
20110723,ARMSTRONG,PP,"15 x 1,000M 1.0T H/D Black15 x 1,000M 1.0T H/D Black",8347.0000000000,KG,2.5747200000,21625.0300000000,22820894.0000000000,0.0000000000,22820894.0000000000, , ,PO020592
20110724,APACKPLASTIC,PP,"15 x 2,500M 0.64T15 x 2,500M 0.64T 청색",8063.0000000000,KG,2.2502000000,18142.5000000000,19145780.0000000000,0.0000000000,19145780.0000000000, , ,APDAN1006
20110725,위니아만도(주),PP,PP18MMx 15kg 위니아1818MMx 15kg,7236.0000000000,KG,2650.0000000000,0.0000000000,18172200.0000000000,1817220.0000000000,19989420.0000000000,300롤, , 
20110726,경인팩,PE,PE28mm 2kgPE28M／M(백)2KG,1960.0000000000,KG,2402.5000000000,0.0000000000,4490000.0000000000,449000.0000000000,4939000.0000000000,40박스, , 
20110727,(주)지엔에스트레이딩,PP,PP18MMx 21kg 삼성2300M두께0.9mm단중9.1g,6638.0000000000,KG,2368.8888888889,0.0000000000,15737584.0000000000,404512.0000000000,16142096.0000000000,수출 96(인도), , 
20110728,삼원산업,PP,PP12MPP12M／M12KG(투명),5025.0000000000,KG,2267.5000000000,0.0000000000,11527750.0000000000,1152775.0000000000,12680525.0000000000,50롤, , 
20110731,MARKCOLIN,PP,PP 12MM12MMx1000Mx0.55MM Blue,7060.0000000000,KG,2.6045000000,18046.2400000000,18995472.0000000000,0.0000000000,18995472.0000000000, , ,62666
2011/07  계,,,,525520,,39169.2611299141,3204439.5,458455565,12437779,470893344,,,
20110801,(주)지엔에스트레이딩,PP,PP18MMx 21kg 삼성(내수)2520M두께0.9mm단중8.56g,860.0000000000,KG,2645.0000000000,0.0000000000,2024120.0000000000,202412.0000000000,2226532.0000000000,내수 40, , 
20110803,국제산업기계,PE,PE28mm 2kgPE28M／M(백)2KG,2463.0000000000,KG,2444.8666666667,0.0000000000,5798952.0000000000,21224.0000000000,5820176.0000000000,3박스, , 
20110804,삼원산업,PP,PP12MPP12M／M12KG(황),3180.0000000000,KG,2391.6666666667,0.0000000000,7455000.0000000000,745500.0000000000,8200500.0000000000,100롤, , 
20110805,(주)지엔에스트레이딩,PP,PP18MMx 21kg 삼성2300M두께0.9mm단중9.1g,3479.0000000000,KG,2345.0000000000,0.0000000000,8179372.0000000000,208750.0000000000,8388122.0000000000,수출 123(러시아), , 
20110806,LANDEN,PP,"9 x 3,932M 0.60T9 x 3,932M 0.6T 백색",14868.0000000000,KG,2.3322000000,34675.2000000000,36703699.0000000000,0.0000000000,36703699.0000000000, , ,110210-380(4)
20110808,신한화학포장기계(주),PE,PE28mm 2kgPE28M／M(백)2KG,4783.0000000000,KG,2568.5142857143,0.0000000000,11826848.0000000000,404540.0000000000,12231388.0000000000,50박스, , 
20110809,(주)태진케미칼,PP,PP파샤 (스크랩),2058.0000000000,kg,1850.0000000000,0.0000000000,1194600.0000000000,119460.0000000000,1314060.0000000000, , , 
20110810,(주)범영화성,PE,PE28mm 2kgPE28M／M(백)2KG,4436.0000000000,KG,2351.4285714286,0.0000000000,10404548.0000000000,347750.0000000000,10752298.0000000000,20박스, , 
20110811,(주)지엔에스트레이딩,PP,PP18MMx 21kg 삼성2300M두께0.9mm단중9.1g,5853.0000000000,KG,2426.0000000000,0.0000000000,14515424.0000000000,1166600.0000000000,15682024.0000000000,수출10(러시아), , 
20110812,자강산업(주),PP,PP18MPP18M／M10KG(황),1100.0000000000,KG,2550.0000000000,0.0000000000,2445000.0000000000,244500.0000000000,2689500.0000000000,100롤, , 
20110816,(주)지엔에스트레이딩,PP,PP18MMx 21kg 삼성2300M두께0.9mm단중9.1g,15445.0000000000,KG,16013.4146950000,0.0000000000,35457986.0000000000,775297.0000000000,36233283.0000000000,수출14(러시아), , 
20110817,POWERPAK,PP,PP 12MM12MMx1000Mx0.50MM Blue,63836.0000000000,KG,1043.1264833333,18249.1500000000,32210022.0000000000,560900.0000000000,32770922.0000000000, , ,15867
20110818,(주)지엔에스트레이딩,PP,PP18MMx 15kg 삼성1650M두께0.9mm단중8.56g,4343.0000000000,KG,2384.2285714286,0.0000000000,10582308.0000000000,733986.0000000000,11316294.0000000000,수출92(슬로바키아), , 
20110819,(주)지엔에스트레이딩,PP,PP18MMx 15kg 삼성1650M두께0.9mm단중8.56g,3960.0000000000,KG,2549.8000000000,0.0000000000,9688800.0000000000,264000.0000000000,9952800.0000000000,수출200(슬로바키아), , 
20110821,KOMERI,PP,15 x 100M 0.55T15x100M0.55T백색,6411.0000000000,KG,286.2982600000,1571300.0000000000,21978873.0000000000,0.0000000000,21978873.0000000000, , ,PUS110526905
20110822,LANDEN,PP,"12 x 3,000M 0.62T12x3,000M0.62T백색",20791.0000000000,KG,2235.6621363636,34813.8000000000,50621144.0000000000,874540.0000000000,51495684.0000000000, , ,110210-511(4)
20110823,경인팩,PP,PP15MPP15M／M9.5KG(적색),7333.5000000000,KG,2198.7500000000,0.0000000000,16523540.0000000000,1652354.0000000000,18175894.0000000000,100롤, , 
20110824,"SANYU CO.,LTD",PP,15 x 100M 0.55T15x100M0.55T황색,292147.0000000000,KG,1387.7627846154,1521110.0000000000,34081792.0000000000,770937.0000000000,34852729.0000000000, , ,25 KIC
20110825,대경(박타원),PP,PP12MPP12M／M12.5KG(아.그린),5690.0000000000,KG,2125.0000000000,0.0000000000,11800750.0000000000,1180075.0000000000,12980825.0000000000,50롤, , 
20110826,광림파워팩,PE,PE28mm 2kgPE28M／M(백)2KG,5388.0000000000,KG,2454.5454545455,0.0000000000,12105800.0000000000,1210580.0000000000,13316380.0000000000,30박스, , 
20110829,(주)지엔에스트레이딩,PP,PP18MMx 21kg 삼성2300M두께0.9mm단중9.1g,7834.0000000000,KG,2432.8571428571,0.0000000000,19253112.0000000000,1021356.0000000000,20274468.0000000000,수출184(멕시코), , 
20110830,미래상사,PE,PE28mm 2kgPE28M／M(백)2KG,610.0000000000,KG,2375.0000000000,0.0000000000,1144000.0000000000,114400.0000000000,1258400.0000000000,2박스, , 
20110831,(주)지엔에스트레이딩,PP,PP18MMx 21kg 삼성2300M두께0.9mm단중9.1g,4177.0000000000,KG,2292.0000000000,0.0000000000,9711936.0000000000,52500.0000000000,9764436.0000000000,수출48(말레이시아), , 
2011/08  계,,,,481045.5,,61353.2539186198,3180148.15,365707626,12671661,378379287,,,
20110901,위니아만도(주),PP,PP18MMx 15kg 위니아1818MMx 15kg,8182.0000000000,KG,2323.0000000000,0.0000000000,19011870.0000000000,1901187.0000000000,20913057.0000000000,300롤, , 
20110902,LANDEN,PP,"9 x 3,932M 0.60T9 x 3,932M 0.6T 백색",20431.0000000000,KG,2220.1629250000,35015.4000000000,50843738.0000000000,581956.0000000000,51425694.0000000000, , ,110729-380(1)
20110903,POWERPAK,PP,PP 12MM12MMx1000Mx0.50MM Blue,8555.0000000000,KG,2.0635600000,18199.0000000000,19345537.0000000000,0.0000000000,19345537.0000000000, , ,16060
20110905,금산포장,PE,PE28mm 2kgPE28M／M(백)2KG,1704.0000000000,KG,2766.6666666667,0.0000000000,4706400.0000000000,470640.0000000000,5177040.0000000000,30박스, , 
20110906,(주)지엔에스트레이딩,PP,PP18MMx 21kg 삼성(내수)2520M두께0.9mm단중8.56g,4233.0000000000,KG,2478.8444444444,0.0000000000,9986068.0000000000,541715.0000000000,10527783.0000000000,내수 1, , 
20110907,동서포장종합상사,PE,PE28mm 2kgPE28M／M(백)2KG,5642.5000000000,KG,1941.6666666667,0.0000000000,7686250.0000000000,768625.0000000000,8454875.0000000000,5박스, , 
20110908,(주)지엔에스트레이딩,PP,PP18MMx 15kg 삼성1650M두께0.9mm단중8.56g,55537.0000000000,KG,2272.5111111111,0.0000000000,14818320.0000000000,759009.0000000000,15577329.0000000000,수출180(슬로바키아), , 
20110909,위니아만도(주),PP,스트레치필름0.025T*600W*1440M(위니아),9519.0000000000,롤,4892.0083666667,1552840.0000000000,34550832.0000000000,765700.0000000000,35316532.0000000000,128롤, , 
20110910,POWERPAK,PP,PP 12MM12MMx1000Mx0.50MM Blue,8422.0000000000,KG,2.0635600000,17561.4000000000,18839869.0000000000,0.0000000000,18839869.0000000000, , ,16166
20110915,위니아만도(주),PP,PP18MMx 15kg 위니아1818MMx 15kg,7795.0000000000,KG,2489.0909090909,0.0000000000,18891250.0000000000,1889125.0000000000,20780375.0000000000,300롤, , 
20110916,LANDEN,PP,"9 x 3,932M 0.60T9 x 3,932M 0.6T 백색",19523.0000000000,KG,2174.0273153846,35015.4000000000,49764684.0000000000,285800.0000000000,50050484.0000000000, , ,110729-380(2)
20110917,자강산업(주),PP,PP18MPP18M／M10KG황색,1020.0000000000,KG,2170.0000000000,0.0000000000,2086000.0000000000,208600.0000000000,2294600.0000000000,100롤, , 
20110919,광림파워팩,PP,PP15MPP15M／M10KG(황),4720.0000000000,KG,2428.5714285714,0.0000000000,11296000.0000000000,1129600.0000000000,12425600.0000000000,100롤, , 
20110920,경인팩,PE,PE28mm 2kgPE28M／M(백)2KG,7175.0000000000,KG,2445.4666666667,0.0000000000,17848360.0000000000,868490.0000000000,18716850.0000000000,40박스, , 
20110921,(주)지엔에스트레이딩,PP,PP18MMx 21kg 삼성2300M두께0.9mm단중9.1g,8331.0000000000,KG,2323.3333333333,0.0000000000,18521040.0000000000,943236.0000000000,19464276.0000000000,수출185(인도), , 
20110922,(주)지엔에스트레이딩,PP,PP18MMx 21kg 삼성2300M두께0.9mm단중9.1g,5553.0000000000,KG,2324.6666666667,0.0000000000,13078904.0000000000,973816.0000000000,14052720.0000000000,수출1(브라질), , 
20110923,위니아만도(주),PP,PP18MMx 15kg 위니아1818MMx 15kg,6408.0000000000,KG,2275.0000000000,0.0000000000,14663650.0000000000,1466365.0000000000,16130015.0000000000,300롤, , 
20110925,RLBUTTON,PP,PP19M BUILDERSPP19M／M*300M 0.60T Blue,7719.0000000000,KG,5.3745500000,16396.8600000000,19307302.0000000000,0.0000000000,19307302.0000000000, , ,419114
20110926,주식회사청아판지팩,PE,PE28mm 2kgPE28M／M(백)2KG,5810.0000000000,KG,2419.8500000000,0.0000000000,13724264.0000000000,80146.0000000000,13804410.0000000000,10박스, , 
20110927,만덕종합상사,PE,PE28mm 2kgPE28M／M(백)2KG,4729.0000000000,KG,2380.8333333333,0.0000000000,10889326.0000000000,1079107.0000000000,11968433.0000000000,20박스, , 
20110928,전주삼신산업,PE,PE28mm 2kgPE28M／M(백)2KG,920.0000000000,KG,2750.0000000000,0.0000000000,2530000.0000000000,253000.0000000000,2783000.0000000000,10박스, , 
20110929,엠앤씨케미칼,PE,PE28mm 2kgPE28M／M(백)2KG,1120.0000000000,KG,2833.3333333333,0.0000000000,2954000.0000000000,295400.0000000000,3249400.0000000000,1박스, , 
20110930,우정사업본부,PP,우편물 자동파속끈3호6mm x 2250mx5kg(황색),17030.0000000000,KG,2409.1111111111,0.0000000000,43493241.0000000000,4349324.0000000000,47842565.0000000000,"1,430롤(외주)", , 
2011/09  계,,,,220078.5,,50327.6459480469,1675028.06,418836905,19610841,438447746,,,
20111001,RLBUTTON,PP,PP19M BUILDERSPP19M／M*300M 0.60T Blue,8073.0000000000,KG,4.7157400000,17362.8800000000,20479516.0000000000,0.0000000000,20479516.0000000000, , ,419115
20111003,LANDEN,PP,"9 x 3,932M 0.60T9 x 3,932M 0.6T 백색",14868.0000000000,KG,2.3551000000,35015.4000000000,41300664.0000000000,0.0000000000,41300664.0000000000, , ,110729-380(3)
20111004,ABL,PP,"12 x 3,000M 0.60T12x3,000M0.60TBLUE",22268.0000000000,KG,675.5786538462,32549.5000000000,53849225.0000000000,1550266.0000000000,55399491.0000000000, , ,356542
20111005,(주)지엔에스트레이딩,PP,PP18MMx 21kg 삼성2300M두께0.9mm단중9.1g,5471.0000000000,KG,2306.6222222222,0.0000000000,12644452.0000000000,203278.0000000000,12847730.0000000000,수출144(말레이시아), , 
20111006,(주)지엔에스트레이딩,PP,PP18MMx 21kg 삼성2300M두께0.9mm단중9.1g,4732.0000000000,KG,2462.1777777778,0.0000000000,11462168.0000000000,408654.0000000000,11870822.0000000000,수출54(헝가리), , 
20111007,경인팩,PE,PE28mm 2kgPE28M／M(백)2KG,204.0000000000,KG,2850.0000000000,0.0000000000,582000.0000000000,58200.0000000000,640200.0000000000,3박스, , 
20111008,CORPORATEEXPRESS,PP,PP 12MM12MMx1000Mx0.55MM Blue,16061.0000000000,KG,2.1753000000,29144.0700000000,34582353.0000000000,0.0000000000,34582353.0000000000, , ,QL381146
20111010,신한화학포장기계(주),PE,PE28mm 2kgPE28M／M(백)2KG,2460.0000000000,KG,2530.0000000000,0.0000000000,6249000.0000000000,624900.0000000000,6873900.0000000000,50박스, , 
20111011,제일산업(주)(화성),PP,PP12MPP12M／M10KG(황),24986.0000000000,KG,1406.5500000000,39622.5000000000,60736832.0000000000,699510.0000000000,61436342.0000000000,50롤, , 
20111012,위니아만도(주),PP,PP18MMx 15kg 위니아1818MMx 15kg,11595.0000000000,KG,867.6454363636,1544240.0000000000,36368151.0000000000,1292875.0000000000,37661026.0000000000,300롤, , 
20111013,삼원산업,PP,PP12MPP12M／M12KG(황),14430.0000000000,KG,1774.5599869565,18449.4600000000,34797146.0000000000,1316700.0000000000,36113846.0000000000,200롤, , 
20111014,FLEXIBLE,PP,"12 x 2,500M 0.60T12 x 2,500M 0.60T Blue",11335.0000000000,KG,1847.6890933333,13447.3500000000,24308731.0000000000,235004.0000000000,24543735.0000000000,100% Recycled, ,110926
20111015,광림파워팩,PP,PP9MMPP9M／M10KG(황),3500.0000000000,KG,2237.5000000000,0.0000000000,7550000.0000000000,755000.0000000000,8305000.0000000000,200롤, , 
20111017,경인팩,PE,PE28mm 2kgPE28M／M(백)2KG,18340.0000000000,KG,620.6899625000,29221.8000000000,44898630.0000000000,156000.0000000000,45054630.0000000000,30박스, , 
20111018,한국미쓰비시상사(주),PE,PE28mm 2kgPE28M／M(백)2KG,22058.0000000000,KG,1272.0950000000,1462031.0000000000,40328338.0000000000,624000.0000000000,40952338.0000000000, , ,KCM-35-0007
20111019,베스트로유통,PP,스트레치필름0.025T*400W*500M(위니아),6438.0000000000,롤,14757.5000000000,0.0000000000,23645000.0000000000,2364500.0000000000,26009500.0000000000, , , 
20111020,합동포장기계,PP,PP12MPP12M／M12.5(황),6701.0000000000,KG,2491.7411764706,0.0000000000,16017748.0000000000,1236945.0000000000,17254693.0000000000,50롤, , 
20111021,(주)동원화학,PP,PP12MPP12M／M10KG(황),740.0000000000,KG,2375.0000000000,0.0000000000,2020000.0000000000,202000.0000000000,2222000.0000000000,2롤(0.62T         , , 
20111024,자강산업(주),PP,PP18MPP18M／M10KG(황),1800.0000000000,KG,2516.6666666667,0.0000000000,4250000.0000000000,425000.0000000000,4675000.0000000000,100롤, , 
20111025,(주)지엔에스트레이딩,PP,PP18MMx 21kg 삼성2300M두께0.9mm단중9.1g,13931.0000000000,KG,2121.4285714286,0.0000000000,10463208.0000000000,599256.0000000000,11062464.0000000000,수출21(인도), , 
20111026,위니아만도(주),PP,PP18MMx 15kg 위니아1818MMx 15kg,9250.0000000000,KG,2385.1666750000,0.0000000000,22579100.0000000000,1539500.0000000000,24118600.0000000000,240롤(기계고장수량미달), , 
20111027,PACKAGING HOUSE,PP,PP19MPP19M／M*0.55T 1000M Blue,15826.0000000000,KG,170004.5166615385,27004.4000000000,40004773.0000000000,947900.0000000000,40952673.0000000000, , ,H315494
20111028,(주)지엔에스트레이딩,PP,PP18MMx 21kg 삼성2300M두께0.9mm단중9.1g,4486.0000000000,KG,2320.8000000000,0.0000000000,10315088.0000000000,375992.0000000000,10691080.0000000000,수출75(멕시코), , 
20111029,LANDEN,PP,"9 x 3,932M 0.60T9 x 3,932M 0.6T 백색",14868.0000000000,KG,2.3551000000,35015.4000000000,39374817.0000000000,0.0000000000,39374817.0000000000, , ,110729-380(4)
20111031,(주)지엔에스트레이딩,PP,PP18MMx 21kg 삼성2300M두께0.9mm단중9.1g,3786.0000000000,KG,2622.5000000000,0.0000000000,9340568.0000000000,413300.0000000000,9753868.0000000000,수출106(멕시코), , 
2011/10  계,,,,258207,,222458.029124104,3283103.76,608147508,16028780,624176288,,,
20111101,(주)삼화인쇄,PP,PP 11MM11MM-10KG(백),5155.0000000000,KG,2213.6363636364,0.0000000000,11368750.0000000000,1136875.0000000000,12505625.0000000000,150롤(재책3층), , 
20111102,경인팩,PE,PE28mm 2kgPE28M／M(백)2KG,5708.0000000000,KG,2550.0000000000,0.0000000000,14165800.0000000000,1416580.0000000000,15582380.0000000000,10박스(20k), , 
20111103,PACKAGING HOUSE,PP,PP 12MM12MMx1000Mx0.55MM Blue,16999.0000000000,KG,1679.8526400000,18161.2800000000,39019399.0000000000,1299975.0000000000,40319374.0000000000, , ,H315499
20111104,조은상사,PE,"PE28mm, 6KGPE28M／M(백)6KG",1989.0000000000,KG,2662.5000000000,0.0000000000,5099650.0000000000,509965.0000000000,5609615.0000000000,21박스, , 
20111105,(주)삼화인쇄,PP,PP10.5MPP10.5M10KG투명,1200.0000000000,KG,2150.0000000000,0.0000000000,2620000.0000000000,262000.0000000000,2882000.0000000000,100롤(제책4층), , 
20111107,POWERPAK,PP,"15 x 1,000M 0.50T Blue15x1,000M0.50T청색",14677.0000000000,KG,1858.6729636364,18822.3400000000,35894863.0000000000,1146504.0000000000,37041367.0000000000, , ,16682
20111108,(주)동원화학,PP,PP12MPP12M／M10KG(황),7550.0000000000,KG,2400.0000000000,0.0000000000,17273000.0000000000,1727300.0000000000,19000300.0000000000,150롤(0.62t), , 
20111109,한서포장,PE,PE28mm 2kgPE28M／M(백)2KG,7834.0000000000,KG,1112.2588700000,17926.0800000000,22712708.0000000000,185930.0000000000,22898638.0000000000,25박스, , 
20111110,우정사업본부,PP,우편물 자동파속끈3호6mm x 2250mx5kg(황색),3200.0000000000,KG,2511.5000000000,0.0000000000,8128272.0000000000,812828.0000000000,8941100.0000000000,500롤, , 
20111111,한국미쓰비시상사(주),PE,PE28mm 2kgPE28M／M(백)2KG,14540.0000000000,KG,1865.3250000000,1904532.0000000000,33817987.0000000000,599506.0000000000,34417493.0000000000, , ,KCM-35-0009 KOBE
20111114,LANDEN,PP,"9 x 3,932M 0.60T9 x 3,932M 0.6T 백색",36991.0000000000,KG,1635.2525192308,1561354.6000000000,96108115.0000000000,573169.0000000000,96681284.0000000000, , ,110729-380(5)
20111116,(주)한제피앤에스,PP,PP 12MM12MMx1000Mx0.50MM Blue,14334.0000000000,KG,2378.3817333333,0.0000000000,33590860.0000000000,1449580.0000000000,35040440.0000000000, , ,HJ11-APS05
20111117,제일산업(주)(화성),PP,PP8MPP8M／M10KG(백),3627.0000000000,KG,53171.4285714286,0.0000000000,8697900.0000000000,869790.0000000000,9567690.0000000000,100롤, , 
20111118,(주)지엔에스트레이딩,PP,PP18MMx 21kg 삼성2300M두께0.9mm단중9.1g,4475.0000000000,KG,2196.0000000000,0.0000000000,10105920.0000000000,298236.0000000000,10404156.0000000000,수출144(말레이시아), , 
20111119,태현포장기계,PP,PP12MPP12M／M12.5(황),1710.0000000000,KG,2283.3333333333,0.0000000000,4345500.0000000000,434550.0000000000,4780050.0000000000,20롤, , 
20111120,"SANYU CO.,LTD",PP,15 x 100M 0.55T15x100M0.55T황색,286614.0000000000,KG,165.1812500000,1553240.0000000000,22956576.0000000000,0.0000000000,22956576.0000000000, , ,26 KIC
20111121,(주)지엔에스트레이딩,PP,PP18MMx 21kg 삼성2300M두께0.9mm단중9.1g,9425.0000000000,KG,2056.0000000000,0.0000000000,11538220.0000000000,662542.0000000000,12200762.0000000000,수출100(멕시코), , 
20111122,(주)지엔에스트레이딩,PP,PP18MMx 21kg 삼성2300M두께0.9mm단중9.1g,3653.5000000000,KG,2488.0000000000,0.0000000000,8750813.0000000000,157812.0000000000,8908625.0000000000,수출146(러시아), , 
20111123,위니아만도(주),PP,PP18MMx 15kg 위니아1818MMx 15kg,4500.0000000000,KG,2450.0000000000,0.0000000000,11025000.0000000000,1102500.0000000000,12127500.0000000000,300롤, , 
20111124,한국미쓰비시상사(주),PE,PE28mm 2kgPE28M／M(백)2KG,13768.0000000000,KG,1743.6333333333,1898885.0000000000,32962945.0000000000,473640.0000000000,33436585.0000000000, , ,KCM-35-0008
20111125,(주)지엔에스트레이딩,PP,PP18MMx 21kg 삼성2300M두께0.9mm단중9.1g,3790.0000000000,KG,2622.5000000000,0.0000000000,9149640.0000000000,276300.0000000000,9425940.0000000000,130롤(러시아), , 
20111128,POWERPAK,PP,PP 12MM12MMx1000Mx0.50MM Blue,11144.0000000000,KG,586.5063375000,17507.9000000000,25957133.0000000000,0.0000000000,25957133.0000000000, , ,16901
20111129,홍영산업,PE,PE28mm 2kgPE28M／M(백)2KG,2560.0000000000,KG,2541.6666666667,0.0000000000,6531000.0000000000,653100.0000000000,7184100.0000000000,30박스, , 
20111130,(주)지엔에스트레이딩,PP,PP18MMx 21kg 삼성2300M두께0.9mm단중9.1g,2574.0000000000,KG,2341.3714285714,0.0000000000,6027792.0000000000,4912.0000000000,6032704.0000000000,수출29(멕시코), , 
2011/11  계,,,,478017.5,,99663.0010106702,6990429.2,477847843,16053594,493901437,,,
20111201,위니아만도(주),PP,PP18MMx 15kg 위니아1818MMx 15kg,5446.0000000000,KG,2525.0000000000,0.0000000000,13488450.0000000000,1348845.0000000000,14837295.0000000000,300롤, , 
20111202,LANDEN,PP,"9 x 3,932M 0.60T9 x 3,932M 0.6T 백색",27541.0000000000,KG,1023.1356066667,57284.5800000000,71451197.0000000000,688002.0000000000,72139199.0000000000, , ,110729-380(6)
20111203,APACKPLASTIC,PP,"15 x 2,500M 0.64T15 x 2,500M 0.64T 청색",9988.0000000000,KG,1775.5225500000,16852.5000000000,23238638.0000000000,424250.0000000000,23662888.0000000000, , ,APDAN1007
20111205,자강산업(주),PP,PP18MPP18M／M10KG(황),1060.0000000000,KG,2500.0000000000,0.0000000000,2227000.0000000000,222700.0000000000,2449700.0000000000,100롤, , 
20111206,광림파워팩,PE,PE28mm 2kgPE28M／M(백)2KG,7102.0000000000,KG,2299.3333333333,0.0000000000,15928216.0000000000,1411045.0000000000,17339261.0000000000,30박스(24k), , 
20111207,금산포장,PE,PE28mm 2kgPE28M／M(백)2KG,740.0000000000,KG,2933.3333333333,0.0000000000,2124000.0000000000,212400.0000000000,2336400.0000000000,30박스, , 
20111208,한서포장,PE,PE28mm 2kgPE28M／M(백)2KG,20690.0000000000,KG,1060.5200000000,39538.8000000000,49286819.0000000000,473450.0000000000,49760269.0000000000,25박스, , 
20111209,(주)지엔에스트레이딩,PP,PP18MMx 21kg 삼성2300M두께0.9mm단중9.1g,3797.0000000000,KG,2255.8000000000,0.0000000000,8528140.0000000000,204324.0000000000,8732464.0000000000,수출2(헝가리), , 
20111211,KOMERI,PP,15 x 100M 0.55T15x100M0.55T녹색,11649.0000000000,KG,289.2625500000,3148420.0000000000,45862719.0000000000,0.0000000000,45862719.0000000000, , ,PUS110915907
20111212,삼원산업,PP,PP12MPP12M／M12KG(황),5409.0000000000,KG,1672.5000000000,0.0000000000,12495450.0000000000,1249545.0000000000,13744995.0000000000,100롤, , 
20111213,대상산업,PE,PE28mm 2kgPE28M／M(백)2KG,3624.0000000000,KG,2399.9428571429,0.0000000000,8883528.0000000000,313126.0000000000,9196654.0000000000,40박스, , 
20111214,(주)태진케미칼,PP,PP파샤 (스크랩),1950.0000000000,kg,1725.0000000000,0.0000000000,1465000.0000000000,146500.0000000000,1611500.0000000000, , , 
20111215,(주)지엔에스트레이딩,PP,PP18MMx 21kg 삼성2300M두께0.9mm단중9.1g,5078.0000000000,KG,2191.6666666667,0.0000000000,11579944.0000000000,430900.0000000000,12010844.0000000000,수출148(인도), , 
20111216,LANDEN,PP,"9 x 3,932M 0.60T9 x 3,932M 0.6T 백색",18388.0000000000,KG,1940.4710200000,35015.4000000000,48516885.0000000000,785000.0000000000,49301885.0000000000, , ,110729-380(7)
20111217,PUNCHBOWL,PP,PP19M HD BlackPP19M／M*1000M1.0TBlack,12970.0000000000,KG,801.5433333333,22291.6000000000,31905464.0000000000,601600.0000000000,32507064.0000000000, , ,300049
20111219,상일교역상사,PP,"12 x 3,017M 0.55T12x3,017M 0.55T 백색",7946.5000000000,KG,1500.6149000000,13224.0000000000,17239181.0000000000,194562.0000000000,17433743.0000000000, , ,HOFFMAN 054723
20111220,(주)지엔에스트레이딩,PP,PP18MMx 21kg 삼성2300M두께0.9mm단중9.1g,3900.0000000000,KG,2245.8000000000,0.0000000000,8788816.0000000000,615085.0000000000,9403901.0000000000,수출1(중국), , 
20111221,홍영산업,PE,PE28mm 2kgPE28M／M(백)2KG,58156.0000000000,KG,412.4159666667,1457436.0000000000,24652212.0000000000,280000.0000000000,24932212.0000000000,50박스, , 
20111222,파워엠팩,PP,PP10.5MPP10.5M10KG투명,1192.0000000000,KG,2375.0000000000,0.0000000000,2649200.0000000000,264920.0000000000,2914120.0000000000,100롤(k2코리아), , 
20111223,(주)경일포장,PP,PP12MPP12M／M10KG(황),260.0000000000,KG,2500.0000000000,0.0000000000,587000.0000000000,58700.0000000000,645700.0000000000,20롤, , 
20111225,POWERPAK,PP,PP 12MM12MMx1000Mx0.50MM Blue,7940.0000000000,KG,1.9857500000,15332.1600000000,17727043.0000000000,0.0000000000,17727043.0000000000, , ,17013
20111226,(주)삼화인쇄,PP,PP10.5MPP10.5M10KG투명,17990.0000000000,KG,2416.4000000000,0.0000000000,45537019.0000000000,4553701.0000000000,50090720.0000000000,100롤(4층), , 
20111227,(주)지엔에스트레이딩,PP,PP18MMx 21kg 삼성2300M두께0.9mm단중9.1g,12658.0000000000,KG,2415.6927928571,0.0000000000,29021350.0000000000,335145.0000000000,29356495.0000000000,수출133(멕시코), , 
20111228,합동포장기계,PE,PE28mm 2kgPE28M／M(백)2KG,5229.0000000000,KG,2444.4444444444,0.0000000000,11833000.0000000000,1183300.0000000000,13016300.0000000000,15박스, , 
20111229,경인팩,PE,"PE28mm, 6KGPE28M／M(백)6KG",197.0000000000,KG,2325.0000000000,0.0000000000,443450.0000000000,44345.0000000000,487795.0000000000,3박스, , 
20111230,LANDEN,PP,"9 x 3,932M 0.60T9 x 3,932M 0.6T 백색",17768.0000000000,KG,1334.1183666667,35015.4000000000,46183260.0000000000,580000.0000000000,46763260.0000000000, , ,110729-380(8)
2011/12  계,,,,268668.5,,47364.5034711111,4840410.44,551642981,16621445,568264426,,,
20120102,광림파워팩,PP,PP12MPP12M／M10KG(황),53816.0000000000,KG,1538.2857142857,0.0000000000,8822000.0000000000,882200.0000000000,9704200.0000000000,100롤, , 
20120103,(주)지엔에스트레이딩,PP,PP18MMx 21kg 삼성2300M두께0.9mm단중9.1g,2447.0000000000,KG,2308.1818181818,0.0000000000,5576796.0000000000,326778.0000000000,5903574.0000000000,수출15(인도), , 
20120104,경인팩,PE,PE28mm 2kgPE28M／M(백)2KG,5760.0000000000,KG,1878.0000000000,0.0000000000,6063500.0000000000,606350.0000000000,6669850.0000000000,7박스, , 
20120105,(주)한국유니콤,PE,PE28mm 2kgPE28M／M(백)2KG,3480.0000000000,KG,2450.0000000000,0.0000000000,8703000.0000000000,870300.0000000000,9573300.0000000000,25박스, , 
20120106,한서포장,PE,PE28mm 2kgPE28M／M(백)2KG,2190.0000000000,KG,2558.3333333333,0.0000000000,5720000.0000000000,572000.0000000000,6292000.0000000000,40박스, , 
20120107,POWERPAK,PP,PP 12MM12MMx1000Mx0.50MM Blue,8767.0000000000,KG,2.0151333333,17444.5100000000,20066419.0000000000,0.0000000000,20066419.0000000000, , ,17520
20120109,KOMERI,PP,15 x 100M 0.55T15x100M0.55T녹색,7789.0000000000,KG,785.4610900000,1586920.0000000000,27921199.0000000000,399600.0000000000,28320799.0000000000, , ,PUS 111018913
20120110,(주)지엔에스트레이딩,PP,PP18MMx 21kg 삼성2300M두께0.9mm단중9.1g,7117.0000000000,KG,2497.5000000000,0.0000000000,17642232.0000000000,1572624.0000000000,19214856.0000000000,수출19(헝가리), , 
20120111,광림파워팩,PP,PP15MPP15M／M13KG(황),2160.0000000000,KG,1990.0000000000,0.0000000000,4299800.0000000000,429980.0000000000,4729780.0000000000,50롤, , 
20120112,자강산업(주),PP,PP18MPP18M／M10KG(황),2620.0000000000,KG,2412.5000000000,0.0000000000,6101000.0000000000,610100.0000000000,6711100.0000000000,100롤, , 
20120113,LANDEN,PP,"9 x 3,932M 0.60T9 x 3,932M 0.6T 백색",24227.0000000000,KG,726.6653700000,52611.0000000000,65159626.0000000000,419400.0000000000,65579026.0000000000, , ,110729-380(9)
20120114,"SANYU CO.,LTD",PP,15 x 100M 0.55T15x100M0.55T황색,197806.0000000000,KG,490.3696666667,1552310.0000000000,26036740.0000000000,260400.0000000000,26297140.0000000000, , , 
20120116,제일포장(김해),PE,PE28mm 2kgPE28M／M(백)2KG,6345.0000000000,KG,2448.7000000000,0.0000000000,16061884.0000000000,1090343.0000000000,17152227.0000000000,100박스, , 
20120117,제일산업(주)(화성),PP,PP8MPP8M／M10KG(백),1072.0000000000,KG,2575.0000000000,0.0000000000,2412400.0000000000,241240.0000000000,2653640.0000000000,100롤, , 
20120118,광림파워팩,PP,PP9MMPP9M／M10KG(황),3096.0000000000,KG,2464.2857142857,0.0000000000,6603000.0000000000,660300.0000000000,7263300.0000000000,200롤, , 
20120119,제일산업(주)(화성),PP,PP6MMPP6M／M10KG(청),700.0000000000,KG,2075.0000000000,0.0000000000,1415000.0000000000,141500.0000000000,1556500.0000000000,20롤, , 
20120120,경인팩,PP,PP12MPP12M／M12.5(황),11965.0000000000,KG,605.7125000000,1690904.0000000000,25185416.0000000000,25625.0000000000,25211041.0000000000,10롤, , 
20120121,PUNCHBOWL,PP,PP19M Premium BlackPP19M／M*1000M 0.8T Black,20600.0000000000,KG,901.5433333333,43122.4000000000,50300295.0000000000,129600.0000000000,50429895.0000000000, , ,111202
20120122,LANDEN,PP,"9 x 3,932M 0.60T9 x 3,932M 0.6T 백색",14868.0000000000,KG,2.3551000000,35015.4000000000,39791500.0000000000,0.0000000000,39791500.0000000000, , ,110729-380(10)
20120126,(주)지엔에스트레이딩,PP,PP18MMx 21kg 삼성2300M두께0.9mm단중9.1g,5727.0000000000,KG,2436.2500000000,0.0000000000,13115136.0000000000,1006919.0000000000,14122055.0000000000,수출13(인도), , 
20120127,광림파워팩,PE,PE28mm 2kgPE28M／M(백)2KG,1420.0000000000,KG,2700.0000000000,0.0000000000,3913000.0000000000,391300.0000000000,4304300.0000000000,40박스, , 
20120130,위니아만도(주),PP,스트레치필름0.025T*600W*1440M(위니아),3153.0000000000,롤,11580.0000000000,0.0000000000,12959500.0000000000,1295950.0000000000,14255450.0000000000,128롤, ,엠에이티납품
20120131,금산포장,PE,PE28mm 2kgPE28M／M(백)2KG,2097.5000000000,KG,2290.0000000000,0.0000000000,4701500.0000000000,470150.0000000000,5171650.0000000000,30박스, , 
2012/01  계,,,,389222.5,,49716.1587734198,4978327.31,378570943,12402659,390973602,,,
20120201,(주)지엔에스트레이딩,PP,PP18MMx 21kg 삼성(내수)2520M두께0.9mm단중8.56g,4589.5000000000,KG,2156.1230769231,0.0000000000,7066365.0000000000,426605.0000000000,7492970.0000000000,수출21(중국), , 
20120202,경인팩,PE,PE28mm 2kgPE28M／M(백)2KG,1300.0000000000,KG,2275.0000000000,0.0000000000,3040000.0000000000,304000.0000000000,3344000.0000000000,40박스(메디코), , 
20120203,파워엠팩,PE,PE28mm 2kgPE28M／M(백)2KG,292.0000000000,KG,2725.0000000000,0.0000000000,779600.0000000000,77960.0000000000,857560.0000000000,8박스, , 
20120206,LANDEN,PP,"9 x 3,932M 0.60T9 x 3,932M 0.6T 백색",17508.0000000000,KG,1817.4517000000,35015.4000000000,45994731.0000000000,681600.0000000000,46676331.0000000000, , ,110729-380(11)
20120207,(주)지엔에스트레이딩,PP,PP18MMx 21kg 삼성2300M두께0.9mm단중9.1g,14615.0000000000,KG,1379.7272727273,0.0000000000,19779944.0000000000,1471975.0000000000,21251919.0000000000,수출103(멕시코), , 
20120208,(주)삼화인쇄,PP,PP10.5MPP10.5M10KG투명,4570.0000000000,KG,2278.5714285714,0.0000000000,10146500.0000000000,1014650.0000000000,11161150.0000000000,100롤((제책4층), , 
20120209,주식회사 홍영,PE,PE28mm 2kgPE28M／M(백)2KG,4602.0000000000,KG,2459.9428571429,0.0000000000,11332016.0000000000,448400.0000000000,11780416.0000000000,50박스(가지러옴), , 
20120210,PACKAGING HOUSE,PP,PP 12MM12MMx1000Mx0.55MM Blue,15573.0000000000,KG,596.0933222222,31482.0400000000,37121268.0000000000,192120.0000000000,37313388.0000000000, , ,H326015
20120211,RLBUTTON,PP,"12 x 3,000M 0.60T12x3,000M0.60TBLUE",19580.0000000000,KG,6.6103000000,42330.0700000000,47329250.0000000000,0.0000000000,47329250.0000000000, , ,421592
20120213,광림파워팩,PE,PE28mm 2kgPE28M／M(백)2KG,1272.0000000000,KG,2650.0000000000,0.0000000000,3483600.0000000000,348360.0000000000,3831960.0000000000,50박스, , 
20120214,(주)지엔에스트레이딩,PP,PP18MMx 21kg 삼성2300M두께0.9mm단중9.1g,3862.0000000000,KG,2410.0000000000,0.0000000000,9184800.0000000000,279815.0000000000,9464615.0000000000,수출 129(멕시코), , 
20120215,(주)범영화성,PE,PE28mm 2kgPE28M／M(백)2KG,5035.0000000000,KG,2264.2857142857,0.0000000000,10922000.0000000000,1092200.0000000000,12014200.0000000000,20박스, , 
20120216,자강산업(주),PP,PP18MPP18M／M10KG(황),1000.0000000000,KG,1950.0000000000,0.0000000000,1950000.0000000000,195000.0000000000,2145000.0000000000,100롤, , 
20120217,경인팩,PE,PE28mm 2kgPE28M／M(백)2KG,5597.0000000000,KG,9531.0000000000,0.0000000000,11975600.0000000000,1197560.0000000000,13173160.0000000000,40박스, , 
20120218,한서포장,PE,PE28mm 2kgPE28M／M(백)2KG,19031.0000000000,KG,1353.1711000000,35352.8400000000,44244932.0000000000,437400.0000000000,44682332.0000000000,25박스, , 
20120219,PUNCHBOWL,PP,PP19M HD BlackPP19M／M*1000M1.0TBlack,21300.0000000000,KG,13.5600000000,52020.0000000000,58668156.0000000000,0.0000000000,58668156.0000000000, , ,300102
20120220,LANDEN,PP,"9 x 3,932M 0.60T9 x 3,932M 0.6T 백색",30763.0000000000,KG,1492.7790200000,1857186.4000000000,76327161.0000000000,1129075.0000000000,77456236.0000000000, , ,110729-380(12)
20120221,(주)동원화학,PE,우편물 자동파속끈 1호35m/m x 2kg (PE)백색,2424.0000000000,KG,2290.0000000000,0.0000000000,5620400.0000000000,562040.0000000000,6182440.0000000000,662롤, , 
20120222,(주)지엔에스트레이딩,PP,PP18MMx 21kg 삼성2300M두께0.9mm단중9.1g,4433.0000000000,KG,2414.9750000000,0.0000000000,10159348.0000000000,565345.0000000000,10724693.0000000000,수출26(헝가리), , 
20120223,광림파워팩,PE,PE28mm 2kgPE28M／M(백)2KG,3920.0000000000,KG,2362.5000000000,0.0000000000,9244000.0000000000,924400.0000000000,10168400.0000000000,50박스, , 
20120224,MARKCOLIN,PP,"12 x 3,000M 0.75T12x3,000M0.75T 청색",23787.0000000000,KG,1550.6543933333,39053.6500000000,52115432.0000000000,805120.0000000000,52920552.0000000000, , ,66363 (LCL)
20120225,금산포장,PE,PE28mm 2kgPE28M／M(백)2KG,500.0000000000,KG,2800.0000000000,0.0000000000,1400000.0000000000,140000.0000000000,1540000.0000000000,25박스, , 
20120227,(주)지엔에스트레이딩,PP,PP18MMx 21kg 삼성2300M두께0.9mm단중9.1g,4452.0000000000,KG,2460.0000000000,0.0000000000,10698144.0000000000,342720.0000000000,11040864.0000000000,수출129(멕시코), , 
20120228,(주)지엔에스트레이딩,PP,PP18MMx 21kg 삼성2300M두께0.9mm단중9.1g,4145.0000000000,KG,2510.0000000000,0.0000000000,10012560.0000000000,387156.0000000000,10399716.0000000000,수출125(멕시코), , 
20120229,파워엠팩,PP,PP9MMPP9M／M13KG(투명),1248.0000000000,KG,2100.0000000000,0.0000000000,2620800.0000000000,262080.0000000000,2882880.0000000000,96롤(오뚜기), , 
2012/02  계,,,,215398.5,,55847.4451852059,2092440.4,501216607,13285581,514502188,,,
20120302,대경(박타원),PP,PP15MPP15M／M13KG(황),3370.0000000000,KG,2100.0000000000,0.0000000000,3810000.0000000000,381000.0000000000,4191000.0000000000,10롤, , 
20120303,"SANYU CO.,LTD",PP,15 x 100M 0.55T15x100M0.55T황색,205561.0000000000,KG,126.9714352941,1515047.6000000000,39530771.0000000000,0.0000000000,39530771.0000000000, , ,29 KIC
20120305,(주)지엔에스트레이딩,PP,PP18MMx 21kg 삼성2300M두께0.9mm단중9.1g,3145.0000000000,KG,2400.0000000000,0.0000000000,7467000.0000000000,279984.0000000000,7746984.0000000000,수출76(인도), , 
20120306,대상산업,PP,PP12MPP12M／M12.5(황),2050.0000000000,KG,2513.3333333333,0.0000000000,4698000.0000000000,469800.0000000000,5167800.0000000000,20롤, , 
20120307,KOMERI,PP,15 x 100M 0.55T15x100M0.55T녹색,7426.0000000000,KG,733.6263111111,1535500.0000000000,23478266.0000000000,217520.0000000000,23695786.0000000000, , ,PUS111212901  NIIGATA
20120308,태현포장기계,PE,PE28mm 2kgPE28M／M(백)2KG,3150.0000000000,KG,2362.5000000000,0.0000000000,7440000.0000000000,744000.0000000000,8184000.0000000000,50박스, , 
20120309,PRO-PAC PACKAGING,PP,PP 12MM12MMx1000Mx0.55MM Blue,11265.5000000000,KG,795.9854000000,19827.0500000000,28653955.0000000000,645162.0000000000,29299117.0000000000, , ,VIC 106058
20120312,KOMERI,PP,15 x 100M 0.55T15x100M0.55T청색,7408.0000000000,KG,1229.9637375000,1481800.0000000000,22690116.0000000000,264240.0000000000,22954356.0000000000, , ,PUS111212901 MIZUSHIMA
20120313,(주)지엔에스트레이딩,PP,PP18MMx 21kg 삼성2300M두께0.9mm단중9.1g,3971.0000000000,KG,2370.0000000000,0.0000000000,9458328.0000000000,375947.0000000000,9834275.0000000000,수출71(헝가리), , 
20120314,해성수출포장,PE,PE28mm 2kgPE28M／M(백)2KG,2111.0000000000,KG,2450.0000000000,0.0000000000,5364000.0000000000,536400.0000000000,5900400.0000000000,20박스, , 
20120315,자강산업(주),PP,PP18MPP18M／M10KG(황),1200.0000000000,KG,2000.0000000000,0.0000000000,2360000.0000000000,236000.0000000000,2596000.0000000000,100롤, , 
20120316,제일산업(주)(화성),PP,PP8MPP8M／M10KG(백),5420.0000000000,KG,2214.2857142857,0.0000000000,11690000.0000000000,1169000.0000000000,12859000.0000000000,100롤, ,동원화학 외주가공
20120317,RLBUTTON,PP,"12 x 3,000M 0.60T Clear w/Talleys Red printed12 x 3,000M 0.60T Clear w/Talleys Red printed",7777.0000000000,KG,25.9480750000,16412.4200000000,18531263.0000000000,0.0000000000,18531263.0000000000, , ,422059
20120319,신한화학포장기계(주),PE,PE28mm 2kgPE28M／M(백)2KG,1060.0000000000,KG,2750.0000000000,0.0000000000,2874000.0000000000,287400.0000000000,3161400.0000000000,50박스, , 
20120320,DAINDO OFFSET,PE,PE28mm 2kgPE28M／M(백)2KG,16366.5000000000,KG,2288.4587500000,21488.4000000000,36408694.0000000000,643097.0000000000,37051791.0000000000, , ,120209
20120321,(주)삼화인쇄,PP,PP12MPP12M／M10KG(백),3840.0000000000,KG,2357.1428571429,0.0000000000,8546000.0000000000,854600.0000000000,9400600.0000000000,120롤(쇼핑백), , 
20120322,송탄농업협동조합,PP,PP12M (0.65T)PP12M／M10KG(황),3797.5000000000,KG,2381.2500000000,0.0000000000,8696525.0000000000,869652.0000000000,9566177.0000000000,100롤 , , 
20120323,삼원산업,PP,PP15MPP15M／M10KG(황),11035.0000000000,KG,2229.7761000000,0.0000000000,23645920.0000000000,538000.0000000000,24183920.0000000000,200롤, , 
20120326,제일산업(주)(화성),PP,PP8MPP8M／M10KG(백),20100.0000000000,KG,680.0714285714,39430.8000000000,46957641.0000000000,225100.0000000000,47182741.0000000000,100롤, , 
20120327,(주)지엔에스트레이딩,PP,PP18MMx 21kg 삼성2300M두께0.9mm단중9.1g,5966.0000000000,KG,2328.1818181818,0.0000000000,13367248.0000000000,668583.0000000000,14035831.0000000000,수출97(멕시코), , 
20120328,제일산업(주)(화성),PP,PP6MMPP6M／M10KG(백),2185.0000000000,KG,2441.6666666667,0.0000000000,4996000.0000000000,499600.0000000000,5495600.0000000000,50롤, , 
20120329,제일포장(김해),PE,PE28mm 2kgPE28M／M(백)2KG,2575.0000000000,KG,2332.5000000000,0.0000000000,5714000.0000000000,571400.0000000000,6285400.0000000000,15박스, , 
20120330,대경(박타원),PE,PE28mm 2kgPE28M／M(백)2KG,500.0000000000,KG,2600.0000000000,0.0000000000,1315000.0000000000,131500.0000000000,1446500.0000000000,20박스, , 
20120331,경인팩,PE,PE28mm 2kgPE28M／M(백)2KG,100.0000000000,KG,2550.0000000000,0.0000000000,255000.0000000000,25500.0000000000,280500.0000000000,5박스, , 
2012/03  계,,,,331379.5,,46261.661627087,4629506.27,337947727,10633485,348581212,,,
20120402,NORTH SHORE,PP,PP 06MM06MMx5486Mx0.48MM White (8x8),37124.0000000000,KG,1672.3481850000,31495.6800000000,91898581.0000000000,5617619.0000000000,97516200.0000000000, , ,KJ 022314
20120403,(주)지엔에스트레이딩,PP,PP18MMx 21kg 삼성2300M두께0.9mm단중9.1g,3598.0000000000,KG,2453.9200000000,0.0000000000,8541200.0000000000,249844.0000000000,8791044.0000000000,수출123(멕시코), , 
20120404,위니아만도(주),PP,PP18MMx 15kg 위니아1818MMx 15kg,6232.5000000000,KG,2307.5000000000,0.0000000000,14925225.0000000000,1492522.0000000000,16417747.0000000000,300롤, , 
20120405,동방포장기자재,PP,PP12MPP12M／M10KG(투명),8450.0000000000,KG,2152.2222222222,0.0000000000,17252000.0000000000,1725200.0000000000,18977200.0000000000,200롤(0.63t), ,직배송처리
20120406,광림파워팩,PE,PE28mm 2kgPE28M／M(황)2KG,6514.0000000000,KG,2399.3333333333,0.0000000000,14241100.0000000000,1424110.0000000000,15665210.0000000000,10박스 , , 
20120407,RLBUTTON,PP,"12 x 3,000M 0.60T12x3,000M0.60TBLUE",247735.0000000000,KG,80.8334400000,1540902.5600000000,66912133.0000000000,0.0000000000,66912133.0000000000, , ,422861
20120409,경인팩,PE,PE28mm 2kgPE28M／M(백)2KG,2190.0000000000,KG,2487.5000000000,0.0000000000,5009500.0000000000,500950.0000000000,5510450.0000000000,3박스, , 
20120410,제일산업(주)(화성),PP,PP6MMPP6M／M10KG(청),4332.0000000000,KG,2449.8666666667,0.0000000000,10383440.0000000000,474440.0000000000,10857880.0000000000,50롤, , 
20120411,(주)지엔에스트레이딩,PP,PP18MMx 21kg 삼성2300M두께0.9mm단중9.1g,2898.0000000000,KG,2340.0000000000,0.0000000000,6779664.0000000000,171947.0000000000,6951611.0000000000,수출1브라질(air), , 
20120412,산업포장유통(주),PE,PE28mm 2kgPE28M／M(백)2KG,600.0000000000,KG,2750.0000000000,0.0000000000,1650000.0000000000,165000.0000000000,1815000.0000000000,30박스, , 
20120414,POWERPAK,PP,PP 12MM12MMx1000Mx0.50MM Blue,9443.0000000000,KG,1.9873400000,19253.9000000000,21993729.0000000000,0.0000000000,21993729.0000000000, , ,18672
20120416,(주)범영화성,PE,PE28mm 2kgPE28M／M(백)2KG,13547.0000000000,KG,2159.6152142857,1821720.0000000000,31084793.0000000000,472650.0000000000,31557443.0000000000,20박스, , 
20120417,(주)지엔에스트레이딩,PP,PP18MMx 21kg 삼성2300M두께0.9mm단중9.1g,3060.0000000000,KG,2341.6000000000,0.0000000000,7158804.0000000000,98255.0000000000,7257059.0000000000,수출117롤(멕시코), , 
20120418,제일산업(주)(화성),PP,PP12MPP12M／M10KG(황),3550.0000000000,KG,2535.0000000000,0.0000000000,8428000.0000000000,842800.0000000000,9270800.0000000000,100롤, , 
20120419,자강산업(주),PP,PP18MPP18M／M10KG(황),3575.0000000000,KG,2143.7500000000,0.0000000000,4935750.0000000000,493575.0000000000,5429325.0000000000,100롤, , 
20120420,광림파워팩,PP,PP15MPP15M／M10KG(황),4520.0000000000,KG,2280.0000000000,0.0000000000,10230000.0000000000,1023000.0000000000,11253000.0000000000,50롤(0.65t), , 
20120421,POWERPAK,PP,PP 12MM12MMx1000Mx0.50MM Blue,17715.0000000000,KG,2.0180333333,35127.5000000000,40062913.0000000000,0.0000000000,40062913.0000000000, , ,18490
20120423,(주)지엔에스트레이딩,PP,PP18MMx 21kg 삼성2300M두께0.9mm단중9.1g,3340.0000000000,KG,2347.4000000000,0.0000000000,7743560.0000000000,222200.0000000000,7965760.0000000000,수출55(멕시코), , 
20120424,(주)지엔에스트레이딩,PP,PP18MMx 15kg 삼성1650M두께0.9mm단중8.56g,2090.0000000000,KG,2383.9200000000,0.0000000000,4899720.0000000000,152483.0000000000,5052203.0000000000,수출40(슬로바키아), , 
20120425,신한화학포장기계(주),PE,PE28mm 2kgPE28M／M(백)2KG,1625.0000000000,KG,2300.0000000000,0.0000000000,3887500.0000000000,388750.0000000000,4276250.0000000000,50박스, , 
20120426,삼원산업,PP,PP12MPP12M／M12KG(황),2900.0000000000,KG,2187.5000000000,0.0000000000,6250000.0000000000,625000.0000000000,6875000.0000000000,100롤, , 
20120427,(주)지엔에스트레이딩,PP,PP18MMx 15kg 삼성1650M두께0.9mm단중8.56g,3642.0000000000,KG,2361.2571428571,0.0000000000,8326848.0000000000,326880.0000000000,8653728.0000000000,수출40(슬로바키아), , 
20120428,RLBUTTON,PP,"12 x 3,000M 0.63T12x3,000M0.63TBLUE",18281.0000000000,KG,909.8053200000,35352.8400000000,42209261.0000000000,198480.0000000000,42407741.0000000000, , ,423508
20120430,신광포장기계(부산),PE,PE28mm 2kgPE28M／M(백)2KG,22603.0000000000,KG,1476.7125000000,39520.8000000000,53327235.0000000000,246000.0000000000,53573235.0000000000,5박스, , 
2012/04  계,,,,429564.5,,46524.0893976983,3523373.28,488130956,16911705,505042661,,,
20120501,한서포장,PE,PE28mm 2kgPE28M／M(백)2KG,1400.0000000000,KG,2700.0000000000,0.0000000000,3780000.0000000000,378000.0000000000,4158000.0000000000,50박스, , 
20120502,(주)지엔에스트레이딩,PP,PP18MMx 21kg 삼성2300M두께0.9mm단중9.1g,5040.0000000000,KG,2346.0000000000,0.0000000000,12243852.0000000000,664326.0000000000,12908178.0000000000,수출114(멕시코), , 
20120503,(주)지엔에스트레이딩,PP,PP18MMx 21kg 삼성2300M두께0.9mm단중9.1g,4580.0000000000,KG,2402.8571428571,0.0000000000,11012814.0000000000,305407.0000000000,11318221.0000000000,수출145(멕시코), , 
20120504,(주)삼화인쇄,PP,PP12M (평판)PP12M／M10KG(백),3369.0000000000,KG,2314.2857142857,0.0000000000,6985950.0000000000,698595.0000000000,7684545.0000000000,100롤(평판지하), , 
20120505,PUNCHBOWL,PP,PP19M Premium BlackPP19M／M*1000M 0.8T Black,18504.0000000000,KG,2.1391250000,39241.2000000000,44342556.0000000000,0.0000000000,44342556.0000000000, , ,300103
20120507,ABL,PP,"12 x 3,000M 0.60T12x3,000M0.60TBLUE",12921.0000000000,KG,1457.6538733333,20608.9600000000,37183788.0000000000,1386475.0000000000,38570263.0000000000, , ,570217
20120508,제일산업(주)(화성),PP,PP6MMPP6M／M10KG(백),2821.0000000000,KG,2309.8000000000,0.0000000000,6478408.0000000000,220000.0000000000,6698408.0000000000,100롤, , 
20120509,국제산업기계,PE,PE28mm 2kgPE28M／M(백)2KG,5402.0000000000,KG,2231.8181818182,0.0000000000,11716900.0000000000,1171690.0000000000,12888590.0000000000,10박스, , 
20120510,합동포장기계,PE,PE28mm 2kgPE28M／M(백)2KG,2972.5000000000,KG,2400.0000000000,0.0000000000,6919250.0000000000,691925.0000000000,7611175.0000000000,10박스, , 
20120511,대상산업,PE,PE28mm 2kgPE28M／M(백)2KG,1930.0000000000,KG,2150.0000000000,0.0000000000,1863000.0000000000,186300.0000000000,2049300.0000000000,10박스, , 
20120514,위니아만도(주),PP,PP18MMx 15kg 위니아1818MMx 15kg,16944.0000000000,KG,1582.1200000000,1649740.0000000000,36931075.0000000000,1330020.0000000000,38261095.0000000000,300롤, , 
20120515,(주)지엔에스트레이딩,PP,PP18MMx 21kg 삼성-12300M두께0.9mm단중9.1g,5228.0000000000,KG,2370.8363636364,0.0000000000,12559372.0000000000,576262.0000000000,13135634.0000000000,수출4(중국), , 
20120516,태현포장기계,PE,PE28mm 2kgPE28M／M(백)2KG,4455.0000000000,KG,2521.4285714286,0.0000000000,11295000.0000000000,1129500.0000000000,12424500.0000000000,30박스, , 
20120517,신한화학포장기계(주),PE,PE28mm 2kgPE28M／M(백)2KG,1120.0000000000,KG,2875.0000000000,0.0000000000,3066000.0000000000,306600.0000000000,3372600.0000000000,50박스, , 
20120518,PACKAGING HOUSE,PP,PP19MPP19M／M*0.55T 1000M Blue,26949.0000000000,KG,1669.7690687500,36149.4000000000,63430482.0000000000,1048250.0000000000,64478732.0000000000, , ,H337417
20120521,자강산업(주),PP,PP18MPP18M／M10KG(황),1000.0000000000,KG,2050.0000000000,0.0000000000,2050000.0000000000,205000.0000000000,2255000.0000000000,100롤, , 
20120522,(주)지엔에스트레이딩,PP,PP18MMx 21kg 삼성2300M두께0.9mm단중9.1g,4652.0000000000,KG,2389.9466666667,0.0000000000,11596068.0000000000,584808.0000000000,12180876.0000000000,수출44(헝가리), , 
20120523,경인팩,PE,PE28mm 2kgPE28M／M(백)2KG,12693.0000000000,KG,1442.5080470588,1468180.0000000000,35256899.0000000000,1389400.0000000000,36646299.0000000000,50박스(한국포장)인상가격, , 
20120524,경인팩,PP,PP15MPP15M／M9.5KG(적색),381.0000000000,KG,2325.0000000000,0.0000000000,814950.0000000000,81495.0000000000,896445.0000000000,30롤, , 
20120525,(주)한제피앤에스,PP,"15 x 1,000M 0.55T Blue15x1,000M0.55T청색",10425.5000000000,KG,54637.2082615385,0.0000000000,23949075.0000000000,297347.0000000000,24246422.0000000000, , , 
20120526,J. BLACKWOOD ＆ SON PTY LTD.,PP,PP 12MM12MMx1000Mx0.55MM Blue,8521.0000000000,KG,2.1006000000,17721.4900000000,20861735.0000000000,0.0000000000,20861735.0000000000, , ,HW033478ID
20120529,(주)한웰이쇼핑,PP,스트레치필름A(18MIC)500mm * 450m,8346.0000000000,롤,2821.8750000000,0.0000000000,31765128.0000000000,2557500.0000000000,34322628.0000000000, , , 
20120530,합동포장기계,PP,PP12MPP12M／M12.5(황),2160.0000000000,KG,2566.6666666667,0.0000000000,5127000.0000000000,512700.0000000000,5639700.0000000000,100롤, , 
20120531,삼원산업,PP,PP12MPP12M／M12KG(황),3845.0000000000,KG,1975.0000000000,0.0000000000,5342750.0000000000,534275.0000000000,5877025.0000000000,100롤, , 
2012/05  계,,,,165659,,101544.01328304,3231641.05,406572052,16255875,422827927,,,
20120601,제일산업(주)(화성),PP,PP6MMPP6M／M10KG(백),4532.0000000000,KG,2509.0909090909,0.0000000000,11063400.0000000000,1106340.0000000000,12169740.0000000000,100롤, , 
20120602,KONZ TRADING LTD.,PP,"15 x 2,500M 0.64T15 x 2,500M 0.64T 청색",8063.0000000000,KG,2.0902000000,16852.5000000000,19912914.0000000000,0.0000000000,19912914.0000000000, , ,APDAN1008
20120604,조은상사,PE,"PE28mm, 6KGPE28M／M(백)6KG",12789.0000000000,KG,2212.3300000000,1823412.0000000000,31510680.0000000000,397880.0000000000,31908560.0000000000,21박스, , 
20120605,(주)지엔에스트레이딩,PP,PP18MMx 21kg 삼성2300M두께0.9mm단중9.1g,19403.0000000000,KG,2143.4434263158,32000.0000000000,45360591.0000000000,462307.0000000000,45822898.0000000000,수출2(인도), , 
20120607,파워엠팩,PP,PP10.5MPP10.5M10KG투명,3690.0000000000,KG,2125.0000000000,0.0000000000,8050500.0000000000,805050.0000000000,8855550.0000000000,50R/L, , 
20120609,RLBUTTON,PP,PP19MPP19M／M*0.55T 1000M Blue,16838.0000000000,KG,3.7471333333,34136.8400000000,39963994.0000000000,0.0000000000,39963994.0000000000, , ,424194
20120611,경인팩,PE,PE28mm 2kgPE28M／M(백)2KG,612.0000000000,KG,2816.6666666667,0.0000000000,1757400.0000000000,175740.0000000000,1933140.0000000000,12박스, , 
20120612,(주)삼화인쇄,PP,PP10.5MPP10.5M10KG투명,2645.0000000000,KG,2455.0000000000,0.0000000000,5861600.0000000000,586160.0000000000,6447760.0000000000,100롤(평판지하), , 
20120613,광림파워팩,PP,PP9MMPP9M／M10KG(황),7760.0000000000,KG,2266.2500000000,0.0000000000,17597500.0000000000,1759750.0000000000,19357250.0000000000,100롤, , 
20120614,(주)삼화인쇄,PP,PP12MPP12M／M10KG(백),2490.0000000000,KG,2241.6666666667,0.0000000000,5360500.0000000000,536050.0000000000,5896550.0000000000,50롤(평판지하), , 
20120615,해성수출포장,PE,PE28mm 2kgPE28M／M(백)2KG,1240.0000000000,KG,2775.0000000000,0.0000000000,3483000.0000000000,348300.0000000000,3831300.0000000000,20박스, , 
20120618,파워엠팩,PP,PP10MPP10M／M11KG녹색투명,2698.0000000000,KG,2175.0000000000,0.0000000000,5550000.0000000000,555000.0000000000,6105000.0000000000,102롤(다오), , 
20120619,(주)지엔에스트레이딩,PP,PP18MMx 21kg 삼성2300M두께0.9mm단중9.1g,5848.0000000000,KG,2329.3882352941,0.0000000000,13461044.0000000000,695906.0000000000,14156950.0000000000,수출2(인도) , , 
20120620,(주)지엔에스트레이딩,PP,PP18MMx 15kg 삼성1650M두께0.9mm단중8.56g,21757.0000000000,KG,2138.1454545455,0.0000000000,24910466.0000000000,2030525.0000000000,26940991.0000000000,수출100(슬로바키아), , 
20120621,자강산업(주),PP,PP18MPP18M／M10KG(황),1108.0000000000,KG,2527.5000000000,0.0000000000,2341000.0000000000,234100.0000000000,2575100.0000000000,100롤, , 
20120622,금산포장,PP,PP12MPP12M／M12.5KG(아.그린),1292.0000000000,KG,2340.0000000000,0.0000000000,2710000.0000000000,271000.0000000000,2981000.0000000000,50롤, , 
20120623,MARKCOLIN,PP,"15 x 1,000M 0.55T Blue15x1,000M0.55T청색",7475.0000000000,KG,2.4061250000,17745.7200000000,20409352.0000000000,0.0000000000,20409352.0000000000, , ,68118
20120624,"SANYU CO.,LTD",PP,15 x 170M 0.55T15x170M0.55T백색,167200.0000000000,KG,157.5111100000,1420080.0000000000,20360681.0000000000,0.0000000000,20360681.0000000000, , ,31 KIC
20120625,KOMERI,PP,15 x 100M 0.55T15x100M0.55T녹색,7916.0000000000,KG,862.9636416667,1535000.0000000000,25933169.0000000000,387000.0000000000,26320169.0000000000, , ,PUS120322924
20120626,(주)지엔에스트레이딩,PP,PP18MMx 21kg 삼성2300M두께0.9mm단중9.1g,4221.0000000000,KG,2427.6923076923,0.0000000000,10087608.0000000000,286579.0000000000,10374187.0000000000,수출57(헝가리), , 
20120627,광림파워팩,PP,PP9MMPP9M／M10KG(황),4414.0000000000,KG,2450.0000000000,0.0000000000,9812000.0000000000,981200.0000000000,10793200.0000000000,100롤, , 
20120628,광림파워팩,PP,PP15MPP15M／M13KG(황),2290.0000000000,KG,2300.0000000000,0.0000000000,4662000.0000000000,466200.0000000000,5128200.0000000000,50롤, , 
20120629,(주)지엔에스트레이딩,PP,PP18MMx 15kg 삼성1650M두께0.9mm단중8.56g,3509.0000000000,KG,2296.5333333333,0.0000000000,7812612.0000000000,272679.0000000000,8085291.0000000000,수출122(슬로바키아), , 
20120630,POWERPAK,PP,PP 12MM12MMx1000Mx0.50MM Blue,16950.0000000000,KG,2.0567250000,33589.0000000000,38754983.0000000000,0.0000000000,38754983.0000000000, , ,19078
2012/06  계,,,,326740,,43559.4819346053,4912816.06,376726994,12357766,389084760,,,
20120702,위니아만도(주),PP,스트레치필름0.025T*600W*1440M(위니아),3568.0000000000,롤,9214.2857142857,0.0000000000,14532000.0000000000,1453200.0000000000,15985200.0000000000,128롤, ,엠에이티납품
20120703,(주)지엔에스트레이딩,PP,PP18MMx 21kg 삼성2300M두께0.9mm단중9.1g,16174.0000000000,KG,2697.2222222222,0.0000000000,34116228.0000000000,2684528.0000000000,36800756.0000000000,수출66(헝가리), , 
20120704,(주)지엔에스트레이딩,PP,PP18MMx 21kg 삼성2300M두께0.9mm단중9.1g,5568.0000000000,KG,2540.0000000000,0.0000000000,13986584.0000000000,769820.0000000000,14756404.0000000000,수출91(멕시코), , 
20120705,경인팩,PE,PE28mm 2kgPE28M／M(백)2KG,280.0000000000,KG,2600.0000000000,0.0000000000,712000.0000000000,71200.0000000000,783200.0000000000,11박스(계란집), , 
20120706,(주)지엔에스트레이딩,PP,PP18MMx 15kg 삼성1650M두께0.9mm단중8.56g,10570.0000000000,KG,337.4209285714,18476.8600000000,24523351.0000000000,0.0000000000,24523351.0000000000,수출100(슬로바키아), , 
20120707,대경(박타원),PE,PE28mm 2kgPE28M／M(백)2KG,120.0000000000,KG,2800.0000000000,0.0000000000,336000.0000000000,33600.0000000000,369600.0000000000,6박스, , 
20120709,제일산업(주)(화성),PP,PP6MMPP6M／M10KG(백),3458.0000000000,KG,2278.5714285714,0.0000000000,4907000.0000000000,490700.0000000000,5397700.0000000000,100롤, , 
20120710,(주)지엔에스트레이딩,PP,PP18MMx 21kg 삼성2300M두께0.9mm단중9.1g,5364.0000000000,KG,2632.7272727273,0.0000000000,13578432.0000000000,650400.0000000000,14228832.0000000000,수출69(멕시코), , 
20120711,태현포장기계,PP,PP12MPP12M／M12.5(황),1665.0000000000,KG,2225.0000000000,0.0000000000,4156000.0000000000,415600.0000000000,4571600.0000000000,30롤, , 
20120712,(주)지엔에스트레이딩,PP,PP18MMx 21kg 삼성2300M두께0.9mm단중9.1g,3561.0000000000,KG,2206.3636363636,0.0000000000,7865588.0000000000,437750.0000000000,8303338.0000000000,수출38(중국), , 
20120713,(주)범영화성,PE,PE28mm 2kgPE28M／M(백)2KG,1860.0000000000,KG,2470.0000000000,0.0000000000,4315000.0000000000,431500.0000000000,4746500.0000000000,20박스, , 
20120714,미래상사,PE,PE28mm 2kgPE28M／M(백)2KG,60.0000000000,KG,3050.0000000000,0.0000000000,183000.0000000000,18300.0000000000,201300.0000000000,3박스, , 
20120715,PACKAGING HOUSE,PP,PP19M BUILDERSPP19M／M*300M 0.60T Blue,5733.0000000000,KG,2.2517000000,12883.0800000000,14761433.0000000000,0.0000000000,14761433.0000000000, , ,H342610
20120716,광림파워팩,PP,PP9MMPP9M／M10KG(황),4200.0000000000,KG,2210.0000000000,0.0000000000,8602000.0000000000,860200.0000000000,9462200.0000000000,200롤, , 
20120717,한국미쓰비시상사(주),PE,PE28mm 2kgPE28M／M(백)2KG,15419.0000000000,KG,2012.5166666667,1649740.0000000000,33106125.0000000000,412281.0000000000,33518406.0000000000, , ,KCM-36-0005
20120718,한서포장,PE,PE28mm 2kgPE28M／M(백)2KG,793.0000000000,KG,2500.0000000000,0.0000000000,2112750.0000000000,211275.0000000000,2324025.0000000000,25박스, , 
20120719,(주)지엔에스트레이딩,PP,PP18MMx 21kg 삼성2300M두께0.9mm단중9.1g,5352.0000000000,KG,2636.6666666667,0.0000000000,13319414.0000000000,531155.0000000000,13850569.0000000000,수출158(멕시코), , 
20120720,KOMERI,PP,15 x 100M 0.55T15x100M0.55T녹색,11675.5000000000,KG,1093.7042466667,1595840.0000000000,36043258.0000000000,1296262.0000000000,37339520.0000000000, , ,PUS120430938
20120721,경인팩,PP,PP15MPP15M／M9.5KG(적색),190.0000000000,KG,1950.0000000000,0.0000000000,370500.0000000000,37050.0000000000,407550.0000000000,20롤, , 
20120723,제이케이머티리얼즈(주),PP,PP18MPP18M／M10KG(황),1025.0000000000,KG,1955.0000000000,0.0000000000,2008750.0000000000,200875.0000000000,2209625.0000000000,100롤(자강산업), , 
20120724,(주)지엔에스트레이딩,PP,PP18MMx 21kg 삼성2300M두께0.9mm단중9.1g,3782.0000000000,KG,2381.2000000000,0.0000000000,8729714.0000000000,303084.0000000000,9032798.0000000000,수출116(말레이시아), , 
20120725,(주)지엔에스트레이딩,PP,PP18MMx 21kg 삼성2300M두께0.9mm단중9.1g,5346.0000000000,KG,2271.6666666667,0.0000000000,8807128.0000000000,310828.0000000000,9117956.0000000000,수출116롤(브라질), , 
20120726,POWERPAK,PP,"15 x 1,000M 0.50T Blue15x1,000M0.50T청색",12978.0000000000,KG,1719.8652857143,18658.4000000000,30613404.0000000000,255630.0000000000,30869034.0000000000, , ,19418
20120727,(주)지엔에스트레이딩,PP,PP18MMx 21kg 삼성2300M두께0.9mm단중9.1g,3879.0000000000,KG,2374.0000000000,0.0000000000,9192432.0000000000,211800.0000000000,9404232.0000000000,102롤(브라질), , 
20120728,RLBUTTON,PP,"12 x 3,000M 0.60T12x3,000M0.60TBLUE",12947.0000000000,KG,3.7250500000,27947.6200000000,32061509.0000000000,0.0000000000,32061509.0000000000, , ,424843
20120730,CLEANPAC PACKAGING (CANADA),PP,"9 x 4,023M 0.56T White (8x8)9 x 4,023M 0.56T 백색",18552.0000000000,KG,2729.4135333333,32647.2000000000,60381487.0000000000,1589600.0000000000,61971087.0000000000, , ,8429
20120731,(주)지엔에스트레이딩,PP,PP18MMx 21kg 삼성2300M두께0.9mm단중9.1g,5189.0000000000,KG,2426.0000000000,0.0000000000,12102072.0000000000,601020.0000000000,12703092.0000000000,수출124(멕시코), , 
2012/07  계,,,,159308.5,,63317.601018456,3356193.16,395423159,14277658,409700817,,,
20120801,삼원산업,PP,PP15MPP15M／M10KG(황),2608.0000000000,KG,2430.0000000000,0.0000000000,6471600.0000000000,647160.0000000000,7118760.0000000000,50롤, , 
20120804,RLBUTTON,PP,"12 x 3,000M 0.60T Clear w/Talleys Red printed12 x 3,000M 0.60T Clear w/Talleys Red printed",6700.0000000000,KG,4.6415600000,14125.0800000000,15966990.0000000000,0.0000000000,15966990.0000000000, , ,425392
20120807,(주)지엔에스트레이딩,PP,PP18MMx 21kg 삼성2300M두께0.9mm단중9.1g,3558.0000000000,KG,2422.4500000000,0.0000000000,8152954.0000000000,294325.0000000000,8447279.0000000000,수출54(인도네시아), , 
20120808,(주)지엔에스트레이딩,PP,PP18MMx 15kg 삼성1650M두께0.9mm단중8.56g,2090.0000000000,KG,2612.4000000000,0.0000000000,5485320.0000000000,442800.0000000000,5928120.0000000000,수출30(슬로바키아), , 
20120809,(주)지엔에스트레이딩,PP,PP18MMx 21kg 삼성2300M두께0.9mm단중9.1g,7694.0000000000,KG,2433.3333333333,0.0000000000,18765408.0000000000,1036452.0000000000,19801860.0000000000,수출6(인도), , 
20120810,광림파워팩,PP,PP9MMPP9M／M10KG(황),3124.0000000000,KG,2321.4285714286,0.0000000000,6654800.0000000000,665480.0000000000,7320280.0000000000,100롤, , 
20120813,조은상사,PE,"PE28mm, 6KGPE28M／M(백)6KG",1487.0000000000,KG,2608.8888888889,0.0000000000,3881000.0000000000,388100.0000000000,4269100.0000000000,21박스, , 
20120814,(주)지엔에스트레이딩,PP,PP18MMx 21kg 삼성2300M두께0.9mm단중9.1g,4206.0000000000,KG,2479.0545454545,0.0000000000,9839920.0000000000,487372.0000000000,10327292.0000000000,수출43(중국), , 
20120815,합동포장기계,PE,PE28mm 2kgPE28M／M(백)2KG,2215.0000000000,KG,2312.5000000000,0.0000000000,4777000.0000000000,477700.0000000000,5254700.0000000000,10박스, , 
20120816,주식회사 홍영,PE,PE28mm 2kgPE28M／M(백)2KG,2404.0000000000,KG,2533.3333333333,0.0000000000,5995600.0000000000,599560.0000000000,6595160.0000000000,50박스, , 
20120817,제일포장(김해),PE,PE28mm 2kgPE28M／M(백)2KG,3560.0000000000,KG,2515.0000000000,0.0000000000,9073200.0000000000,907320.0000000000,9980520.0000000000,100박스, , 
20120818,ABL,PP,"12 x 3,000M 0.60T12x3,000M0.60TBLUE",4763.0000000000,KG,15.0898285714,19838.1600000000,22478619.0000000000,0.0000000000,22478619.0000000000, , ,571856
20120820,KOMERI,PP,15 x 100M 0.55T15x100M0.55T녹색,11031.0000000000,KG,1421.3454368421,1529720.0000000000,31485263.0000000000,968400.0000000000,32453663.0000000000, , ,PUS120521907
20120821,(주)삼화인쇄,PP,PP10.5MPP10.5M10KG(청),10755.0000000000,KG,2313.8236818182,16612.5000000000,25429893.0000000000,656640.0000000000,26086533.0000000000,50롤(4층), , 
20120822,(주)지엔에스트레이딩,PP,PP18MMx 21kg 삼성2300M두께0.9mm단중9.1g,9103.0000000000,KG,2422.4750000000,0.0000000000,21817784.0000000000,1566824.0000000000,23384608.0000000000,수출34(인도네시아), , 
20120823,위니아만도(주),PP,PP18MMx 15kg 위니아1818MMx 15kg,5140.0000000000,KG,2366.6666666667,0.0000000000,12378000.0000000000,1237800.0000000000,13615800.0000000000,300롤, , 
20120824,제일산업(주)(화성),PP,PP6MMPP6M／M10KG(백),1510.0000000000,KG,2666.6666666667,0.0000000000,4097000.0000000000,409700.0000000000,4506700.0000000000,41롤, ,회사재고 30롤   동원재고 11롤   출고
20120825,"SANYU CO.,LTD",PP,15 x 170M 0.55T15x170M0.55T백색,281851.0000000000,KG,157.2030333333,1475818.0000000000,21243071.0000000000,0.0000000000,21243071.0000000000, , ,32 KIC
20120827,(주)지엔에스트레이딩,PP,PP18MMx 21kg 삼성2300M두께0.9mm단중9.1g,4917.0000000000,KG,2675.7142857143,0.0000000000,12356520.0000000000,425040.0000000000,12781560.0000000000,수출128(헝가리), , 
20120828,(주)지엔에스트레이딩,PP,PP18MMx 21kg 삼성2300M두께0.9mm단중9.1g,2929.0000000000,KG,2419.9555555556,0.0000000000,6923396.0000000000,107716.0000000000,7031112.0000000000,수출92(멕시코), , 
20120829,(주)지엔에스트레이딩,PP,PP18MMx 21kg 삼성2300M두께0.9mm단중9.1g,4824.0000000000,KG,2588.0000000000,0.0000000000,11574992.0000000000,351800.0000000000,11926792.0000000000,수출164(멕시코), , 
20120830,제이케이머티리얼즈(주),PP,PP18MPP18M／M10KG(황),4355.0000000000,KG,2470.0000000000,0.0000000000,10189750.0000000000,1018975.0000000000,11208725.0000000000,100롤(자강산업), , 
20120831,경인팩,PE,매출할인3000kg*@ 200차감,3847.0000000000,ea,-52265.5272727273,0.0000000000,8704332.0000000000,277800.0000000000,8982132.0000000000,계란집단가차액, , 
2012/08  계,,,,384671,,-6075.5568851204,3056113.74,283742412,12966964,296709376,,,
20120901,대상산업,PP,PP15MPP15M／M13KG(황),90.0000000000,KG,2000.0000000000,0.0000000000,180000.0000000000,18000.0000000000,198000.0000000000,8/31출고 수량부족분, , 
20120902,EAST TAMAKI(ATTWOOD),PP,PP 12MM12MMx1000Mx0.50MM Blue,35595.0000000000,KG,2.1485533333,75072.8300000000,85177632.0000000000,0.0000000000,85177632.0000000000, , ,AT039638
20120903,(주)지엔에스트레이딩,PP,PP18MMx 21kg 삼성2300M두께0.9mm단중9.1g,3408.0000000000,KG,2458.3333333333,0.0000000000,8006880.0000000000,14640.0000000000,8021520.0000000000,수출48(인도네시아), , 
20120904,(주)지엔에스트레이딩,PP,PP18MMx 15kg 삼성1650M두께0.9mm단중8.56g,4559.0000000000,KG,2376.3272727273,0.0000000000,10812992.0000000000,543880.0000000000,11356872.0000000000,수출80(슬로바키아), , 
20120905,광림파워팩,PE,PE28mm 2kgPE28M／M(백)2KG,4100.0000000000,KG,2518.7500000000,0.0000000000,10117000.0000000000,1011700.0000000000,11128700.0000000000,60박스, , 
20120906,광림파워팩,PP,PP9MMPP9M／M10KG(황),22899.0000000000,KG,1837.8516666667,39484.8000000000,53052798.0000000000,823755.0000000000,53876553.0000000000,100롤, , 
20120907,삼원산업,PP,PP12MPP12M／M12KG(황),4956.0000000000,KG,2241.6666666667,0.0000000000,10306200.0000000000,1030620.0000000000,11336820.0000000000,100롤, , 
20120910,(주)한웰이쇼핑,PP,스트레치필름A(18MIC)500mm * 450m,13163.0000000000,롤,9727.6717692308,0.0000000000,42919720.0000000000,2834300.0000000000,45754020.0000000000, , , 
20120911,Cutting Tool Ltd.,PE,PE28mm 2kgPE28M／M(백)2KG,5303.0000000000,KG,2084.6194444444,1896.0000000000,12041289.0000000000,426455.0000000000,12467744.0000000000, , ,KIC08281201
20120912,(주)준영알엔디,PE,PE28mm 2kgPE28M／M(백)2KG,20249.0000000000,KG,1222.0073333333,27058.8000000000,39891702.0000000000,933420.0000000000,40825122.0000000000,30박스, , 
20120913,(주)지엔에스트레이딩,PP,PP18MMx 21kg 삼성2300M두께0.9mm단중9.1g,7839.0000000000,KG,2435.8000000000,0.0000000000,15643368.0000000000,822504.0000000000,16465872.0000000000,수출63(말레이시아), , 
20120914,(주)삼화인쇄,PP,PP10.5MPP10.5M10KG투명,8048.0000000000,KG,2368.7500000000,0.0000000000,18660600.0000000000,1866060.0000000000,20526660.0000000000,50롤(평판지하), , 
20120915,KOMERI,PP,15 x 100M 0.55T15x100M0.55T녹색,12874.0000000000,KG,181.9526555556,1544212.8000000000,38136142.0000000000,0.0000000000,38136142.0000000000, , , 
20120917,태현포장기계,PE,PE28mm 2kgPE28M／M(백)2KG,4490.0000000000,KG,2212.5000000000,0.0000000000,9694000.0000000000,969400.0000000000,10663400.0000000000,35박스, , 
20120918,동서포장종합상사,PE,PE28mm 2kgPE28M／M(백)2KG,1661.5000000000,KG,2541.6666666667,0.0000000000,4277425.0000000000,427742.0000000000,4705167.0000000000,5박스, , 
20120919,(주)지엔에스트레이딩,PP,PP18MMx 21kg 삼성2300M두께0.9mm단중9.1g,6170.0000000000,KG,2376.6666666667,0.0000000000,15129090.0000000000,874245.0000000000,16003335.0000000000,수출61(중국), , 
20120920,(주)지엔에스트레이딩,PP,PP18MMx 15kg 삼성1650M두께0.9mm단중8.56g,16485.0000000000,KG,2285.5550000000,21488.4000000000,36793221.0000000000,588925.0000000000,37382146.0000000000,수출100(슬로바키아), , 
20120921,(주)지엔에스트레이딩,PP,PP18MMx 21kg 삼성2300M두께0.9mm단중9.1g,3704.0000000000,KG,2696.6666666667,0.0000000000,8800992.0000000000,74400.0000000000,8875392.0000000000,수출164(멕시코), , 
20120922,대경(박타원),PE,PE50mm 2kgPE50M／M(백)2KG,1940.0000000000,KG,2800.0000000000,0.0000000000,5432000.0000000000,543200.0000000000,5975200.0000000000,97박스, , 
20120924,(주)지엔에스트레이딩,PP,PP18MMx 21kg 삼성2300M두께0.9mm단중9.1g,3697.0000000000,KG,2520.0000000000,0.0000000000,8793096.0000000000,108000.0000000000,8901096.0000000000,수출157(멕시코), , 
20120925,위니아만도(주),PP,PP18MMx 15kg 위니아1818MMx 15kg,4500.0000000000,KG,2450.0000000000,0.0000000000,11025000.0000000000,1102500.0000000000,12127500.0000000000,300롤, , 
20120926,(주)지엔에스트레이딩,PP,PP18MMx 21kg 삼성2300M두께0.9mm단중9.1g,6858.0000000000,KG,2400.8333333333,0.0000000000,13278632.0000000000,620420.0000000000,13899052.0000000000,수출45(헝가리), , 
20120927,(주)지엔에스트레이딩,PP,PP18MMx 21kg 삼성2300M두께0.9mm단중9.1g,15057.0000000000,KG,1900.2500000000,1823412.0000000000,34957056.0000000000,108300.0000000000,35065356.0000000000,수출147(멕시코), , 
20120930,경인팩,PE,매출할인3000kg*@ 200차감,1.0000000000,ea,-600000.0000000000,0.0000000000,-600000.0000000000,-60000.0000000000,-660000.0000000000,계란집단가차액, , 
2012/09  계,,,,207646.5,,-544359.9829713752,3532625.63,492526835,15682466,508209301,,,
20121004,(주)지엔에스트레이딩,PP,PP18MMx 21kg 삼성2300M두께0.9mm단중9.1g,3809.0000000000,KG,2580.0000000000,0.0000000000,9399336.0000000000,266880.0000000000,9666216.0000000000,수출55(헝가리), , 
20121005,제이케이머티리얼즈(주),PP,PP18MPP18M／M10KG(황),22083.0000000000,KG,1051.1626562500,41136.8400000000,50971443.0000000000,517380.0000000000,51488823.0000000000,100롤, , 
20121006,한서포장,PE,PE28mm 2kgPE28M／M(백)2KG,800.0000000000,KG,2850.0000000000,0.0000000000,2280000.0000000000,228000.0000000000,2508000.0000000000,40박스, , 
20121008,금산포장,PE,PE28mm 2kgPE28M／M(백)2KG,2180.0000000000,KG,2860.0000000000,0.0000000000,6219000.0000000000,621900.0000000000,6840900.0000000000,30박스, , 
20121009,(주)지엔에스트레이딩,PP,PP18MMx 21kg 삼성2300M두께0.9mm단중9.1g,20572.0000000000,KG,1590.1340272727,33095.0000000000,42842521.0000000000,120891.0000000000,42963412.0000000000,수출1(브라질), , 
20121010,위니아만도(주),PP,스트레치필름0.025T*600W*1440M(위니아),3710.5000000000,롤,8237.5000000000,0.0000000000,14277875.0000000000,1427787.0000000000,15705662.0000000000,128롤, ,엠에이티납품
20121011,파워엠팩,PP,PP9M/MPP9M/M*11KG(녹색투명),5726.0000000000,KG,2450.0000000000,0.0000000000,13493700.0000000000,1349370.0000000000,14843070.0000000000,102롤(다오), ,화물발송
20121012,조은상사,PE,"PE28mm, 6KGPE28M／M(백)6KG",5467.0000000000,KG,2718.7500000000,0.0000000000,14873400.0000000000,1487340.0000000000,16360740.0000000000,21박스, , 
20121013,"SANYU CO.,LTD",PP,15 x 170M 0.55T15x170M0.55T백색,406494.0000000000,KG,138.9490176471,1603719.6000000000,45281838.0000000000,0.0000000000,45281838.0000000000, , ,33 KIC
20121015,(주)지엔에스트레이딩,PP,PP18MMx 21kg 삼성2300M두께0.9mm단중9.1g,5951.0000000000,KG,3086.6333333333,0.0000000000,26441984.0000000000,1994000.0000000000,28435984.0000000000,수출4(인도), , 
20121016,KOMERI,PP,15 x 100M 0.55T15x100M0.55T백색,15991.0000000000,KG,1114.0977750000,1546800.0000000000,30055203.0000000000,152168.0000000000,30207371.0000000000, , ,PUS120712901
20121017,(주)삼화인쇄,PP,PP12MPP12M／M10KG(백),4237.0000000000,KG,2445.0000000000,0.0000000000,9475800.0000000000,947580.0000000000,10423380.0000000000,60롤(쇼핑백), , 
20121018,(주)지엔에스트레이딩,PP,PP18MMx 21kg 삼성2300M두께0.9mm단중9.1g,4435.0000000000,KG,2323.6000000000,0.0000000000,10214680.0000000000,308044.0000000000,10522724.0000000000,수출95(멕시코), , 
20121019,(주)한제피앤에스,PP,PP 12MM12MMx1000Mx0.50MM Blue,15982.0000000000,KG,2249.8916727273,0.0000000000,36191800.0000000000,1880400.0000000000,38072200.0000000000, , ,HJ12-APS04
20121022,삼원산업,PP,PP12MPP12M／M12KG(투명),4675.0000000000,KG,2255.7142857143,0.0000000000,9583920.0000000000,958392.0000000000,10542312.0000000000,50롤, , 
20121023,(주)지엔에스트레이딩,PP,PP18MMx 21kg 삼성(내수)2520M두께0.9mm단중8.56g,4467.0000000000,KG,2377.2727272727,0.0000000000,10148384.0000000000,336872.0000000000,10485256.0000000000,내수10(동욱전자), , 
20121024,(주)미광테크,PE,PE35mm 2kgPE35M／M(백)2KG,5333.0000000000,KG,2284.9600000000,0.0000000000,11180016.0000000000,379800.0000000000,11559816.0000000000,39박스(화물발송), , 
20121025,(주)시몬사,PE,PE28mm 2kgPE28M／M(백)2KG,3393.0000000000,KG,2725.0000000000,0.0000000000,9433800.0000000000,943380.0000000000,10377180.0000000000,30박스, , 
20121026,위니아만도(주),PP,PP18MMx 15kg 위니아1818MMx 15kg,5023.0000000000,KG,2366.6666666667,0.0000000000,12080850.0000000000,1208085.0000000000,13288935.0000000000,300롤, , 
20121029,(주)지엔에스트레이딩,PP,PP18MMx 21kg 삼성2300M두께0.9mm단중9.1g,5089.0000000000,KG,2235.0000000000,0.0000000000,11392386.0000000000,343365.0000000000,11735751.0000000000,수출162(멕시코), , 
20121030,제일산업(주)(화성),PP,PP6MMPP6M／M10KG(청),3858.0000000000,KG,2307.0857142857,0.0000000000,8995202.0000000000,585955.0000000000,9581157.0000000000,50롤, , 
20121031,경인팩,PE,매출할인3000kg*@ 200차감,3201.0000000000,ea,-57850.0000000000,0.0000000000,6224000.0000000000,622400.0000000000,6846400.0000000000,계란집단가차액, , 
2012/10  계,,,,552476.5,,-5602.5821238302,3224751.44,391057138,16679989,407737127,,,
20121101,삼원산업,PP,PP15MPP15M／M10KG(황),10498.0000000000,KG,2357.6470588235,0.0000000000,23804800.0000000000,2380480.0000000000,26185280.0000000000,50롤, , 
20121102,위니아만도(주),PP,PP18MMx 15kg 위니아1818MMx 15kg,4800.0000000000,KG,2850.0000000000,0.0000000000,11940000.0000000000,1194000.0000000000,13134000.0000000000,300롤, , 
20121104,SEDL,PP,PP 12MM12MMx1000Mx0.55MM Blue,27706.0000000000,KG,1.9689900000,44449.4400000000,48489893.0000000000,0.0000000000,48489893.0000000000, , ,PA0600
20121105,(주)지엔에스트레이딩,PP,PP18MMx 21kg 삼성2300M두께0.9mm단중9.1g,3560.0000000000,KG,2520.0000000000,0.0000000000,8400480.0000000000,54000.0000000000,8454480.0000000000,수출160(멕시코), , 
20121106,(주)지엔에스트레이딩,PP,PP18MMx 21kg 삼성2300M두께0.9mm단중9.1g,4773.0000000000,KG,2317.7777777778,0.0000000000,11638440.0000000000,549744.0000000000,12188184.0000000000,수출61(중국), , 
20121107,PACKAGING HOUSE,PP,PP19MPP19M／M*0.55T 1000M Blue,14581.0000000000,KG,1710.6225700000,15127.8000000000,34462993.0000000000,1795100.0000000000,36258093.0000000000, , ,H352961
20121108,(주)지엔에스트레이딩,PP,PP18MMx 21kg 삼성2300M두께0.9mm단중9.1g,3435.0000000000,KG,2488.0000000000,0.0000000000,7806160.0000000000,313900.0000000000,8120060.0000000000,수출95(멕시코), , 
20121109,신우교역,PP,PP12MPP12M／M10KG(황),11551.0000000000,KG,2331.0911272727,0.0000000000,25556710.0000000000,522100.0000000000,26078810.0000000000,0.65T(운송료포함), , 
20121110,RLBUTTON,PP,"12 x 3,000M 0.63T12x3,000M0.63TCLEAR",7866.0000000000,KG,1038.0000000000,16366.7200000000,17810264.0000000000,0.0000000000,17810264.0000000000, , ,427328-1
20121111,KOMERI,PP,15 x 100M 0.55T15x100M0.55T자색,6288.0000000000,KG,289.2625250000,1547840.0000000000,21189620.0000000000,0.0000000000,21189620.0000000000, , ,PUS120808901
20121112,(주)지엔에스트레이딩,PP,PP18MMx 21kg 삼성2300M두께0.9mm단중9.1g,3054.5000000000,KG,2392.7333333333,0.0000000000,7111467.0000000000,301675.0000000000,7413142.0000000000,수출48(인도네시아), , 
20121113,신한화학포장기계(주),PE,PE28mm 2kgPE28M／M(백)2KG,2842.5000000000,KG,2678.5714285714,0.0000000000,7957875.0000000000,795787.0000000000,8753662.0000000000,50 BOX, , 
20121114,위니아만도(주),PP,PP18MMx 15kg 위니아1818MMx 15kg,7915.0000000000,KG,2260.0000000000,0.0000000000,17908000.0000000000,1790800.0000000000,19698800.0000000000,300롤, , 
20121115,제이케이머티리얼즈(주),PP,PP18MPP18M／M10KG(황),1340.0000000000,KG,2266.6666666667,0.0000000000,2788000.0000000000,278800.0000000000,3066800.0000000000,100 R/L, , 
20121116,보성인재,PE,PE28mm 2kgPE28M／M(백)2KG,8091.0000000000,KG,2575.5555555556,0.0000000000,19057972.0000000000,1173790.0000000000,20231762.0000000000,15 BOX(150R/L), , 
20121119,(주)한웰이쇼핑,PP,스트레치필름A(18MIC)500mm * 450m,3538.0000000000,롤,3925.0000000000,0.0000000000,16842600.0000000000,1684260.0000000000,18526860.0000000000, , , 
20121120,(주)지엔에스트레이딩,PP,PP18MMx 15kg 삼성1650M두께0.9mm단중8.56g,13084.5000000000,KG,1626.7486769231,16873.9000000000,28953281.0000000000,779352.0000000000,29732633.0000000000,수출80(슬로바키아), , 
20121121,동방포장기자재,PP,PP12MPP12M／M10KG(투명),2424.0000000000,KG,2482.5000000000,0.0000000000,5284400.0000000000,528440.0000000000,5812840.0000000000,100롤(0.63t)납품장소: 이천, , 
20121122,제이케이머티리얼즈(주),PP,PP18MPP18M／M10KG(황),3319.5000000000,KG,1989.2857142857,0.0000000000,7816384.0000000000,152800.0000000000,7969184.0000000000,100롤, ,민남규
20121123,(주)지엔에스트레이딩,PP,PP18MMx 21kg 삼성.12300M두께0.9mm단중9.1g,3263.0000000000,KG,2339.8666666667,0.0000000000,7706502.0000000000,142879.0000000000,7849381.0000000000,수출106(인도네시아), , 
20121124,J. BLACKWOOD ＆ SON PTY LTD.,PP,PP 12MM12MMx1000Mx0.55MM Blue,14540.0000000000,KG,1013.5463100000,27019.5900000000,32824537.0000000000,353260.0000000000,33177797.0000000000, , ,HW034872ID
20121126,MARKCOLIN,PP,PP 12MM12MMx1000Mx0.55MM Blue,9118.0000000000,KG,1051.2637222222,16837.0800000000,21946370.0000000000,365625.0000000000,22311995.0000000000, , ,70542
20121127,제일산업(주)(화성),PP,PP6MMPP6M／M10KG(백),2757.0000000000,KG,2371.4285714286,0.0000000000,6360856.0000000000,306928.0000000000,6667784.0000000000,100롤, , 
20121128,광림파워팩,PP,PP15MPP15M／M10KG(황),3360.0000000000,KG,2325.0000000000,0.0000000000,7640000.0000000000,764000.0000000000,8404000.0000000000,50롤, , 
20121129,(주)지엔에스트레이딩,PP,PP18MMx 21kg 삼성2300M두께0.9mm단중9.1g,3714.0000000000,KG,2395.8800000000,0.0000000000,8759264.0000000000,283400.0000000000,9042664.0000000000,수출41(중국), , 
20121130,경인팩,PE,매출할인3000kg*@ 200차감,6225.5000000000,ea,-98055.0000000000,0.0000000000,13170831.0000000000,619465.0000000000,13790296.0000000000,계란집단가차액, , 
2012/11  계,,,,183644.5,,-46456.5833054727,1684514.53,423227699,17130585,440358284,,,
20121203,(주)지엔에스트레이딩,PP,PP18MMx 21kg 삼성.12300M두께0.9mm단중9.1g,2887.0000000000,KG,2442.2222222222,0.0000000000,6604955.0000000000,213780.0000000000,6818735.0000000000,수출32(중국), , 
20121204,삼원산업,PP,PP12MPP12M／M12KG(투명),3703.0000000000,KG,2500.0000000000,0.0000000000,8775450.0000000000,877545.0000000000,9652995.0000000000,50롤, ,신민호
20121205,PACKAGING HOUSE,PP,PP 12MM12MMx1000Mx0.55MM Blue,262937.0000000000,KG,1117.2843840000,1474479.1200000000,46428594.0000000000,1159480.0000000000,47588074.0000000000, , ,H356403
20121206,(주)지엔에스트레이딩,PP,PP18MMx 21kg 삼성2300M두께0.9mm단중9.1g,2635.0000000000,KG,2479.2500000000,0.0000000000,6428947.0000000000,424604.0000000000,6853551.0000000000,수출6(인도), ,조병오
20121207,(주)삼화인쇄,PP,PP10.5MPP10.5M10KG투명,3425.0000000000,KG,2340.0000000000,0.0000000000,8250000.0000000000,825000.0000000000,9075000.0000000000,100롤(제책4층), ,유 성 근
20121210,한서포장,PE,PE28mm 2kgPE28M／M(백)2KG,960.0000000000,KG,2775.0000000000,0.0000000000,2667000.0000000000,266700.0000000000,2933700.0000000000,25박스, , 
20121211,(주)지엔에스트레이딩,PP,PP18MMx 21kg 삼성2300M두께0.9mm단중9.1g,4377.0000000000,KG,2192.8000000000,0.0000000000,10136803.0000000000,479000.0000000000,10615803.0000000000,수출3(인도), , 
20121212,광림파워팩,PP,PP15MPP15M／M13KG(황),3110.0000000000,KG,2558.3333333333,0.0000000000,7526000.0000000000,752600.0000000000,8278600.0000000000,50롤, , 
20121213,제이케이머티리얼즈(주),PP,PP18MPP18M／M10KG(황),1187.5000000000,KG,2183.3333333333,0.0000000000,2340625.0000000000,234062.0000000000,2574687.0000000000,100 R/L, , 
20121214,금산포장,PP,PP12MPP12M／M12.5KG(아.그린),3562.5000000000,KG,2110.0000000000,0.0000000000,5194375.0000000000,519437.0000000000,5713812.0000000000,49롤, , 
20121215,대상산업,PP,PP12MPP12M／M12.5(황),450.0000000000,KG,2250.0000000000,0.0000000000,1000000.0000000000,100000.0000000000,1100000.0000000000,20롤, ,문선희
20121217,조은상사,PE,"PE28mm, 6KGPE28M／M(백)6KG",4585.0000000000,KG,2216.3333333333,0.0000000000,10239173.0000000000,432412.0000000000,10671585.0000000000,21박스(오전납품), , 
20121218,경인팩,PE,PE28mm 2kgPE28M／M(백)2KG,748.0000000000,KG,2500.0000000000,0.0000000000,1870000.0000000000,187000.0000000000,2057000.0000000000,23박스, ,신은식
20121219,제일산업(주)(화성),PP,PP6MMPP6M／M10KG(백),2208.0000000000,KG,2520.0000000000,0.0000000000,5516400.0000000000,551640.0000000000,6068040.0000000000,100롤, , 
20121220,삼원산업,PP,PP12MPP12M／M12KG(황),4620.0000000000,KG,2242.8571428571,0.0000000000,10010000.0000000000,1001000.0000000000,11011000.0000000000,100롤, , 
20121221,(주)지엔에스트레이딩,PP,PP18MMx 21kg 삼성2300M두께0.9mm단중9.1g,13660.0000000000,KG,1686.3672444444,17285.3700000000,28422681.0000000000,345996.0000000000,28768677.0000000000,수출79(멕시코), , 
20121222,RLBUTTON,PP,"12 x 3,000M 0.60T12x3,000M0.60TCLEAR",29895.0000000000,KG,3.6701266667,59592.1000000000,63966158.0000000000,0.0000000000,63966158.0000000000, , ,"427492 (Auckland, NZ)"
20121224,한서포장,PP,PP12MPP12M／M10KG(녹),1300.0000000000,KG,2450.0000000000,0.0000000000,2550000.0000000000,255000.0000000000,2805000.0000000000,100롤, , 
20121225,POWERPAK,PP,PP 12MM12MMx1000Mx0.50MM Blue,8692.0000000000,KG,58.0049222222,18171.9000000000,19542061.0000000000,0.0000000000,19542061.0000000000,4500, ,20975
20121226,(주)지엔에스트레이딩,PP,PP18MMx 21kg 삼성2300M두께0.9mm단중9.1g,5474.0000000000,KG,2196.3416666667,0.0000000000,11553981.0000000000,589800.0000000000,12143781.0000000000,수출17(헝가리), , 
20121227,신한화학포장기계(주),PE,PE28mm 2kgPE28M／M(백)2KG,3565.0000000000,KG,2070.0000000000,0.0000000000,5279750.0000000000,527975.0000000000,5807725.0000000000,50박스, , 
20121228,(주)지엔에스트레이딩,PP,PP18MMx 21kg 삼성2300M두께0.9mm단중9.1g,2927.0000000000,KG,2178.2500000000,0.0000000000,6065527.0000000000,67239.0000000000,6132766.0000000000,수출46(멕시코), , 
20121229,PUNCHBOWL,PP,PP19MPP19M／M*0.55T 1000M Blue,8382.0000000000,KG,2.2365666667,18883.4400000000,20252489.0000000000,0.0000000000,20252489.0000000000, , ,300213-1
2012/12  계,,,,375290,,45072.2842757459,1588411.93,290620969,9810270,300431239,,,
20130102,"SANYU CO.,LTD",PP,15 x 100M 0.55T15x100M0.55T황색,62094.0000000000,KG,930.5875000000,1460190.0000000000,29463254.0000000000,567350.0000000000,30030604.0000000000,901, ,35 KIC
20130103,태현포장기계,PP,PP15MPP15M／M13KG(황),2688.0000000000,KG,2328.5714285714,0.0000000000,6411000.0000000000,641100.0000000000,7052100.0000000000,15롤(kpp파렛트/회수해줌, , 
20130104,(주)한국유니콤,PE,PE28mm 2kgPE28M／M(백)2KG,2632.0000000000,KG,2628.5714285714,0.0000000000,6670400.0000000000,667040.0000000000,7337440.0000000000,25박스, , 
20130105,KOMERI,PP,15 x 100M 0.55T15x100M0.55T녹색,6064.0000000000,KG,295.0626222222,1582480.0000000000,19248178.0000000000,0.0000000000,19248178.0000000000, , ,PUS 121015903
20130107,광림파워팩,PP,PP15MPP15M／M13KG(황),2592.0000000000,KG,2560.0000000000,0.0000000000,6074600.0000000000,607460.0000000000,6682060.0000000000,100롤, , 
20130108,(주)지엔에스트레이딩,PP,PP18MMx 21kg 삼성2300M두께0.9mm단중9.1g,3347.0000000000,KG,2233.1375000000,0.0000000000,7156556.0000000000,175586.0000000000,7332142.0000000000,수출85(인도네시아), , 
20130109,합동포장기계,PE,PE28mm 2kgPE28M／M(백)2KG,11827.0000000000,KG,1896.6337769231,15859.8000000000,26752139.0000000000,989000.0000000000,27741139.0000000000,10박스, , 
20130110,(주)지엔에스트레이딩,PP,PP18MMx 21kg 삼성2300M두께0.9mm단중9.1g,4026.0000000000,KG,2283.4285714286,0.0000000000,9370398.0000000000,563000.0000000000,9933398.0000000000,수출8(인도), ,조병오
20130111,(주)지엔에스트레이딩,PP,PP18MMx 21kg 삼성2300M두께0.9mm단중9.1g,10889.0000000000,KG,2324.7500000000,0.0000000000,23641413.0000000000,446100.0000000000,24087513.0000000000,수출7(헝가리), , 
20130112,RLBUTTON,PP,"12 x 3,000M 0.63T12x3,000M0.63TCLEAR",7866.0000000000,KG,1038.0000000000,16366.7200000000,17365089.0000000000,0.0000000000,17365089.0000000000, , ,"427328-3 (Auckland, NZ)"
20130114,상일교역상사,PE,PE28mm 1.8kgPE28M／M(백) 1.8KG,23605.0000000000,KG,1234.2711111111,39700.8000000000,52557645.0000000000,1061375.0000000000,53619020.0000000000, , ,CWC (LA) 4017525
20130115,(주)지엔에스트레이딩,PP,PP18MMx 21kg 삼성2300M두께0.9mm단중9.1g,4485.0000000000,KG,2358.9250000000,0.0000000000,9804958.0000000000,527979.0000000000,10332937.0000000000,수출13(헝가리), ,조병오
20130116,제일포장(김해),PE,PE28mm 2kgPE28M／M(백)2KG,11539.0000000000,KG,2226.6116583333,0.0000000000,26003000.0000000000,790750.0000000000,26793750.0000000000,100박스(화물), , 
20130117,해성수출포장,PE,PE28mm 2kgPE28M／M(백)2KG,1300.0000000000,KG,2733.3333333333,0.0000000000,3530000.0000000000,353000.0000000000,3883000.0000000000,20박스, , 
20130118,(주)지엔에스트레이딩,PP,PP18MMx 21kg 삼성2300M두께0.9mm단중9.1g,3785.0000000000,KG,2072.1428571429,0.0000000000,7846905.0000000000,501986.0000000000,8348891.0000000000,수출46(인도네시아), ,조병오
20130119,전주삼신산업,PE,PE28mm 2kgPE28M／M(백)2KG,1600.0000000000,KG,2875.0000000000,0.0000000000,4580000.0000000000,458000.0000000000,5038000.0000000000,20박스(운송료선불), ,노경자
20130121,광림파워팩,PP,PP15MPP15M／M10KG(황),5096.0000000000,KG,8157.9600000000,0.0000000000,10939350.0000000000,1093935.0000000000,12033285.0000000000,100롤, , 
20130122,위니아만도(주),PP,PP18MMx 15kg 위니아1818MMx 15kg,7538.0000000000,KG,2225.0000000000,0.0000000000,18346100.0000000000,1834610.0000000000,20180710.0000000000,300롤, , 
20130123,삼원산업,PE,PE28mm 2kgPE28M／M(백)2KG,5287.5000000000,KG,2265.0000000000,0.0000000000,9411125.0000000000,941112.0000000000,10352237.0000000000,10박스, , 
20130124,금산포장,PE,PE28mm 2kgPE28M／M(백)2KG,1008.0000000000,KG,2887.5000000000,0.0000000000,2948400.0000000000,294840.0000000000,3243240.0000000000,30박스, , 
20130125,(주)지엔에스트레이딩,PP,PP18MMx 21kg 삼성2300M두께0.9mm단중9.1g,4079.0000000000,KG,2361.5600000000,0.0000000000,8959002.0000000000,436009.0000000000,9395011.0000000000,수출25(헝가리), , 
20130126,ABL,PP,"12 x 3,000M 0.60T12x3,000M0.60TBLUE",17186.0000000000,KG,10.5691818182,45310.2000000000,48409417.0000000000,0.0000000000,48409417.0000000000,1194, ,574581
20130128,경인팩,PE,PE28mm 2kgPE28M／M(백)2KG,20.0000000000,KG,2500.0000000000,0.0000000000,50000.0000000000,5000.0000000000,55000.0000000000,1박스, ,신은식
20130129,(주)지엔에스트레이딩,PP,PP18MMx 21kg 삼성2300M두께0.9mm단중9.1g,17220.5000000000,KG,2159.0275000000,1816982.0000000000,34774268.0000000000,714831.0000000000,35489099.0000000000,수출122(멕시코), , 
20130130,(주)지엔에스트레이딩,PP,PP18MMx 21kg 삼성2300M두께0.9mm단중9.1g,4064.0000000000,KG,2139.3400000000,0.0000000000,8686992.0000000000,155000.0000000000,8841992.0000000000,수출11(인도), , 
20130131,광림파워팩,PP,PP9MMPP9M／M10KG(황),3072.0000000000,KG,2560.0000000000,0.0000000000,7868000.0000000000,786800.0000000000,8654800.0000000000,100롤, , 
2013/01  계,,,,224910,,59284.9834694555,4976889.52,406868189,14611863,421480052,,,
20130201,(주)지엔에스트레이딩,PP,PP18MMx 21kg 삼성2300M두께0.9mm단중9.1g,5545.0000000000,KG,2242.8693333333,0.0000000000,11902398.0000000000,451075.0000000000,12353473.0000000000,수출5(인도네시아), ,조병오
20130202,경인팩,PE,"PE50mm, 6KGPE50M／M(백)6KG",1188.0000000000,KG,2516.6666666667,0.0000000000,2973000.0000000000,297300.0000000000,3270300.0000000000,42박스, ,신은식
20130204,대경(박타원),PP,자동밴딩기 (9m/m)자동밴딩기 히타,4749.0000000000,대,89731.2500000000,0.0000000000,12775000.0000000000,1277500.0000000000,14052500.0000000000,1대, ,박타원
20130205,KOMERI,PP,15 x 100M 0.55T15x100M0.55T녹색,8812.0000000000,KG,1309.9101950000,1548680.0000000000,23380551.0000000000,128430.0000000000,23508981.0000000000, , ,PUS 121120903
20130206,금산포장,PP,PP12MPP12M／M12.5KG(아.그린),4464.0000000000,KG,2268.7500000000,0.0000000000,9754250.0000000000,975425.0000000000,10729675.0000000000,70롤, , 
20130207,광림파워팩,PP,PP15MPP15M／M10KG(황),4450.0000000000,KG,2127.7777777778,0.0000000000,9220000.0000000000,922000.0000000000,10142000.0000000000,50롤, , 
20130209,PUNCHBOWL,PP,PP19MPP19M／M*0.55T 1000M Blue,41871.0000000000,KG,261.1490125000,89915.7200000000,97945193.0000000000,0.0000000000,97945193.0000000000, , ,300213-3
20130212,신광포장기계(부산),PE,PE28mm 2kgPE28M／M(백)2KG,2700.0000000000,KG,2253.1828571429,0.0000000000,5814272.0000000000,118336.0000000000,5932608.0000000000,4박스(황금농장), ,이규만
20130213,대경(박타원),PE,PE28mm 2kgPE28M／M(백)2KG,1636.0000000000,KG,2787.5000000000,0.0000000000,4295600.0000000000,429560.0000000000,4725160.0000000000,40박스, , 
20130214,제일산업(주)(화성),PP,PP6MMPP6M／M10KG(백),2000.0000000000,KG,2075.0000000000,0.0000000000,4150000.0000000000,415000.0000000000,4565000.0000000000,100롤, , 
20130215,합동포장기계,PE,PE28mm 2kgPE28M／M(백)2KG,4487.0000000000,KG,2583.3333333333,0.0000000000,10254000.0000000000,1025400.0000000000,11279400.0000000000,15박스, , 
20130218,PRO-PAC PACKAGING,PP,PP 12MM12MMx1000Mx0.50MM Blue,9714.0000000000,KG,276.6897375000,16842.4000000000,20372949.0000000000,220000.0000000000,20592949.0000000000,4500, ,VIC 110367
20130219,(주)지엔에스트레이딩,PP,PP18MMx 15kg 삼성1650M두께0.9mm단중8.56g,3015.0000000000,KG,2230.1600000000,0.0000000000,6557920.0000000000,149527.0000000000,6707447.0000000000,수출40(슬로바키아), , 
20130220,경인팩,PE,PE28mm 2kgPE28M／M(백)2KG,512.5000000000,KG,2133.3333333333,0.0000000000,1120375.0000000000,112037.0000000000,1232412.0000000000,11박스, ,신은식
20130221,광림파워팩,PP,PP15MPP15M／M13KG(황),2045.0000000000,KG,2200.0000000000,0.0000000000,4178750.0000000000,417875.0000000000,4596625.0000000000,100롤, , 
20130222,(주)지엔에스트레이딩,PP,PP18MMx 15kg 삼성1650M두께0.9mm단중8.56g,3795.0000000000,KG,2417.9580000000,0.0000000000,9399840.0000000000,812207.0000000000,10212047.0000000000,수출40(슬로바키아), ,조병오
20130223,RLBUTTON,PP,"12 x 2,500M 0.65T12x2,500M0.65TBLACK",13632.0000000000,KG,4.6589400000,30751.6900000000,33337907.0000000000,0.0000000000,33337907.0000000000, , ,428598
20130225,삼원포장산업,PE,PE28mm 2kgPE28M／M(백)2KG,1465.0000000000,KG,2394.1132428571,0.0000000000,3344512.0000000000,94000.0000000000,3438512.0000000000,10박스, , 
20130226,TAIPS,PP,PP 12MM12MMx1000Mx0.55MM Blue,14513.0000000000,KG,1516.1278952381,20640.2000000000,35016289.0000000000,758500.0000000000,35774789.0000000000, , ,JA187
20130227,KOMERI,PP,15 x 100M 0.55T15x100M0.55T녹색,8209.0000000000,KG,886.6095307692,1570900.0000000000,22883963.0000000000,190999.0000000000,23074962.0000000000, , ,PUS121212905
20130228,(주)지엔에스트레이딩,PP,PP18MMx 21kg 삼성2300M두께0.9mm단중9.1g,2291.0000000000,KG,2152.9057142857,0.0000000000,5090058.0000000000,201569.0000000000,5291627.0000000000,수출2(인도), ,조병오
2013/02  계,,,,141093.5,,126369.9455697374,3277730.01,333766827,8996740,342763567,,,
20130301,DAINDO OFFSET,PE,PE28mm 2kgPE28M／M(백)2KG,11280.0000000000,KG,1.9750000000,22278.0000000000,24180541.0000000000,0.0000000000,24180541.0000000000, , ,130131
20130302,"SANYU CO.,LTD",PP,15 x 100M 0.55T15x100M0.55T황색,211950.0000000000,KG,163.0688000000,1527455.0000000000,17965925.0000000000,0.0000000000,17965925.0000000000,901, ,36 KIC
20130304,금산포장,PE,PE28mm 2kgPE28M／M(백)2KG,5180.0000000000,KG,2578.5714285714,0.0000000000,13204000.0000000000,1320400.0000000000,14524400.0000000000,30박스, , 
20130305,제이케이머티리얼즈(주),PP,PP18MPP18M／M10KG(황),4167.5000000000,KG,2232.8571428571,0.0000000000,9796250.0000000000,979625.0000000000,10775875.0000000000,100롤, , 
20130306,(주)지엔에스트레이딩,PP,PP18MMx 21kg 삼성2300M두께0.9mm단중9.1g,2376.0000000000,KG,2305.2533333333,0.0000000000,5502128.0000000000,256328.0000000000,5758456.0000000000,수출15(헝가리), , 
20130307,(주)삼화인쇄,PP,PP10.5MPP10.5M10KG투명,15261.0000000000,KG,8827.6633000000,0.0000000000,33446860.0000000000,497600.0000000000,33944460.0000000000,150롤(평판지하B판), , 
20130308,(주)지엔에스트레이딩,PP,PP18MMx 15kg 삼성1650M두께0.9mm단중8.56g,15417.0000000000,KG,2147.6873333333,1947718.0000000000,31942235.0000000000,455040.0000000000,32397275.0000000000,수출15(슬로바키아), ,조병오
20130309,파워엠팩,PP,PP15MPP15M／M10KG(황),500.0000000000,KG,1950.0000000000,0.0000000000,975000.0000000000,97500.0000000000,1072500.0000000000,50롤, ,김순옥
20130311,신한화학포장기계(주),PE,PE28mm 2kgPE28M／M(백)2KG,14148.0000000000,KG,1087.3117000000,18600.4000000000,28979016.0000000000,869900.0000000000,29848916.0000000000,50박스, , 
20130312,위니아만도(주),PP,스트레치필름0.025T*600W*1440M(위니아),4424.0000000000,롤,6450.1709090909,0.0000000000,15424416.0000000000,989520.0000000000,16413936.0000000000,128롤, ,엠에이티납품
20130313,RLBUTTON,PP,"12 x 3,000M 0.63T12x3,000M0.63TCLEAR",21732.0000000000,KG,1746.3401111111,36180.8400000000,49321369.0000000000,970335.0000000000,50291704.0000000000, , ,427328-5
20130314,삼원산업,PP,PP15MPP15M／M10KG(황),8255.0000000000,KG,2403.0000000000,0.0000000000,20044250.0000000000,2004425.0000000000,22048675.0000000000,100롤, , 
20130315,합동포장기계,PE,PE28mm 2kgPE28M／M(백)2KG,5358.0000000000,KG,2659.0909090909,0.0000000000,13628500.0000000000,1362850.0000000000,14991350.0000000000,20박스, , 
20130318,제일산업(주)(화성),PP,PP6MMPP6M／M10KG(백),2380.0000000000,KG,2216.6666666667,0.0000000000,5100000.0000000000,510000.0000000000,5610000.0000000000,100롤, , 
20130319,(주)지엔에스트레이딩,PP,PP18MMx 21kg 삼성2300M두께0.9mm단중9.1g,15033.0000000000,KG,1887.9900000000,0.0000000000,10821784.0000000000,534484.0000000000,11356268.0000000000,수출89(멕시코), , 
20130320,RLBUTTON,PP,"12 x 2,500M 0.65T12x2,500M0.65TBLACK",18519.0000000000,KG,734.3503733333,32628.6400000000,43192572.0000000000,20000.0000000000,43212572.0000000000, , ,429151
20130321,(주)지엔에스트레이딩,PP,PP18MMx 15kg 삼성1650M두께0.9mm단중8.56g,31401.0000000000,KG,2162.5781818182,0.0000000000,14915208.0000000000,856900.0000000000,15772108.0000000000,수출30(슬로바키아), , 
20130322,(주)범영화성,PE,PE28mm 2kgPE28M／M(백)2KG,644.0000000000,KG,2633.3333333333,0.0000000000,1770000.0000000000,177000.0000000000,1947000.0000000000,20박스 , , 
20130323,PUNCHBOWL,PP,PP19M BUILDERSPP19M／M*300M 0.60T Blue,11569.0000000000,KG,2.2678666667,24546.1200000000,27398379.0000000000,0.0000000000,27398379.0000000000, , ,300213-4
20130325,주식회사 홍영,PE,PE28mm 2kgPE28M／M(백)2KG,884.0000000000,KG,2500.0000000000,0.0000000000,2195000.0000000000,219500.0000000000,2414500.0000000000,10박스, ,박희영
20130326,STAPLES AUSTRALIA PTY LTD.,PP,PP19M HD BlackPP19M／M*1000M1.0TBlack,5019.0000000000,KG,1885.0693111111,5426.0000000000,12225817.0000000000,89056.0000000000,12314873.0000000000,LCL CARGO, ,4700 001183
20130327,(주)지엔에스트레이딩,PP,PP18MMx 21kg 삼성2300M두께0.9mm단중9.1g,3897.0000000000,KG,2314.8184615385,0.0000000000,8908152.0000000000,366740.0000000000,9274892.0000000000,수출3(인도네시아), , 
20130328,광림파워팩,PP,PP12MPP12M／M10KG(황),5133.0000000000,KG,1907.1428571429,0.0000000000,6862500.0000000000,686250.0000000000,7548750.0000000000,50롤, , 
20130329,상일교역상사,PE,PE28mm 1.8kgPE28M／M(백) 1.8KG,19280.0000000000,KG,1181.2680000000,39713.4000000000,44755272.0000000000,59000.0000000000,44814272.0000000000, , ,CWC LA 4017889
2013/03  계,,,,433807.5,,53978.4750189987,3654546.4,442555174,13322453,455877627,,,
20130401,PRO-PAC PACKAGING,PP,PP 12MM12MMx1000Mx0.50MM Blue,24629.0000000000,KG,1544.5027000000,35590.0000000000,54864875.0000000000,1527100.0000000000,56391975.0000000000,4500, ,VIC 110878
20130402,KOMERI,PP,15 x 100M 0.55T15x100M0.55T녹색,10814.0000000000,KG,529.3444888889,1542060.0000000000,29480682.0000000000,1102500.0000000000,30583182.0000000000, , ,PUS 130104901
20130403,PACKAGING HOUSE,PP,PP 12MM12MMx1000Mx0.55MM Blue,30368.0000000000,KG,1561.8834095238,45800.4400000000,70682013.0000000000,1432739.0000000000,72114752.0000000000,1379117, ,H365466
20130404,광림파워팩,PE,PE28mm 2kgPE28M／M(백)2KG,5094.0000000000,KG,2605.0000000000,0.0000000000,12581700.0000000000,1258170.0000000000,13839870.0000000000,30박스, , 
20130405,동방포장기자재,PP,PP12MPP12M／M10KG(투명),1425.0000000000,KG,2420.0000000000,0.0000000000,3283750.0000000000,328375.0000000000,3612125.0000000000,100롤(0.63t)납품장소: 이천, , 
20130406,합동포장기계,PE,PE28mm 2kgPE28M／M(백)2KG,2275.0000000000,KG,2500.0000000000,0.0000000000,5023750.0000000000,502375.0000000000,5526125.0000000000,20박스, , 
20130408,태현포장기계,PE,PE28mm 2kgPE28M／M(백)2KG,2074.0000000000,KG,2318.1520000000,0.0000000000,4980592.0000000000,413456.0000000000,5394048.0000000000,35박스, , 
20130409,제일산업(주)(화성),PP,PP8MPP8M／M10KG(백),2795.0000000000,KG,2170.0000000000,0.0000000000,6023000.0000000000,602300.0000000000,6625300.0000000000,102롤, , 
20130410,(주)지엔에스트레이딩,PP,PP18MMx 21kg 삼성2300M두께0.9mm단중9.1g,11238.0000000000,KG,1194.9939125000,16922.4100000000,25584292.0000000000,0.0000000000,25584292.0000000000,수출35(인도), , 
20130411,송탄농업협동조합,PP,PP12M (0.68T)PP12M／M10KG(황),3870.0000000000,KG,2512.5000000000,0.0000000000,8952000.0000000000,895200.0000000000,9847200.0000000000,160롤(오산농협), , 
20130412,제이케이머티리얼즈(주),PP,PP18MPP18M／M10KG(황),1800.0000000000,KG,2070.0000000000,0.0000000000,3857000.0000000000,385700.0000000000,4242700.0000000000,70롤(3/19 교환건에 30롤포함납품)70롤반품할것, , 
20130415,(주)지엔에스트레이딩,PP,PP18MMx 15kg 삼성1650M두께0.9mm단중8.56g,3810.0000000000,KG,2070.0600000000,0.0000000000,4569208.0000000000,303589.0000000000,4872797.0000000000,수출48(슬로바키아), , 
20130416,STAPLES AUSTRALIA PTY LTD.,PP,PP19M HD BlackPP19M／M*1000M1.0TBlack,14028.0000000000,KG,1388.2846555556,23542.9600000000,35837714.0000000000,308050.0000000000,36145764.0000000000,LCL CARGO, ,4700 001265
20130417,신한화학포장기계(주),PE,PE28mm 2kgPE28M／M(백)2KG,1248.0000000000,KG,2616.6666666667,0.0000000000,3470000.0000000000,347000.0000000000,3817000.0000000000,50박스, , 
20130418,금산포장,PP,PP12MPP12M／M12.5(투명),1882.0000000000,KG,2340.0000000000,0.0000000000,4064900.0000000000,406490.0000000000,4471390.0000000000,32롤, ,박 찬 수
20130419,(주)지엔에스트레이딩,PP,PP18MMx 21kg 삼성2300M두께0.9mm단중9.1g,4444.0000000000,KG,2270.2216666667,0.0000000000,10002032.0000000000,359000.0000000000,10361032.0000000000,수출37(중국), , 
20130422,광림파워팩,PE,PE28mm 2kgPE28M／M(백)2KG,2375.0000000000,KG,2350.0000000000,0.0000000000,5235250.0000000000,523525.0000000000,5758775.0000000000,20박스, , 
20130423,(주)지엔에스트레이딩,PP,PP18MMx 21kg 삼성(내수)2520M두께0.9mm단중8.56g,4488.0000000000,KG,2217.9022222222,0.0000000000,9858944.0000000000,335591.0000000000,10194535.0000000000,내수3, , 
20130424,(주)지엔에스트레이딩,PP,PP18MMx 21kg 삼성2300M두께0.9mm단중9.1g,3051.0000000000,KG,2412.9690909091,0.0000000000,6627080.0000000000,61580.0000000000,6688660.0000000000,수출69(멕시코), , 
20130425,(주)지엔에스트레이딩,PP,PP18MMx 21kg 삼성2300M두께0.9mm단중9.1g,11327.0000000000,KG,2046.8227545455,16207.5000000000,25343906.0000000000,168300.0000000000,25512206.0000000000,수출20롤(멕시코), , 
20130426,(주)시몬사,PE,PE28mm 2kgPE28M／M(백)2KG,2034.0000000000,KG,2591.6666666667,0.0000000000,5547500.0000000000,554750.0000000000,6102250.0000000000,30박스, , 
20130427,PACKAGING HOUSE,PP,PP19M BUILDERSPP19M／M*300M 0.60T Blue,15109.0000000000,KG,2.1478000000,31962.5200000000,35603051.0000000000,0.0000000000,35603051.0000000000, , ,H371523
20130428,KOMERI,PP,15 x 100M 0.55T15x100M0.55T녹색,6363.0000000000,KG,295.2807500000,1603000.0000000000,17969950.0000000000,0.0000000000,17969950.0000000000, , ,PUS130205907
20130429,(주)지엔에스트레이딩,PP,PP18MMx 21kg 삼성2300M두께0.9mm단중9.1g,5531.0000000000,KG,2297.1400000000,0.0000000000,11764064.0000000000,644200.0000000000,12408264.0000000000,수출65(인도네시아), , 
20130430,KOMERI,PP,15 x 100M 0.55T15x100M0.55T자색,18013.0000000000,KG,1719.7425428571,1482140.0000000000,45191201.0000000000,2302487.0000000000,47493688.0000000000, , ,PUS 130205907
2013/04  계,,,,190085,,48045.2813270023,4797225.83,446398454,14762477,461160931,,,
20130501,합동포장기계,PE,PE28mm 2kgPE28M／M(백)2KG,2290.0000000000,KG,2350.0000000000,0.0000000000,5054500.0000000000,505450.0000000000,5559950.0000000000,20박스, , 
20130502,(주)지엔에스트레이딩,PP,PP18MMx 21kg 삼성2300M두께0.9mm단중8.8g,318249.0000000000,KG,1198.1313384615,1700160.0000000000,30225310.0000000000,188128.0000000000,30413438.0000000000,수출30(인도), , 
20130503,금산포장,PP,PP12MPP12M／M12.5KG(아.그린),6277.5000000000,KG,2430.7142857143,0.0000000000,15505500.0000000000,1550550.0000000000,17056050.0000000000,50롤, , 
20130506,호성수출포장,PE,PE28mm 2kgPE28M／M(백)2KG,1072.0000000000,KG,2680.0000000000,0.0000000000,3097600.0000000000,309760.0000000000,3407360.0000000000,20박스, , 
20130507,(주)지엔에스트레이딩,PP,PP18MMx 15kg 삼성1650M두께0.9mm단중8.56g,5906.0000000000,KG,2169.1663157895,0.0000000000,12756448.0000000000,809453.0000000000,13565901.0000000000,수출40(슬로바키아), , 
20130508,제이케이머티리얼즈(주),PP,PP18MPP18M／M10KG(황),4756.0000000000,KG,2312.0000000000,0.0000000000,10950000.0000000000,1095000.0000000000,12045000.0000000000,100롤, , 
20130509,(주)탐스텍,PP,"9 x 4,000M 0.60T9 x 4,000M 0.60T Blue",5260.0000000000,KG,2175.4310333333,0.0000000000,10830000.0000000000,827500.0000000000,11657500.0000000000,자동용엠보, ,TT-130429A
20130510,위니아만도(주),PP,PP18MMx 15kg 위니아1818MMx 15kg,7990.0000000000,KG,2350.0000000000,0.0000000000,18334000.0000000000,1833400.0000000000,20167400.0000000000,300롤, , 
20130511,ABL,PP,"12 x 3,000M 0.60T12x3,000M0.60TBLUE",5687.0000000000,KG,14.9436375000,22228.5300000000,24162412.0000000000,0.0000000000,24162412.0000000000, , ,589420
20130513,(주)범영화성,PE,PE28mm 2kgPE28M／M(백)2KG,4986.0000000000,KG,2304.3233333333,0.0000000000,11060292.0000000000,476635.0000000000,11536927.0000000000,20박스 , , 
20130514,(주)지엔에스트레이딩,PP,PP18MMx 21kg 삼성(내수)2520M두께0.9mm단중8.56g,2682.0000000000,KG,2332.6400000000,0.0000000000,5969472.0000000000,230654.0000000000,6200126.0000000000,내수1, , 
20130515,(주)동양강철,PP,PP18MMx 15kg 삼성1650M두께0.9mm단중8.56g,5690.5000000000,KG,2303.7000000000,0.0000000000,11903975.0000000000,1190397.0000000000,13094372.0000000000,50롤(동양강철에서 차량배차), ,김승태
20130516,(주)삼화인쇄,PP,PP12MPP12M／M10KG(백),3610.0000000000,KG,2283.3333333333,0.0000000000,7958000.0000000000,795800.0000000000,8753800.0000000000,120롤(쇼핑백1층), , 
20130517,DAINDO OFFSET,PE,PE28mm 2kgPE28M／M(백)2KG,11280.0000000000,KG,1.9750000000,22278.0000000000,24808780.0000000000,0.0000000000,24808780.0000000000, , ,130424
20130518,J. BLACKWOOD ＆ SON PTY LTD.,PP,PP 12MM12MMx1000Mx0.55MM Blue,4931.0000000000,KG,2.0915333333,10349.2200000000,11524891.0000000000,0.0000000000,11524891.0000000000,01020452, ,HW035847ID
20130520,(주)지엔에스트레이딩,PP,PP18MMx 21kg 삼성2300M두께0.9mm단중8.8g,7076.0000000000,KG,2310.1900000000,0.0000000000,15170848.0000000000,110000.0000000000,15280848.0000000000,수출316(멕시코)컨테이너작업(오후2시), , 
20130521,(주)지엔에스트레이딩,PP,PP18MMx 15kg 삼성1650M두께0.9mm단중8.56g,13567.0000000000,KG,1862.1483333333,2054652.0000000000,27437709.0000000000,181319.0000000000,27619028.0000000000,수출26(슬로바키아), , 
20130522,제일산업(주)(화성),PP,PP8MPP8M／M10KG(백),5295.0000000000,KG,2150.0000000000,0.0000000000,8581250.0000000000,858125.0000000000,9439375.0000000000,100롤, , 
20130523,삼원산업,PP,PP12MPP12M／M12KG(황),3060.0000000000,KG,2800.0000000000,0.0000000000,7773000.0000000000,777300.0000000000,8550300.0000000000,100롤, , 
20130524,태현포장기계,PE,PE28mm 2kgPE28M／M(백)2KG,4320.0000000000,KG,2566.6666666667,0.0000000000,10510000.0000000000,1051000.0000000000,11561000.0000000000,50박스, , 
20130525,대경(박타원),PE,PE28mm 2kgPE28M／M(백)2KG,1320.0000000000,KG,2700.0000000000,0.0000000000,3564000.0000000000,356400.0000000000,3920400.0000000000,30박스, , 
20130526,KOMERI,PP,15 x 100M 0.55T15x100M0.55T녹색,6331.0000000000,KG,295.0626555556,1515140.0000000000,16674570.0000000000,0.0000000000,16674570.0000000000, , ,PUS 130305919
20130527,(주)지엔에스트레이딩,PP,PP18MMx 21kg 삼성2300M두께0.9mm단중8.8g,19636.0000000000,KG,1274.8518800000,32000.0000000000,42788752.0000000000,0.0000000000,42788752.0000000000,수출13(중국), , 
20130528,(주)지엔에스트레이딩,PP,PP18MMx 21kg 삼성2300M두께0.9mm단중8.8g,3283.0000000000,KG,2262.0973333333,0.0000000000,7163388.0000000000,194293.0000000000,7357681.0000000000,수출68(멕시코), , 
20130529,금산포장,PE,PE28mm 2kgPE28M／M(백)2KG,2850.0000000000,KG,2250.0000000000,0.0000000000,6470000.0000000000,647000.0000000000,7117000.0000000000,30박스, , 
20130530,제일산업(주)(화성),PP,PP6MMPP6M／M10KG(백),4381.0000000000,KG,1877.2727272727,0.0000000000,9602500.0000000000,960250.0000000000,10562750.0000000000,100롤, , 
20130531,PACKAGING HOUSE,PP,PP 12MM12MMx1000Mx0.55MM Blue,13404.0000000000,KG,1667.8599666667,15343.8400000000,30086572.0000000000,694095.0000000000,30780667.0000000000,1379117, ,H375141
2013/05  계,,,,475190,,50924.5993736268,5372151.59,389963769,15642509,405606278,,,
20130603,신한화학포장기계(주),PE,PE28mm 2kgPE28M／M(백)2KG,3195.0000000000,KG,2445.5555555556,0.0000000000,8045250.0000000000,804525.0000000000,8849775.0000000000,50박스, , 
20130604,(주)지엔에스트레이딩,PP,PP18MMx 21kg 삼성(내수)2520M두께0.9mm단중8.56g,1350.0000000000,KG,2298.1520000000,0.0000000000,3157994.0000000000,315796.0000000000,3473790.0000000000,내수1, , 
20130605,합동포장기계,PE,PE28mm 2kgPE28M／M(백)2KG,5666.0000000000,KG,3043.7500000000,0.0000000000,13265800.0000000000,1326580.0000000000,14592380.0000000000,25박스, , 
20130607,삼원산업,PE,PE28mm 2kgPE28M／M(백)2KG,5375.0000000000,KG,2210.0000000000,0.0000000000,12177250.0000000000,1217725.0000000000,13394975.0000000000,10박스, , 
20130608,삼성종합포장,PE,PE28mm 2kgPE28M／M(백)2KG,600.0000000000,KG,3050.0000000000,0.0000000000,1830000.0000000000,183000.0000000000,2013000.0000000000,30박스, , 
20130610,태영포장산업,PE,PE28mm 2kgPE28M／M(백)2KG,1865.0000000000,KG,2578.5714285714,0.0000000000,4365000.0000000000,436500.0000000000,4801500.0000000000,11박스, , 
20130611,POWERPAK,PP,PP 12MM12MMx1000Mx0.50MM Blue,12064.0000000000,KG,986.7543000000,19689.9000000000,27937139.0000000000,156791.0000000000,28093930.0000000000,4500, ,22742
20130612,(주)지엔에스트레이딩,PP,PP18MMx 21kg 삼성.12300M두께0.9mm단중8.8g,7711.0000000000,KG,2293.1600000000,0.0000000000,18441064.0000000000,1336100.0000000000,19777164.0000000000,수출3(중국), , 
20130613,덕성수출포장,PE,PE28mm 2kgPE28M／M(백)2KG,1514.0000000000,KG,2458.3333333333,0.0000000000,3460000.0000000000,346000.0000000000,3806000.0000000000,6박스, , 
20130614,(주)삼화인쇄,PP,PP12MPP12M／M10KG(백),2055.0000000000,KG,2608.3333333333,0.0000000000,4696000.0000000000,469600.0000000000,5165600.0000000000,100롤(평판지하A판), , 
20130617,명신물산,PP,PP11.5MM (B/S평균160KG)11.5MM*10KG(백색)(0.65T/2300M),7361.0000000000,KG,1905.6666666667,0.0000000000,5216750.0000000000,521675.0000000000,5738425.0000000000,50롤, , 
20130618,(주)지엔에스트레이딩,PP,PP18MMx 21kg 삼성2300M두께0.9mm단중8.8g,3961.0000000000,KG,2272.2280000000,0.0000000000,8778448.0000000000,250000.0000000000,9028448.0000000000,수출136(멕시코), , 
20130619,RLBUTTON,PP,"12 x 3,000M 0.60T Clear w/Talleys Red printed12 x 3,000M 0.60T Clear w/Talleys Red printed",17413.0000000000,KG,5176.5025863636,15180.2100000000,39342437.0000000000,267009.0000000000,39609446.0000000000, , ,430402
20130620,제일산업(주)(화성),PP,PP12MPP12M／M10KG(황),3980.0000000000,KG,2450.0000000000,0.0000000000,9006500.0000000000,900650.0000000000,9907150.0000000000,100롤, , 
20130621,해성수출포장,PE,PE28mm 2kgPE28M／M(백)2KG,2220.0000000000,KG,2891.6666666667,0.0000000000,6397000.0000000000,639700.0000000000,7036700.0000000000,20박스, , 
20130622,"SANYU CO.,LTD",PP,15 x 100M 0.55T15x100M0.55T황색,241995.0000000000,KG,171.1790500000,1657440.0000000000,19546687.0000000000,0.0000000000,19546687.0000000000,901, ,38 KIC
20130624,(주)지엔에스트레이딩,PP,PP18MMx 21kg 삼성2300M두께0.9mm단중8.8g,4998.0000000000,KG,2205.1900000000,0.0000000000,10657834.0000000000,495825.0000000000,11153659.0000000000,수출1(이집트), , 
20130625,(주)동원화학,PE,우편물 자동파속끈 1호35m/m x 2kg (PE)백색,4836.0000000000,KG,2357.6425000000,0.0000000000,11243488.0000000000,874991.0000000000,12118479.0000000000,120박스+5롤, , 
20130626,광림파워팩,PP,PP15MPP15MM*10KG(황색),2999.0000000000,KG,2170.0000000000,0.0000000000,5971250.0000000000,597125.0000000000,6568375.0000000000,100롤, , 
20130627,광림파워팩,PE,PE28mm 2kgPE28M／M(백)2KG,4796.0000000000,KG,2218.7500000000,0.0000000000,8630000.0000000000,863000.0000000000,9493000.0000000000,20박스, , 
20130628,경인팩,PE,PE28mm 2kgPE28M／M(백)2KG,11480.0000000000,KG,1341.2000000000,2057472.0000000000,24513784.0000000000,50000.0000000000,24563784.0000000000,10박스, , 
20130629,J. BLACKWOOD ＆ SON PTY LTD.,PP,"15 x 1,000M 0.55T Blue15x1,000M0.55T청색",5166.0000000000,KG,2.0268000000,10470.6000000000,12038048.0000000000,0.0000000000,12038048.0000000000,01020554, ,HW036413ID
2013/06  계,,,,352600,,49134.6622204906,3760252.71,258717723,12052592,270770315,,,
20130701,제일산업(주)(화성),PP,PP6MMPP6M／M10KG(백),3060.0000000000,KG,2322.0000000000,0.0000000000,6828000.0000000000,682800.0000000000,7510800.0000000000,100롤(6/27출고)이월, , 
20130702,(주)지엔에스트레이딩,PP,PP18MMx 21kg 삼성2300M두께0.9mm단중8.8g,3049.0000000000,KG,3086.3584615385,0.0000000000,8000928.0000000000,350359.0000000000,8351287.0000000000,수출4(인도), , 
20130703,(주)지엔에스트레이딩,PP,PP18MMx 21kg 삼성2300M두께0.9mm단중8.8g,6662.0000000000,KG,1850.2820000000,5148.0000000000,12406393.0000000000,41000.0000000000,12447393.0000000000,수출36(헝가리), , 
20130704,합동포장기계,PP,PP12MPP12M／M12.5(황),2498.0000000000,KG,2480.0000000000,0.0000000000,5508000.0000000000,550800.0000000000,6058800.0000000000,120롤, , 
20130705,제일산업(주)(화성),PP,PP6MMPP6M／M10KG(청),3530.0000000000,KG,2178.5714285714,0.0000000000,7320500.0000000000,732050.0000000000,8052550.0000000000,50롤, , 
20130706,SEDL,PP,PP19M HD BlackPP19M／M*1000M1.0TBlack,26785.0000000000,KG,2.0117375000,43144.8800000000,49193791.0000000000,0.0000000000,49193791.0000000000, , ,PA0601
20130708,(주)지엔에스트레이딩,PP,PP18MMx 21kg 삼성.12300M두께0.9mm단중8.8g,2746.0000000000,KG,39417.5950000000,0.0000000000,6204472.0000000000,68300.0000000000,6272772.0000000000,수출124(멕시코), , 
20130709,(주)지엔에스트레이딩,PP,PP18MMx 15kg 삼성1650M두께0.9mm단중8.56g,1834.0000000000,KG,2217.5900000000,0.0000000000,3980592.0000000000,148508.0000000000,4129100.0000000000,수출40(슬로바키아, , 
20130710,광림파워팩,PP,PP12MPP12M／M10KG(황),4750.0000000000,KG,2387.5000000000,0.0000000000,10811000.0000000000,1081100.0000000000,11892100.0000000000,2롤반품(패드불량)6/27, , 
20130711,(주)지엔에스트레이딩,PP,PP18MMx 15kg 삼성1650M두께0.9mm단중8.56g,3593.0000000000,KG,2279.9333333333,0.0000000000,7670910.0000000000,319875.0000000000,7990785.0000000000,수출140(슬로바키아), , 
20130712,(주)삼화인쇄,PP,PP12MPP12M／M10KG(백),16729.0000000000,KG,1148.4252625000,34722.4000000000,44284227.0000000000,522500.0000000000,44806727.0000000000,100롤(쇼핑백1층), , 
20130715,(주)지엔에스트레이딩,PP,PP18MMx 21kg 삼성2300M두께0.9mm단중8.8g,3203.0000000000,KG,2172.6900000000,0.0000000000,6812504.0000000000,44500.0000000000,6857004.0000000000,수출21(중국), , 
20130716,(주)지엔에스트레이딩,PP,PP18MMx 21kg 삼성2300M두께0.9mm단중8.8g,11316.5000000000,KG,1732.9417294118,14041.2800000000,26204229.0000000000,518718.0000000000,26722947.0000000000,수출5(인도네시아), , 
20130717,(주)지엔에스트레이딩,PP,PP18MMx 21kg 삼성2300M두께0.9mm단중8.8g,25708.0000000000,KG,1238.7300000000,39988.0800000000,59555029.0000000000,786200.0000000000,60341229.0000000000,수출134(헝가리), , 
20130718,(주)삼화인쇄,PP,PP10.5MPP10.5M10KG(청),21150.0000000000,KG,1100.1577142857,1586480.0000000000,50097095.0000000000,1517500.0000000000,51614595.0000000000,50롤(제책4층), , 
20130719,제일포장(김해),PE,PE28mm 2kgPE28M／M(백)2KG,2840.0000000000,KG,2640.0000000000,0.0000000000,7907600.0000000000,790760.0000000000,8698360.0000000000,100박스(화물), , 
20130722,(주)지엔에스트레이딩,PP,PP18MMx 21kg 삼성(내수)2520M두께0.9mm단중8.56g,5124.0000000000,KG,2218.7885714286,0.0000000000,11833142.0000000000,653431.0000000000,12486573.0000000000,내수20, , 
20130723,제일산업(주)(화성),PP,PP8MPP8M／M10KG(백),3945.0000000000,KG,2040.0000000000,0.0000000000,5684750.0000000000,568475.0000000000,6253225.0000000000,100롤(오전납품요망), , 
20130724,"SANYU CO.,LTD",PP,15 x 100M 0.55T15x100M0.55T황색,246554.0000000000,KG,1323.3080230769,1669700.0000000000,29377427.0000000000,418316.0000000000,29795743.0000000000,901, ,39 KIC
20130725,(주)지엔에스트레이딩,PP,PP18MMx 21kg 삼성2300M두께0.9mm단중8.8g,7591.0000000000,KG,2279.0155555556,0.0000000000,16966728.0000000000,1024300.0000000000,17991028.0000000000,수출18(브라질), , 
20130726,유정화학산업사,PE,PE28mm 2kgPE28M／M(백)2KG,1756.0000000000,KG,2635.7142857143,0.0000000000,4970000.0000000000,497000.0000000000,5467000.0000000000,3박스, , 
20130729,PRO-PAC PACKAGING,PP,"12 x 3,000M 0.60T12x3,000M0.60TCLEAR",8260.0000000000,KG,1916.3787529412,12696.3200000000,19462546.0000000000,154959.0000000000,19617505.0000000000,4503, ,VIC 112614
20130730,광림파워팩,PP,PP15MPP15MM*10KG(황색),4677.0000000000,KG,2365.0000000000,0.0000000000,10431950.0000000000,1043195.0000000000,11475145.0000000000,100롤, , 
2013/07  계,,,,417360.5,,83032.9918558573,3405920.96,411511813,12514646,424026459,,,
20130801,대상산업,PP,PP12MPP12M／M12.5(황),365.0000000000,KG,2425.0000000000,0.0000000000,934000.0000000000,93400.0000000000,1027400.0000000000,10롤, , 
20130803,ABL,PP,"12 x 3,000M 0.60T12x3,000M0.60TBLUE",20212.0000000000,KG,2.1743428571,41919.5000000000,47008527.0000000000,0.0000000000,47008527.0000000000,1194, ,590942
20130805,금산포장,PP,PP12MPP12M／M12.5(투명),1908.0000000000,KG,2330.0000000000,0.0000000000,4263600.0000000000,426360.0000000000,4689960.0000000000,40롤, , 
20130806,KOMERI,PP,15 x 100M 0.55T15x100M0.55T녹색,7459.0000000000,KG,821.2969916667,1542420.0000000000,19969423.0000000000,245000.0000000000,20214423.0000000000, , ,PUS 130521904
20130807,(주)지엔에스트레이딩,PP,PP18MMx 21kg 삼성2300M두께0.9mm단중8.8g,3070.0000000000,KG,2197.2260000000,0.0000000000,6527520.0000000000,76791.0000000000,6604311.0000000000,수출53(중국), , 
20130808,위니아만도(주),PP,PP18MMx 15kg 위니아1818MMx 15kg,7025.0000000000,KG,2278.5714285714,0.0000000000,16540000.0000000000,1654000.0000000000,18194000.0000000000,300롤, , 
20130809,(주)지엔에스트레이딩,PP,PP18MMx 21kg 삼성2300M두께0.9mm단중8.8g,7540.0000000000,KG,2234.9960000000,0.0000000000,17130416.0000000000,1218200.0000000000,18348616.0000000000,수출10(인도), , 
20130810,경인팩,PP,PP15MPP15M／M9.5KG(적색),66.5000000000,KG,1950.0000000000,0.0000000000,129675.0000000000,12967.0000000000,142642.0000000000,7롤, , 
20130812,(주)지엔에스트레이딩,PP,PP18MMx 21kg 삼성2300M두께0.9mm단중8.8g,54683.0000000000,KG,2029.7784615385,0.0000000000,10754766.0000000000,529330.0000000000,11284096.0000000000,수출38(헝가리), , 
20130813,(주)지엔에스트레이딩,PP,PP18MMx 21kg 삼성2300M두께0.9mm단중8.8g,5195.0000000000,KG,2374.3400000000,0.0000000000,11666884.0000000000,485410.0000000000,12152294.0000000000,수출153(멕시코), , 
20130814,KOMERI,PP,15 x 100M 0.55T15x100M0.55T녹색,20672.0000000000,KG,1129.4107722222,3649097.0000000000,48171884.0000000000,626520.0000000000,48798404.0000000000, , ,PUS130618901
20130816,(주)지엔에스트레이딩,PP,PP18MMx 15kg 삼성1650M두께0.9mm단중8.56g,4191.5000000000,KG,2335.5218181818,0.0000000000,9384355.0000000000,371187.0000000000,9755542.0000000000,수출80(슬로바키아), , 
20130819,신한화학포장기계(주),PE,PE28mm 2kgPE28M／M(백)2KG,4793.0000000000,KG,2583.6709090909,0.0000000000,12643780.0000000000,1264377.0000000000,13908157.0000000000,50박스, , 
20130820,제일산업(주)(화성),PP,PP8MPP8M／M10KG(백),3396.0000000000,KG,2233.8436363636,0.0000000000,7329200.0000000000,287640.0000000000,7616840.0000000000,100롤, , 
20130821,태현포장기계,PP,PP12MPP12M／M12.5(황),337273.5000000000,KG,1160.7719407407,1727060.0000000000,33708902.0000000000,1380350.0000000000,35089252.0000000000,25롤, , 
20130822,삼원산업,PP,PP15MPP15MM*10KG(황색),5355.0000000000,KG,2186.3636363636,0.0000000000,11031250.0000000000,1103125.0000000000,12134375.0000000000,50롤, , 
20130823,(주)지엔에스트레이딩,PP,PP18MMx 21kg 삼성2300M두께0.9mm단중8.8g,10845.0000000000,KG,2206.6171428571,0.0000000000,23353730.0000000000,384852.0000000000,23738582.0000000000,수출299(멕시코)컨테이너작업, , 
20130824,POWERPAK,PP,PP 12MM12MMx1000Mx0.50MM Blue,8269.0000000000,KG,2.0353400000,16954.3000000000,19061719.0000000000,0.0000000000,19061719.0000000000,4500, ,23366
20130826,홍영산업,PE,PE28mm 2kgPE28M／M(백)2KG,5206.0000000000,KG,2283.1188235294,0.0000000000,11634620.0000000000,625447.0000000000,12260067.0000000000,5박스, , 
20130827,(주)지엔에스트레이딩,PP,PP18MMx 21kg 삼성2300M두께0.9mm단중8.8g,2910.5000000000,KG,2220.1425000000,0.0000000000,6374009.0000000000,178762.0000000000,6552771.0000000000,수출24(중국), , 
20130828,위니아만도(주),PP,PP18MMx 15kg 위니아1818MMx 15kg,13700.0000000000,KG,2229.9718500000,0.0000000000,30660250.0000000000,1274375.0000000000,31934625.0000000000,300롤, , 
20130829,(주)지엔에스트레이딩,PP,PP18MMx 15kg 삼성1650M두께0.9mm단중8.56g,12543.0000000000,KG,1306.4899777778,17032.4800000000,28676048.0000000000,435000.0000000000,29111048.0000000000,수출60(슬로바키아), , 
20130830,(주)지엔에스트레이딩,PP,PP18MMx 15kg 삼성1650M두께0.9mm단중8.56g,2670.0000000000,KG,2275.9160000000,0.0000000000,5749800.0000000000,111791.0000000000,5861591.0000000000,수출140(슬로바키아), , 
20130831,경인팩,PP,PP15MPP15M／M9.5KG(적색),257.5000000000,KG,2075.0000000000,0.0000000000,507125.0000000000,50712.0000000000,557837.0000000000,25롤, , 
2013/08  계,,,,539605.5,,44872.2575717608,6994483.28,383211483,12835596,396047079,,,
20130902,(주)범영화성,PE,PE28mm 2kgPE28M／M(백)2KG,3305.0000000000,KG,2414.2857142857,0.0000000000,7637500.0000000000,763750.0000000000,8401250.0000000000,20박스 , , 
20130903,(주)지엔에스트레이딩,PP,PP18MMx 21kg 삼성2300M두께0.9mm단중8.8g,3460.5000000000,KG,2247.8676923077,0.0000000000,7738899.0000000000,337514.0000000000,8076413.0000000000,수출66(중국), , 
20130904,RLBUTTON,PP,"12 x 3,000M 0.63T12x3,000M0.63TCLEAR",28017.0000000000,KG,2073.1146000000,35038.2000000000,61749931.0000000000,861280.0000000000,62611211.0000000000, , ,432359-A
20130905,(주)지엔에스트레이딩,PP,PP18MMx 21kg 삼성2300M두께0.9mm단중8.8g,3110.5000000000,KG,2225.2375000000,0.0000000000,6768972.0000000000,124750.0000000000,6893722.0000000000,수출3(브라질), , 
20130906,동일접착,PE,PE28mm 2kgPE28M／M(백)2KG,8421.0000000000,KG,2287.5000000000,0.0000000000,20636600.0000000000,2063660.0000000000,22700260.0000000000,50박스, , 
20130909,운산상사,PE,PE28mm 2kgPE28M／M(백)2KG,2129.0000000000,KG,2425.0000000000,0.0000000000,5282250.0000000000,528225.0000000000,5810475.0000000000,4박스, , 
20130910,(주)지엔에스트레이딩,PP,PP18MMx 21kg 삼성(내수)2520M두께0.9mm단중8.56g,6539.0000000000,KG,2127.8929411765,0.0000000000,13462832.0000000000,905452.0000000000,14368284.0000000000,내수5, , 
20130911,RLBUTTON,PP,"12 x 3,000M 0.63T12x3,000M0.63TCLEAR",25503.0000000000,KG,1167.2984700000,34868.4000000000,57067727.0000000000,1923900.0000000000,58991627.0000000000, , ,432360-A
20130912,동방포장기자재,PP,PP12MPP12M／M10KG(투명),2240.0000000000,KG,2506.0000000000,0.0000000000,5817000.0000000000,581700.0000000000,6398700.0000000000,90롤(0.63t)납품장소: 이천, , 
20130913,(주)지엔에스트레이딩,PP,PP18MMx 21kg 삼성2300M두께0.9mm단중8.8g,9701.0000000000,KG,1886.2425000000,0.0000000000,20312424.0000000000,281775.0000000000,20594199.0000000000,수출247(멕시코)(컨테이너), , 
20130916,(주)지엔에스트레이딩,PP,PP18MMx 21kg 삼성2300M두께0.9mm단중8.8g,9242.0000000000,KG,2074.7509090909,0.0000000000,19162144.0000000000,507000.0000000000,19669144.0000000000,수출20(브라질), , 
20130917,(주)지엔에스트레이딩,PP,PP18MMx 21kg 삼성2300M두께0.9mm단중8.8g,8528.0000000000,KG,2056.6185714286,0.0000000000,13109664.0000000000,852327.0000000000,13961991.0000000000,수출13(브라질), , 
20130919,MARKCOLIN,PP,PP 12MM12MMx1000Mx0.55MM Blue,7297.0000000000,KG,2.3661400000,17066.1200000000,18468955.0000000000,0.0000000000,18468955.0000000000,MA05-0007, ,75111
20130923,(주)한제피앤에스진영공장,PP,"15 x 1,000M 0.55T Yellow15x1,000M0.55T 황색",11967.0000000000,KG,2508.6893333333,0.0000000000,27255200.0000000000,2141816.0000000000,29397016.0000000000,무인쇄박스, ,HJ13-TS02
20130924,위니아만도(주),PP,PP18MMx 15kg 위니아1818MMx 15kg,11478.5000000000,KG,2334.5626086957,0.0000000000,27602749.0000000000,1945412.0000000000,29548161.0000000000,300롤, , 
20130925,(주)지엔에스트레이딩,PP,PP18MMx 15kg 삼성1650M두께0.9mm단중8.56g,6346.0000000000,KG,2147.9560000000,0.0000000000,13257656.0000000000,692500.0000000000,13950156.0000000000,수출18(슬로바키아), , 
20130926,광림파워팩,PE,PE28mm 2kgPE28M／M(백)2KG,5541.0000000000,KG,2691.6666666667,0.0000000000,12956250.0000000000,1295625.0000000000,14251875.0000000000,30박스  (단가차액@300 10월청구했음), , 
20130927,(주)지엔에스트레이딩,PP,PP18MMx 21kg 삼성2300M두께0.9mm단중8.8g,11474.0000000000,KG,2256.3040000000,0.0000000000,24547952.0000000000,166054.0000000000,24714006.0000000000,수출231(멕시코)컨테이너, , 
20130930,(주)지엔에스트레이딩,PP,PP18MMx 21kg 삼성2300M두께0.9mm단중8.8g,6578.0000000000,KG,2339.9960000000,0.0000000000,15135144.0000000000,733500.0000000000,15868644.0000000000,수출168(멕시코), , 
2013/09  계,,,,170877.5,,39773.3496469851,86972.72,377969849,16706240,394676089,,,
20131001,합동포장기계,PP,PP12MPP12M／M12.5(황),4584.0000000000,KG,2204.3216666667,0.0000000000,10302832.0000000000,375528.0000000000,10678360.0000000000,20롤(9/26출고), , 
20131002,위니아만도(주),PP,PP18MMx 15kg 위니아1818MMx 15kg,10680.0000000000,KG,2328.5714285714,0.0000000000,25325000.0000000000,2532500.0000000000,27857500.0000000000,300롤, , 
20131003,경인팩,PE,PE28mm 2kgPE28M／M(백)2KG,990.0000000000,KG,2316.6666666667,0.0000000000,2161500.0000000000,216150.0000000000,2377650.0000000000,15박스, , 
20131004,삼원산업,PP,PP12MPP12M／M12KG(황),9093.5000000000,KG,6538.9699384615,0.0000000000,18912225.0000000000,1494562.0000000000,20406787.0000000000,100롤, , 
20131007,금산포장,PP,PP15MPP15M／M10KG(투명),4010.0000000000,KG,2511.1111111111,0.0000000000,9631000.0000000000,963100.0000000000,10594100.0000000000,50롤(0.7~0.75t), , 
20131008,(주)지엔에스트레이딩,PP,PP18MMx 21kg 삼성2300M두께0.9mm단중8.8g,10191.0000000000,KG,2306.9200000000,0.0000000000,23465416.0000000000,1246700.0000000000,24712116.0000000000,수출9(인도), , 
20131010,신한화학포장기계(주),PE,PE28mm 2kgPE28M／M(백)2KG,8922.0000000000,KG,1588.3161625000,14864.0400000000,21463033.0000000000,550500.0000000000,22013533.0000000000,50박스, , 
20131011,대경(박타원),PP,PP12MPP12M／M12.5KG(아.그린),2365.0000000000,KG,2540.0000000000,0.0000000000,5950000.0000000000,595000.0000000000,6545000.0000000000,50롤, , 
20131012,KOMERI,PP,15 x 100M 0.55T15x100M0.55T녹색,7364.0000000000,KG,535.5563900000,1276460.0000000000,16579576.0000000000,259200.0000000000,16838776.0000000000,4920501073166, ,PUS 130716902
20131014,(주)한제피앤에스,PP,"12 x 3,000M 0.63T12x3,000M0.63TBLUE",14747.0000000000,KG,2141.2571909091,0.0000000000,31156488.0000000000,678311.0000000000,31834799.0000000000,8734, ,HJ13-ARM03
20131015,위니아만도(주),PP,PP18MMx 15kg 위니아1818MMx 15kg,12986.0000000000,KG,2185.6945454545,0.0000000000,29095168.0000000000,1152500.0000000000,30247668.0000000000,300롤(확정납품), , 
20131016,RLBUTTON,PP,"12 x 3,000M 0.60T Clear w/Talleys Red printed12 x 3,000M 0.60T Clear w/Talleys Red printed",14129.0000000000,KG,1066.7649000000,16357.3200000000,31447856.0000000000,583125.0000000000,32030981.0000000000, , , 
20131017,광림파워팩,PP,PP12MPP12M／M12.5(황),5215.0000000000,KG,1863.7500000000,0.0000000000,9293500.0000000000,929350.0000000000,10222850.0000000000,100롤, , 
20131018,(주)지엔에스트레이딩,PP,PP18MMx 21kg 삼성2300M두께0.9mm단중8.8g,4317.0000000000,KG,2200.2111111111,0.0000000000,9667786.0000000000,245425.0000000000,9913211.0000000000,수출40(중국), , 
20131021,(주)지엔에스트레이딩,PP,PP18MMx 15kg 삼성1650M두께0.9mm단중8.56g,7000.0000000000,KG,2409.8666666667,0.0000000000,16588800.0000000000,1020000.0000000000,17608800.0000000000,수출200(슬로바키아), , 
20131022,(주)지엔에스트레이딩,PP,PP18MMx 15kg 삼성1650M두께0.9mm단중8.56g,17544.0000000000,KG,2210.0514285714,0.0000000000,32693192.0000000000,2919484.0000000000,35612676.0000000000,수출62(슬로바키아), , 
20131023,(주)지엔에스트레이딩,PP,PP18MMx 21kg 삼성2300M두께0.9mm단중8.8g,4890.0000000000,KG,2660.0542857143,0.0000000000,10634480.0000000000,351000.0000000000,10985480.0000000000,수출160(멕시코), , 
20131024,(주)지엔에스트레이딩,PP,PP18MMx 21kg 삼성2300M두께0.9mm단중8.8g,2232.0000000000,KG,2123.4533333333,0.0000000000,4737392.0000000000,0.0000000000,4737392.0000000000,수출10(중국), , 
20131025,광림파워팩,PP,PP15MPP15MM*10KG(황색),6188.0000000000,KG,2261.5384615385,0.0000000000,13370750.0000000000,1337075.0000000000,14707825.0000000000,100롤, , 
20131026,DAINDO OFFSET,PE,PE28mm 2kgPE28M／M(백)2KG,17978.0000000000,KG,2.1199090909,42430.9600000000,44858010.0000000000,0.0000000000,44858010.0000000000, , ,131001
20131028,(주)지엔에스트레이딩,PP,PP18MMx 21kg 삼성2300M두께0.9mm단중8.8g,4949.0000000000,KG,2131.7707692308,0.0000000000,10419744.0000000000,428454.0000000000,10848198.0000000000,수출2(헝가리), , 
20131029,파워엠팩,PP,PP10.5MPP10.5M10KG(청),6220.0000000000,KG,2641.6666666667,0.0000000000,15566000.0000000000,1556600.0000000000,17122600.0000000000,50롤, , 
20131030,"SANYU CO.,LTD",PP,15 x 100M 0.55T15x100M0.55T황색,343605.0000000000,KG,679.6656400000,1925750.0000000000,25608931.0000000000,479350.0000000000,26088281.0000000000,901, ,41 KIC
20131031,PRO-PAC PACKAGING,PP,PP 12MM12MMx1000Mx0.50MM Blue,9849.0000000000,KG,944.9562000000,17816.1000000000,20616008.0000000000,170600.0000000000,20786608.0000000000,4500, ,VIC113523
2013/10  계,,,,530048.5,,50393.2544722647,3293678.42,439544687,20084514,459629201,,,
20131101,제일산업(주)(화성),PP,PP6MMPP6M／M10KG(백),2490.0000000000,KG,2335.7142857143,0.0000000000,5652500.0000000000,565250.0000000000,6217750.0000000000,100롤, , 
20131103,STAPLES AUSTRALIA PTY LTD.,PP,PP19M HD BlackPP19M／M*1000M1.0TBlack,8646.0000000000,KG,2.0369000000,18762.8600000000,19886755.0000000000,0.0000000000,19886755.0000000000, , ,4700 001691 & 4700 001753
20131104,(주)지엔에스트레이딩,PP,PP18MMx 21kg 삼성2300M두께0.9mm단중8.8g,4293.0000000000,KG,2340.2171428571,0.0000000000,9513344.0000000000,181000.0000000000,9694344.0000000000,수출132(멕시코), , 
20131105,(주)지엔에스트레이딩,PP,PP18MMx 21kg 삼성2300M두께0.9mm단중8.8g,3885.0000000000,KG,2189.4018181818,0.0000000000,8397120.0000000000,189603.0000000000,8586723.0000000000,수출59(멕시코), , 
20131106,합동포장기계,PE,PE28mm 2kgPE28M／M(백)2KG,5170.0000000000,KG,2112.5000000000,0.0000000000,11184000.0000000000,1118400.0000000000,12302400.0000000000,40박스, , 
20131107,위니아만도(주),PP,PP18MMx 15kg 위니아1818MMx 15kg,11069.5000000000,KG,2250.0000000000,0.0000000000,26033375.0000000000,2603337.0000000000,28636712.0000000000,300롤(10/29 변경요청 신과장), , 
20131108,경인팩,PE,PE28mm 2kgPE28M／M(백)2KG,19986.0000000000,KG,1315.1914285714,39785.4000000000,44366373.0000000000,216600.0000000000,44582973.0000000000,30박스, , 
20131111,한서포장,PE,PE28mm 2kgPE28M／M(백)2KG,4229.0000000000,KG,2350.2375000000,0.0000000000,9569008.0000000000,240000.0000000000,9809008.0000000000,25박스, , 
20131112,(주)지엔에스트레이딩,PP,PP18MMx 21kg 삼성2300M두께0.9mm단중8.8g,10845.0000000000,KG,1561.2562095238,1601040.0000000000,27647491.0000000000,523456.0000000000,28170947.0000000000,수출17(멕시코), , 
20131113,제이케이머티리얼즈(주),PP,PP18MPP18M／M10KG(황),3296.0000000000,KG,2160.0000000000,0.0000000000,6930750.0000000000,693075.0000000000,7623825.0000000000,100롤, , 
20131114,광림파워팩,PE,PE28mm 2kgPE28M／M(백)2KG,1720.0000000000,KG,2375.0000000000,0.0000000000,3966000.0000000000,396600.0000000000,4362600.0000000000,30박스, , 
20131115,위니아만도(주),PP,PP18MMx 15kg 위니아1818MMx 15kg,5683.0000000000,KG,2331.2500000000,0.0000000000,13993550.0000000000,1399355.0000000000,15392905.0000000000,300롤, , 
20131118,(주)삼화인쇄,PP,PP15MPP15MM*10KG(황색),6913.0000000000,KG,2224.0760000000,0.0000000000,14787784.0000000000,797500.0000000000,15585284.0000000000,50롤(제책4층), , 
20131119,금산포장,PE,PE28mm 2kgPE28M／M(백)2KG,12997.0000000000,KG,2225.8906166667,0.0000000000,27987652.0000000000,441862.0000000000,28429514.0000000000,30박스, , 
20131120,RLBUTTON,PP,"12 x 3,000M 0.63T12x3,000M0.63TCLEAR",24810.0000000000,KG,1480.1522909091,34821.3600000000,48948695.0000000000,693000.0000000000,49641695.0000000000, , ,432359-B
20131121,신한화학포장기계(주),PE,PE28mm 2kgPE28M／M(백)2KG,5676.0000000000,KG,2177.7777777778,0.0000000000,12243750.0000000000,1224375.0000000000,13468125.0000000000,50박스, , 
20131122,위니아만도(주),PP,PP18MMx 15kg 위니아1818MMx 15kg,5695.0000000000,KG,2460.0000000000,0.0000000000,13993000.0000000000,1399300.0000000000,15392300.0000000000,300롤, , 
20131125,NORTH SHORE,PP,"9 x 3,475M 0.56T White (8x8)9 x 3,475M 0.56T 백색",15885.0000000000,KG,1366.1507000000,25519.9200000000,33710947.0000000000,661900.0000000000,34372847.0000000000, , ,101713
20131126,(주)지엔에스트레이딩,PP,PP18MMx 21kg 삼성2300M두께0.9mm단중8.8g,3166.0000000000,KG,2273.6757142857,0.0000000000,6956440.0000000000,268755.0000000000,7225195.0000000000,수출14(이집트), , 
20131127,RLBUTTON,PP,"12 x 3,000M 0.63T12x3,000M0.63TBLUE",20246.0000000000,KG,1157.8367866667,34684.0200000000,42865354.0000000000,167000.0000000000,43032354.0000000000, , ,432360-B
20131128,위니아만도(주),PP,PP18MMx 15kg 위니아1818MMx 15kg,6671.0000000000,KG,2461.1111111111,0.0000000000,16573800.0000000000,1657380.0000000000,18231180.0000000000,300롤, , 
20131129,ALLESPACK SYSTEMS PVT. LTD.,PE,PE28mm 2kgPE28M／M(백)2KG,22013.0000000000,KG,1022.1904750000,42968.9600000000,52214932.0000000000,657760.0000000000,52872692.0000000000, , ,131025
20131130,ABL,PP,"12 x 3,000M 0.60T12x3,000M0.60TBLUE",7436.0000000000,KG,8.8711625000,21340.1200000000,22665341.0000000000,0.0000000000,22665341.0000000000,1194, ,593052
2013/11  계,,,,212820.5,,42180.5379197655,1818922.64,480087961,16095508,496183469,,,
20131202,동림특수제지,PE,PE28mm 2kgPE28M／M(백)2KG,4019.0000000000,KG,2350.0000000000,0.0000000000,9244950.0000000000,924495.0000000000,10169445.0000000000,2박스, , 
20131203,(주)지엔에스트레이딩,PP,PP18MMx 21kg 삼성2300M두께0.9mm단중8.8g,35884.0000000000,KG,1576.8377928571,34000.0000000000,43550624.0000000000,260556.0000000000,43811180.0000000000,수출2(헝가리), , 
20131204,합동포장기계,PE,PE28mm 2kgPE28M／M(백)2KG,21315.0000000000,KG,2091.8000000000,0.0000000000,24188000.0000000000,2418800.0000000000,26606800.0000000000,40박스, , 
20131206,제일포장(김해),PE,PE28mm 2kgPE28M／M(백)2KG,4511.6000000000,KG,2610.0000000000,0.0000000000,12223960.0000000000,1222396.0000000000,13446356.0000000000,100박스, , 
20131209,한서포장,PE,PE28mm 2kgPE28M／M(백)2KG,924.0000000000,KG,2675.0000000000,0.0000000000,2590000.0000000000,259000.0000000000,2849000.0000000000,25박스, , 
20131210,(주)지엔에스트레이딩,PP,PP18MMx 21kg 삼성2300M두께0.9mm단중8.8g,12027.0000000000,KG,1432.0279956522,1599720.0000000000,28615089.0000000000,681801.0000000000,29296890.0000000000,수출6(말레이시아), , 
20131211,광림파워팩,PP,PP9MMPP9M／M10KG(황),4405.0000000000,KG,2160.0000000000,0.0000000000,9072750.0000000000,907275.0000000000,9980025.0000000000,100롤, , 
20131212,(주)시몬사,PE,PE28mm 2kgPE28M／M(백)2KG,3786.0000000000,KG,2421.4285714286,0.0000000000,9382000.0000000000,938200.0000000000,10320200.0000000000,30박스, , 
20131213,(주)삼화인쇄,PP,PP15MPP15MM*10KG(황색),7672.5000000000,KG,2119.9555555556,0.0000000000,16706299.0000000000,1523687.0000000000,18229986.0000000000,50롤(제책4층), , 
20131214,(주)삼신,PE,PE28mm 2kgPE28M／M(백)2KG,351263.0000000000,KG,346.0724375000,1941630.0000000000,24955696.0000000000,520000.0000000000,25475696.0000000000,100박스(직접회수), , 
20131216,(주)지엔에스트레이딩,PP,PP18MMx 15kg 삼성1650M두께0.9mm단중8.56g,4618.0000000000,KG,2343.2666666667,0.0000000000,5894416.0000000000,385000.0000000000,6279416.0000000000,수출64(슬로바키아), , 
20131217,(주)지엔에스트레이딩,PP,PP18MMx 21kg 삼성2300M두께0.9mm단중8.8g,4021.0000000000,KG,2387.0384615385,0.0000000000,9091324.0000000000,483406.0000000000,9574730.0000000000,수출58(브라질), , 
20131218,PUNCHBOWL,PP,PP19M Premium BlackPP19M／M*1000M 0.8T Black,12136.0000000000,KG,1622.4816666667,19316.9200000000,28008861.0000000000,35000.0000000000,28043861.0000000000,413201, ,300322
20131219,(주)지엔에스트레이딩,PP,PP18MMx 21kg 삼성2300M두께0.9mm단중8.8g,3881.0000000000,KG,2207.6425000000,0.0000000000,8597278.0000000000,298675.0000000000,8895953.0000000000,수출97(멕시코), , 
20131220,(주)삼화인쇄,PP,PP15MPP15MM*10KG(황색),6660.0000000000,KG,2081.2500000000,0.0000000000,13450000.0000000000,1345000.0000000000,14795000.0000000000,100롤(제책4층), , 
20131223,(주)범영인터팩,PE,PE28mm 2kgPE28M／M(백)2KG,6661.0000000000,KG,2263.1014285714,0.0000000000,15538448.0000000000,1037319.0000000000,16575767.0000000000,20박스, , 
20131224,삼원산업,PP,PP12MPP12M／M12KG(황),2720.0000000000,KG,2740.0000000000,0.0000000000,6798000.0000000000,679800.0000000000,7477800.0000000000,100롤, , 
20131225,RLBUTTON,PP,"12 x 3,000M 0.63T12x3,000M0.63TCLEAR",8262.0000000000,KG,3.8303571429,16340.7600000000,17337546.0000000000,0.0000000000,17337546.0000000000,B100350, ,434276
20131226,(주)지엔에스트레이딩,PP,PP18MMx 21kg 삼성2300M두께0.9mm단중8.8g,3339.0000000000,KG,2120.3800000000,0.0000000000,7079952.0000000000,0.0000000000,7079952.0000000000,수출71(멕시코), , 
20131227,(주)지엔에스트레이딩,PP,PP18MMx 21kg 삼성2300M두께0.9mm단중8.8g,5327.0000000000,KG,2517.5950000000,0.0000000000,12412352.0000000000,533240.0000000000,12945592.0000000000,수출112롤(멕시코), , 
20131230,경인팩,PE,PE28mm 2kgPE28M／M(백)2KG,344.0000000000,KG,2737.5000000000,0.0000000000,898000.0000000000,89800.0000000000,987800.0000000000,12박스, , 
20131231,(주)지엔에스트레이딩,PP,PP18MMx 15kg 삼성1650M두께0.9mm단중8.56g,5616.0000000000,KG,2174.4742857143,0.0000000000,5842104.0000000000,238826.0000000000,6080930.0000000000,수출44(슬로바키아), , 
2013/12  계,,,,509392.1,,44981.682719294,3611007.68,311477649,14782276,326259925,,,
20140102,광림파워팩,PP,PP9MMPP9M／M10KG(황),3014.0000000000,KG,2362.5000000000,0.0000000000,6088500.0000000000,608850.0000000000,6697350.0000000000,150롤, , 
20140103,합동포장기계,PP,PP12MPP12M／M12.5(황),4270.0000000000,KG,2442.8571428571,0.0000000000,9846000.0000000000,984600.0000000000,10830600.0000000000,120롤, , 
20140105,KOMERI,PP,15 x 100M 0.55T15x100M0.55T녹색,6286.0000000000,KG,322.1736500000,1641508.0000000000,16454968.0000000000,0.0000000000,16454968.0000000000, , ,PUS131015913
20140106,제일산업(주)(화성),PP,PP6MMPP6M／M10KG(백),3200.0000000000,KG,2175.0000000000,0.0000000000,6800000.0000000000,680000.0000000000,7480000.0000000000,100롤, , 
20140107,(주)지엔에스트레이딩,PP,PP18MMx 21kg 삼성2300M두께0.9mm단중8.8g,35655.0000000000,KG,1338.5944000000,1696300.0000000000,27223271.0000000000,370421.0000000000,27593692.0000000000,수출46(인도), , 
20140108,(주)한국유니콤,PE,PE28mm 2kgPE28M／M(백)2KG,3224.0000000000,KG,2608.3333300000,0.0000000000,8397800.0000000000,715340.0000000000,9113140.0000000000,25박스, , 
20140109,광림파워팩,PP,PP12MPP12M／M10KG(황),4817.0000000000,KG,2375.0000000000,0.0000000000,10917550.0000000000,1091755.0000000000,12009305.0000000000,100롤, , 
20140110,조은상사,PE,"PE28mm, 6KGPE28M／M(백)6KG",4939.0000000000,KG,2275.0000000000,0.0000000000,10608050.0000000000,1060805.0000000000,11668855.0000000000,21박스, , 
20140111,파워엠팩,PP,PP6MMPP6M／M10KG(백),3500.0000000000,KG,2016.6666666667,0.0000000000,6748000.0000000000,674800.0000000000,7422800.0000000000,26롤, , 
20140113,(주)지엔에스트레이딩,PP,PP18MMx 21kg 삼성2300M두께0.9mm단중8.8g,3564.0000000000,KG,2222.2280000000,0.0000000000,7568812.0000000000,71150.0000000000,7639962.0000000000,수출86(인도), , 
20140114,(주)지엔에스트레이딩,PP,PP18MMx 15kg 삼성1650M두께0.9mm단중8.56g,6193.0000000000,KG,2252.0973333333,0.0000000000,14410992.0000000000,947999.0000000000,15358991.0000000000,수출50(슬로바키아), , 
20140115,(주)삼화인쇄,PP,PP12MPP12M／M10KG(황),2084.0000000000,KG,2220.0000000000,0.0000000000,4312000.0000000000,431200.0000000000,4743200.0000000000,100롤(쇼핑백1층), , 
20140116,(주)지엔에스트레이딩,PP,PP18MMx 15kg 삼성1650M두께0.9mm단중8.56g,2270.0000000000,KG,2544.9000000000,0.0000000000,5162168.0000000000,126500.0000000000,5288668.0000000000,수출122(슬로바키아), , 
20140117,DAINDO OFFSET,PE,PE28mm 2kgPE28M／M(백)2KG,16698.0000000000,KG,2276.3140000000,22560.0000000000,37229216.0000000000,752127.0000000000,37981343.0000000000, , ,131220
20140119,"SANYU CO.,LTD",PP,15 x 100M 0.55T15x100M0.55T황색,344216.0000000000,KG,202.7070500000,2025860.0000000000,20666405.0000000000,0.0000000000,20666405.0000000000,901, ,43 KIC
20140120,위니아만도(주),PP,스트레치필름0.025T*600W*1440M(위니아),7757.0000000000,롤,9988.5866666667,0.0000000000,23931672.0000000000,1729700.0000000000,25661372.0000000000,128롤, ,엠에이티납품
20140121,PRO-PAC PACKAGING,PP,PP 12MM12MMx1000Mx0.50MM Blue,23012.0000000000,KG,1338.1839933333,36365.0000000000,48190713.0000000000,392631.0000000000,48583344.0000000000,4500, ,VIC 114440
20140122,RLBUTTON,PP,"12 x 3,000M 0.63T12x3,000M0.63TCLEAR",28411.0000000000,KG,775.7738250000,53680.2000000000,61929968.0000000000,480350.0000000000,62410318.0000000000, , ,432359-C
20140123,(주)삼화인쇄,PP,PP 11MM11MM-10KG(백),23440.0000000000,KG,1870.4260000000,40046.4000000000,52704573.0000000000,991900.0000000000,53696473.0000000000,100롤(제책3층), , 
20140124,광림파워팩,PP,PP15MPP15M／M13KG(황),6821.0000000000,KG,2132.5454545455,0.0000000000,9962000.0000000000,996200.0000000000,10958200.0000000000,50롤, , 
20140127,(주)지엔에스트레이딩,PP,PP18MMx 21kg 삼성2300M두께0.9mm단중8.8g,3027.0000000000,KG,2198.1480000000,0.0000000000,6456496.0000000000,24000.0000000000,6480496.0000000000,수출105(멕시코), , 
20140128,(주)지엔에스트레이딩,PP,PP18MMx 21kg 삼성2300M두께0.9mm단중8.8g,3497.0000000000,KG,2162.5600000000,0.0000000000,7490896.0000000000,103433.0000000000,7594329.0000000000,수출66(인도), , 
20140129,PACKAGING HOUSE,PP,PP 12MM12MMx1000Mx0.55MM Blue,23289.0000000000,KG,1341.1954736842,32175.3600000000,49500316.0000000000,894350.0000000000,50394666.0000000000,1379117, ,H396790
2014/01  계,,,,563184,,51441.7909860868,5548494.96,452600366,14128111,466728477,,,
20140204,제일산업(주)(화성),PP,PP6MMPP6M／M10KG(백),5711.0000000000,KG,2398.6785714286,0.0000000000,13492544.0000000000,1006388.0000000000,14498932.0000000000,100롤, , 
20140205,(주)지엔에스트레이딩,PP,PP18MMx 21kg 삼성2300M두께0.9mm단중8.8g,4299.0000000000,KG,2208.2175000000,0.0000000000,9345174.0000000000,279954.0000000000,9625128.0000000000,수출10(중국), , 
20140206,해성수출포장,PE,PE28mm 2kgPE28M／M(백)2KG,900.0000000000,KG,2750.0000000000,0.0000000000,2490000.0000000000,249000.0000000000,2739000.0000000000,20박스, , 
20140207,합동포장기계,PE,PE28mm 2kgPE28M／M(백)2KG,13439.5000000000,KG,1605.1581818182,20400.0400000000,31042478.0000000000,908387.0000000000,31950865.0000000000,40박스, , 
20140208,대경(박타원),PE,"PE28mm, 6KGPE28M／M(백)6KG",880.0000000000,KG,2700.0000000000,0.0000000000,2376000.0000000000,237600.0000000000,2613600.0000000000,20박스(김주거래처), , 
20140210,(주)지엔에스트레이딩,PP,PP18MMx 21kg 삼성2300M두께0.9mm단중8.8g,3570.5000000000,KG,2225.6542857143,0.0000000000,7728854.0000000000,261975.0000000000,7990829.0000000000,수출43(멕시코), , 
20140211,(주)지엔에스트레이딩,PP,PP18MMx 15kg 삼성1650M두께0.9mm단중8.56g,12126.0000000000,KG,2149.3506666667,0.0000000000,16943744.0000000000,1129255.0000000000,18072999.0000000000,수출18(슬로바키아), , 
20140212,(주)지엔에스트레이딩,PP,PP18MMx 21kg 삼성2300M두께0.9mm단중8.8g,13961.0000000000,KG,1219.5176588235,1541684.0000000000,31160115.0000000000,841500.0000000000,32001615.0000000000,수출80(멕시코), , 
20140213,위니아만도(주),PP,PP18MMx 15kg 위니아18MMx 15kg,9810.0000000000,KG,2275.4941176471,0.0000000000,23313192.0000000000,1726900.0000000000,25040092.0000000000,300롤, , 
20140214,금산포장,PP,PP12MPP12M／M12.5KG(아.그린),1850.0000000000,KG,2500.0000000000,0.0000000000,4237500.0000000000,423750.0000000000,4661250.0000000000,60롤, , 
20140216,NORTH SHORE,PP,PP 11.5MM11.5MM 2713M 0.56MM White (8x8),14540.0000000000,KG,1.9960800000,28661.3400000000,30492799.0000000000,0.0000000000,30492799.0000000000, , ,011614
20140217,제이케이머티리얼즈(주),PP,PP18MPP18M／M10KG(황),5302.0000000000,KG,2280.0000000000,0.0000000000,13214400.0000000000,1321440.0000000000,14535840.0000000000,100롤, , 
20140218,(주)지엔에스트레이딩,PP,PP18MMx 21kg 삼성2300M두께0.9mm단중8.8g,3657.0000000000,KG,2266.4375000000,0.0000000000,8169760.0000000000,181000.0000000000,8350760.0000000000,수출84(인도), , 
20140219,KONZ TRADING LTD.,PP,"15 x 2,500M 0.64T15 x 2,500M 0.64T 청색",11834.5000000000,KG,2043.9232823529,13776.0000000000,27231486.0000000000,722905.0000000000,27954391.0000000000, , ,KONZDAN1011
20140220,(주)지엔에스트레이딩,PP,PP18MMx 21kg 삼성2300M두께0.9mm단중8.8g,3432.5000000000,KG,2285.7085714286,0.0000000000,7624807.0000000000,189037.0000000000,7813844.0000000000,수출10(이집트), , 
20140221,광림파워팩,PE,PE28mm 2kgPE28M／M(백)2KG,3710.0000000000,KG,2258.3333333333,0.0000000000,7968500.0000000000,796850.0000000000,8765350.0000000000,20박스, , 
20140224,(주)지엔에스트레이딩,PP,PP18MMx 21kg 삼성2300M두께0.9mm단중8.8g,4898.0000000000,KG,2182.7200000000,0.0000000000,10469472.0000000000,366055.0000000000,10835527.0000000000,수출24(브라질), , 
20140225,파워엠팩,PP,PP9MMPP9M／M13KG(투명),3878.5000000000,KG,2125.0000000000,0.0000000000,8013725.0000000000,801372.0000000000,8815097.0000000000,107롤(오뚜기), , 
20140226,(주)지엔에스트레이딩,PP,PP18MMx 21kg 삼성2300M두께0.9mm단중8.8g,84943.0000000000,KG,970.6188173913,1803250.0000000000,25697319.0000000000,0.0000000000,25697319.0000000000,수출90(멕시코), , 
20140227,(주)지엔에스트레이딩,PP,PP18MMx 21kg 삼성2300M두께0.9mm단중8.8g,6059.0000000000,KG,2299.5900000000,0.0000000000,14247088.0000000000,792408.0000000000,15039496.0000000000,수출114(멕시코), , 
20140228,삼원산업,PP,PP12MPP12M／M12KG(투명),1520.0000000000,KG,2387.5000000000,0.0000000000,3505000.0000000000,350500.0000000000,3855500.0000000000,50롤, , 
2014/02  계,,,,210321.5,,43133.8985666045,3407771.38,298763957,12586276,311350233,,,
20140303,(주)지엔에스트레이딩,PP,PP18MMx 21kg 삼성2300M두께0.9mm단중8.8g,3480.0000000000,KG,2232.3044444444,0.0000000000,7551824.0000000000,192000.0000000000,7743824.0000000000,수출60(말레이시아), , 
20140304,(주)지엔에스트레이딩,PP,PP18MMx 21kg 삼성2300M두께0.9mm단중8.8g,4790.0000000000,KG,2159.0555555556,0.0000000000,10202664.0000000000,597249.0000000000,10799913.0000000000,수출80(이집트), , 
20140305,RLBUTTON,PP,"12 x 3,000M 0.63T12x3,000M0.63TBLUE",16386.5000000000,KG,1540.6688285714,15831.9400000000,33148074.0000000000,923567.0000000000,34071641.0000000000, , ,435347
20140306,(주)범영인터팩,PE,PE28mm 2kgPE28M／M(백)2KG,6199.0000000000,KG,2335.0283333333,0.0000000000,14764582.0000000000,1019175.0000000000,15783757.0000000000,20박스, , 
20140307,광림파워팩,PP,PP15MPP15M／M13KG(황),4886.5000000000,KG,2235.0000000000,0.0000000000,10214475.0000000000,1021447.0000000000,11235922.0000000000,100롤, , 
20140309,PUNCHBOWL,PP,PP19M Premium BlackPP19M／M*1000M 0.8T Black,11380.0000000000,KG,2.1200000000,24125.6000000000,25751665.0000000000,0.0000000000,25751665.0000000000,413201, ,300322-3
20140310,합동포장기계,PE,PE28mm 2kgPE28M／M(백)2KG,3385.0000000000,KG,2253.7000000000,0.0000000000,7870138.0000000000,787012.0000000000,8657150.0000000000,40박스, , 
20140311,(주)지엔에스트레이딩,PP,PP18MMx 21kg 삼성2300M두께0.9mm단중8.8g,6745.0000000000,KG,2313.3733333333,0.0000000000,15117248.0000000000,846127.0000000000,15963375.0000000000,수출105(멕시코), , 
20140312,(주)지엔에스트레이딩,PP,PP18MMx 21kg 삼성2300M두께0.9mm단중8.8g,6184.0000000000,KG,2178.7042857143,0.0000000000,13461736.0000000000,844555.0000000000,14306291.0000000000,수출30(헝가리), , 
20140313,한서포장,PE,PE28mm 2kgPE28M／M(백)2KG,7663.0000000000,KG,26170.1694900000,0.0000000000,16563000.0000000000,348600.0000000000,16911600.0000000000,25박스, , 
20140314,삼성종합포장,PE,PE28mm 2kgPE28M／M(백)2KG,6640.0000000000,KG,2500.0000000000,0.0000000000,16313200.0000000000,1631320.0000000000,17944520.0000000000,30박스, , 
20140315,RLBUTTON,PP,"12 x 3,000M 0.63T12x3,000M0.63TBLUE",8550.0000000000,KG,3.4164888889,16790.6100000000,17922297.0000000000,0.0000000000,17922297.0000000000, , ,435346
20140317,제이케이머티리얼즈(주),PP,PP18MPP18M／M10KG(황),5190.0000000000,KG,2235.9250000000,0.0000000000,10941037.0000000000,392399.0000000000,11333436.0000000000,100롤, , 
20140318,PACKAGING HOUSE,PP,PP19M BUILDERSPP19M／M*300M 0.60T Blue,19240.0000000000,KG,1595.7665833333,32302.4400000000,43338018.0000000000,189902.0000000000,43527920.0000000000, , ,H398402
20140319,금산포장,PE,PE28mm 2kgPE28M／M(백)2KG,6125.0000000000,KG,2350.0000000000,0.0000000000,13725000.0000000000,1372500.0000000000,15097500.0000000000,30박스, , 
20140320,위니아만도(주),PP,PP18MMx 15kg 위니아18MMx 15kg,4700.0000000000,KG,2675.0000000000,0.0000000000,11605000.0000000000,1160500.0000000000,12765500.0000000000,300롤, , 
20140321,광림파워팩,PP,PP15MPP15M／M13KG(황),3856.0000000000,KG,2192.8571428571,0.0000000000,7661000.0000000000,766100.0000000000,8427100.0000000000,50롤, , 
20140324,(주)지엔에스트레이딩,PP,PP18MMx 21kg 삼성2300M두께0.9mm단중8.8g,4229.0000000000,KG,2108.3420000000,0.0000000000,8834672.0000000000,220000.0000000000,9054672.0000000000,수출49(브라질), , 
20140325,(주)지엔에스트레이딩,PP,PP18MMx 21kg 삼성2300M두께0.9mm단중8.8g,6343.0000000000,KG,2101.8505882353,0.0000000000,10429758.0000000000,592757.0000000000,11022515.0000000000,수출1(멕시코), , 
20140326,KOMERI,PP,15 x 100M 0.55T15x100M0.55T녹색,13963.0000000000,KG,912.1415400000,3126258.0000000000,35639160.0000000000,268651.0000000000,35907811.0000000000,4920501073166, ,PUS131225904
20140327,삼원산업,PP,PP15MPP15M／M10KG(적),2300.0000000000,KG,2087.5000000000,0.0000000000,4540000.0000000000,454000.0000000000,4994000.0000000000,50롤, , 
20140328,(주)지엔에스트레이딩,PP,PP18MMx 15kg 삼성1650M두께0.9mm단중8.56g,16936.0000000000,KG,2240.4323687500,0.0000000000,35717446.0000000000,1115859.0000000000,36833305.0000000000,수출62(슬로바키아), , 
20140329,SEDL,PP,PP 12MM12MMx1000Mx0.55MM Blue,31243.0000000000,KG,2.1343714286,51480.2300000000,55227989.0000000000,0.0000000000,55227989.0000000000, , ,PA0602
2014/03  계,,,,200414,,66425.4903544455,3266788.82,426539983,14743720,441283703,,,
20140401,P.P.U OPTIMA,PE,"PE28mm, 6KGPE28M／M(백)6KG",4919.0000000000,KG,2018.4566666667,2050.5600000000,10991270.0000000000,363991.0000000000,11355261.0000000000,32 C/T, ,140317 (LCL CARGO)
20140402,(주)지엔에스트레이딩,PP,PP18MMx 15kg 삼성1650M두께0.9mm단중8.56g,5735.0000000000,KG,2238.7653333333,0.0000000000,12441152.0000000000,584520.0000000000,13025672.0000000000,수출26(슬로바키아), , 
20140403,합동포장기계,PE,PE28mm 2kgPE28M／M(백)2KG,5745.0000000000,KG,2364.2857142857,0.0000000000,13500000.0000000000,1350000.0000000000,14850000.0000000000,40박스, , 
20140404,해성수출포장,PE,PE28mm 2kgPE28M／M(백)2KG,2400.0000000000,KG,2675.0000000000,0.0000000000,6140000.0000000000,614000.0000000000,6754000.0000000000,20박스, , 
20140407,대상산업,PE,PE28mm 2kgPE28M／M(백)2KG,1002.0000000000,KG,2416.6666666667,0.0000000000,2663750.0000000000,266375.0000000000,2930125.0000000000,25박스, , 
20140408,(주)지엔에스트레이딩,PP,PP18MMx 21kg 삼성2300M두께0.9mm단중8.8g,28624.0000000000,KG,1840.4782608696,40485.6000000000,62226215.0000000000,962803.0000000000,63189018.0000000000,수출2(인도), , 
20140409,제이케이머티리얼즈(주),PP,PP18MPP18M／M10KG(황),1640.5000000000,KG,2572.5000000000,0.0000000000,3659975.0000000000,365997.0000000000,4025972.0000000000,100롤, , 
20140410,(주)지엔에스트레이딩,PP,PP18MMx 21kg 삼성2300M두께0.9mm단중8.8g,19556.0000000000,KG,1555.2057210526,23999.4200000000,55770534.0000000000,1604010.0000000000,57374544.0000000000,수출234(멕시코), , 
20140411,PACKAGING HOUSE,PP,PP 12MM12MMx1000Mx0.55MM Blue,13971.0000000000,KG,358.9682857143,28989.7200000000,30983349.0000000000,95000.0000000000,31078349.0000000000,1379117, ,H401681
20140414,(주)범영인터팩,PE,PE28mm 2kgPE28M／M(백)2KG,400.0000000000,KG,2900.0000000000,0.0000000000,1160000.0000000000,116000.0000000000,1276000.0000000000,20박스, , 
20140415,(주)지엔에스트레이딩,PP,PP18MMx 21kg 삼성2300M두께0.9mm단중8.8g,3200.0000000000,KG,2152.7833333333,0.0000000000,6816280.0000000000,125027.0000000000,6941307.0000000000,수출41(이집트), , 
20140416,(주)지엔에스트레이딩,PP,PP18MMx 15kg 삼성1650M두께0.9mm단중8.56g,11956.0000000000,KG,1568.7985111111,14559.0000000000,26135230.0000000000,463600.0000000000,26598830.0000000000,수출80(슬로바키아), , 
20140417,HIGHGATE DISTRIBUTION,PP,PP 12MM12MMx1000Mx0.55MM Blue,10429.0000000000,KG,1386.7195818182,14822.0000000000,23111332.0000000000,130000.0000000000,23241332.0000000000,B10-50005, ,64694
20140418,신한화학포장기계(주),PE,PE28mm 2kgPE28M／M(백)2KG,2700.0000000000,KG,2500.0000000000,0.0000000000,7046000.0000000000,481400.0000000000,7527400.0000000000,50박스, , 
20140421,광림파워팩,PP,PP12MPP12M／M10KG(황),4977.0000000000,KG,29827.7777777778,0.0000000000,10537500.0000000000,1053750.0000000000,11591250.0000000000,100롤, , 
20140422,(주)지엔에스트레이딩,PP,PP18MMx 21kg 삼성2300M두께0.9mm단중8.8g,3665.5000000000,KG,2153.2800000000,0.0000000000,7871073.0000000000,257222.0000000000,8128295.0000000000,수출8(멕시코), , 
20140423,"SANYU CO.,LTD",PP,15 x 170M 0.55T15x170M0.55T백색,37485.0000000000,KG,1387.9418117647,1549760.0000000000,63981055.0000000000,4153100.0000000000,68134155.0000000000,801, ,45 KIC
20140424,광림파워팩,PP,PP15MPP15M／M13KG(황),9712.0000000000,KG,2011.1111111111,0.0000000000,15005400.0000000000,1500540.0000000000,16505940.0000000000,150롤, , 
20140425,삼원산업,PP,PP12MPP12M／M12KG(황),16148.0000000000,KG,1845.6266666667,2524013.0000000000,35376303.0000000000,975000.0000000000,36351303.0000000000,200롤, , 
20140428,(주)지엔에스트레이딩,PP,PP18MMx 15kg 삼성1650M두께0.9mm단중8.56g,2275.0000000000,KG,2230.1600000000,0.0000000000,4884744.0000000000,488471.0000000000,5373215.0000000000,내수1, , 
20140429,(주)지엔에스트레이딩,PP,PP18MMx 21kg 삼성2300M두께0.9mm단중8.8g,5121.0000000000,KG,2199.2263157895,0.0000000000,11893592.0000000000,494720.0000000000,12388312.0000000000,수출20(중국), , 
20140430,PACKAGING HOUSE,PP,PP19M BUILDERSPP19M／M*300M 0.60T Blue,17423.0000000000,KG,1404.8300769231,33235.7600000000,38566683.0000000000,427735.0000000000,38994418.0000000000,1888903, ,H405005
2014/04  계,,,,209084,,71608.5818348844,4231915.06,450761437,16873261,467634698,,,
20140501,대경(박타원),PE,PE28mm 2kgPE28M／M(백)2KG,1600.0000000000,KG,2700.0000000000,0.0000000000,4320000.0000000000,432000.0000000000,4752000.0000000000,50박스(김주), , 
20140502,(주)삼화인쇄,PP,PP 11MM11MM-10KG(백),5966.0000000000,KG,2248.8425000000,0.0000000000,13634806.0000000000,890902.0000000000,14525708.0000000000,100롤(제책3층)4/30출고, , 
20140503,STAPLES AUSTRALIA PTY LTD.,PP,STEEL 16.0MM*0.50MM*13KG BLACK MINI RIBBON16.0MM*0.50MM*13KG BLACK MINI RIBBON,5503.0000000000,KG,2.0648250000,11532.2200000000,11903556.0000000000,0.0000000000,11903556.0000000000,87015567, ,4700 002169
20140507,해성수출포장,PE,PE28mm 2kgPE28M／M(백)2KG,21400.0000000000,KG,4204.4816636364,34271.0000000000,44334559.0000000000,424915.0000000000,44759474.0000000000,20박스, , 
20140508,금산포장,PP,PP12MPP12M／M12.5KG(아.그린),3715.0000000000,KG,2180.0000000000,0.0000000000,4253750.0000000000,425375.0000000000,4679125.0000000000,50롤, , 
20140509,합동포장기계,PE,PE28mm 2kgPE28M／M(백)2KG,20525.0000000000,KG,2263.2563428571,0.0000000000,43460000.0000000000,1516000.0000000000,44976000.0000000000,40박스, , 
20140510,경인팩,PE,PE28mm 2kgPE28M／M(백)2KG,272.0000000000,KG,2500.0000000000,0.0000000000,680000.0000000000,68000.0000000000,748000.0000000000,10박스, , 
20140511,MARKCOLIN,PP,PP 12MM12MMx1000Mx0.55MM Blue,7879.0000000000,KG,2.3661400000,18344.8000000000,18775902.0000000000,0.0000000000,18775902.0000000000,MA05-0007, ,78065
20140512,(주)지엔에스트레이딩,PP,PP18MMx 21kg 삼성(내수)2300M두께0.9mm단중8.8g,7817.0000000000,KG,2139.2647619048,0.0000000000,14020306.0000000000,814260.0000000000,14834566.0000000000,내수20, , 
20140513,위니아만도(주),PP,PP18MMx 15kg 위니아(0.95T)18MMx 15kg,8820.0000000000,KG,2390.0000000000,0.0000000000,20494000.0000000000,2049400.0000000000,22543400.0000000000,300롤, , 
20140514,제이케이머티리얼즈(주),PP,PP18MPP18M／M10KG(황),3225.0000000000,KG,2161.8866666667,0.0000000000,6645024.0000000000,321053.0000000000,6966077.0000000000,100롤(원료4포회수요망), , 
20140515,광림파워팩,PP,PP12MPP12M／M12.5(황),3735.0000000000,KG,2250.0000000000,0.0000000000,7628250.0000000000,762825.0000000000,8391075.0000000000,150롤, , 
20140516,광림파워팩,PP,PP15MPP15MM*10KG(황색),2465.0000000000,KG,2137.5000000000,0.0000000000,4958750.0000000000,495875.0000000000,5454625.0000000000,100롤, , 
20140518,POWERPAK,PP,PP 12MM12MMx1000Mx0.50MM Blue,8796.0000000000,KG,2.0086250000,18159.3000000000,18640521.0000000000,0.0000000000,18640521.0000000000,4500, ,25358
20140519,삼원산업,PP,PP15M15M／M10KG(황색),3754.0000000000,KG,2358.3333333333,0.0000000000,7715000.0000000000,771500.0000000000,8486500.0000000000,200롤, , 
20140520,(주)지엔에스트레이딩,PP,PP18MMx 21kg 삼성2300M두께0.9mm단중8.8g,4050.0000000000,KG,2186.8311111111,0.0000000000,9076912.0000000000,315855.0000000000,9392767.0000000000,수출10(중국), , 
20140521,(주)지엔에스트레이딩,PP,PP18MMx 21kg 삼성2300M두께0.9mm단중8.8g,2802.0000000000,KG,2265.8511111111,0.0000000000,6054416.0000000000,195782.0000000000,6250198.0000000000,수출77(멕시코), , 
20140522,삼원산업,PP,PP12MPP12M／M12KG(투명),5838.0000000000,KG,2031.9949636364,1137.6000000000,12475723.0000000000,1130775.0000000000,13606498.0000000000,50롤, , 
20140523,경인팩,PE,PE28mm 2kgPE28M／M(백)2KG,1558.0000000000,KG,2277.7777777778,0.0000000000,3732500.0000000000,373250.0000000000,4105750.0000000000,8박스, , 
20140524,SMART SHIELD PACKAGING,PP,"9 x 4,023M 0.56T White (8x8)9 x 4,023M 0.56T 백색",14100.0000000000,KG,2.4081500000,34035.6000000000,34893297.0000000000,0.0000000000,34893297.0000000000,SD42202, ,12892
20140526,주식회사 에이씨티,PP,PP18MMx 21kg 삼성.12300M두께0.9mm단중8.8g,4503.0000000000,KG,2277.2280000000,0.0000000000,10108064.0000000000,418582.0000000000,10526646.0000000000,수출37(인도), , 
20140527,KOMERI,PP,15 x 100M 0.55T15x100M0.55T녹색,13016.0000000000,KG,1525.1442428571,1649752.0000000000,31697693.0000000000,953830.0000000000,32651523.0000000000, , ,PUS140211902
20140528,주식회사 에이씨티,PP,PP18MMx 21kg 삼성2300M두께0.9mm단중8.8g,7152.0000000000,KG,2352.6162500000,0.0000000000,17890854.0000000000,1311667.0000000000,19202521.0000000000,수출2(말레이시아), , 
20140529,J. BLACKWOOD ＆ SON PTY LTD.,PP,PP 12MM12MMx1000Mx0.55MM Blue,6103.0000000000,KG,1071.2447200000,10343.8500000000,13677621.0000000000,310000.0000000000,13987621.0000000000,01020452, ,HW041829ID
20140530,광림파워팩,PP,PP9MMPP9M／M10KG(황),10074.0000000000,KG,2264.2857142857,0.0000000000,22254700.0000000000,931870.0000000000,23186570.0000000000,100롤, , 
2014/05  계,,,,174668,,47795.3868991775,1777576.37,383326204,14913716,398239920,,,
20140602,PRO-PAC PACKAGING,PP,PP 12MM12MMx1000Mx0.50MM Blue,26926.0000000000,KG,1072.4172000000,41544.5000000000,55525207.0000000000,645400.0000000000,56170607.0000000000,4500, ,VIC 116049
20140603,주식회사 에이씨티,PP,PP18MMx 21kg 삼성(내수)2300M두께0.9mm단중8.8g,3988.5000000000,KG,2205.5623529412,0.0000000000,8760629.0000000000,306103.0000000000,9066732.0000000000,내수8, , 
20140604,합동포장기계,PP,PP12MPP12M／M12.5(황),3645.0000000000,KG,2541.6666666667,0.0000000000,8536000.0000000000,853600.0000000000,9389600.0000000000,150롤, , 
20140605,주식회사 에이씨티,PP,PP18MMx 21kg 삼성2300M두께0.9mm단중8.8g,7814.0000000000,KG,2224.2952941176,0.0000000000,17062370.0000000000,998240.0000000000,18060610.0000000000,수출10(중국), , 
20140607,PACKAGING HOUSE,PP,PP19M BUILDERSPP19M／M*300M 0.60T Blue,17464.0000000000,KG,2.1706500000,37382.5200000000,38290914.0000000000,0.0000000000,38290914.0000000000,1888903, ,H407104
20140609,조은상사,PE,"PE28mm, 6KGPE28M／M(백)6KG",6764.0000000000,KG,2090.0000000000,0.0000000000,8168300.0000000000,816830.0000000000,8985130.0000000000,21박스, , 
20140610,주식회사 에이씨티,PP,PP18MMx 21kg 삼성2300M두께0.9mm단중8.8g,5959.0000000000,KG,2162.9614285714,0.0000000000,13007808.0000000000,792579.0000000000,13800387.0000000000,수출1(브라질), , 
20140611,(주)한국유니콤,PE,PE28mm 2kgPE28M／M(백)2KG,1944.0000000000,KG,2583.3333333333,0.0000000000,4544000.0000000000,454400.0000000000,4998400.0000000000,25박스, , 
20140612,주식회사 에이씨티,PP,PP18MMx 21kg 삼성2300M두께0.9mm단중8.8g,9825.0000000000,KG,1492.8781800000,10632.4300000000,21571065.0000000000,296800.0000000000,21867865.0000000000,수출150(브라질), , 
20140613,주식회사 에이씨티,PP,PP18MMx 21kg 삼성2300M두께0.9mm단중8.8g,3753.0000000000,KG,2253.5000000000,0.0000000000,8384704.0000000000,350791.0000000000,8735495.0000000000,수출41(브라질), , 
20140614,RLBUTTON,PP,"12 x 3,000M 0.63T12x3,000M0.63TBLUE",8473.0000000000,KG,306.5538000000,17353.1400000000,18057571.0000000000,0.0000000000,18057571.0000000000, , ,437231 (CH)
20140616,위니아만도(주),PP,PP18MMx 15kg 위니아(0.95T)18MMx 15kg,5397.0000000000,KG,9621.4285714286,0.0000000000,13485000.0000000000,1348500.0000000000,14833500.0000000000,300롤, , 
20140617,주식회사 에이씨티,PP,PP18MMx 15kg 삼성1650M두께0.9mm단중8.56g,4063.0000000000,KG,2106.1120000000,0.0000000000,8428916.0000000000,368377.0000000000,8797293.0000000000,수출44(슬로바키아), , 
20140618,주식회사 에이씨티,PP,PP18MMx 15kg 삼성1650M두께0.9mm단중8.56g,4500.0000000000,KG,2211.2363636364,0.0000000000,10021540.0000000000,515250.0000000000,10536790.0000000000,수출36(슬로바키아), , 
20140619,(주)태진케미칼,PP,PP파샤 (스크랩),1280.0000000000,kg,1733.3333333333,0.0000000000,1060000.0000000000,106000.0000000000,1166000.0000000000, , , 
20140620,(주)동원화학,PP,우편물 자동파속끈 1호35m/m x 2kg (PE)백색,5318.0000000000,KG,2288.6257142857,0.0000000000,12330040.0000000000,1233004.0000000000,13563044.0000000000,176박스+2롤(서울우정청), ,납품 6/16~6/26
20140621,RLBUTTON,PP,"12 x 3,000M 0.63T12x3,000M0.63TCLEAR",8313.0000000000,KG,4.6096400000,17309.0400000000,17625795.0000000000,0.0000000000,17625795.0000000000, , ,437229
20140623,주식회사 에이씨티,PP,PP18MMx 21kg 삼성.12300M두께0.9mm단중8.8g,2570.0000000000,KG,2288.6046153846,0.0000000000,5673240.0000000000,122043.0000000000,5795283.0000000000,수출40(중국), , 
20140624,주식회사 에이씨티,PP,PP18MMx 21kg 삼성2300M두께0.9mm단중8.8g,17600.0000000000,KG,2101.9340000000,2524013.0000000000,38973424.0000000000,389722.0000000000,39363146.0000000000,수출10(중국), , 
20140625,주식회사 에이씨티,PP,PP18MMx 21kg 삼성(내수)2300M두께0.9mm단중8.8g,14283.0000000000,KG,1112.1900142857,1607330.0000000000,33023189.0000000000,325809.0000000000,33348998.0000000000,내수30, , 
20140626,TAIPS,PP,PP 12MM12MMx1000Mx0.60MM Blue,15488.0000000000,KG,1494.6498437500,21904.2000000000,36676326.0000000000,1432090.0000000000,38108416.0000000000,자동용엠보, ,0514074
20140627,한서포장,PE,PE28mm 2kgPE28M／M(백)2KG,4333.0000000000,KG,5781.2500000000,0.0000000000,9123000.0000000000,912300.0000000000,10035300.0000000000,25박스, , 
20140628,"SANYU CO.,LTD",PP,15 x 100M 0.55T15x100M0.55T황색,7338.0000000000,KG,263.5486769231,1611530.0000000000,16120779.0000000000,0.0000000000,16120779.0000000000,HR-901, ,46 KIC
20140630,금산포장,PP,PP12MPP12M／M12.5(투명),790.0000000000,KG,2216.6666666667,0.0000000000,1773750.0000000000,177375.0000000000,1951125.0000000000,50롤, , 
2014/06  계,,,,187828.5,,52159.5283453243,5888998.83,406223567,12445213,418668780,,,
20140701,합동포장기계,PP,PP12MPP12M／M12.5(황),7816.0000000000,KG,2237.0360000000,0.0000000000,17043064.0000000000,1123700.0000000000,18166764.0000000000,150롤, , 
20140702,제이케이머티리얼즈(주),PP,PP18MPP18M／M10KG(황),4100.0000000000,KG,2283.3333333333,0.0000000000,9600000.0000000000,960000.0000000000,10560000.0000000000,100롤(원료3포회수요망), , 
20140703,ABL,PP,"12 x 3,000M 0.60T12x3,000M0.60TBLUE",13005.0000000000,KG,878.3385538462,24733.2700000000,31110840.0000000000,121000.0000000000,31231840.0000000000,1194, ,596526
20140704,위니아만도(주),PP,PP18MMx 15kg 위니아(0.95T)18MMx 15kg,6126.0000000000,KG,2503.3966666667,0.0000000000,14964840.0000000000,1496484.0000000000,16461324.0000000000,300롤, , 
20140705,대경(박타원),PE,PE28mm 2kgPE28M／M(백)2KG,808.0000000000,KG,2700.0000000000,0.0000000000,2181600.0000000000,218160.0000000000,2399760.0000000000,20박스, , 
20140707,삼성종합포장,PE,PE28mm 2kgPE28M／M(백)2KG,1725.0000000000,KG,2316.6666666667,0.0000000000,4023750.0000000000,402375.0000000000,4426125.0000000000,30박스, , 
20140708,주식회사 에이씨티,PP,PP18MMx 21kg 삼성2300M두께0.9mm단중8.8g,8878.0000000000,KG,2046.2650000000,0.0000000000,8385752.0000000000,250803.0000000000,8636555.0000000000,수출70(중국), , 
20140709,주식회사 에이씨티,PP,PP18MMx 21kg 삼성2300M두께0.9mm단중8.8g,3691.0000000000,KG,2035.1900000000,0.0000000000,7719838.0000000000,210930.0000000000,7930768.0000000000,수출126(멕시코), , 
20140710,광림파워팩,PP,PP9MMPP9M／M9.5KG(황색),5570.0000000000,KG,2912.5000000000,0.0000000000,11597500.0000000000,1159750.0000000000,12757250.0000000000,100롤, , 
20140711,광림파워팩,PP,PP15MPP15MM*10KG(황색),6248.0000000000,KG,2230.0000000000,0.0000000000,14004000.0000000000,1400400.0000000000,15404400.0000000000,50롤, , 
20140712,경인팩,PE,PE28mm 2kgPE28M／M(백)2KG,80.0000000000,KG,2500.0000000000,0.0000000000,200000.0000000000,20000.0000000000,220000.0000000000,4박스, , 
20140713,HIGHGATE DISTRIBUTION,PP,"12 x 3,000M 0.63T12x3,000M0.63TBLUE",19257.0000000000,KG,2.0133000000,38770.7600000000,39232131.0000000000,0.0000000000,39232131.0000000000,50065, ,65061
20140714,주식회사 에이씨티,PP,PP18MMx 15kg 삼성1650M두께0.9mm단중8.56g,2507.0000000000,KG,2520.1057142857,0.0000000000,5531636.0000000000,78650.0000000000,5610286.0000000000,수출90(슬로바키아), , 
20140715,주식회사 에이씨티,PP,PP18MMx 21kg 삼성2300M두께0.9mm단중8.8g,34812.0000000000,KG,1542.8318181818,2565648.8000000000,77835964.0000000000,446200.0000000000,78282164.0000000000,수출9(헝가리), , 
20140716,RLBUTTON,PP,"12 x 3,000M 0.63T12x3,000M0.63TBLUE",12581.0000000000,KG,1562.8545190476,16533.8400000000,27243472.0000000000,519705.0000000000,27763177.0000000000,B100300, ,438195 (CH)
20140717,광림파워팩,PP,PP12MPP12M／M12.5(황),6865.0000000000,KG,2795.4545454545,0.0000000000,15014750.0000000000,1501475.0000000000,16516225.0000000000,50롤, , 
20140718,주식회사 에이씨티,PP,PP18MMx 21kg 삼성2300M두께0.9mm단중8.8g,8931.0000000000,KG,2394.0760000000,0.0000000000,20700056.0000000000,1504500.0000000000,22204556.0000000000,수출127(멕시코), , 
20140719,PROPAK INDUSTRIES PTY LTD.,PP,"12 x 2,500M 0.65T12x2,500M0.65TWHITE",5773.0000000000,KG,1356.2263750000,14110.4000000000,16094067.0000000000,156600.0000000000,16250667.0000000000,4499, ,17123
20140721,주식회사 에이씨티,PP,PP18MMx 21kg 삼성2300M두께0.9mm단중8.8g,3995.0000000000,KG,2227.1125000000,0.0000000000,8382584.0000000000,290564.0000000000,8673148.0000000000,수출1(브라질), , 
20140722,주식회사 에이씨티,PP,PP18MMx 21kg 삼성2300M두께0.9mm단중8.8g,11038.0000000000,KG,1463.0257000000,1632710.0000000000,26355853.0000000000,304400.0000000000,26660253.0000000000,수출50(중국), , 
20140723,경인팩,PE,PE28mm 2kgPE28M／M(백)2KG,308.0000000000,KG,2500.0000000000,0.0000000000,770000.0000000000,77000.0000000000,847000.0000000000,13박스, , 
20140724,유정화학산업사,PE,PE28mm 2kgPE28M／M(백)2KG,220.0000000000,KG,2700.0000000000,0.0000000000,630000.0000000000,63000.0000000000,693000.0000000000,10 박스, , 
20140725,금산포장,PE,PE28mm 2kgPE28M／M(백)2KG,4459.0000000000,KG,6500.0000000000,0.0000000000,11660000.0000000000,1166000.0000000000,12826000.0000000000,30박스, , 
20140726,"JIAXING RYUCHEON CO., LTD.",PP,PP STRAP WINDER수동용,1.0000000000,ea,5000.0000000000,5000.0000000000,5140000.0000000000,0.0000000000,5140000.0000000000, , ,14-07-01
20140728,PACKAGING HOUSE,PP,PP 12MM12MMx1000Mx0.55MM Blue,12947.0000000000,KG,1482.7178312500,15505.2800000000,28419631.0000000000,648981.0000000000,29068612.0000000000,1379117, ,H410498
20140729,광림파워팩,PP,PP15MPP15M／M13KG(황),22521.0000000000,KG,1355.2836909091,35503.5000000000,46168588.0000000000,977040.0000000000,47145628.0000000000,50롤, , 
20140730,RLBUTTON,PP,PP 12MM12MMx1000Mx0.55MM Blue,15508.0000000000,KG,1480.8398666667,16781.0500000000,33788541.0000000000,1659300.0000000000,35447841.0000000000,B100250, ,438194 (AU)
2014/07  계,,,,219770,,61525.2680813083,4365296.9,483798457,16757017,500555474,,,
20140801,파워엠팩,PP,PP10.5MPP10.5M10KG투명,500.0000000000,KG,2100.0000000000,0.0000000000,1050000.0000000000,105000.0000000000,1155000.0000000000,50롤, , 
20140804,주식회사 에이씨티,PP,PP18MMx 21kg 삼성2300M두께0.9mm단중8.8g,3270.0000000000,KG,2340.2171428571,0.0000000000,7218640.0000000000,276582.0000000000,7495222.0000000000,수출100(멕시코), , 
20140805,주식회사 에이씨티,PP,PP18MMx 21kg 삼성2300M두께0.9mm단중8.8g,3706.0000000000,KG,2506.7933333333,0.0000000000,8500528.0000000000,289000.0000000000,8789528.0000000000,수출126(멕시코), , 
20140806,주식회사 에이씨티,PP,PP18MMx 21kg 삼성2300M두께0.9mm단중8.8g,3634.0000000000,KG,3134.2616666667,0.0000000000,8772130.0000000000,498725.0000000000,9270855.0000000000,수출28(헝가리), , 
20140807,제이케이머티리얼즈(주),PP,PP18MPP18M／M10KG(황),1523.0000000000,KG,11940.0000000000,0.0000000000,3250000.0000000000,325000.0000000000,3575000.0000000000,100롤(원료3포회수요망), , 
20140808,주식회사 에이씨티,PP,PP18MMx 15kg 삼성1650M두께0.9mm단중8.56g,3372.0000000000,KG,2170.2200000000,0.0000000000,7082568.0000000000,168500.0000000000,7251068.0000000000,수출24(슬로바키아), , 
20140809,KONZ TRADING LTD.,PP,"15 x 2,500M 0.64T15 x 2,500M 0.64T 청색",7525.0000000000,KG,2.1805000000,16408.0000000000,16972435.0000000000,0.0000000000,16972435.0000000000,DAN100, ,KONZDAN1013
20140811,(주)동원화학,PP,PE28mm 2kgPE28M／M(백)2KG,9954.0000000000,KG,2225.0000000000,0.0000000000,15554700.0000000000,1555470.0000000000,17110170.0000000000,62박스+2롤(씨마켓), , 
20140812,주식회사 에이씨티,PP,PP18MMx 21kg 삼성(내수)2300M두께0.9mm단중8.8g,6431.0000000000,KG,2670.9446153846,0.0000000000,14079228.0000000000,824605.0000000000,14903833.0000000000,내수9, , 
20140813,주식회사 에이씨티,PP,PP18MMx 15kg 삼성1650M두께0.9mm단중8.56g,6028.0000000000,KG,2134.2828571429,0.0000000000,13627420.0000000000,840990.0000000000,14468410.0000000000,수출90(슬로바키아), , 
20140814,주식회사 에이씨티,PP,PP18MMx 21kg 삼성2300M두께0.9mm단중8.8g,9156.0000000000,KG,1263.2824222222,10613.6700000000,19914506.0000000000,170000.0000000000,20084506.0000000000,수출35(중국), , 
20140815,동신인쇄,PE,PE28mm 2kgPE28M／M(백)2KG,1000.0000000000,KG,2750.0000000000,0.0000000000,2750000.0000000000,275000.0000000000,3025000.0000000000,50박스, , 
20140818,주식회사 에이씨티,PP,PP18MMx 21kg 삼성2300M두께0.9mm단중8.8g,7508.0000000000,KG,2201.3925000000,0.0000000000,15717924.0000000000,868250.0000000000,16586174.0000000000,수출140(멕시코), , 
20140819,주식회사 에이씨티,PP,PP18MMx 21kg 삼성2300M두께0.9mm단중8.8g,3243.0000000000,KG,2167.8325000000,0.0000000000,6967504.0000000000,60000.0000000000,7027504.0000000000,수출9(헝가리), , 
20140820,주식회사 에이씨티,PP,PP18MMx 15kg 삼성1650M두께0.9mm단중8.56g,3688.0000000000,KG,2349.9960000000,0.0000000000,8236336.0000000000,395584.0000000000,8631920.0000000000,수출134(슬로바키아), , 
20140821,주식회사 에이씨티,PP,PP18MMx 21kg 삼성2300M두께0.9mm단중8.8g,13988.0000000000,KG,1435.3687866667,18008.0600000000,29901588.0000000000,508480.0000000000,30410068.0000000000,수출76(브라질), , 
20140822,제이케이머티리얼즈(주),PP,스트레치랩(일반)0.025T*500W*1400M,1588.5000000000,롤,7618.7500000000,0.0000000000,5377875.0000000000,537787.0000000000,5915662.0000000000,50박스, , 
20140823,경인팩,PE,"PE28mm, 6KGPE28M／M(백)6KG",120.0000000000,KG,2500.0000000000,0.0000000000,300000.0000000000,30000.0000000000,330000.0000000000,5박스, , 
20140825,주식회사 에이씨티,PP,PP18MMx 21kg 삼성2300M두께0.9mm단중8.8g,5040.0000000000,KG,3260.8500000000,0.0000000000,12361910.0000000000,813175.0000000000,13175085.0000000000,수출22(헝가리), , 
20140826,KOMERI,PP,15 x 100M 0.55T15x100M0.55T녹색,11508.0000000000,KG,2913.2453777778,1585740.0000000000,27325086.0000000000,505745.0000000000,27830831.0000000000,4920501073166, ,PUS140527901
20140827,주식회사 에이씨티,PP,PP18MMx 21kg 삼성2300M두께0.9mm단중8.8g,4954.0000000000,KG,2362.4975000000,0.0000000000,10764544.0000000000,400500.0000000000,11165044.0000000000,수출131(멕시코), , 
20140828,주식회사 에이씨티,PP,PP18MMx 15kg 삼성1650M두께0.9mm단중8.56g,7442.0000000000,KG,2206.1461500000,0.0000000000,15690896.0000000000,110000.0000000000,15800896.0000000000,수출64(슬로바키아), , 
20140829,주식회사 에이씨티,PP,PP18MMx 21kg 삼성2300M두께0.9mm단중8.8g,8804.0000000000,KG,2208.2187500000,0.0000000000,18939392.0000000000,1315655.0000000000,20255047.0000000000,수출59(브라질), , 
20140830,PRIOR PACKAGING,PP,PP 12MM12MMx1000Mx0.60MM Blue,9501.4000000000,KG,2.2019000000,20847.4000000000,21130924.0000000000,0.0000000000,21130924.0000000000,PS12H, ,0113460
20140831,"SANYU CO.,LTD",PP,15 x 100M 0.55T15x100M0.55T황색,6693.0000000000,KG,317.9438222222,2139025.0000000000,20910680.0000000000,0.0000000000,20910680.0000000000,HR-901, ,47 KIC
2014/08  계,,,,140176.9,,66781.6258242735,3790642.13,312396814,10874048,323270862,,,
20140901,대경(박타원),PE,"PE28mm, 6KGPE28M／M(백)6KG",5718.0000000000,KG,4050.0000000000,0.0000000000,14450200.0000000000,1445020.0000000000,15895220.0000000000,30박스, , 
20140902,PACKAGING HOUSE,PP,PP19M BUILDERSPP19M／M*300M 0.60T Blue,15383.0000000000,KG,1656.9440764706,14203.7200000000,32720039.0000000000,1154495.0000000000,33874534.0000000000,1888903, ,H414619
20140903,합동포장기계,PE,PE28mm 2kgPE28M／M(백)2KG,5270.0000000000,KG,2206.2500000000,0.0000000000,11046750.0000000000,1104675.0000000000,12151425.0000000000,20박스, , 
20140904,주식회사 에이씨티,PP,PP18MMx 21kg 삼성2300M두께0.9mm단중8.8g,4775.0000000000,KG,2144.7872727273,0.0000000000,10174840.0000000000,460883.0000000000,10635723.0000000000,수출100(멕시코), , 
20140905,주식회사 에이씨티,PP,PP18MMx 21kg 삼성2300M두께0.9mm단중8.8g,6371.0000000000,KG,2018.1520000000,0.0000000000,9115448.0000000000,283700.0000000000,9399148.0000000000,수출61(헝가리), , 
20140911,주식회사 에이씨티,PP,PP18MMx 21kg 삼성2300M두께0.9mm단중8.8g,9441.0000000000,KG,2266.8250000000,0.0000000000,21209960.0000000000,1519866.0000000000,22729826.0000000000,수출135(멕시코), , 
20140912,주식회사 에이씨티,PP,PP18MMx 21kg 삼성2300M두께0.9mm단중8.8g,3641.0000000000,KG,2188.7538461538,0.0000000000,7842984.0000000000,103020.0000000000,7946004.0000000000,수출26(중국), , 
20140913,경인팩,PP,PP15MPP15M／M9.5KG(적색),475.0000000000,KG,1950.0000000000,0.0000000000,926250.0000000000,92625.0000000000,1018875.0000000000,50롤, , 
20140915,(주)한제피앤에스,PP,PP 12MM12MMx1000Mx0.50MM Blue,22525.0000000000,KG,4384.4329636364,0.0000000000,46471296.0000000000,782471.0000000000,47253767.0000000000,50.005, ,HJ14-APS02
20140916,주식회사 에이씨티,PP,PP18MMx 21kg 삼성2300M두께0.9mm단중8.8g,6356.0000000000,KG,2894.7323076923,0.0000000000,14465618.0000000000,640325.0000000000,15105943.0000000000,수출130(멕시코), , 
20140917,KOMERI,PP,15 x 100M 0.55T15x100M0.55T녹색,16027.0000000000,KG,1498.8429538462,1607550.0000000000,36779527.0000000000,1514976.0000000000,38294503.0000000000,4920501073166, ,PUS140617901
20140918,위니아만도(주),PP,PP18MMx 15kg 위니아(0.95T)18MMx 15kg,5060.0000000000,KG,2903.5022222222,0.0000000000,13328876.0000000000,1332885.0000000000,14661761.0000000000,250롤, , 
20140919,주식회사 에이씨티,PP,PP18MMx 21kg 삼성2300M두께0.9mm단중8.8g,5646.5000000000,KG,2202.3871428571,0.0000000000,12251687.0000000000,539437.0000000000,12791124.0000000000,수출31(중국), , 
20140922,(주)삼화인쇄,PP,PP10.5MPP10.5M10KG투명,4449.0000000000,KG,3808.1520000000,0.0000000000,9688208.0000000000,251920.0000000000,9940128.0000000000,100롤(평판지하B판), , 
20140923,주식회사 에이씨티,PP,PP18MMx 21kg 삼성.32300M두께0.9mm단중8.8g,3857.0000000000,KG,2615.0450000000,0.0000000000,9189296.0000000000,384400.0000000000,9573696.0000000000,수출42(멕시코), , 
20140924,위니아만도(주),PP,PP18MMx 15kg 위니아(0.95T)18MMx 15kg,9044.5000000000,KG,2268.0000000000,0.0000000000,20598575.0000000000,2059857.0000000000,22658432.0000000000,300롤, , 
20140925,(주)시몬사,PE,PE28mm 2kgPE28M／M(백)2KG,6235.0000000000,KG,2292.8571428571,0.0000000000,14295250.0000000000,1429525.0000000000,15724775.0000000000,30박스, , 
20140926,주식회사 에이씨티,PP,PP18MMx 21kg 삼성.12300M두께0.9mm단중8.8g,3429.0000000000,KG,2151.4488888889,0.0000000000,7284208.0000000000,56048.0000000000,7340256.0000000000,수출10(인도), , 
20140927,SEDL,PP,PP 12MM12MMx1000Mx0.55MM Blue,17888.0000000000,KG,2.0584714286,26832.2700000000,27975324.0000000000,0.0000000000,27975324.0000000000, , ,PA0603
20140929,주식회사 에이씨티,PP,PP18MMx 21kg 삼성2300M두께0.9mm단중8.8g,2926.0000000000,KG,2149.2640000000,0.0000000000,6240632.0000000000,68527.0000000000,6309159.0000000000,수출4(인도), , 
20140930,주식회사 에이씨티,PP,PP18MMx 21kg 삼성2300M두께0.9mm단중8.8g,3572.0000000000,KG,2198.8425000000,0.0000000000,7819552.0000000000,530854.0000000000,8350406.0000000000,수출32(멕시코), , 
2014/09  계,,,,158089,,49851.2777887805,1648585.99,333874520,15755509,349630029,,,
20141001,주식회사 에이씨티,PP,PP18MMx 21kg 삼성2300M두께0.9mm단중8.8g,11437.0000000000,KG,5539.9973333333,0.0000000000,25108160.0000000000,1843476.0000000000,26951636.0000000000,수출94(멕시코), , 
20141002,주식회사 에이씨티,PP,PP18MMx 21kg 삼성2300M두께0.9mm단중8.8g,3557.0000000000,KG,5812.1290909091,0.0000000000,11359776.0000000000,655075.0000000000,12014851.0000000000,수출4(인도), , 
20141004,PACKAGING HOUSE,PP,PP19M BUILDERSPP19M／M*300M 0.60T Blue,29716.0000000000,KG,10.9496266667,77699.6200000000,82524764.0000000000,0.0000000000,82524764.0000000000,1888903, ,H416841
20141006,위니아만도(주),PP,PP18MMx 15kg 위니아(0.95T)18MMx 15kg,6155.0000000000,KG,3325.0000000000,0.0000000000,15640500.0000000000,1564050.0000000000,17204550.0000000000,300롤, , 
20141007,주식회사 에이씨티,PP,PP18MMx 21kg 삼성2300M두께0.9mm단중8.8g,27832.0000000000,KG,1806.3811764706,41263.9200000000,63067559.0000000000,1500907.0000000000,64568466.0000000000,수출7(인도), , 
20141008,주식회사 에이씨티,PP,PP18MMx 21kg 삼성2300M두께0.9mm단중8.8g,9915.0000000000,KG,2830.8228571429,0.0000000000,21591534.0000000000,1477875.0000000000,23069409.0000000000,수출9(멕시코), , 
20141010,주식회사 에이씨티,PP,PP18MMx 21kg 삼성2300M두께0.9mm단중8.8g,9879.0000000000,KG,2105.7900000000,0.0000000000,15990616.0000000000,1045654.0000000000,17036270.0000000000,수출11(멕시코), , 
20141013,위니아만도(주),PP,PP18MMx 15kg 위니아(0.95T)18MMx 15kg,5784.0000000000,KG,2290.0000000000,0.0000000000,13915800.0000000000,1391580.0000000000,15307380.0000000000,300롤, , 
20141014,한서포장,PP,PP12MPP12M／M9.5KG(황),5857.0000000000,KG,2468.7975000000,0.0000000000,14045216.0000000000,972600.0000000000,15017816.0000000000,80롤(0.63T), , 
20141015,주식회사 에이씨티,PP,PP18MMx 15kg 삼성1650M두께0.9mm단중8.56g,5705.0000000000,KG,3524.5745454545,0.0000000000,13655560.0000000000,883975.0000000000,14539535.0000000000,수출31(슬로바키아), , 
20141016,HAZEL PRODUCTS,PP,PP 12MM12MMx1000Mx0.55MM Black,3577.6000000000,KG,871.1297800000,811.8700000000,7296641.0000000000,643135.0000000000,7939776.0000000000,TENSO1255BKDB, ,604931
20141017,위니아만도(주),PP,PP18MMx 15kg 위니아(0.95T)18MMx 15kg,5862.5000000000,KG,2308.3333333333,0.0000000000,14329875.0000000000,1432987.0000000000,15762862.0000000000,300롤, , 
20141019,RLBUTTON,PP,"12 x 3,000M 0.63T12x3,000M0.63TCLEAR",16667.0000000000,KG,5.3590000000,37195.2000000000,39423192.0000000000,0.0000000000,39423192.0000000000, , ,439719(CH)
20141020,주식회사 에이씨티,PP,PP18MMx 21kg 삼성(내수)2300M두께0.9mm단중8.8g,5927.0000000000,KG,2171.2200000000,0.0000000000,13361616.0000000000,743937.0000000000,14105553.0000000000,내수6, , 
20141021,주식회사 에이씨티,PP,PP18MMx 21kg 삼성.32300M두께0.9mm단중8.8g,3202.0000000000,KG,2111.3200000000,0.0000000000,6828734.0000000000,169542.0000000000,6998276.0000000000,수출13(브라질), , 
20141022,삼성종합포장,PE,PE28mm 2kgPE28M／M(백)2KG,5620.0000000000,KG,2415.0000000000,0.0000000000,12831000.0000000000,1283100.0000000000,14114100.0000000000,30박스, , 
20141023,위니아만도(주),PP,PP18MMx 15kg 위니아(0.95T)18MMx 15kg,5460.0000000000,KG,2370.0000000000,0.0000000000,13317000.0000000000,1331700.0000000000,14648700.0000000000,300롤, , 
20141024,주식회사 에이씨티,PP,PP18MMx 21kg 삼성2300M두께0.9mm단중8.8g,5806.0000000000,KG,2466.1140000000,0.0000000000,13426176.0000000000,710320.0000000000,14136496.0000000000,수출73(멕시코), , 
20141025,RLBUTTON,PP,"12 x 3,000M 0.63T12x3,000M0.63TCLEAR",18713.0000000000,KG,944.9824666667,39825.5900000000,42922487.0000000000,89053.0000000000,43011540.0000000000, , ,439718(AU)
20141027,주식회사 에이씨티,PP,PP18MMx 21kg 삼성2300M두께0.85mm단중8.8g,6046.0000000000,KG,2399.9971428571,0.0000000000,13054688.0000000000,781200.0000000000,13835888.0000000000,수출46(인도), , 
20141028,KOMERI,PP,15 x 100M 0.55T15x100M0.55T녹색,22602.0000000000,KG,1399.7702833333,1684730.0000000000,53783893.0000000000,484598.0000000000,54268491.0000000000,4920501073166, ,PUS140724901
20141029,파워엠팩,PP,PP15MPP15MM*10KG(황색),7024.0000000000,KG,2250.0000000000,0.0000000000,14067600.0000000000,1406760.0000000000,15474360.0000000000,620롤(제주도 상인조합), , 
20141030,MARKCOLIN,PP,PP 12MM12MMx1000Mx0.55MM Blue,12318.0000000000,KG,1181.8886250000,17836.8000000000,28739123.0000000000,610680.0000000000,29349803.0000000000,MA05-0007, ,82489
20141031,주식회사 에이씨티,PP,PP18MMx 21kg 삼성2300M두께0.85mm단중8.8g,7364.5000000000,KG,2810.0316666667,0.0000000000,16727911.0000000000,951437.0000000000,17679348.0000000000,수출162(멕시코), , 
2014/10  계,,,,242026.6,,55419.5884278342,1899363,567009421,21973641,588983062,,,
20141101,대경(박타원),PP,PP12MPP12M／M12.5(황),375.0000000000,KG,1950.0000000000,0.0000000000,731250.0000000000,73125.0000000000,804375.0000000000,30롤(10/29출고/이월요청), , 
20141103,주식회사 에이씨티,PP,PP18MMx 21kg 삼성2300M두께0.80mm단중8.8g,2977.0000000000,KG,2334.2660000000,0.0000000000,6796216.0000000000,247700.0000000000,7043916.0000000000,수출55(중국), , 
20141104,주식회사 에이씨티,PP,PP18MMx 15kg 삼성.21650M두께0.80mm단중8.56g,8602.0000000000,KG,483.1347368421,0.0000000000,17960400.0000000000,1385124.0000000000,19345524.0000000000,수출30(슬로바키아 15kg), , 
20141105,주식회사 에이씨티,PP,PP18MMx 21kg 삼성2300M두께0.80mm단중8.8g,13992.0000000000,KG,11495.0446500000,0.0000000000,30400920.0000000000,1709881.0000000000,32110801.0000000000,수출52(멕시코), , 
20141106,자강산업(주),PP,스트레치필름(핸드랩)15*500mm*400m (일반),399.0000000000,박스,3562.5000000000,0.0000000000,2147850.0000000000,214785.0000000000,2362635.0000000000,60박스 (원료3포), , 
20141107,합동포장기계,PP,PP12MPP12M／M12.5(황),10482.0000000000,KG,4820.8727272727,0.0000000000,24091160.0000000000,2121620.0000000000,26212780.0000000000,150롤, , 
20141108,J. BLACKWOOD ＆ SON PTY LTD.,PP,PP 12MM12MMx1000Mx0.55MM Blue,16294.0000000000,KG,339.3777250000,33315.1400000000,38227518.0000000000,194400.0000000000,38421918.0000000000,01020452, ,HW043200ID
20141110,삼보팩,PP,PP12MPP12M／M10KG(황),3914.0000000000,KG,2372.9000000000,0.0000000000,8999192.0000000000,392300.0000000000,9391492.0000000000,40롤, , 
20141111,주식회사 에이씨티,PP,PP18MMx 21kg 삼성.22300M두께0.80mm단중8.8g,6468.0000000000,KG,5514.0760000000,0.0000000000,14108662.0000000000,947775.0000000000,15056437.0000000000,수출16(인도), , 
20141112,주식회사 에이씨티,PP,PP18MMx 21kg 삼성2300M두께0.80mm단중8.8g,5334.0000000000,KG,1950.2111111111,0.0000000000,7801632.0000000000,450654.0000000000,8252286.0000000000,수출70롤(브라질), , 
20141113,주식회사 에이씨티,PP,PP18MMx 15kg 삼성1650M두께0.80mm단중8.56g,1808.0000000000,KG,9244.9000000000,0.0000000000,5275624.0000000000,220900.0000000000,5496524.0000000000,수출96(슬로바키아), , 
20141114,(주)대유위니아,PP,PP18MMx 15kg 위니아(0.95T)18MMx 15kg,6920.0000000000,KG,2537.5000000000,0.0000000000,17353000.0000000000,1735300.0000000000,19088300.0000000000,300롤, , 
20141116,"SANYU CO.,LTD",PP,15 x 100M 0.55T15x100M0.55T황색,7104.0000000000,KG,303.0214000000,2050750.0000000000,19437008.0000000000,0.0000000000,19437008.0000000000,901, ,48 KIC
20141117,금산포장,PP,PP15MPP15M／M9.5KG(투명),3332.5000000000,KG,2250.0000000000,0.0000000000,6904875.0000000000,690487.0000000000,7595362.0000000000,100롤(0.7T), , 
20141118,주식회사 에이씨티,PP,PP18MMx 21kg 삼성2300M두께0.80mm단중8.8g,4496.0000000000,KG,2185.0500000000,0.0000000000,9814320.0000000000,476909.0000000000,10291229.0000000000,수출7(헝가리), , 
20141119,(주)한국유니콤,PE,PE28mm 2kgPE28M／M(백)2KG,2560.0000000000,KG,2308.3333333333,0.0000000000,5891500.0000000000,589150.0000000000,6480650.0000000000,25박스, , 
20141120,POWERPAK,PP,PP 12MM12MMx500Mx0.50MM Grey,13252.0000000000,KG,224.5206636364,17802.7000000000,30682741.0000000000,1102500.0000000000,31785241.0000000000,4541-자동용엠보, ,27205
20141121,광림파워팩,PP,PP12MPP12M／M12.5(황),3530.0000000000,KG,2224.0760000000,0.0000000000,7188130.0000000000,696549.0000000000,7884679.0000000000,150롤, , 
20141124,주식회사 에이씨티,PP,PP18MMx 21kg 삼성2300M두께0.80mm단중8.8g,4375.0000000000,KG,2194.2916666667,0.0000000000,9546768.0000000000,569800.0000000000,10116568.0000000000,수출5(브라질), , 
20141125,KOMERI,PP,15 x 100M 0.55T15x100M0.55T녹색,10229.0000000000,KG,1279.3911294118,1787304.0000000000,25624701.0000000000,154527.0000000000,25779228.0000000000,4920501073166, ,PUS140801903
20141126,(주)대유위니아,PP,PP18MMx 15kg 위니아(0.95T)18MMx 15kg,4720.0000000000,KG,2633.3333333333,0.0000000000,11618000.0000000000,1161800.0000000000,12779800.0000000000,300롤, , 
20141127,주식회사 에이씨티,PP,PP18MMx 21kg 삼성2300M두께0.80mm단중8.8g,4068.0000000000,KG,2352.2280000000,0.0000000000,9182144.0000000000,303727.0000000000,9485871.0000000000,수출138(인도), , 
20141128,신우교역,PP,PP12MPP12M／M10KG(황),564.0000000000,KG,2263.3333333333,0.0000000000,1240600.0000000000,124060.0000000000,1364660.0000000000,50롤 /0.65T(운송료선불), , 
20141130,파워엠팩,PP,단가할인,9641.0000000000,set,499975.0000000000,0.0000000000,518000.0000000000,51800.0000000000,569800.0000000000,10월분 제주도(상인조합) 단가정정, , 
2014/11  계,,,,145436.5,,566797.3618099407,3889171.84,311542211,15614873,327157084,,,
20141201,제이케이머티리얼즈(주),PP,스트레치랩(일반)25*500mm*1400m(0.025T*500W*1400M),4586.0000000000,롤,5010.1240000000,0.0000000000,14293216.0000000000,1020921.0000000000,15314137.0000000000,100박스, , 
20141202,HIGHGATE DISTRIBUTION,PP,PP 06MM06MMx5000Mx0.60MM White,7620.0000000000,KG,3856.5615125000,6429.6000000000,18954219.0000000000,1177750.0000000000,20131969.0000000000,50085, ,65726
20141203,(주)삼화인쇄,PP,PP10.5MPP10.5M10KG투명,4292.0000000000,KG,2350.0000000000,0.0000000000,9445200.0000000000,944520.0000000000,10389720.0000000000,100롤(평판지하B판), , 
20141204,주식회사 에이씨티,PP,PP18MMx 21kg 삼성2300M두께0.80mm단중8.8g,4900.0000000000,KG,2098.1520000000,0.0000000000,10143480.0000000000,346427.0000000000,10489907.0000000000,수출150(인도), , 
20141205,주식회사 에이씨티,PP,PP18MMx 21kg 삼성(내수)2300M두께0.80mm단중8.8g,4523.0000000000,KG,2165.6400000000,0.0000000000,9621892.0000000000,610417.0000000000,10232309.0000000000,내수10, , 
20141206,RLBUTTON,PP,"12 x 3,000M 0.63T12x3,000M0.63TCLEAR",18326.0000000000,KG,3.6758500000,38092.8000000000,42503946.0000000000,0.0000000000,42503946.0000000000,B100365, ,440784 (AU)
20141208,금산포장,PP,PP12MPP12M／M12.5KG(아.그린),3195.0000000000,KG,2130.0000000000,0.0000000000,6883000.0000000000,688300.0000000000,7571300.0000000000,50롤, , 
20141209,주식회사 에이씨티,PP,PP18MMx 21kg 삼성2300M두께0.80mm단중8.8g,3142.5000000000,KG,2286.3600000000,0.0000000000,6825235.0000000000,177227.0000000000,7002462.0000000000,수출2(인도), , 
20141210,한서포장,PE,PE28mm 2kgPE28M／M(백)2KG,7395.0000000000,KG,2177.0117647059,0.0000000000,11912776.0000000000,1191276.0000000000,13104052.0000000000,25박스, , 
20141211,주식회사 에이씨티,PP,PP18MMx 21kg 삼성2300M두께0.80mm단중8.8g,2958.0000000000,KG,2143.3420000000,0.0000000000,6285864.0000000000,103155.0000000000,6389019.0000000000,수출34(브라질), , 
20141212,주식회사 에이씨티,PP,PP18MMx 21kg 삼성2300M두께0.80mm단중8.8g,4971.0000000000,KG,2379.3476923077,0.0000000000,11427278.0000000000,626202.0000000000,12053480.0000000000,수출76(멕시코), , 
20141215,제이케이머티리얼즈(주),PP,PP18MPP18M／M10KG(황),7881.5000000000,KG,2085.5555555556,0.0000000000,16521775.0000000000,1652177.0000000000,18173952.0000000000,100롤(원료3포인수요망), , 
20141216,(주)동원화학,PE,우편물 자동파속끈 1호35m/m x 2kg (PE)백색,10737.0000000000,KG,1266.6420444444,1488014.0000000000,23159502.0000000000,405615.0000000000,23565117.0000000000,53박스(씨마켓입찰용), , 
20141217,광림파워팩,PP,PP12MPP12M／M12.5(황),24694.0000000000,KG,1774.7845647059,36253.4400000000,56482203.0000000000,1269525.0000000000,57751728.0000000000,150롤, , 
20141218,삼원산업,PP,PP12MPP12M／M12KG(황),13380.0000000000,KG,17723.8232571429,4813.6100000000,26655339.0000000000,1310165.0000000000,27965504.0000000000,100롤, , 
20141219,주식회사 에이씨티,PP,PP18MMx 21kg 삼성(내수)2300M두께0.80mm단중8.8g,5606.0000000000,KG,2122.6900000000,0.0000000000,11593664.0000000000,611671.0000000000,12205335.0000000000,내수3, , 
20141220,경인팩,PE,PE28mm 2kgPE28M／M(백)2KG,484.0000000000,KG,2350.0000000000,0.0000000000,1137400.0000000000,113740.0000000000,1251140.0000000000,20박스, , 
20141222,주식회사 에이씨티,PP,PP18MMx 15kg 삼성1650M두께0.80mm단중8.56g,2106.0000000000,KG,2124.9900000000,0.0000000000,4482808.0000000000,48980.0000000000,4531788.0000000000,수출125(슬로바키아), , 
20141223,PACKAGING HOUSE,PP,PP 12MM12MMx1000Mx0.55MM Blue,12159.0000000000,KG,3291.5842526316,13817.7600000000,28028918.0000000000,738780.0000000000,28767698.0000000000,1379117, ,H424208
20141224,한서포장,PE,PE28mm 2kgPE28M／M(백)2KG,19703.0000000000,KG,1813.0058125000,33453.0000000000,43431626.0000000000,661660.0000000000,44093286.0000000000,25박스, , 
20141226,주식회사 에이씨티,PP,PP18MMx 21kg 삼성2300M두께0.80mm단중8.8g,5148.0000000000,KG,2071.7000000000,0.0000000000,10532364.0000000000,438750.0000000000,10971114.0000000000,수출73(헝가리), , 
20141229,(주)한제피앤에스,PP,"12 x 3,000M 0.55T12 x 3,000M 0.55T 청색",12535.0000000000,KG,2092.9623888889,0.0000000000,25130976.0000000000,117935.0000000000,25248911.0000000000,50.050, ,HJ14-APS03
20141230,홍영산업,PE,PE28mm 2kgPE28M／M(백)2KG,4944.0000000000,KG,2291.8250000000,0.0000000000,11303676.0000000000,587125.0000000000,11890801.0000000000,20박스, , 
20141231,삼원산업,PP,PP12MPP12M／M12KG(황),3928.0000000000,KG,2198.4600000000,0.0000000000,8053160.0000000000,270980.0000000000,8324140.0000000000,100롤, , 
2014/12  계,,,,189214,,69808.2376953829,1620874.21,414809517,15113298,429922815,,,
20150102,(주)삼화인쇄,PP,PP15MPP15MM*10KG(황색),3665.0000000000,KG,2125.0000000000,0.0000000000,7794000.0000000000,779400.0000000000,8573400.0000000000,100롤(제책4층), , 
20150103,PUNCHBOWL,PP,PP19M Premium BlackPP19M／M*1000M 0.8T Black,16530.0000000000,KG,7.2403363636,42060.3500000000,46232735.0000000000,0.0000000000,46232735.0000000000,413201, ,NAPIER
20150104,J. BLACKWOOD ＆ SON PTY LTD.,PP,PP 12MM12MMx1000Mx0.55MM Blue,4913.0000000000,KG,2.1004500000,10389.8900000000,11420567.0000000000,0.0000000000,11420567.0000000000,01020452, ,HW043375ID
20150105,합동포장기계,PP,PP12MPP12M／M12.5(황),10296.0000000000,KG,2453.3966666667,0.0000000000,24652764.0000000000,2465276.0000000000,27118040.0000000000,180롤, , 
20150106,주식회사 에이씨티,PP,PP18MMx 21kg 삼성2300M두께0.80mm단중8.8g,3997.0000000000,KG,2371.9833333333,0.0000000000,8422628.0000000000,160000.0000000000,8582628.0000000000,수출8(멕시코), , 
20150107,조은상사,PE,"PE28mm, 6KGPE28M／M(백)6KG",1456.0000000000,KG,2550.0000000000,0.0000000000,3913400.0000000000,391340.0000000000,4304740.0000000000,26박스, , 
20150108,주식회사 에이씨티,PP,PP18MMx 21kg 삼성2300M두께0.80mm단중8.8g,6335.0000000000,KG,-2496.0527272727,0.0000000000,12414076.0000000000,798177.0000000000,13212253.0000000000,수출20(중국), , 
20150109,제이케이머티리얼즈(주),PP,PP18MPP18M／M10KG(황),6104.0000000000,KG,1952.8571428571,0.0000000000,8564400.0000000000,856440.0000000000,9420840.0000000000,100롤(원료3포인수요망), , 
20150112,한서포장,PP,PP12MPP12M／M9.5KG(황),5633.0000000000,KG,2121.4621052632,0.0000000000,11601449.0000000000,824644.0000000000,12426093.0000000000,100롤(0.63T), , 
20150113,TAIPS,PP,PP 12MM12MMx1000Mx0.60MM Blue,14950.0000000000,KG,1435.9759000000,20323.8000000000,33936925.0000000000,1085675.0000000000,35022600.0000000000,ST12PD, ,1214067
20150114,동서포장종합상사,PE,PE28mm 2kgPE28M／M(백)2KG,21520.0000000000,KG,1580.8740000000,41230.8000000000,50777110.0000000000,618600.0000000000,51395710.0000000000,4박스, ,최건수
20150115,(주)대유위니아,PP,PP18MMx 15kg 위니아(0.95T)18MMx 15kg,9385.0000000000,KG,2263.0200000000,0.0000000000,20458470.0000000000,1606800.0000000000,22065270.0000000000,300롤, , 
20150116,TIGERPAK PACKAGING,PP,PP 12MM12MMx1000Mx0.50MM Grey,13747.0000000000,KG,1394.7771260870,16773.0500000000,28026809.0000000000,729065.0000000000,28755874.0000000000,4500, ,14067
20150119,SMART SHIELD PACKAGING,PP,"9 x 4,023M 0.56T White (8x8)9 x 4,023M 0.56T 백색",18366.0000000000,KG,2032.4763500000,32154.0000000000,44796694.0000000000,925727.0000000000,45722421.0000000000,SD42202, ,14674
20150120,KOMERI,PP,15 x 100M 0.55T15x100M0.55T녹색,10360.5000000000,KG,3839.9937625000,1618860.0000000000,28976831.0000000000,1413010.0000000000,30389841.0000000000,4920501073166, ,PUS141117910
20150121,(주)동원화학,PE,우편물 자동파속끈 1호35m/m x 2kg (PE)백색,1356.0000000000,KG,2325.0000000000,0.0000000000,3135600.0000000000,313560.0000000000,3449160.0000000000,51박스(씨마켓입찰용), , 
20150122,주식회사 에이씨티,PP,PP18MMx 21kg 삼성2300M두께0.80mm단중8.8g,5320.0000000000,KG,2232.3316666667,0.0000000000,11592520.0000000000,469321.0000000000,12061841.0000000000,수출5(인도), , 
20150123,광림파워팩,PP,PP12MPP12M／M10KG(황),3476.0000000000,KG,2143.7500000000,0.0000000000,6827800.0000000000,682780.0000000000,7510580.0000000000,50롤, , 
20150125,"SANYU CO.,LTD",PP,15 x 200M 0.55T15x200M0.55T황색,5847.0000000000,KG,275.1203200000,1362100.0000000000,12457630.0000000000,0.0000000000,12457630.0000000000,811, ,49 KIC
20150126,주식회사 에이씨티,PP,PP18MMx 21kg 삼성2300M두께0.80mm단중8.8g,6094.0000000000,KG,2025.5700000000,0.0000000000,12269780.0000000000,516140.0000000000,12785920.0000000000,수출68(멕시코), , 
20150127,자강산업(주),PP,스트레치필름(일반 핸드랩)15*500mm*450m,2741.0000000000,롤,3136.4307692308,0.0000000000,7494602.0000000000,506029.0000000000,8000631.0000000000,54박스(직납), , 
20150128,주식회사 에이씨티,PP,PP18MMx 21kg 삼성.52300M두께0.80mm단중8.8g,3679.0000000000,KG,2135.2850000000,0.0000000000,7408434.0000000000,193080.0000000000,7601514.0000000000,수출131(인도), , 
20150129,RLBUTTON,PP,"12 x 3,000M 0.63T12x3,000M0.63TCLEAR",19717.0000000000,KG,1578.4859857143,33690.8800000000,45388906.0000000000,677254.0000000000,46066160.0000000000, , ,441569(AU)
20150130,경인팩,PP,PE28mm 2kgPE28M／M(백)2KG,660.0000000000,KG,2350.0000000000,0.0000000000,1551000.0000000000,155100.0000000000,1706100.0000000000,33박스, , 
2015/01  계,,,,196147.5,,41837.07818741,3177582.77,450115130,16167418,466282548,,,
20150202,합동포장기계,PP,PP12MPP12M／M12.5KG (황),6136.0000000000,KG,2119.4872727273,0.0000000000,12672825.0000000000,957040.0000000000,13629865.0000000000,170롤, , 
20150203,(주)탐스텍,PP,"9 x 4,000M 0.55T9 x 4,000M 0.55T Blue",8440.5000000000,KG,2272.2562090909,0.0000000000,16962325.0000000000,476192.0000000000,17438517.0000000000, , ,TT-150120A
20150204,주식회사 에이씨티,PP,PP18MMx 21kg 삼성2300M두께0.80mm단중8.8g,7840.0000000000,KG,2114.1775000000,0.0000000000,15050364.0000000000,1082715.0000000000,16133079.0000000000,수출24(헝가리), , 
20150205,한서포장,PE,PE28mm 2kgPE28M／M(백)2KG,3882.0000000000,KG,2055.0000000000,0.0000000000,7787700.0000000000,778770.0000000000,8566470.0000000000,25박스, , 
20150206,(주)대유위니아,PP,PP18MMx 15kg 위니아(0.95T)18MMx 15kg,6886.0000000000,KG,2287.5000000000,0.0000000000,15521800.0000000000,1552180.0000000000,17073980.0000000000,300롤, , 
20150207,PUNCHBOWL,PP,PP19M Premium BlackPP19M／M*1000M 0.8T Black,8103.0000000000,KG,755.1117000000,19210.2500000000,21492304.0000000000,56850.0000000000,21549154.0000000000,413201, , 
20150209,주식회사 에이씨티,PP,PP18MMx 21kg 삼성(내수)2300M두께0.80mm단중8.8g,13775.0000000000,KG,1900.7254545455,0.0000000000,8269790.0000000000,492467.0000000000,8762257.0000000000,내수30, , 
20150210,광림파워팩,PE,PE28mm 2kgPE28M／M(백)2KG,4330.0000000000,KG,2131.2500000000,0.0000000000,8608500.0000000000,860850.0000000000,9469350.0000000000,20박스, , 
20150211,금산포장,PE,PE28mm 2kgPE28M／M(백)2KG,1700.0000000000,KG,2250.0000000000,0.0000000000,3535000.0000000000,353500.0000000000,3888500.0000000000,30박스, , 
20150212,주식회사 에이씨티,PP,PP18MMx 21kg 삼성2300M두께0.80mm단중8.8g,6836.0000000000,KG,2095.5700000000,0.0000000000,14373544.0000000000,659614.0000000000,15033158.0000000000,수출159(멕시코), , 
20150213,광림파워팩,PP,PP9MMPP9M／M10KG(황),5160.0000000000,KG,2068.7500000000,0.0000000000,10086000.0000000000,1008600.0000000000,11094600.0000000000,100롤, , 
20150214,(주)탐스텍,PP,PP 12MM 2000M 0.80MM Blue12mm 2000m 0.80mm Blue,13751.0000000000,KG,100893.1818000000,0.0000000000,24762500.0000000000,20000.0000000000,24782500.0000000000,"1,250R/L", ,TT-150130A
20150216,신우교역,PP,PP12MPP12M／M10KG(황),3558.0000000000,KG,2136.2500000000,0.0000000000,8026300.0000000000,802630.0000000000,8828930.0000000000,100롤(0.65T) 납품장소 :한국스미더스, , 
20150217,주식회사 에이씨티,PP,PP18MMx 15kg 삼성1650M두께0.80mm단중8.56g,3882.0000000000,KG,2026.1254545455,0.0000000000,7762818.0000000000,70014.0000000000,7832832.0000000000,수출40(슬로바키아), , 
20150221,PACKAGING HOUSE,PP,PP19M BUILDERSPP19M／M*300M 0.60T Blue,13924.0000000000,KG,2.0172250000,27329.1600000000,30026547.0000000000,0.0000000000,30026547.0000000000,1888903, ,H428018
20150223,주식회사 에이씨티,PP,PP18MMx 21kg 삼성(내수)2300M두께0.80mm단중8.8g,5480.0000000000,KG,2122.8184615385,0.0000000000,11471290.0000000000,770803.0000000000,12242093.0000000000,내수20, , 
20150224,KOMERI,PP,15 x 100M 0.55T15x100M0.55T녹색,10054.0000000000,KG,6083.9761777778,1570460.0000000000,22366493.0000000000,289621.0000000000,22656114.0000000000,4920501073166, ,PUS141209902
20150225,삼성종합포장,PE,PE28mm 2kgPE28M／M(백)2KG,28570.0000000000,KG,2109.2509090909,41212.8000000000,66551510.0000000000,1522000.0000000000,68073510.0000000000,30박스, , 
20150226,광림파워팩,PP,PP15MPP15MM*10KG(황색),2959.0000000000,KG,2135.7142857143,0.0000000000,5653150.0000000000,565315.0000000000,6218465.0000000000,50롤, , 
20150227,해성수출포장,PE,PE28mm 2kgPE28M／M(백)2KG,5046.0000000000,KG,-3527.7777777778,0.0000000000,10229500.0000000000,1022950.0000000000,11252450.0000000000,20박스, , 
2015/02  계,,,,160312.5,,136031.3846722529,1658212.21,321210260,13342111,334552371,,,
20150302,호성수출포장,PE,PE28mm 2kgPE28M／M(백)2KG,10080.0000000000,KG,2033.4473684211,0.0000000000,21460747.0000000000,1620400.0000000000,23081147.0000000000,20박스(, , 
20150303,POWERPAK,PP,PP 12MM12MMx1000Mx0.50MM Grey,12786.0000000000,KG,1400.7748166667,16092.0000000000,26776680.0000000000,903525.0000000000,27680205.0000000000,4500-자동용엠보, ,27867
20150304,주식회사 에이씨티,PP,PP18MMx 21kg 삼성2300M두께0.80mm단중8.8g,7222.0000000000,KG,2012.3420000000,0.0000000000,10101748.0000000000,667300.0000000000,10769048.0000000000,수출29(인도), , 
20150305,주식회사 에이씨티,PP,PP18MMx 21kg 삼성2300M두께0.80mm단중8.8g,4915.0000000000,KG,2371.6775000000,0.0000000000,10492314.0000000000,417840.0000000000,10910154.0000000000,수출137(멕시코), , 
20150306,주식회사 에이씨티,PP,PP18MMx 15kg 삼성1650M두께0.80mm단중8.56g,4858.5000000000,KG,2171.6525000000,0.0000000000,11039408.0000000000,632442.0000000000,11671850.0000000000,수출air61(슬로바키아), , 
20150307,STAPLES AUSTRALIA PTY LTD.,PP,STEEL 16.0MM*0.50MM*13KG BLACK MINI RIBBON16.0MM*0.50MM*13KG BLACK MINI RIBBON,3716.0000000000,KG,884.4500000000,4613.3000000000,6983091.0000000000,190800.0000000000,7173891.0000000000,87015567, ,4700 002881
20150309,미래포장기계,PP,PP15MPP15MM*10KG(황색),2220.0000000000,KG,2016.6666666667,0.0000000000,4552000.0000000000,455200.0000000000,5007200.0000000000,50롤(0.65T), , 
20150310,주식회사 에이씨티,PP,PP18MMx 21kg 삼성2300M두께0.80mm단중8.8g,28526.0000000000,KG,1956.9052631579,0.0000000000,17966244.0000000000,1355938.0000000000,19322182.0000000000,수출39(브라질), , 
20150311,주식회사 에이씨티,PP,PP18MMx 21kg 삼성.12300M두께0.80mm단중8.8g,6337.0000000000,KG,2175.8088888889,0.0000000000,13126022.0000000000,798290.0000000000,13924312.0000000000,수출98(멕시코), , 
20150312,제이케이머티리얼즈(주),PP,스트레치랩(일반)25*500mm*1400m(0.025T*500W*1400M),4290.0000000000,롤,15610.6963000000,6768.0000000000,11562328.0000000000,393750.0000000000,11956078.0000000000,50박스, , 
20150313,(주)대유위니아,PP,PP18MMx 15kg 위니아(0.95T)18MMx 15kg,4600.0000000000,KG,2625.0000000000,0.0000000000,10425000.0000000000,1042500.0000000000,11467500.0000000000,300롤, , 
20150314,PUNCHBOWL,PP,PP19M Premium BlackPP19M／M*1000M 0.8T Black,20666.0000000000,KG,501.7567333333,41766.5000000000,48433734.0000000000,120000.0000000000,48553734.0000000000,413201-수동용엠보, ,PBP310154
20150316,주식회사 에이씨티,PP,PP18MMx 21kg 삼성2300M두께0.80mm단중8.8g,3503.0000000000,KG,2010.0050000000,0.0000000000,6874521.0000000000,572278.0000000000,7446799.0000000000,수출4(중국), , 
20150317,주식회사 에이씨티,PP,PP18MMx 21kg 삼성2300M두께0.80mm단중8.8g,10501.0000000000,KG,2221.1163636364,0.0000000000,23252846.0000000000,1744070.0000000000,24996916.0000000000,수출31(브라질), , 
20150318,주식회사 에이씨티,PP,PP18MMx 21kg 삼성2300M두께0.80mm단중8.8g,20881.5000000000,KG,1087.4706040000,32200.3000000000,44458683.0000000000,422222.0000000000,44880905.0000000000,수출4(말레이시아), , 
20150319,광림파워팩,PP,PP12MPP12M／M12.5KG (황),2702.0000000000,KG,2148.2280000000,0.0000000000,5800414.0000000000,580041.0000000000,6380455.0000000000,100롤, , 
20150320,주식회사 에이씨티,PP,PP18MMx 21kg 삼성2300M두께0.80mm단중8.8g,6267.0000000000,KG,2079.3857142857,0.0000000000,14111458.0000000000,1089176.0000000000,15200634.0000000000,수출6(인도), , 
20150321,HIGHGATE DISTRIBUTION,PP,PP 12MM12MMx1000Mx0.55MM Blue,8758.0000000000,KG,2.0035333333,17083.3600000000,19030863.0000000000,0.0000000000,19030863.0000000000,B10-50005, ,66193
20150323,삼원산업,PP,PP12MPP12M／M12KG(황),4140.0000000000,KG,3385.0000000000,0.0000000000,8763000.0000000000,876300.0000000000,9639300.0000000000,100롤, , 
20150324,주식회사 에이씨티,PP,PP18MMx 21kg 삼성2300M두께0.80mm단중8.8g,5489.0000000000,KG,2088.5377777778,0.0000000000,11857006.0000000000,709021.0000000000,12566027.0000000000,수출8(중국), , 
20150325,주식회사 에이씨티,PP,PP18MMx 21kg 삼성2300M두께0.80mm단중8.8g,9647.0000000000,KG,1230.1613250000,2046875.0000000000,25055040.0000000000,284262.0000000000,25339302.0000000000,수출6(인도), , 
20150326,(주)삼화인쇄,PP,PP10.5MPP10.5M10KG(청),2819.0000000000,KG,2118.7250000000,0.0000000000,6001644.0000000000,600164.0000000000,6601808.0000000000,50롤(제책4층), , 
20150327,신광포장기계,PE,PE28mm 2kgPE28M／M(백)2KG,1840.0000000000,KG,2566.6666666667,0.0000000000,4716000.0000000000,471600.0000000000,5187600.0000000000,20박스, , 
20150328,PUNCHBOWL,PP,PP19M Premium BlackPP19M／M*1000M 0.8T Black,10800.0000000000,KG,2.0350000000,21978.0000000000,24268107.0000000000,0.0000000000,24268107.0000000000,413201-수동용엠보, ,PBP310179
20150330,주식회사 에이씨티,PP,PP18MMx 21kg 삼성2300M두께0.80mm단중8.8g,3722.0000000000,KG,2090.5700000000,0.0000000000,7751814.0000000000,436488.0000000000,8188302.0000000000,수출20(멕시코), , 
20150331,주식회사 에이씨티,PP,PP18MMx 21kg 삼성2300M두께0.80mm단중8.8g,9854.0000000000,KG,894.5828307692,1598200.0000000000,22070601.0000000000,92365.0000000000,22162966.0000000000,수출154(멕시코), , 
2015/03  계,,,,211140,,59685.6658526037,3785576.46,416931313,16475972,433407285,,,
20150401,한서포장,PP,PP12MPP12MM / 9.5KG(황) 0.63T,8370.0000000000,KG,2096.4285714286,0.0000000000,16729500.0000000000,1672950.0000000000,18402450.0000000000,100롤(0.63T), , 
20150402,금산포장,PP,PP12MPP12M／M12.5KG(녹색),1791.5000000000,KG,2108.3333333333,0.0000000000,3609075.0000000000,360907.0000000000,3969982.0000000000,60롤, , 
20150403,주식회사 에이씨티,PP,PP18MMx 21kg 삼성(내수)2300M두께0.80mm단중8.8g,16471.0000000000,KG,149285.1340909091,2527171.0000000000,37578901.0000000000,1128883.0000000000,38707784.0000000000,내수10, , 
20150404,PUNCHBOWL,PP,PP19M Premium BlackPP19M／M*1000M 0.8T Black,10525.0000000000,KG,2.2175500000,21858.5000000000,24000633.0000000000,0.0000000000,24000633.0000000000,413201, ,PBP310187
20150406,주식회사 에이씨티,PP,PP18MMx 21kg 삼성(내수)2300M두께0.80mm단중8.8g,4486.0000000000,KG,2055.2833333333,0.0000000000,8888152.0000000000,587754.0000000000,9475906.0000000000,내수20, , 
20150407,합동포장기계,PE,PE28mm 2kgPE28M／M(백)2KG,4572.5000000000,KG,2206.2500000000,0.0000000000,9777125.0000000000,977712.0000000000,10754837.0000000000,40박스, , 
20150408,신한포장기계(주),PE,PE28mm 2kgPE28M／M(백)2KG,5035.0000000000,KG,2355.5555555556,0.0000000000,10945750.0000000000,1094575.0000000000,12040325.0000000000,50박스, , 
20150409,(주)시몬사,PE,PE28mm 2kgPE28M／M(백)2KG,5740.0000000000,KG,2285.7142857143,0.0000000000,13104000.0000000000,1310400.0000000000,14414400.0000000000,30박스, , 
20150410,주식회사 에이씨티,PP,PP18MMx 21kg 삼성.12300M두께0.80mm단중8.8g,5531.0000000000,KG,2109.9157142857,0.0000000000,11544067.0000000000,689671.0000000000,12233738.0000000000,수출34(인도), , 
20150413,금산포장,PP,PP12MPP12M／M10KG(투명),1690.0000000000,KG,2151.6714285714,0.0000000000,3530351.0000000000,353035.0000000000,3883386.0000000000,50롤(0.7t), , 
20150414,PACKAGING HOUSE,PP,PP19M Premium BlackPP19M／M*1000M 0.8T Black,8757.0000000000,KG,1203.1227888889,12553.4400000000,17895131.0000000000,94702.0000000000,17989833.0000000000,3019788 (UV차단제 첨가), ,H430934
20150415,주식회사 에이씨티,PP,PP18MMx 21kg 삼성2300M두께0.80mm단중8.8g,4259.0000000000,KG,1950.9625000000,0.0000000000,8449219.0000000000,469900.0000000000,8919119.0000000000,수출99(멕시코), , 
20150416,주식회사 에이씨티,PP,PP18MMx 21kg 삼성.12300M두께0.80mm단중8.8g,22654.5000000000,KG,1737.3106142857,34380.0000000000,47343102.0000000000,447292.0000000000,47790394.0000000000,수출33(인도), , 
20150417,금산포장,PE,PE28mm 2kgPE28M／M(백)2KG,8592.0000000000,KG,5914.6955913043,488.1000000000,17024280.0000000000,259720.0000000000,17284000.0000000000,30박스, , 
20150420,주식회사 에이씨티,PP,PP18MMx 15kg 삼성1650M두께0.80mm단중8.56g,3406.0000000000,KG,2069.5666666667,0.0000000000,6802181.0000000000,283374.0000000000,7085555.0000000000,수출61(슬로바키아), , 
20150421,전주삼신산업,PP,PP9M/MPP9M/M*9KG(백색),5652.0000000000,KG,2325.0000000000,0.0000000000,12764300.0000000000,1276430.0000000000,14040730.0000000000,50롤(0.75T)화물착불, , 
20150422,주식회사 에이씨티,PP,PP18MMx 21kg 삼성2300M두께0.80mm단중8.8g,7889.0000000000,KG,1913.2500000000,0.0000000000,9181021.0000000000,421861.0000000000,9602882.0000000000,수출2(인도), , 
20150423,광림파워팩,PP,PP15MPP15M／M13KG(황),3905.0000000000,KG,8171.4285714286,0.0000000000,9511000.0000000000,951100.0000000000,10462100.0000000000,100롤, , 
20150424,주식회사 에이씨티,PP,PP18MMx 15kg 삼성1650M두께0.80mm단중8.56g,2698.0000000000,KG,1986.0454545455,0.0000000000,5136583.0000000000,157741.0000000000,5294324.0000000000,수출27(슬로바키아)air, , 
20150425,PUNCHBOWL,PP,PP19M Premium BlackPP19M／M*1000M 0.8T Black,9500.0000000000,KG,2.1888000000,19927.5000000000,21585468.0000000000,0.0000000000,21585468.0000000000,413201-수동용엠보, ,PBP310206
20150427,주식회사 에이씨티,PP,PP18MMx 21kg 삼성.12300M두께0.80mm단중8.8g,3828.0000000000,KG,1883.6562500000,0.0000000000,7615908.0000000000,504000.0000000000,8119908.0000000000,수출3(중국), , 
20150428,KOMERI,PP,15 x 100M 0.55T15x100M0.55T자색,29595.0000000000,KG,984.8010631579,1578838.8000000000,65657584.0000000000,183821.0000000000,65841405.0000000000,4920501073173, ,PUS150202904
20150429,삼원산업,PP,PP12MPP12M／M12KG(황),2390.0000000000,KG,2141.6666666667,0.0000000000,4630500.0000000000,463050.0000000000,5093550.0000000000,100롤, , 
20150430,경인팩,PP,PP6MMPP6M／M10KG(백),1072.0000000000,KG,2162.5000000000,0.0000000000,2269200.0000000000,226920.0000000000,2496120.0000000000,20롤, , 
2015/04  계,,,,178409.5,,201102.6988300756,4195217.34,375573031,13915798,389488829,,,
20150501,자강산업(주),PP,스트레치필름(일반 핸드랩)15*500mm*450m,297.0000000000,롤,4077.6133333333,0.0000000000,1971396.0000000000,197139.0000000000,2168535.0000000000,216롤(직납), , 
20150504,합동포장기계,PP,PP12MPP12M／M12.5KG (황),6332.0000000000,KG,1971.9250000000,0.0000000000,12341697.0000000000,772021.0000000000,13113718.0000000000,170롤, , 
20150506,광림파워팩,PE,PE28mm 2kgPE28M／M(백)2KG,7717.0000000000,KG,2291.6666666667,0.0000000000,17115450.0000000000,1711545.0000000000,18826995.0000000000,20박스, , 
20150507,주식회사 에이씨티,PP,PP18MMx 21kg 삼성2300M두께0.80mm단중8.8g,7094.0000000000,KG,2081.7700000000,0.0000000000,14814674.0000000000,898100.0000000000,15712774.0000000000,수출154(멕시코), , 
20150508,해성수출포장,PE,PE28mm 2kgPE28M／M(백)2KG,5263.0000000000,KG,2300.0000000000,0.0000000000,11415550.0000000000,1141555.0000000000,12557105.0000000000,20박스, , 
20150511,주식회사 에이씨티,PP,PP18MMx 15kg 삼성1650M두께0.80mm단중8.56g,2229.0000000000,KG,1914.6500000000,0.0000000000,4210420.0000000000,78960.0000000000,4289380.0000000000,수출2(중국), , 
20150512,주식회사 에이씨티,PP,PP18MMx 21kg 삼성2300M두께0.80mm단중8.8g,5170.0000000000,KG,2082.4127272727,0.0000000000,9752511.0000000000,513102.0000000000,10265613.0000000000,수출71(멕시코), , 
20150513,(주)삼화인쇄,PE,PE28mm 2kgPE28M／M(백)2KG,2326.0000000000,KG,2387.5000000000,0.0000000000,5627600.0000000000,562760.0000000000,6190360.0000000000,10박스(쇼핑백1층), , 
20150514,신우교역,PP,PP12MPP12M／M10KG(황),3800.0000000000,KG,2322.5000000000,0.0000000000,7940000.0000000000,794000.0000000000,8734000.0000000000,50롤(0.65T) 납품장소 :한국스미더스, , 
20150515,주식회사 에이씨티,PP,PP18MMx 21kg 삼성2300M두께0.80mm단중8.8g,8350.0000000000,KG,7670.9639705882,0.0000000000,16135380.0000000000,529682.0000000000,16665062.0000000000,수출24(중국), , 
20150516,(주)대일상사 (전주),PE,PE28mm 2kgPE28M／M(백)2KG,200.0000000000,KG,3000.0000000000,0.0000000000,600000.0000000000,60000.0000000000,660000.0000000000,10박스, , 
20150518,주식회사 에이씨티,PP,PP18MMx 21kg 삼성2300M두께0.80mm단중8.8g,2826.0000000000,KG,2026.1150000000,0.0000000000,5307494.0000000000,530749.0000000000,5838243.0000000000,수출40(헝가리), , 
20150519,주식회사 에이씨티,PP,PP18MMx 21kg 삼성.12300M두께0.80mm단중8.8g,4994.0000000000,KG,2264.8733333333,0.0000000000,10485364.0000000000,912164.0000000000,11397528.0000000000,수출83(멕시코), , 
20150520,KOMERI,PP,15 x 100M 0.55T15x100M0.55T녹색,15416.0000000000,KG,1212.5624533333,3571054.0000000000,38054528.0000000000,577220.0000000000,38631748.0000000000,4920501073166, ,PUS150302914
20150521,PACKAGING HOUSE,PP,PP19MPP19M／M*0.55T 1000M Blue,11607.0000000000,KG,1452.7460736842,14537.2800000000,24008634.0000000000,393120.0000000000,24401754.0000000000,1030708 첨가)-수동엠보, ,H432474
20150522,케이디켐(주)안산지점,PP,스트레치필름(기능 핸드랩)15*500mm*400m,7730.0000000000,롤,2748.0000000000,0.0000000000,17926000.0000000000,1471750.0000000000,19397750.0000000000,40박스, , 
20150526,주식회사 에이씨티,PP,PP18MMx 21kg 삼성2300M두께0.80mm단중8.8g,9917.0000000000,KG,1657.5352941176,0.0000000000,9525268.0000000000,713875.0000000000,10239143.0000000000,수출47(브라질), , 
20150527,(주)대유위니아,PP,PP18MMx 15kg 위니아(0.95T)18MMx 15kg,7936.5000000000,KG,2555.2454545455,0.0000000000,17529765.0000000000,1601452.0000000000,19131217.0000000000,300롤, , 
20150528,주식회사 에이씨티,PP,PP18MMx 21kg 삼성2300M두께0.80mm단중8.8g,6215.0000000000,KG,1969.2312500000,0.0000000000,11473943.0000000000,757220.0000000000,12231163.0000000000,수출103(멕시코), , 
20150529,삼원산업,PP,PP12MPP12M／M12KG(황),2415.0000000000,KG,1937.5000000000,0.0000000000,4479000.0000000000,447900.0000000000,4926900.0000000000,100롤, , 
20150530,RLBUTTON,PP,"12 x 3,000M 0.63T12x3,000M0.63TCLEAR",27725.0000000000,KG,4.7057750000,57826.9600000000,64072270.0000000000,0.0000000000,64072270.0000000000,B100365, ,443492 (CH)
2015/05  계,,,,145559.5,,49929.5163318748,3643418.24,304786944,14664314,319451258,,,
20150601,주식회사 에이씨티,PP,PP18MMx 21kg 삼성2300M두께0.80mm단중8.8g,4942.5000000000,KG,9647.8970588235,0.0000000000,16259798.0000000000,1387328.0000000000,17647126.0000000000,수출14(인도), , 
20150602,(주)삼화인쇄,PP,PP10.5MPP10.5M10KG투명,6358.0000000000,KG,2178.3363636364,0.0000000000,13176776.0000000000,1317677.0000000000,14494453.0000000000,100롤(평판지하B판), , 
20150603,광림파워팩,PP,PP9MMPP9M／M9.5KG(황색),8850.0000000000,KG,1730.0000000000,0.0000000000,11521500.0000000000,1152150.0000000000,12673650.0000000000,100롤, , 
20150604,(주)한국유니콤,PE,PE28mm 2kgPE28M／M(백)2KG,2332.0000000000,KG,2735.7142857143,0.0000000000,6360000.0000000000,636000.0000000000,6996000.0000000000,25박스, , 
20150605,주식회사 에이씨티,PP,PP18MMx 21kg 삼성2300M두께0.80mm단중8.8g,5650.0000000000,KG,1914.4250000000,0.0000000000,10971375.0000000000,669082.0000000000,11640457.0000000000,수출25(인도), , 
20150606,J. BLACKWOOD ＆ SON PTY LTD.,PP,PP 12MM12MMx1000Mx0.55MM Blue,4920.0000000000,KG,2.1004500000,10347.0400000000,11484179.0000000000,0.0000000000,11484179.0000000000,01020452, ,HW043790ID
20150607,NORTH SHORE,PP,PP 06MM06MMx5486Mx0.48MM White (8x8),14632.0000000000,KG,2.1103125000,28477.3600000000,31607021.0000000000,0.0000000000,31607021.0000000000,1/4, ,VK040715
20150608,주식회사 에이씨티,PP,PP18MMx 21kg 삼성(내수)2300M두께0.80mm단중8.8g,4261.0000000000,KG,9166.1766666667,0.0000000000,9503052.0000000000,647256.0000000000,10150308.0000000000,내수20, , 
20150609,(주)동원화학,PE,우편물 자동파속끈 1호35m/m x 2kg (PE)백색,3633.0000000000,KG,2056.2500000000,0.0000000000,7500050.0000000000,750005.0000000000,8250055.0000000000,50박스(씨마켓입찰용), , 
20150610,주식회사 에이씨티,PP,PP18MMx 21kg 삼성2300M두께0.80mm단중8.8g,5327.0000000000,KG,1994.9000000000,0.0000000000,10640087.0000000000,566450.0000000000,11206537.0000000000,수출114(멕시코), , 
20150611,한서포장,PE,PE28mm 2kgPE28M／M(백)2KG,1488.0000000000,KG,2620.0000000000,0.0000000000,3865600.0000000000,386560.0000000000,4252160.0000000000,25박스, , 
20150612,공구백화점(신규),PE,PE28mm 2kgPE28M／M(백)2KG,4127.0000000000,KG,2335.7142857143,0.0000000000,9134950.0000000000,913495.0000000000,10048445.0000000000,40박스, , 
20150615,(주)탐스텍,PP,"9 x 4,000M 0.55T9 x 4,000M 0.55T Blue",4130.0000000000,KG,2361.1779363636,0.0000000000,8301000.0000000000,455220.0000000000,8756220.0000000000, , ,TT-150604A
20150616,주식회사 에이씨티,PP,PP18MMx 21kg 삼성(내수)2300M두께0.80mm단중8.8g,5379.0000000000,KG,5881.6250000000,0.0000000000,10121058.0000000000,677352.0000000000,10798410.0000000000,내수15, , 
20150617,주식회사 에이씨티,PP,PP18MMx 21kg 삼성.22300M두께0.80mm단중8.8g,10929.0000000000,KG,1392.7203578947,1631144.0000000000,24462949.0000000000,458000.0000000000,24920949.0000000000,수출73(멕시코), , 
20150618,주식회사 에이씨티,PP,PP18MMx 21kg 삼성2300M두께0.80mm단중8.8g,3354.0000000000,KG,2110.9250000000,0.0000000000,6161619.0000000000,124450.0000000000,6286069.0000000000,수출109(브라질), , 
20150619,주식회사 에이씨티,PP,PP18MMx 21kg 삼성2300M두께0.80mm단중8.8g,6383.0000000000,KG,2024.3611111111,0.0000000000,13570828.0000000000,872206.0000000000,14443034.0000000000,수출32롤(브라질), , 
20150620,경인팩,PE,"PE28mm, 6KGPE28M／M(백)6KG",560.0000000000,KG,2350.0000000000,0.0000000000,1316000.0000000000,131600.0000000000,1447600.0000000000,15박스, , 
20150622,PT. KINDO MAKMUR JAYA,PP,PP 05MM05MM x 6000M x 0.50MM White,2728.0000000000,KG,778.0222666667,593.2500000000,5174602.0000000000,451965.0000000000,5626567.0000000000, , ,KMJ-0606-15
20150623,주식회사 에이씨티,PP,PP18MMx 21kg 삼성2300M두께0.80mm단중8.8g,3727.0000000000,KG,1932.3100000000,0.0000000000,6931887.0000000000,212100.0000000000,7143987.0000000000,수출2(헝가리), , 
20150624,주식회사 에이씨티,PP,PP18MMx 21kg 삼성2300M두께0.80mm단중8.8g,5743.0000000000,KG,3952.4178571429,0.0000000000,19206556.0000000000,1519117.0000000000,20725673.0000000000,수출106(멕시코), , 
20150625,(주)삼화인쇄,PP,PP10.5MPP10.5M10KG(청),1945.0000000000,KG,102127.7777777778,0.0000000000,5983550.0000000000,598355.0000000000,6581905.0000000000,50롤(제책4층), , 
20150626,주식회사 에이씨티,PP,PP18MMx 15kg 삼성1650M두께0.80mm단중8.56g,2920.0000000000,KG,1991.3875000000,0.0000000000,5762126.0000000000,226225.0000000000,5988351.0000000000,수출42(슬로바키아), , 
20150629,주식회사 에이씨티,PP,PP18MMx 21kg 삼성(내수)2300M두께0.80mm단중8.8g,1908.0000000000,KG,2167.9500000000,0.0000000000,4254420.0000000000,425442.0000000000,4679862.0000000000,내수20, , 
20150630,경인팩,PE,PE28mm 2kgPE28M／M(백)2KG,188.0000000000,KG,5020.0000000000,0.0000000000,484520.0000000000,48452.0000000000,532972.0000000000,9박스, , 
2015/06  계,,,,116414.5,,170474.299230012,1670561.65,253755503,14626487,268381990,,,
20150701,남웅전자,PP,수축필름 24인치24인치x1332m (시맥스),2680.0000000000,롤,23472.1578947368,0.0000000000,8893892.0000000000,889389.0000000000,9783281.0000000000, , , 
20150702,PACKAGING HOUSE,PP,PP19M BUILDERSPP19M／M*300M 0.60T Blue,14686.0000000000,KG,1225.7973500000,12076.9600000000,31767579.0000000000,1825950.0000000000,33593529.0000000000,1888903, ,H436563
20150703,합동포장기계,PP,PP12MPP12M／M12.5KG (황),6710.0000000000,KG,1960.5045454545,0.0000000000,12838227.0000000000,1283822.0000000000,14122049.0000000000,200롤, , 
20150704,FWI CORPORATION(ABI),PP,PP18MMx 15kg 삼성1650M두께0.80mm단중8.56g,285.0000000000,KG,1.8041500000,250.0000000000,280800.0000000000,0.0000000000,280800.0000000000, , ,Sample
20150706,HIGHGATE DISTRIBUTION,PP,"12 x 3,000M 0.63T12x3,000M0.63TBLUE",10285.0000000000,KG,1193.7630400000,16024.0000000000,21480732.0000000000,353225.0000000000,21833957.0000000000,B12-50065, ,66923
20150707,제이케이머티리얼즈(주),PP,스트레치랩(일반)25*500mm*1400m(0.025T*500W*1400M),2084.0000000000,롤,11225.0000000000,0.0000000000,5995600.0000000000,599560.0000000000,6595160.0000000000,48박스(직납), , 
20150708,전주삼신산업,PE,PE28mm 2kgPE28M／M(백)2KG,2670.0000000000,KG,2600.0000000000,0.0000000000,6438500.0000000000,643850.0000000000,7082350.0000000000,15박스, , 
20150709,주식회사 에이씨티,PP,PP18MMx 21kg 삼성2300M두께0.80mm단중8.8g,5746.0000000000,KG,1856.3321428571,0.0000000000,10539875.0000000000,826700.0000000000,11366575.0000000000,수출15(헝가리), , 
20150710,삼원산업,PP,PP12MPP12M／M12KG(황),7040.0000000000,KG,1771.9785714286,0.0000000000,7041562.0000000000,704156.0000000000,7745718.0000000000,100롤, , 
20150711,J. BLACKWOOD ＆ SON PTY LTD.,PP,PP 12MM12MMx1000Mx0.55MM Blue,4997.0000000000,KG,2.1004500000,10485.7900000000,11913954.0000000000,0.0000000000,11913954.0000000000,01020452, ,HW043893ID
20150712,PUNCHBOWL,PP,PP19MPP19M／M*0.55T 1000M Blue,3240.0000000000,KG,8.6849000000,10016.5000000000,11380747.0000000000,0.0000000000,11380747.0000000000,413212, ,PBP310307
20150713,주식회사 에이씨티,PP,PP18MMx 21kg 삼성(내수)2300M두께0.80mm단중8.8g,3027.0000000000,KG,2115.9357142857,0.0000000000,5591647.0000000000,305362.0000000000,5897009.0000000000,내수20, , 
20150714,제일포장(김해),PE,PE28mm 2kgPE28M／M(백)2KG,6770.5000000000,KG,3040.7692307692,0.0000000000,16255905.0000000000,1625590.0000000000,17881495.0000000000,100박스, , 
20150715,"SANYU CO.,LTD",PP,15 x 100M 0.55T15x100M0.55T황색,12144.0000000000,KG,1044.6939900000,1866935.0000000000,27922505.0000000000,1067800.0000000000,28990305.0000000000,901, ,51 KIC
20150716,삼원산업,PP,PP12MPP12MM / 9.5KG(황),3165.0000000000,KG,4214.3750000000,0.0000000000,6952920.0000000000,695292.0000000000,7648212.0000000000,50롤, , 
20150717,주식회사 에이씨티,PP,PP18MMx 21kg 삼성2300M두께0.80mm단중8.8g,2241.0000000000,KG,2123.9333333333,0.0000000000,4594989.0000000000,198120.0000000000,4793109.0000000000,수출7(인도), , 
20150718,RLBUTTON,PP,"12 x 3,000M 0.63T12x3,000M0.63TBLUE",760.0000000000,KG,8.4024000000,14354.6000000000,16484822.0000000000,0.0000000000,16484822.0000000000,B100300, ,444554-1 (AU)
20150720,주식회사 에이씨티,PP,PP18MMx 21kg 삼성2300M두께0.80mm단중8.8g,3845.0000000000,KG,2073.4000000000,0.0000000000,8694645.0000000000,755820.0000000000,9450465.0000000000,수출9(헝가리), , 
20150721,대경(박타원),PE,PE28mm 2kgPE28M／M(백)2KG,807.5000000000,KG,2200.0000000000,0.0000000000,2016375.0000000000,201637.0000000000,2218012.0000000000,30박스, , 
20150722,신광포장기계,PP,PP15MPP15MM*10KG(황색),4790.0000000000,KG,2327.7777777778,0.0000000000,11520500.0000000000,1152050.0000000000,12672550.0000000000,20롤, , 
20150723,삼원포장산업,PE,PE28mm 2kgPE28M／M(백)2KG,1980.0000000000,KG,11151.5400000000,0.0000000000,5965680.0000000000,293520.0000000000,6259200.0000000000,12박스, , 
20150724,주식회사 에이씨티,PP,PP18MMx 21kg 삼성2300M두께0.80mm단중8.8g,6211.0000000000,KG,1877.2000000000,0.0000000000,11563101.0000000000,773712.0000000000,12336813.0000000000,수출7(인도), , 
20150725,대경(박타원),PE,"PE50mm, 6KGPE50M／M(백)6KG",240.0000000000,KG,2650.0000000000,0.0000000000,636000.0000000000,63600.0000000000,699600.0000000000,10박스, , 
20150726,NORTH SHORE,PP,PP 06MM06MMx5486Mx0.48MM White (8x8),14593.0000000000,KG,509.3279875000,32447.9200000000,37714217.0000000000,0.0000000000,37714217.0000000000,1/4, ,VK-071215
20150727,해성수출포장,PE,PE28mm 2kgPE28M／M(백)2KG,22890.0000000000,KG,11349.8059437500,34015.5000000000,51292314.0000000000,749860.0000000000,52042174.0000000000,20박스, , 
20150728,(주)대유위니아,PP,PP18MMx 15kg 위니아(0.95T)18MMx 15kg,25703.0000000000,KG,1143.5390000000,41338.8000000000,62267926.0000000000,1156050.0000000000,63423976.0000000000,300롤(오후납품요망), , 
20150729,주식회사 에이씨티,PP,PP18MMx 15kg 삼성1650M두께0.80mm단중8.56g,11670.0000000000,KG,1015.7532000000,15486.6500000000,24265709.0000000000,260236.0000000000,24525945.0000000000,수출106(슬로바키아)AIR, , 
20150730,서울포장기계,PP,PP12MPP12M／M10KG(백),5823.0000000000,KG,1888.7200000000,0.0000000000,10887797.0000000000,569810.0000000000,11457607.0000000000,100롤, , 
2015/07  계,,,,187083,,96053.296621893,2053431.72,433198520,16995111,450193631,,,
20150801,RLBUTTON,PP,"12 x 3,000M 0.63T12x3,000M0.63TBLUE",15690.0000000000,KG,4.1620363636,27583.2000000000,32170285.0000000000,0.0000000000,32170285.0000000000,B100300, ,444554-2 (AU)
20150803,TIGERPAK PACKAGING,PP,PP 12MM12MMx1000Mx0.50MM Blue,8347.0000000000,KG,1.8109833333,15131.0000000000,17694191.0000000000,0.0000000000,17694191.0000000000,4500, ,15103
20150804,주식회사 에이씨티,PP,PP18MMx 21kg 삼성2300M두께0.80mm단중8.8g,1792.5000000000,KG,1915.8875000000,0.0000000000,3278872.0000000000,29862.0000000000,3308734.0000000000,35,TSEC, 
20150805,주식회사 에이씨티,PP,PP18MMx 21kg 삼성2300M두께0.80mm단중8.8g,2949.0000000000,KG,2188.4625000000,0.0000000000,6094944.0000000000,329175.0000000000,6424119.0000000000,14,SEDA, 
20150806,MARKCOLIN,PP,"12 x 3,000M 0.75T12x3,000M0.75T 청색",5879.0000000000,KG,2432.2907416667,3384.0000000000,13168838.0000000000,696746.0000000000,13865584.0000000000,MA08-0001, ,86303 (LCL CARGO)
20150807,주식회사 에이씨티,PP,PP18MMx 21kg 삼성2300M두께0.80mm단중8.8g,5818.0000000000,KG,2076.4437500000,0.0000000000,11753173.0000000000,747262.0000000000,12500435.0000000000,5,SEH, 
20150808,PACKAGING HOUSE,PP,PP19M BUILDERSPP19M／M*300M 0.60T Blue,5791.0000000000,KG,2.0239333333,11852.6400000000,13869959.0000000000,0.0000000000,13869959.0000000000,1888903 UV차단제첨가)-수동엠보, ,H438238
20150810,주식회사 에이씨티,PP,PP18MMx 21kg 삼성(내수)2300M두께0.80mm단중8.8g,7792.0000000000,KG,1973.0794117647,0.0000000000,15117212.0000000000,822286.0000000000,15939498.0000000000,내수10, , 
20150811,합동포장기계,PE,PE28mm 2kgPE28M／M(백)2KG,7667.0000000000,KG,2195.4545454545,0.0000000000,16803550.0000000000,1680354.0000000000,18483904.0000000000,30박스, , 
20150812,KOMERI,PP,15 x 100M 0.55T15x100M0.55T녹색,7490.0000000000,KG,1325.4159466667,1690440.0000000000,19303180.0000000000,348404.0000000000,19651584.0000000000,4920501073166, ,PUS150521904
20150813,(주)삼화인쇄,PP,PP12MPP12M／M10KG(백),11813.0000000000,KG,2036.8118769231,0.0000000000,23053140.0000000000,938025.0000000000,23991165.0000000000,60롤(쇼핑백), , 
20150814,대상산업,PE,PE28mm 2kgPE28M／M(백)2KG,2645.0000000000,KG,2283.3333333333,0.0000000000,6189250.0000000000,618925.0000000000,6808175.0000000000,5박스, , 
20150815,PROPAK INDUSTRIES PTY LTD.,PP,"12 x 2,500M 0.65T12x2,500M0.65TWHITE",7993.0000000000,KG,2.0739400000,16543.7400000000,19692013.0000000000,0.0000000000,19692013.0000000000,ST400, ,18661
20150817,POWERPAK,PP,"15 x 1,000M 0.50T Grey15x1,000M0.50T회색",14858.0000000000,KG,1716.0197235294,16927.7000000000,30760261.0000000000,876242.0000000000,31636503.0000000000,4501, ,29122
20150818,주식회사 에이씨티,PP,PP18MMx 21kg 삼성2300M두께0.80mm단중8.8g,9379.0000000000,KG,1986.8142857143,0.0000000000,13015179.0000000000,320400.0000000000,13335579.0000000000,120,SAMEX, 
20150819,주식회사 에이씨티,PP,PP18MMx 21kg 삼성2300M두께0.80mm단중8.8g,7074.5000000000,KG,2421.5400000000,0.0000000000,13595087.0000000000,594312.0000000000,14189399.0000000000,12,SIEL, 
20150820,제이케이머티리얼즈(주),PP,PP18MPP18M／M10KG황색,1954.0000000000,KG,2289.0000000000,0.0000000000,3978400.0000000000,397840.0000000000,4376240.0000000000,100롤, , 
20150821,주식회사 에이씨티,PP,PP18MMx 21kg 삼성2300M두께0.80mm단중8.8g,13915.0000000000,KG,9119.2333333333,0.0000000000,27563587.0000000000,381220.0000000000,27944807.0000000000,150,SAMEX, 
20150824,주식회사 에이씨티,PP,PP18MMx 21kg 삼성2300M두께0.80mm단중8.8g,3210.0000000000,KG,1952.6950000000,0.0000000000,6057065.0000000000,283718.0000000000,6340783.0000000000,7,SEH, 
20150825,주식회사 에이씨티,PP,PP18MMx 21kg 삼성2300M두께0.80mm단중8.8g,6511.0000000000,KG,2208.2428571429,0.0000000000,12276751.0000000000,201100.0000000000,12477851.0000000000,165,SAMEX, 
20150826,주식회사 에이씨티,PP,PP18MMx 21kg 삼성.12300M두께0.80mm단중8.8g,5252.0000000000,KG,1923.1187500000,0.0000000000,9930872.0000000000,408072.0000000000,10338944.0000000000,46,TSEC, 
20150827,신우교역,PP,PP12MPP12M／M10KG(황),732.0000000000,KG,3095.2500000000,0.0000000000,1629092.0000000000,162909.0000000000,1792001.0000000000,50롤(0.65T) 납품장소 :한국스미더스, , 
20150828,주식회사 에이씨티,PP,PP18MMx 21kg 삼성2300M두께0.80mm단중8.8g,4517.0000000000,KG,2162.3944444444,0.0000000000,8641705.0000000000,561122.0000000000,9202827.0000000000,47,SDEA, 
20150829,파워엠팩,PP,PP10.5MPP10.5M10KG투명,200.0000000000,KG,2000.0000000000,0.0000000000,400000.0000000000,40000.0000000000,440000.0000000000,20롤, , 
20150831,광림파워팩,PP,PP12MPP12M／M12.5KG (황),5662.0000000000,KG,4835.7700000000,0.0000000000,12090573.0000000000,1084050.0000000000,13174623.0000000000,50롤, , 
2015/08  계,,,,164931,,54147.3288930035,1781862.28,338127179,11522024,349649203,,,
20150901,주식회사 지에스티코리아,PP,PP18MMx 21kg 삼성2300M두께0.80mm단중8.8g,43180.0000000000,KG,948.4368851852,49639.5800000000,82482445.0000000000,2375882.0000000000,84858327.0000000000,4롤(택배선불)8/27출고, , 
20150902,주식회사 에이씨티,PP,PP18MMx 21kg 삼성2300M두께0.80mm단중8.8g,6840.0000000000,KG,2112.0312500000,0.0000000000,14827134.0000000000,878181.0000000000,15705315.0000000000,89,SAMEX, 
20150903,광림파워팩,PP,PP12MPP12M／M12.5KG (황),6756.0000000000,KG,2130.1291666667,0.0000000000,13021130.0000000000,847541.0000000000,13868671.0000000000,100롤, , 
20150904,주식회사 에이씨티,PP,PP18MMx 21kg 삼성2300M두께0.80mm단중8.8g,9667.0000000000,KG,1903.9750000000,0.0000000000,17617667.0000000000,1417049.0000000000,19034716.0000000000,16,SIEL, 
20150905,RLBUTTON,PP,"12 x 3,000M 0.60T Clear w/Talleys Red printed12 x 3,000M 0.60T Clear w/Talleys Red printed",15305.0000000000,KG,3.6176000000,26965.7000000000,32024464.0000000000,0.0000000000,32024464.0000000000,B100360, ,445372
20150907,주식회사 에이씨티,PP,PP18MMx 21kg 삼성(내수)2300M두께0.80mm단중8.8g,3752.0000000000,KG,2199.5100000000,0.0000000000,7479415.0000000000,591970.0000000000,8071385.0000000000,내수20, , 
20150908,합동포장기계,PP,PP12MPP12M／M12.5KG (황),4952.5000000000,KG,1998.5714285714,0.0000000000,10054325.0000000000,1005432.0000000000,11059757.0000000000,150롤, , 
20150909,서울포장기계,PP,PP12MPP12M／M10KG(백),5550.0000000000,KG,2094.4444444444,0.0000000000,12389000.0000000000,1238900.0000000000,13627900.0000000000,50롤, , 
20150910,주식회사 에이씨티,PP,PP18MMx 21kg 삼성2300M두께0.80mm단중8.8g,2129.0000000000,KG,2771.1562500000,0.0000000000,4138409.0000000000,76700.0000000000,4215109.0000000000,18,SIEL, 
20150911,광림파워팩,PE,PE28mm 2kgPE28M／M(백)2KG,7150.0000000000,KG,5400.0000000000,0.0000000000,12194000.0000000000,1219400.0000000000,13413400.0000000000,20박스, , 
20150912,RLBUTTON,PP,"12 x 3,000M 0.63T12x3,000M0.63TCLEAR",8205.0000000000,KG,3.5629142857,13723.8200000000,16410943.0000000000,0.0000000000,16410943.0000000000,B100365, ,445371
20150914,주식회사 에이씨티,PP,PP18MMx 15kg 삼성1650M두께0.80mm단중8.56g,3032.0000000000,KG,2413.5884615385,0.0000000000,5924754.0000000000,270897.0000000000,6195651.0000000000,65,SESK(AIR)15K, 
20150915,KOMERI,PP,15 x 100M 0.55T15x100M0.55T녹색,8745.0000000000,KG,3726.7081217391,1566976.0000000000,20901561.0000000000,552216.0000000000,21453777.0000000000,4920501073166, ,PUS150618908
20150916,(주)동원화학,PE,우편물 자동파속끈 1호35m/m x 2kg (PE)백색,7798.0000000000,KG,1974.7142857143,0.0000000000,5989800.0000000000,598980.0000000000,6588780.0000000000,50박스(씨마켓입찰용), , 
20150917,주식회사 에이씨티,PP,PP18MMx 21kg 삼성2300M두께0.80mm단중8.8g,5811.0000000000,KG,1891.3750000000,0.0000000000,10533357.0000000000,288550.0000000000,10821907.0000000000,120,SAMEX, 
20150918,광림파워팩,PP,PP12MPP12M／M12.5KG (황),3518.0000000000,KG,9166.6666666667,0.0000000000,9025200.0000000000,902520.0000000000,9927720.0000000000,100롤, , 
20150919,PACKAGING HOUSE,PP,PP19MPP19M／M*0.55T 1000M Blue,7013.0000000000,KG,1.7076666667,11992.3200000000,14027416.0000000000,0.0000000000,14027416.0000000000,1030708 UV차단제첨가)-수동엠보, ,H440190
20150921,케이디켐(주)안산지점,PP,스트레치필름(일반 핸드랩 20)20*500mm*350m,6637.0000000000,롤,3114.7550000000,0.0000000000,12287410.0000000000,745017.0000000000,13032427.0000000000,30박스, , 
20150922,주식회사 에이씨티,PP,PP18MMx 21kg 삼성2300M두께0.80mm단중8.8g,7267.0000000000,KG,1808.5500000000,0.0000000000,13123987.0000000000,528262.0000000000,13652249.0000000000,131,SAMEX, 
20150923,(주)탐스텍,PP,"9 x 4,000M 0.55T9 x 4,000M 0.55T Blue",11940.0000000000,KG,2374.8803750000,0.0000000000,25012798.0000000000,1397500.0000000000,26410298.0000000000, , ,TT-150910A
20150924,주식회사 에이씨티,PP,PP18MMx 21kg 삼성(내수)2300M두께0.80mm단중8.8g,730.0000000000,KG,2076.9250000000,0.0000000000,1463182.0000000000,138742.0000000000,1601924.0000000000,내수20, , 
20150925,광림파워팩,PP,PP12MPP12M／M12.5KG (황),2400.0000000000,KG,1800.0000000000,0.0000000000,4320000.0000000000,432000.0000000000,4752000.0000000000,100롤, , 
20150929,POWERPAK,PP,PP 12MM12MMx1000Mx0.50MM Grey,7890.0000000000,KG,1.6831333333,13175.0000000000,15701965.0000000000,0.0000000000,15701965.0000000000,4500, ,29652
20150930,전주삼신산업,PP,PP6MMPP6M／M10KG(백),3678.0000000000,KG,2219.5071428571,0.0000000000,7393520.0000000000,284780.0000000000,7678300.0000000000,15롤(경동착불)화산지점, , 
2015/09  계,,,,189945.5,,54136.4957926691,1682472.42,368343882,15790519,384134401,,,
20151001,주식회사 에이씨티,PP,PP18MMx 21kg 삼성2300M두께0.80mm단중8.8g,3011.0000000000,KG,1892.3100000000,0.0000000000,5460404.0000000000,38435.0000000000,5498839.0000000000,117,SAMEX, 
20151002,광림파워팩,PP,PP12MPP12M／M10KG(황),5794.0000000000,KG,1992.5000000000,0.0000000000,10762150.0000000000,1076215.0000000000,11838365.0000000000,100롤, , 
20151003,FLEXIBLE,PP,"12 x 2,500M 0.60T Blue w/Black Print12 x 2,500M 0.60T Blue w/Black Print",8060.0000000000,KG,850.7500000000,11340.0000000000,14219860.0000000000,85000.0000000000,14304860.0000000000,FLEXIBLE PACKAGING PTE LTD 검정 인쇄, ,KIC-0115
20151005,주식회사 에이씨티,PP,PP18MMx 21kg 삼성2300M두께0.80mm단중8.8g,8920.0000000000,KG,2092.8763157895,0.0000000000,19179932.0000000000,1361142.0000000000,20541074.0000000000,17,SAMEX, 
20151006,전주삼신산업,PE,PE28mm 2kgPE28M／M(백)2KG,6424.0000000000,KG,2080.0000000000,0.0000000000,11590200.0000000000,1159020.0000000000,12749220.0000000000,20박스, , 
20151007,합동포장기계,PE,PE28mm 2kgPE28M／M(백)2KG,4888.0000000000,KG,2054.4444444444,0.0000000000,9568900.0000000000,956890.0000000000,10525790.0000000000,20박스, , 
20151008,MARKCOLIN,PP,"12 x 3,000M 0.75T12x3,000M0.75T 청색",4035.0000000000,KG,1479.3749000000,3158.4000000000,8344285.0000000000,232702.0000000000,8576987.0000000000,MA08-0001, ,87443 (LCL CARGO)
20151012,신한화학포장기계(주),PE,PE28mm 2kgPE28M／M(백)2KG,5025.0000000000,KG,2208.7500000000,0.0000000000,9698750.0000000000,969875.0000000000,10668625.0000000000,50박스, , 
20151013,KOMERI,PP,15 x 100M 0.55T15x100M0.55T녹색,10681.0000000000,KG,1132.1861473684,1601420.0000000000,21371422.0000000000,121420.0000000000,21492842.0000000000,4920501073166, ,PUS150723912
20151014,주식회사 에이씨티,PP,PP18MMx 15kg 삼성1650M두께0.80mm단중8.56g,3191.0000000000,KG,2128.8875000000,0.0000000000,6528047.0000000000,385002.0000000000,6913049.0000000000,48,SESK(AIR)15K, 
20151015,파워엠팩,PP,PP10.5MPP10.5M10KG투명,3665.5000000000,KG,1851.0000000000,0.0000000000,6379625.0000000000,637962.0000000000,7017587.0000000000,100롤(k2코리아), , 
20151016,주식회사 에이씨티,PP,PP18MMx 21kg 삼성2300M두께0.80mm단중8.8g,6683.0000000000,KG,1978.0892857143,0.0000000000,12837776.0000000000,984517.0000000000,13822293.0000000000,54,TSEC, 
20151017,J. BLACKWOOD ＆ SON PTY LTD.,PP,PP 12MM12MMx1000Mx0.55MM Blue,11639.0000000000,KG,226.8774428571,1728861.0000000000,27975416.0000000000,0.0000000000,27975416.0000000000,01020452, ,HW044315ID
20151019,(주)대유위니아,PP,PP18MMx 15kg 위니아(0.95T)18MMx 15kg,6512.0000000000,KG,2241.2500000000,0.0000000000,11892600.0000000000,1189260.0000000000,13081860.0000000000,300롤(이동표 발주), , 
20151020,주식회사 에이씨티,PP,PP18MMx 21kg 삼성2300M두께0.80mm단중8.8g,16830.0000000000,KG,6183.1357619048,0.0000000000,31268809.0000000000,464712.0000000000,31733521.0000000000,131,SAMEX, 
20151021,주식회사 에이씨티,PP,PP18MMx 15kg 삼성1650M두께0.80mm단중8.56g,3433.0000000000,KG,1944.2583333333,0.0000000000,6175118.0000000000,228902.0000000000,6404020.0000000000,143,SESK(AIR)15K, 
20151022,삼성종합포장,PE,PE28mm 2kgPE28M／M(백)2KG,3257.0000000000,KG,2671.0583333333,0.0000000000,7188331.0000000000,493276.0000000000,7681607.0000000000,30박스, , 
20151023,광림파워팩,PP,PP12MPP12M／M12.5KG (황),14164.0000000000,KG,7145.3333333333,0.0000000000,7708250.0000000000,770825.0000000000,8479075.0000000000,50롤, , 
20151026,주식회사 에이씨티,PP,PP18MMx 21kg 삼성2300M두께0.80mm단중8.8g,4041.0000000000,KG,1948.9142857143,0.0000000000,7666609.0000000000,465177.0000000000,8131786.0000000000,31,SAMEX, 
20151027,경인팩,PE,PE28mm 2kgPE28M／M(백)2KG,1730.0000000000,KG,2080.0000000000,0.0000000000,3474000.0000000000,347400.0000000000,3821400.0000000000,21박스, , 
20151028,금산포장,PP,PP12MPP12M／M12.5KG(투명),3765.0000000000,KG,2408.3333333333,0.0000000000,8424750.0000000000,842475.0000000000,9267225.0000000000,50롤, , 
20151029,(주)대유위니아,PP,PP18MMx 15kg 위니아(0.95T)18MMx 15kg,5220.0000000000,KG,2066.0000000000,0.0000000000,9106000.0000000000,910600.0000000000,10016600.0000000000,300롤, , 
20151030,주식회사 에이씨티,PP,PP18MMx 21kg 삼성2300M두께0.80mm단중8.8g,27228.0000000000,KG,1855.1127777778,41662.8000000000,62604808.0000000000,1077072.0000000000,63681880.0000000000,2,SEH, 
20151031,RLBUTTON,PP,"12 x 3,000M 0.63T12x3,000M0.63TCLEAR",15716.0000000000,KG,4.0319181818,24961.2000000000,28513178.0000000000,0.0000000000,28513178.0000000000,B100365, ,446097 (AU)
2015/10  계,,,,183912.5,,52515.4741130856,3411403.4,347939220,14797879,362737099,,,
20151102,(주)삼화인쇄,PP,PP 11MM11MM-10KG(백),16731.0000000000,KG,6393.9035368421,13512.0000000000,36052512.0000000000,1199300.0000000000,37251812.0000000000,50롤(제책3층),10/27출고, 
20151103,KOMERI,PP,15 x 100M 0.55T15x100M0.55T녹색,9358.0000000000,KG,1243.4374588235,1576504.0000000000,21366927.0000000000,648000.0000000000,22014927.0000000000,4920501073166, ,PUS150812904
20151104,주식회사 에이씨티,PP,PP18MMx 21kg 삼성2300M두께0.80mm단중8.8g,6194.0000000000,KG,2000.9625000000,0.0000000000,11628737.0000000000,685573.0000000000,12314310.0000000000,126,SAMEX, 
20151105,주식회사 에이씨티,PP,PP18MMx 21kg 삼성2300M두께0.80mm단중8.8g,4358.0000000000,KG,2951.3607142857,0.0000000000,8567575.0000000000,496886.0000000000,9064461.0000000000,8,SIEL, 
20151106,PACKAGING HOUSE,PP,PP 12MM12MMx1000Mx0.55MM Blue,16678.0000000000,KG,1358.4466947368,10350.7200000000,32974303.0000000000,2120450.0000000000,35094753.0000000000,1379117, ,H442164
20151109,(주)대유위니아,PP,PP18MMx 15kg 위니아(0.95T)18MMx 15kg,9205.0000000000,KG,2568.3650000000,0.0000000000,16988650.0000000000,1260025.0000000000,18248675.0000000000,300롤, , 
20151110,주식회사 에이씨티,PP,PP18MMx 21kg 삼성2300M두께0.80mm단중8.8g,6449.0000000000,KG,2011.0260869565,0.0000000000,12397474.0000000000,612372.0000000000,13009846.0000000000,2(생활가전),SEDA, 
20151111,서울포장기계,PP,PP12MPP12M／M10KG(황),4762.5000000000,KG,1874.5454545455,0.0000000000,8266875.0000000000,826687.0000000000,9093562.0000000000,50롤, , 
20151112,(주)동원화학,PE,우편물 자동파속끈 1호35m/m x 2kg (PE)백색,6140.0000000000,KG,1770.2400000000,1843.2000000000,12433427.0000000000,1030490.0000000000,13463917.0000000000,50박스(씨마켓입찰용), , 
20151113,주식회사 에이씨티,PP,PP18MMx 15kg 삼성1650M두께0.80mm단중8.56g,4293.0000000000,KG,1875.6653846154,0.0000000000,7962786.0000000000,275219.0000000000,8238005.0000000000,100,SESK(AIR)15K, 
20151116,제이케이머티리얼즈(주),PP,PP18MPP18M／M10KG황색,1636.0000000000,KG,3693.3333333333,0.0000000000,4116880.0000000000,411688.0000000000,4528568.0000000000,100롤(원료3포), , 
20151117,주식회사 에이씨티,PP,PP18MMx 21kg 삼성2300M두께0.80mm단중8.8g,3395.0000000000,KG,1928.6000000000,0.0000000000,6826476.0000000000,323141.0000000000,7149617.0000000000,40,TSEC, 
20151118,광림파워팩,PE,PE28mm 2kgPE28M／M(백)2KG,5613.0000000000,KG,1826.2500000000,0.0000000000,6937090.0000000000,693709.0000000000,7630799.0000000000,30박스, , 
20151119,주식회사 에이씨티,PP,PP18MMx 21kg 삼성(내수)2300M두께0.80mm단중8.8g,5841.0000000000,KG,2331.6133333333,0.0000000000,11949656.0000000000,700541.0000000000,12650197.0000000000,내수15, , 
20151120,(주)대유위니아,PP,PP18MMx 15kg 위니아(0.95T)18MMx 15kg,7412.0000000000,KG,2678.7500000000,0.0000000000,13587950.0000000000,1358795.0000000000,14946745.0000000000,300롤, , 
20151121,RLBUTTON,PP,"12 x 3,000M 0.63T12x3,000M0.63TCLEAR",15736.0000000000,KG,6.9222600000,24683.8400000000,28736925.0000000000,0.0000000000,28736925.0000000000,B100365, ,446438 (CH)
20151123,주식회사 에이씨티,PP,PP18MMx 21kg 삼성2300M두께0.80mm단중8.8g,5223.0000000000,KG,2031.3333333333,0.0000000000,11341416.0000000000,858096.0000000000,12199512.0000000000,1,SAMEX, 
20151124,광림파워팩,PP,PP12MPP12M／M12.5KG (황),4711.0000000000,KG,1842.0000000000,0.0000000000,8164550.0000000000,816455.0000000000,8981005.0000000000,50롤, , 
20151125,(주)삼화인쇄,PP,PP15MPP15MM*10KG(황색),15176.0000000000,KG,4846.7623653846,12319.5000000000,28964939.0000000000,1150714.0000000000,30115653.0000000000,50롤(제책4층), , 
20151127,동일접착,PE,PE28mm 2kgPE28M／M(백)2KG,5060.0000000000,KG,1988.8888888889,0.0000000000,10406500.0000000000,1040650.0000000000,11447150.0000000000,50박스, , 
20151130,주식회사 에이씨티,PP,PP18MMx 21kg 삼성2300M두께0.80mm단중8.8g,3449.0000000000,KG,1840.8000000000,0.0000000000,6094550.0000000000,252495.0000000000,6347045.0000000000,40,TSEC, 
2015/11  계,,,,157420.5,,49063.2063450789,1639213.26,305766198,16761286,322527484,,,
20151201,(주)삼화인쇄,PP,PP 11MM11MM-10KG(백),11697.0000000000,KG,11190.0000000000,0.0000000000,38528660.0000000000,3852866.0000000000,42381526.0000000000,50롤(제책3층)/11/26출고, , 
20151202,주식회사 에이씨티,PP,PP18MMx 21kg 삼성2300M두께0.80mm단중8.8g,4646.0000000000,KG,8885.6285714286,0.0000000000,8341152.0000000000,166600.0000000000,8507752.0000000000,111,SAMEX, 
20151203,주식회사 에이씨티,PP,PP18MMx 21kg 삼성2300M두께0.80mm단중8.8g,9950.0000000000,KG,2191.4777777778,0.0000000000,18777328.0000000000,1401812.0000000000,20179140.0000000000,11, , 
20151204,삼원산업,PP,PP12MPP12M／M12KG(황),2212.0000000000,KG,2075.0000000000,0.0000000000,4217600.0000000000,421760.0000000000,4639360.0000000000,100롤, , 
20151205,NORTH SHORE,PP,"9 x 3,475M 0.56T White (8x8)9 x 3,475M 0.56T 백색",14743.0000000000,KG,694.7338500000,28488.9000000000,33257941.0000000000,0.0000000000,33257941.0000000000,NSM-738W, ,VK-111516
20151207,전주삼신산업,PE,PE28mm 2kgPE28M／M(백)2KG,7373.0000000000,KG,1902.9411764706,0.0000000000,13318052.0000000000,565350.0000000000,13883402.0000000000,20박스(택배선불), , 
20151208,광림파워팩,PP,PP12MPP12M／M12.5KG (황),6779.0000000000,KG,2042.7272727273,0.0000000000,14243050.0000000000,1424305.0000000000,15667355.0000000000,100롤, , 
20151209,주식회사 에이씨티,PP,PP18MMx 21kg 삼성2300M두께0.80mm단중8.8g,4595.0000000000,KG,1831.1500000000,0.0000000000,8989526.0000000000,734751.0000000000,9724277.0000000000,20,SEDA, 
20151210,신우교역,PP,PP12MPP12M／M10KG(황),2848.0000000000,KG,2037.5000000000,0.0000000000,5175400.0000000000,517540.0000000000,5692940.0000000000,100롤(0.65T) 납품장소 :한국스미더스, , 
20151211,(주)탐스텍,PP,"9 x 4,000M 0.55T9 x 4,000M 0.55T Blue",8143.0000000000,KG,1914.6911800000,0.0000000000,14793010.0000000000,298000.0000000000,15091010.0000000000, , ,TT-151123A
20151213,PUNCHBOWL,PP,PP19M Premium BlackPP19M／M*1000M 0.8T Black,9570.2000000000,KG,1.7234000000,15397.2000000000,18130203.0000000000,0.0000000000,18130203.0000000000,413201-수동용엠보, ,PBP310363
20151214,주식회사 에이씨티,PP,PP18MMx 21kg 삼성2300M두께0.80mm단중8.8g,6724.0000000000,KG,1887.9882352941,0.0000000000,12443730.0000000000,793517.0000000000,13237247.0000000000,1,SIEL, 
20151215,주식회사 에이씨티,PP,PP18MMx 21kg 삼성2300M두께0.80mm단중8.8g,4321.0000000000,KG,12862.4500000000,0.0000000000,12786576.0000000000,989520.0000000000,13776096.0000000000,51롤,SEDA(M)-MANAUS, 
20151216,KOMERI,PP,15 x 100M 0.55T15x100M0.55T녹색,15942.0000000000,KG,2736.8190695652,1497367.9600000000,36820153.0000000000,970592.0000000000,37790745.0000000000,4920501073166, ,PUS151030901
20151217,TIGERPAK PACKAGING,PP,PP 12MM12MMx1000Mx0.50MM Blue,12947.1000000000,KG,1494.1839700000,13241.5000000000,24501034.0000000000,889990.0000000000,25391024.0000000000,4500, ,15972
20151218,삼원산업,PP,PP15MPP15MM*10KG(황색),3190.0000000000,KG,1930.0000000000,0.0000000000,5489000.0000000000,548900.0000000000,6037900.0000000000,150롤, , 
20151221,우정사업본부,PP,우편물 자동파속끈4호9mmx1950m x7kg(백색),8200.0000000000,KG,1899.1071428571,0.0000000000,14410613.0000000000,309498.0000000000,14720111.0000000000,50롤, , 
20151222,대경(박타원),PE,PE28mm 2kgPE28M／M(적)2KG,1706.5000000000,KG,2798.3333333333,0.0000000000,3826480.0000000000,382648.0000000000,4209128.0000000000,5박스, , 
20151223,광림파워팩,PP,PP9MMPP9M／M9.5KG(황색),4810.0000000000,KG,1948.0000000000,0.0000000000,9205250.0000000000,920525.0000000000,10125775.0000000000,50롤, , 
20151224,주식회사 에이씨티,PP,PP18MMx 21kg 삼성2300M두께0.80mm단중8.8g,3348.0000000000,KG,1782.3090909091,0.0000000000,6123608.0000000000,124800.0000000000,6248408.0000000000,20롤중8롤만적용(생활가전),SEDA(M)DAS,PD15123003
20151226,STAPLES AUSTRALIA PTY LTD.,PP,STEEL 16.0MM*0.50MM*13KG BLACK MINI RIBBON16.0MM*0.50MM*13KG BLACK MINI RIBBON,15307.0000000000,KG,4.5688666667,24254.3600000000,28418832.0000000000,0.0000000000,28418832.0000000000,87015567, ,4700 003635
20151227,FLEXIBLE,PP,"12 x 2,500M 0.60T12 x 2,500M 0.60T Green",3600.0000000000,KG,1.5013000000,5404.5000000000,6332452.0000000000,0.0000000000,6332452.0000000000, , ,KIC-0215
20151228,한서포장,PE,PE28mm 2kgPE28M／M(백)2KG,9245.0000000000,KG,1906.2500000000,0.0000000000,11518500.0000000000,1151850.0000000000,12670350.0000000000,20박스, , 
20151229,경인팩,PP,PP12MPP12M／M12.5KG (황),800.0000000000,KG,1900.0000000000,0.0000000000,1480000.0000000000,148000.0000000000,1628000.0000000000,10롤, , 
20151230,주식회사 에이씨티,PP,PP18MMx 21kg 삼성2300M두께0.80mm단중8.8g,7276.0000000000,KG,2009.6727272727,0.0000000000,14030664.0000000000,705132.0000000000,14735796.0000000000,68,SAMEX,PD15123416
20151231,유정화학산업사,PE,PE28mm 2kgPE28M／M(백)2KG,1140.0000000000,KG,2000.0000000000,0.0000000000,1974000.0000000000,197400.0000000000,2171400.0000000000,2박스, , 
2015/12  계,,,,181112.8,,71928.7569643025,1584154.42,367132814,17515356,384648170,,,
20160103,PROPAK INDUSTRIES PTY LTD.,PP,"12 x 2,500M 0.65T12x2,500M0.65TWHITE",7377.0000000000,KG,1.7616250000,13017.0400000000,15255970.0000000000,0.0000000000,15255970.0000000000,ST400, ,19340
20160104,(주)동원화학,PE,우편물 자동파속끈 1호35m/m x 2kg (PE)백색,13480.0000000000,KG,1844.4636363636,0.0000000000,24897704.0000000000,1690180.0000000000,26587884.0000000000,80박스, , 
20160105,대경(박타원),PE,PE28mm 2kgPE28M／M(백)2KG,7525.0000000000,KG,2233.5714285714,0.0000000000,12315750.0000000000,1231575.0000000000,13547325.0000000000,50박스, , 
20160106,유진지관공업(주),PP,PP 11MM11mm x 1400M x 1.1T 검정 (10Kg),6470.0000000000,KG,2024.5500000000,0.0000000000,12331028.0000000000,987266.0000000000,13318294.0000000000,30롤, , 
20160107,주식회사 에이씨티,PP,PP18MMx 15kg 삼성1650M두께0.80mm단중8.56g,1916.0000000000,KG,1884.5388888889,0.0000000000,4082825.0000000000,349384.0000000000,4432209.0000000000,23,SESK(AIR)15K,PD15121041
20160108,해성수출포장,PE,PE28mm 2kgPE28M／M(백)2KG,15590.0000000000,KG,1928.9090909091,0.0000000000,11612000.0000000000,1161200.0000000000,12773200.0000000000,20박스, , 
20160109,HI-TECH PACKAGING LTD.,PP,PP19M BUILDERSPP19M／M*300M 0.60T Blue,7222.0000000000,KG,279.0564100000,1608628.7200000000,19222383.0000000000,0.0000000000,19222383.0000000000,P.465, ,23610 (LCL)
20160111,PACKAGING HOUSE,PP,PP 12MM12MMx1000Mx0.55MM Blue,11752.0000000000,KG,1554.4066375000,12620.6400000000,25477469.0000000000,1038066.0000000000,26515535.0000000000,1379117, ,H444256
20160112,금산포장,PP,PP12MPP12M／M12.5KG(녹색),6043.5000000000,KG,2068.1818181818,0.0000000000,11802925.0000000000,1180292.0000000000,12983217.0000000000,60롤, , 
20160113,"SANYU CO.,LTD",PP,15 x 100M 0.55T15x100M0.55T황색,25973.0000000000,KG,1019.3906657895,1735187.8400000000,53407327.0000000000,329500.0000000000,53736827.0000000000,901, ,53 KIC
20160114,(주)대유위니아,PP,PP18MMx 15kg 위니아(0.95T)18MMx 15kg,5206.0000000000,KG,1995.0000000000,0.0000000000,9093800.0000000000,909380.0000000000,10003180.0000000000,300롤, , 
20160115,(주)아이마켓코리아,PP,PP18MMx 21kg 삼성(내수)2300M두께0.80mm단중8.8g,8644.0000000000,KG,1802.8181818182,0.0000000000,15221742.0000000000,858822.0000000000,16080564.0000000000,21,SEH-VD,5178902041
20160116,WESFARMERS INDUSTRIAL AND SAFE,PP,PP 12MM12MMx1000Mx0.55MM Blue,6061.0000000000,KG,951.2648600000,10254.5800000000,14785729.0000000000,235000.0000000000,15020729.0000000000,01020452, ,CD071927ID
20160118,제이케이머티리얼즈(주)/순성공장,PP,PP18MPP18M／M10KG(황),1512.0000000000,KG,17246.6666666667,0.0000000000,3216000.0000000000,321600.0000000000,3537600.0000000000,100롤, , 
20160119,창미포장기계,PE,PE28mm 2kgPE28M／M(백)2KG,5592.0000000000,KG,2028.5714285714,0.0000000000,10273400.0000000000,1027340.0000000000,11300740.0000000000,1박스, , 
20160120,광신화학공업사,PP,PP10.5MPP10.5M10KG투명,6156.0000000000,KG,1668.4055555556,0.0000000000,10139456.0000000000,212000.0000000000,10351456.0000000000,100롤(납품장소:낙원직납), , 
20160121,(주)아이마켓코리아,PP,PP18MMx 21kg 삼성(내수)2300M두께0.80mm단중8.8g,6309.0000000000,KG,1667.7894736842,0.0000000000,10552210.0000000000,275820.0000000000,10828030.0000000000,3,SIEL(N)-TV,5179173498
20160122,광림파워팩,PP,PP15MPP15MM*10KG(황색),4428.0000000000,KG,158947.1428571429,0.0000000000,10722600.0000000000,1072260.0000000000,11794860.0000000000,50롤, , 
20160123,파워엠팩,PP,PP10.5MPP10.5M10KG(청),500.0000000000,KG,1700.0000000000,0.0000000000,850000.0000000000,85000.0000000000,935000.0000000000,50롤(두산동아), , 
20160124,PUNCHBOWL,PP,PP19M Premium BlackPP19M／M*1000M 0.8T Black,8005.0000000000,KG,1.7150000000,13678.2000000000,16549254.0000000000,0.0000000000,16549254.0000000000,413201-수동용엠보, ,PBP310402
20160125,(주)아이마켓코리아,PP,PP18MMx 21kg 삼성(내수)2300M두께0.80mm단중8.8g,9317.0000000000,KG,3196.2500000000,0.0000000000,26390962.0000000000,1961500.0000000000,28352462.0000000000,36,SIEL(C)-AC,5178333564
20160126,(주)삼화인쇄,PP,PP10.5MPP10.5M10KG(황),2049.0000000000,KG,7098.1818181818,0.0000000000,7831500.0000000000,783150.0000000000,8614650.0000000000,50(제책4층), , 
20160127,삼성종합포장,PE,PE28mm 2kgPE28M／M(백)2KG,2572.0000000000,KG,4132.5000000000,0.0000000000,6668600.0000000000,666860.0000000000,7335460.0000000000,1박스, , 
20160128,(주)아이마켓코리아,PP,PP18MMx 21kg 삼성2300M두께0.80mm단중8.8g,7685.0000000000,KG,8761.8665555556,0.0000000000,14267198.0000000000,337600.0000000000,14604798.0000000000,7,TSEC,517963428
20160129,광림파워팩,PE,PE28mm 2kgPE28M／M(백)2KG,5265.0000000000,KG,2068.7500000000,0.0000000000,10039500.0000000000,1003950.0000000000,11043450.0000000000,20박스, , 
20160130,RLBUTTON,PP,"12 x 3,000M 0.63T12x3,000M0.63TCLEAR",7866.0000000000,KG,8.2552500000,12043.2800000000,14553099.0000000000,0.0000000000,14553099.0000000000,B100365, ,447158 (CH)
2016/01  계,,,,190515.5,,228114.0078483807,3405430.3,371560431,17717745,389278176,,,
20160201,(주)동원화학,PE,우편물 자동파속끈 1호35m/m x 2kg (PE)백색,9652.0000000000,KG,2181.4906250000,0.0000000000,20467581.0000000000,2046758.0000000000,22514339.0000000000,40박스, , 
20160202,(주)아이마켓코리아,PP,PP18MMx 21kg 삼성2300M두께0.80mm단중8.8g,7703.0000000000,KG,1871.7200000000,0.0000000000,13532678.0000000000,673364.0000000000,14206042.0000000000,3,SEDA(M)-MANAUS,5180190912
20160203,광림파워팩,PP,PP18MPP18M／M10KG(황),4645.5000000000,KG,5975.0000000000,0.0000000000,10597325.0000000000,1059732.0000000000,11657057.0000000000,30, , 
20160204,(주)아이마켓코리아,PP,PP18MMx 15kg 삼성1650M두께0.80mm단중8.56g,4375.0000000000,KG,1793.8666666667,0.0000000000,7372544.0000000000,361325.0000000000,7733869.0000000000,46,SESK(VD),5180190649
20160205,대경(박타원),PE,PE28mm 2kgPE28M／M(백)2KG,1382.0000000000,KG,2345.8600000000,0.0000000000,3031652.0000000000,230200.0000000000,3261852.0000000000,15박스, , 
20160206,RLBUTTON,PP,"12 x 3,000M 0.63T12x3,000M0.63TBLUE",15732.0000000000,KG,3.5334461538,23200.0700000000,27902723.0000000000,0.0000000000,27902723.0000000000,B100300, ,447472 (AU)
20160207,RICK MACGOWAN AGENCIES,PP,"12 x 3,000M 0.65T12x3,000M0.65T CLEAR",15203.0000000000,KG,1.5159333333,22688.9200000000,27287964.0000000000,0.0000000000,27287964.0000000000, , ,00054491
20160208,PACKAGING HOUSE,PP,PP19M BUILDERSPP19M／M*300M 0.60T Blue,6513.0000000000,KG,1.8070000000,11540.1600000000,13879350.0000000000,0.0000000000,13879350.0000000000,1888903 UV차단제첨가)-수동엠보, ,H446327
20160209,KOMERI,PP,15 x 100M 0.55T15x100M0.55T녹색,6162.0000000000,KG,309.8263111111,1596062.0000000000,16429862.0000000000,0.0000000000,16429862.0000000000,4920501073166, ,PUS151203912
20160210,SMART SHIELD PACKAGING,PP,"9 x 4,023M 0.56T White (8x8)9 x 4,023M 0.56T 백색",14100.0000000000,KG,1.8916000000,26736.0000000000,32155387.0000000000,0.0000000000,32155387.0000000000,SD42202, ,17653
20160211,전주삼신산업,PP,PP15MPP15M／M9KG(황),7636.0000000000,KG,1646.4666666667,0.0000000000,14617366.0000000000,795100.0000000000,15412466.0000000000,50롤(운송합파선불),"운송료 90,000", 
20160212,선도기업,PP,스트레치필름(일반 핸드랩)15*500mm*400m,3181.0000000000,박스,2675.0000000000,0.0000000000,5874250.0000000000,587425.0000000000,6461675.0000000000,6박스, , 
20160215,대경(박타원),PE,"PE28mm, 6KGPE28M／M(백)6KG",4948.0000000000,KG,2050.0000000000,0.0000000000,9624400.0000000000,962440.0000000000,10586840.0000000000,25박스, , 
20160216,(주)아이마켓코리아,PP,PP18MMx 21kg 삼성2300M두께0.80mm단중8.8g,6075.0000000000,KG,3740.9560000000,0.0000000000,10889204.0000000000,445500.0000000000,11334704.0000000000,1,SIEL(N)-TV,5180700430
20160217,제이케이머티리얼즈(주)/순성공장,PP,PP18MPP18M／M10KG(황),4388.0000000000,KG,2028.7500000000,0.0000000000,8057800.0000000000,805780.0000000000,8863580.0000000000,50롤, , 
20160218,광림파워팩,PP,PP12MPP12M／M12.5KG (황),4164.0000000000,KG,2000.0000000000,0.0000000000,8622450.0000000000,862245.0000000000,9484695.0000000000,50, , 
20160219,(주)아이마켓코리아,PP,PP18MMx 15kg 삼성1650M두께0.80mm단중8.56g,5594.0000000000,KG,1803.4428571429,0.0000000000,9106823.0000000000,228400.0000000000,9335223.0000000000,93,SESK(VD),5180876285
20160222,(주)아이마켓코리아,PP,PP18MMx 21kg 삼성2300M두께0.80mm단중8.8g,7181.0000000000,KG,1867.2375000000,0.0000000000,12992758.0000000000,592840.0000000000,13585598.0000000000,31,SIEL(C)-AC,5179939798
20160223,삼원산업,PE,PE28mm 2kgPE28M／M(백)2KG,2286.0000000000,KG,1905.8600000000,0.0000000000,4616380.0000000000,461638.0000000000,5078018.0000000000,20박스, , 
20160224,"SANYU CO.,LTD",PP,15 x 100M 0.55T15x100M0.55T황색,12575.0000000000,KG,1081.1440500000,1677180.0000000000,28022118.0000000000,960249.0000000000,28982367.0000000000,901, ,54 KIC
20160225,(주)아이마켓코리아,PP,PP18MMx 15kg 삼성1650M두께0.80mm단중8.56g,3757.0000000000,KG,1589.8928571429,0.0000000000,5973095.0000000000,42500.0000000000,6015595.0000000000,5,내수 CKD,5181676069
20160226,(주)아이마켓코리아,PP,PP18MMx 21kg 삼성2300M두께0.80mm단중8.8g,1911.0000000000,KG,1579.3000000000,0.0000000000,3018106.0000000000,0.0000000000,3018106.0000000000,2,SIEL(C)-AC,5181693207
20160227,RLBUTTON,PP,"12 x 3,000M 0.63T12x3,000M0.63TCLEAR",7866.0000000000,KG,8.2324000000,11684.2400000000,14442889.0000000000,0.0000000000,14442889.0000000000,B100365, ,447159 (CH)
20160229,경인팩,PE,PE28mm 2kgPE28M／M(백)2KG,3018.0000000000,KG,1700.0000000000,0.0000000000,2531400.0000000000,253140.0000000000,2784540.0000000000,20박스, , 
2016/02  계,,,,160047.5,,40162.7939132174,3369091.39,311046105,11368636,322414741,,,
20160302,대경(박타원),PE,PE28mm 2kgPE28M／M(청)2KG,18975.0000000000,KG,1987.3875000000,0.0000000000,37431985.0000000000,3099778.0000000000,40531763.0000000000,25박스, , 
20160303,서울포장기계,PP,PP12MPP12M／M10KG(백),7174.0000000000,KG,1887.5000000000,0.0000000000,8846200.0000000000,884620.0000000000,9730820.0000000000,100롤, , 
20160304,제이케이머티리얼즈(주)/순성공장,PP,PP18MPP18M／M10KG(황),4770.0000000000,KG,2403.6363636364,0.0000000000,9251900.0000000000,925190.0000000000,10177090.0000000000,100롤, , 
20160305,PUNCHBOWL,PP,PP19M Premium BlackPP19M／M*1000M 0.8T Black,28272.0000000000,KG,2.7617363636,44178.7200000000,53849441.0000000000,0.0000000000,53849441.0000000000,413201-수동용엠보, ,PBP310411-3RD
20160307,PACKAGING HOUSE,PP,PP19M BUILDERSPP19M／M*300M 0.60T Blue,14096.0000000000,KG,1554.0815714286,13675.2000000000,28937829.0000000000,1241135.0000000000,30178964.0000000000,1888903 UV차단제첨가)-수동엠보, ,H448308
20160308,삼보팩,PP,PP12MPP12M／M10KG(황),7058.0000000000,KG,1819.6062500000,0.0000000000,12013548.0000000000,627583.0000000000,12641131.0000000000,50롤, , 
20160309,한서포장,PP,PP12MPP12MM / 9.5KG(황),2238.5000000000,KG,1791.6666666667,0.0000000000,4043525.0000000000,404352.0000000000,4447877.0000000000,103 R/L, , 
20160310,서울포장기계,PP,PP12MPP12M／M10KG(황),19565.0000000000,KG,1330.7945100000,34066.5000000000,46480264.0000000000,510650.0000000000,46990914.0000000000,50R/L, , 
20160311,(주)아이마켓코리아,PP,PP18MMx 15kg 삼성1650M두께0.80mm단중8.56g,5828.0000000000,KG,1655.3473684211,0.0000000000,10129273.0000000000,568575.0000000000,10697848.0000000000,20,SESK LCM,5181909097
20160312,KOMERI,PP,15 x 100M 0.55T15x100M0.55T녹색,6644.0000000000,KG,443.8436800000,1603250.0000000000,17955084.0000000000,82500.0000000000,18037584.0000000000,4920501073166, ,PUS151211902
20160314,아민트레이딩,PP,"12 x 3,000M 0.55-60T12 x 3,000M 0.55T 백색 단중3.2",6760.0000000000,KG,2330.0000000000,0.0000000000,11312000.0000000000,1131200.0000000000,12443200.0000000000,500롤, , 
20160315,광림파워팩,PP,PP9MMPP9M／M9.5KG(황색),7904.0000000000,KG,11196.4285714286,0.0000000000,24570910.0000000000,2457091.0000000000,27028001.0000000000,100, , 
20160316,아민트레이딩,PP,"12 x 3,000M 0.55-60T12 x 3,000M 0.55T 백색 단중3.2",16506.0000000000,KG,21083.6389466667,0.0000000000,26844900.0000000000,1585290.0000000000,28430190.0000000000,500롤, , 
20160317,(주)아이마켓코리아,PP,PP18MMx 21kg 삼성2300M두께0.80mm단중8.8g,3233.0000000000,KG,86468.6923076923,0.0000000000,7062592.0000000000,334800.0000000000,7397392.0000000000,18,SEH-VD,5181512771
20160318,아민트레이딩,PP,"12 x 3,000M 0.55-60T12 x 3,000M 0.55T 백색 단중3.2",5576.0000000000,KG,1842.5000000000,0.0000000000,8231800.0000000000,823180.0000000000,9054980.0000000000,500롤, , 
20160321,삼원산업,PP,PP12MPP12M／M12KG(황),30048.0000000000,KG,6735.3333333333,0.0000000000,12454200.0000000000,1245420.0000000000,13699620.0000000000,200롤, , 
20160322,(주)아이마켓코리아,PP,PP18MMx 21kg 삼성2300M두께0.80mm단중8.8g,8032.0000000000,KG,2153.2863636364,0.0000000000,14906985.0000000000,882823.0000000000,15789808.0000000000,4,TSEC,5182860082
20160323,강원농협연합포장재가공사업소,PP,PP12MPP12M／M12.5KG (황),5378.0000000000,KG,10054.7500000000,0.0000000000,10722400.0000000000,1072240.0000000000,11794640.0000000000,300롤, , 
20160324,서울포장기계,PP,PP12MPP12M／M10KG(백),2452.5000000000,KG,1817.2400000000,0.0000000000,4678829.0000000000,401262.0000000000,5080091.0000000000,50R/L, , 
20160325,(주)삼화인쇄,PP,PP10.5MPP10.5M10KG(청),1350.0000000000,KG,2050.0000000000,0.0000000000,2702500.0000000000,270250.0000000000,2972750.0000000000,50롤 (제책3층)선거용, , 
20160326,PUNCHBOWL,PP,PP19M Premium BlackPP19M／M*1000M 0.8T Black,31415.0000000000,KG,165.5327588235,1643084.1600000000,61396647.0000000000,0.0000000000,61396647.0000000000,413201-수동용엠보, ,PBP310411-4TH
20160328,광림파워팩,PE,PE28mm 2kgPE28M／M(백)2KG,15002.5000000000,KG,93545.8333333333,0.0000000000,32882275.0000000000,3288227.0000000000,36170502.0000000000,30박스, , 
20160329,NORTH SHORE,PP,"9 x 3,932M 0.56T (8x8)9x3,932M 0.56T 백색",20874.0000000000,KG,2924.9608535714,24162.6400000000,37748621.0000000000,275530.0000000000,38024151.0000000000,NSM-738WA, ,VK-022316
20160330,대원포장기계,PE,PE28mm 2kgPE28M／M(백)2KG,1408.0000000000,KG,2250.0000000000,0.0000000000,3107600.0000000000,310760.0000000000,3418360.0000000000,10박스(경동화물), , 
20160331,파워엠팩,PP,PP10MPP10M／M11KG녹색투명,2295.0000000000,KG,1980.0000000000,0.0000000000,4437950.0000000000,443795.0000000000,4881745.0000000000,51(대구다오), , 
2016/03  계,,,,272854.5,,261474.8221150019,3362417.22,491999258,22866251,514865509,,,
20160401,한서포장,PP,PP12MPP12MM / 9.5KG(황),12432.0000000000,KG,1888.4888888889,0.0000000000,22769677.0000000000,1844583.0000000000,24614260.0000000000,102 R/L, , 
20160402,NORTH SHORE,PP,PP 06MM06MMx5486Mx0.55MM Yellow,15564.0000000000,KG,657.8756777778,26612.9400000000,31283509.0000000000,82500.0000000000,31366009.0000000000, , ,VK-022316-1
20160404,광림파워팩,PP,PP15MPP15M／M13KG(황),3186.0000000000,KG,1995.0000000000,0.0000000000,5738500.0000000000,573850.0000000000,6312350.0000000000,50롤, , 
20160405,조은상사,PE,"PE28mm, 6KGPE28M／M(백)6KG",3581.0000000000,KG,1806.8900000000,0.0000000000,6346201.0000000000,174550.0000000000,6520751.0000000000,21박스, , 
20160406,신광포장기계(부산),PE,PE28mm 2kgPE28M／M(백)2KG,4152.0000000000,KG,1700.6375000000,0.0000000000,6824944.0000000000,158471.0000000000,6983415.0000000000,5박스(황금농장), , 
20160407,(주)한국유니콤,PE,PE28mm 2kgPE28M／M(백)2KG,3490.0000000000,KG,2233.3333333333,0.0000000000,7547000.0000000000,754700.0000000000,8301700.0000000000,25박스(무지박스), , 
20160408,광림파워팩,PP,PP15MPP15MM*10KG(황색),3948.0000000000,KG,2131.8181818182,0.0000000000,7938800.0000000000,793880.0000000000,8732680.0000000000,50, , 
20160409,KONZ TRADING LTD.,PP,"15 x 2,500M 0.64T15 x 2,500M 0.64T 청색",7915.0000000000,KG,825.7525500000,11326.0000000000,13719367.0000000000,64350.0000000000,13783717.0000000000, , ,KONZDAN1016
20160411,(주)삼화인쇄,PP,PP12MPP12M／M10KG(백),2696.0000000000,KG,2255.0000000000,0.0000000000,5402000.0000000000,540200.0000000000,5942200.0000000000,100롤(쇼핑백1층), , 
20160412,(주)아이마켓코리아,PP,PP18MMx 21kg 삼성2300M두께0.80mm단중8.8g,10352.0000000000,KG,1721.2360000000,0.0000000000,14585920.0000000000,1060600.0000000000,15646520.0000000000,2,TSEC,5184658098
20160413,경인팩,PP,PP6MMPP6M／M10KG(백),2860.0000000000,KG,2050.0000000000,0.0000000000,6067000.0000000000,606700.0000000000,6673700.0000000000,50롤, , 
20160414,대영포장(주)발안공장,PP,PP7MPP 7MM*3600M 9.2 KG 백색,3975.0000000000,kg,1901.9037142857,0.0000000000,7011320.0000000000,468250.0000000000,7479570.0000000000,100R/L, , 
20160415,(주)아이마켓코리아,PP,PP18MMx 21kg 삼성2300M두께0.80mm단중8.8g,5509.0000000000,KG,1614.6500000000,0.0000000000,8760694.0000000000,182900.0000000000,8943594.0000000000,190,SAMEX-CTV,5185261168
20160416,RLBUTTON,PP,"12 x 3,000M 0.63T12x3,000M0.63TBLUE",17577.0000000000,KG,282.6217833333,23328.6400000000,29432252.0000000000,252500.0000000000,29684752.0000000000,B100300, ,448762 (AU)
20160418,PROPAK INDUSTRIES PTY LTD.,PP,"12 x 2,500M 0.65T12x2,500M0.65TWHITE",36482.0000000000,KG,1217.3152838710,39494.8800000000,68061890.0000000000,1837734.0000000000,69899624.0000000000,ST400, ,19817
20160419,제이케이머티리얼즈(주)／순성공장,PP,스트레치랩(일반 기계랩)25*500mm*1400m(0.025T*500W*1400M),23064.0000000000,롤,6973.8476470588,33807.6000000000,59248128.0000000000,2033220.0000000000,61281348.0000000000,48박스, , 
20160420,(주)드림패키지,PP,스트레치필름(기능 핸드랩)15*500mm*400m,2532.0000000000,롤,145657.5000000000,0.0000000000,7960400.0000000000,796040.0000000000,8756440.0000000000,20박스, , 
20160421,HIGHGATE DISTRIBUTION,PP,PP 12MM12MMx1000Mx0.55MM Blue,10717.0000000000,KG,1339.8640214286,11844.3800000000,18163088.0000000000,432866.0000000000,18595954.0000000000,B10-50005, ,68382
20160422,한서포장,PP,PP12MPP12MM / 9.5KG(황),2957.0000000000,KG,3471.4285714286,0.0000000000,5761700.0000000000,576170.0000000000,6337870.0000000000,102 R/L, , 
20160423,HI-TECH PACKAGING LTD.,PP,PP19M BUILDERSPP19M／M*300M 0.60T Blue,1267.0000000000,KG,2.0182000000,2557.4400000000,2902438.0000000000,0.0000000000,2902438.0000000000,P.465, ,23851 (LCL)
20160425,제일포장(김해),PE,PE28mm 2kgPE28M／M(백)2KG,4151.0000000000,KG,2054.0538461538,0.0000000000,9231486.0000000000,644410.0000000000,9875896.0000000000,100박스, , 
20160426,대전인재사,PE,PE28mm 2kgPE28M／M(백)2KG,5894.0000000000,KG,2145.0000000000,0.0000000000,11123000.0000000000,1112300.0000000000,12235300.0000000000,10박스, , 
20160427,호성수출포장,PP,스트레치필름(일반 핸드랩 20)20*500mm*350m,744.5000000000,롤,17950.0000000000,0.0000000000,4474850.0000000000,447485.0000000000,4922335.0000000000,53박스, , 
20160428,KOMERI,PP,15 x 100M 0.55T15x100M0.55T녹색,9260.0000000000,KG,1037.2792550000,1436726.0000000000,20070584.0000000000,334640.0000000000,20405224.0000000000,4920501073166, ,PUS160205911
20160429,동양프린팅,PE,PE28mm 2kgPE28M／M(백)2KG,740.0000000000,KG,2800.0000000000,0.0000000000,1932000.0000000000,193200.0000000000,2125200.0000000000,1 BOX, , 
20160430,경인팩,PE,PE28mm 2kgPE28M／M(백)2KG,1010.5000000000,KG,2011.9565000000,0.0000000000,1984650.0000000000,198465.0000000000,2183115.0000000000,17박스, , 
2016/04  계,,,,196056,,209725.470954378,1585697.88,384341398,16164564,400505962,,,
20160501,"SANYU CO.,LTD",PP,15 x 100M 0.55T15x100M0.55T황색,7186.0000000000,KG,256.8670400000,1583470.0000000000,16756121.0000000000,0.0000000000,16756121.0000000000,901, ,55 KIC
20160502,대경(박타원),PE,"PE28mm, 6KGPE28M／M(백)6KG",5339.0000000000,KG,1919.8000000000,0.0000000000,7426950.0000000000,742695.0000000000,8169645.0000000000,25박스, , 
20160503,(주)아이마켓코리아,PP,PP17.5MMx 21kg 삼성2300M두께0.60mm단중8.7g (무엠보),4211.5000000000,KG,1924.0833333333,0.0000000000,6626903.0000000000,233189.0000000000,6860092.0000000000,2,VD(이건효),5186131072
20160504,합동포장기계,PP,PP12MPP12M／M12.5(백색),9826.0000000000,KG,2377.5838000000,0.0000000000,20136581.0000000000,2013658.0000000000,22150239.0000000000,42롤, , 
20160505,PARAMOUNT PAPER MERCHANTS PTY LTD.,PP,PP 12MM12MMx1000Mx0.55MM Blue,6281.0000000000,KG,3.4018428571,9208.2000000000,10470644.0000000000,0.0000000000,10470644.0000000000,PS12X1D, ,94775
20160506,광림파워팩,PP,PP12MPP12M／M12.5KG (황),3845.0000000000,KG,2122.7272727273,0.0000000000,7278250.0000000000,727825.0000000000,8006075.0000000000,50, , 
20160507,대영포장(주)발안공장,PP,PP7MPP 7MM*3600M 9.2 KG 백색,1380.0000000000,kg,1847.8260000000,0.0000000000,2550000.0000000000,255000.0000000000,2805000.0000000000,"150롤(@\17,000)", , 
20160509,POWERPAK,PP,"15 x 1,000M 0.50T Grey15x1,000M0.50T회색",12730.0000000000,KG,996.8257818182,13361.5000000000,21863740.0000000000,645125.0000000000,22508865.0000000000,4501, ,31351
20160510,파워엠팩,PP,PP9M/MPP9M/M*11KG(녹색투명),6535.0000000000,KG,1891.6260869565,0.0000000000,10968458.0000000000,622572.0000000000,11591030.0000000000,100(대구다오), , 
20160511,서울포장기계,PP,PP12MPP12M／M10KG(백),7200.5000000000,KG,55424.8736842105,0.0000000000,14886080.0000000000,924786.0000000000,15810866.0000000000,100R/L, , 
20160512,삼원산업,PP,PP12MPP12M／M12KG(황),21206.5000000000,KG,4396.6036846154,34360.0000000000,47159816.0000000000,702390.0000000000,47862206.0000000000,100, , 
20160513,(주)삼화인쇄,PP,PP12MPP12M／M10KG(백),4212.0000000000,KG,86235.0576923077,0.0000000000,6446318.0000000000,558687.0000000000,7005005.0000000000,50롤(쇼핑백1층), , 
20160514,RLBUTTON,PP,"12 x 3,000M 0.63T12x3,000M0.63TBLUE",7276.0000000000,KG,4.1685000000,10753.3600000000,12517986.0000000000,0.0000000000,12517986.0000000000,B100300, ,449499 (AU)
20160516,주식회사 삼성종합포장,PE,PE28mm 2kgPE28M／M(백)2KG,4065.0000000000,KG,44639.7826000000,0.0000000000,7860000.0000000000,786000.0000000000,8646000.0000000000,30박스, , 
20160517,(주)삼신,PE,PE28mm 2kgPE28M／M(백)2KG,5854.0000000000,KG,51671.7000000000,0.0000000000,13280102.0000000000,963040.0000000000,14243142.0000000000,100박스, , 
20160518,광진산업(주),PP,PP15MPP15M／M10KG(회색),7945.0000000000,KG,2037.5465714286,0.0000000000,15425500.0000000000,1542550.0000000000,16968050.0000000000,50롤, , 
20160519,ANDERSON WHOLESALE PACKAGING PTY LTD.,PP,PP 12MM12MMx1000Mx0.50MM Blue,12387.0000000000,KG,1404.3001937500,11735.0000000000,21054814.0000000000,287659.0000000000,21342473.0000000000,2012, ,1012
20160520,동방포장기자재,PP,PP12MPP12M／M12KG(황),7219.0000000000,KG,2577.3478181818,0.0000000000,8344800.0000000000,834480.0000000000,9179280.0000000000,72롤(0.63T 무지패드), , 
20160521,STAPLES AUSTRALIA PTY LTD.,PP,PP19M HD BlackPP19M／M*1000M1.0TBlack,3154.0000000000,KG,576.3037500000,5340.1500000000,6524650.0000000000,16560.0000000000,6541210.0000000000,87015508, ,4700 004035 (LCL)
20160523,(주)한제피앤에스,PP,PP 12MM12MMx1000Mx0.50MM Blue,12828.0000000000,KG,47072.8808217391,0.0000000000,25174155.0000000000,667752.0000000000,25841907.0000000000,50.005, ,HJ16-APS01
20160524,KOMERI,PP,15 x 100M 0.55T15x100M0.55T녹색,6213.0000000000,KG,1212.5362888889,1367580.0000000000,15497250.0000000000,68800.0000000000,15566050.0000000000,4920501073166, ,PUS160229910
20160525,상일교역상사,PE,PE28mm 1.8kgPE28M／M(백) 1.8KG,21678.0000000000,KG,1374.2978571429,34136.1000000000,46124388.0000000000,555022.0000000000,46679410.0000000000,046010, ,CWC LA 4005462
20160526,(주)유경산업지대,PE,PE28mm 2kgPE28M／M(백)2KG,6196.0000000000,KG,6610.8888888889,0.0000000000,13125000.0000000000,1312500.0000000000,14437500.0000000000,30박스(다마스 배송), , 
20160527,삼원산업,PP,PP12MPP12M／M12KG(황),8519.0000000000,KG,2460.0000000000,0.0000000000,17460550.0000000000,1746055.0000000000,19206605.0000000000,150롤, , 
20160530,(주)아이마켓코리아,PP,PP18MMx 21kg 삼성2300M두께0.80mm단중8.8g,7026.0000000000,KG,1690.4461538462,0.0000000000,11238924.0000000000,277150.0000000000,11516074.0000000000,11,SEDA(M)-MANAUS,5187861638
20160531,(주)아이마켓코리아,PP,PP17.5MMx 21kg 삼성2300M두께0.60mm단중8.7g (무엠보),1340.0000000000,KG,1985.9416666667,0.0000000000,2373772.0000000000,140446.0000000000,2514218.0000000000,6롤,SIEL(C)-TV,5188229815
2016/05  계,,,,201652.5,,324715.4173293591,3069944.31,388571752,16623941,405195693,,,
20160601,금산포장,PE,PE28mm 2kgPE28M／M(백)2KG,11460.0000000000,KG,58764.7348571429,0.0000000000,20651280.0000000000,2063750.0000000000,22715030.0000000000,30박스, , 
20160602,신한포장기계(주),PE,PE28mm 2kgPE28M／M(백)2KG,10703.0000000000,KG,1575.4118100000,10782.0100000000,24432312.0000000000,1157800.0000000000,25590112.0000000000,50박스, , 
20160603,해성수출포장,PE,PE28mm 2kgPE28M／M(백)2KG,4973.0000000000,KG,2330.0000000000,0.0000000000,9908900.0000000000,990890.0000000000,10899790.0000000000,20박스, , 
20160606,PACKAGING HOUSE,PP,PP19M BUILDERSPP19M／M*300M 0.60T Blue,7928.0000000000,KG,521.2861400000,11711.3600000000,15179833.0000000000,124800.0000000000,15304633.0000000000,1888903 UV차단제첨가)-수동엠보, ,H453170
20160607,(주)아이마켓코리아,PP,PP18MMx 21kg 삼성2300M두께0.80mm단중8.8g,7349.0000000000,KG,1832.2421052632,0.0000000000,12576195.0000000000,481390.0000000000,13057585.0000000000,1,SIEL(C)-MO,5187312195
20160608,제이케이머티리얼즈(주)/신평공장,상품,스트레치랩(일반 기계랩)25*500mm*1400m(0.025T*500W*1400M),3067.0000000000,롤,6291.1444444444,0.0000000000,7113741.0000000000,345034.0000000000,7458775.0000000000,44박스, , 
20160609,대경(박타원),PE,PE28mm 2kgPE28M／M(황)2KG,2411.0000000000,KG,4928.9250000000,0.0000000000,5073036.0000000000,278458.0000000000,5351494.0000000000,10박스+1박스, , 
20160610,서울포장기계,PP,PP12MPP12M／M10KG(백),11452.0000000000,KG,104200.1920909091,0.0000000000,24702129.0000000000,1941419.0000000000,26643548.0000000000,100롤, , 
20160611,RLBUTTON,PP,"12 x 3,000M 0.63T12x3,000M0.63TCLEAR",8060.0000000000,KG,5.9377000000,11865.6200000000,13714283.0000000000,0.0000000000,13714283.0000000000,B100365, ,450046 (CH)
20160613,(주)아이마켓코리아,PP,PP18MMx 21kg 삼성2300M두께0.80mm단중8.8g,10612.0000000000,KG,1803.4400000000,0.0000000000,17073672.0000000000,75600.0000000000,17149272.0000000000,39,SEH-VD,5189247907
20160614,광림파워팩,PE,PE28mm 2kgPE28M／M(백)2KG,5846.0000000000,KG,2179.1666666667,0.0000000000,10680250.0000000000,1068025.0000000000,11748275.0000000000,30박스, , 
20160615,대상산업,PE,PE28mm 2kgPE28M／M(백)2KG,815.0000000000,KG,2690.0000000000,0.0000000000,2014250.0000000000,201425.0000000000,2215675.0000000000,20박스, , 
20160616,주식회사 엠피아이,PE,PE28mm 2kgPE28M／M(백)2KG,2200.0000000000,KG,2200.0000000000,0.0000000000,4400000.0000000000,440000.0000000000,4840000.0000000000,10박스(택배착불), , 
20160617,파워엠팩,PP,PP9M/MPP9M/M*11KG(녹색투명),13243.0000000000,KG,1510.4657575758,0.0000000000,10568733.0000000000,452300.0000000000,11021033.0000000000,100롤(대구다오), , 
20160618,RLBUTTON,PP,"12 x 3,000M 0.63T12x3,000M0.63TBLUE",17074.0000000000,KG,3.6984666667,25224.0600000000,29514672.0000000000,0.0000000000,29514672.0000000000,B100300, ,450045 (AU)
20160620,(주)아이마켓코리아,PP,PP18MMx 21kg 삼성2300M두께0.80mm단중8.8g,5977.0000000000,KG,1892.7550000000,0.0000000000,10452156.0000000000,772966.0000000000,11225122.0000000000,10,내수,5189137623
20160621,제이케이머티리얼즈(주)／순성공장,PP,PP18MPP18M／M10KG(황),5459.0000000000,KG,2100.8333333333,0.0000000000,10591550.0000000000,1059155.0000000000,11650705.0000000000,200롤, , 
20160622,광림파워팩,PP,PP12MPP12M／M,8258.0000000000,KG,93562.8600000000,0.0000000000,11383683.0000000000,618375.0000000000,12002058.0000000000,50(대흥인쇄), , 
20160623,삼원산업,PP,PP12MPP12M／M12KG(황),4920.0000000000,KG,1880.0000000000,0.0000000000,8263000.0000000000,826300.0000000000,9089300.0000000000,100롤, , 
20160624,(주)아이마켓코리아,PP,PP17.5MMx 21kg 삼성2300M두께0.60mm단중8.7g (무엠보),3792.0000000000,KG,1671.3214285714,0.0000000000,5897177.0000000000,74566.0000000000,5971743.0000000000,20,SIEL(N)-TV,5190237383
20160625,PACKAGING HOUSE,PP,PP19M BUILDERSPP19M／M*300M 0.60T Blue,6452.0000000000,KG,1.5876500000,10417.1200000000,11992188.0000000000,0.0000000000,11992188.0000000000,1888903 UV차단제첨가)-수동엠보, ,H454665
20160627,대영포장(주)안산공장,PP,PP7MPP 7MM*3600M 9.2 KG 백색,5620.0000000000,kg,2244.4565000000,0.0000000000,9805000.0000000000,980500.0000000000,10785500.0000000000,"100롤(@\17,000)", , 
20160628,KOMERI,PP,15 x 100M 0.55T15x100M0.55T녹색,11761.5000000000,KG,1239.3128366667,1412822.0000000000,25651416.0000000000,420075.0000000000,26071491.0000000000,4920501073166, ,PUS160329901
20160629,(주)아이마켓코리아,PP,PP18MMx 21kg 삼성2300M두께0.80mm단중8.8g,8260.0000000000,KG,2353.7200000000,0.0000000000,14952188.0000000000,788783.0000000000,15740971.0000000000,8,SAMEX-CTV, 
20160630,서울포장기계,PP,PP12MPP12M／M10KG(황),2712.0000000000,KG,1787.5000000000,0.0000000000,4785400.0000000000,478540.0000000000,5263940.0000000000,50롤, , 
2016/06  계,,,,180404.5,,299570.9917872402,1482822.17,321377044,15640151,337017195,,,
20160701,대경(박타원),PE,PE28mm 2kgPE28M／M(청)2KG,11814.0000000000,KG,2169.4117647059,0.0000000000,24182150.0000000000,2418215.0000000000,26600365.0000000000,10박스, , 
20160702,대상산업,PE,PE28mm 2kgPE28M／M(백)2KG,840.0000000000,KG,2633.3333333333,0.0000000000,2190000.0000000000,219000.0000000000,2409000.0000000000,30박스, , 
20160704,POWERPAK,PP,PP 12MM12MMx1000Mx0.50MM Grey,12380.5000000000,KG,1462.8099307692,12578.0000000000,22965785.0000000000,853253.0000000000,23819038.0000000000,4500, ,31989
20160705,한국전자금융(주),PP,인쇄11mm x 0.70T x 1000m화폐밴딩끈 지관200x190,2782.0000000000,KG,2677.7037033333,0.0000000000,6369900.0000000000,636990.0000000000,7006890.0000000000,"50롤강서자금센터(신한은행인쇄밴드)(1롤 @\16,500)", , 
20160706,"SANYU CO.,LTD",PP,15 x 100M 0.55T15x100M0.55T황색,16119.0000000000,KG,1423.9125090909,1646025.0000000000,35384752.0000000000,1023735.0000000000,36408487.0000000000,901, ,56 KIC
20160707,진정산업포장기계,PP,PP12MPP12MM x 2630M x 11.5KG (황색),2901.0000000000,KG,7858.7500000000,0.0000000000,8248530.0000000000,824853.0000000000,9073383.0000000000,50롤, , 
20160708,대영포장(주)안산공장,PP,PP7MPP 7MM*3600M 9.2 KG 백색,5027.0000000000,kg,244872.2953750000,0.0000000000,12687368.0000000000,837002.0000000000,13524370.0000000000,"100롤(@\17,000)", , 
20160709,HI-TECH PACKAGING LTD.,PP,PP19M BUILDERSPP19M／M*300M 0.60T Blue,1690.0000000000,KG,2.0182000000,3409.9200000000,3943913.0000000000,0.0000000000,3943913.0000000000,P.465, ,24093 (LCL)
20160711,(주)탐스텍,PP,"12 x 3,000M 0.60T12x3,000M0.60TBLUE",10735.0000000000,KG,24616.2074300000,0.0000000000,14255180.0000000000,823340.0000000000,15078520.0000000000,수동용엠보, ,TT-16060701A
20160712,(주)아이마켓코리아,PP,PP18MMx 21kg 삼성2300M두께0.80mm단중8.8g,5760.0000000000,KG,1609.4750000000,0.0000000000,9133160.0000000000,51000.0000000000,9184160.0000000000,220,SAMEX-CTV,5191177511
20160713,광림파워팩,PP,PP12MPP12M／M10KG(황),5480.0000000000,KG,1885.7142857143,0.0000000000,10100250.0000000000,1010025.0000000000,11110275.0000000000,50롤, , 
20160714,삼원산업,PP,PP15MPP15MM*10KG(황색),6314.0000000000,KG,1824.3400000000,0.0000000000,11870694.0000000000,736156.0000000000,12606850.0000000000,100롤, , 
20160715,강원농협연합포장재가공사업소,PP,PP12MPP12M／M12.5KG (황),6830.0000000000,KG,1827.7611111111,0.0000000000,12451631.0000000000,1245163.0000000000,13696794.0000000000,80롤(7/13납품), , 
20160716,KOMERI,PP,15 x 100M 0.55T15x100M0.55T녹색,6220.0000000000,KG,278.4983444444,1379214.0000000000,14953162.0000000000,0.0000000000,14953162.0000000000,4920501073166, ,PUS160421933
20160718,(주)삼신,PE,"PE28mm, 6KGPE28M／M(백)6KG",6681.0000000000,KG,5227.9841818182,0.0000000000,13593780.0000000000,1359378.0000000000,14953158.0000000000,10박스, , 
20160719,(주)아이마켓코리아,PP,PP18MMx 15kg 삼성1650M두께0.80mm단중8.56g,8794.0000000000,KG,1866.1032500000,0.0000000000,15804487.0000000000,812800.0000000000,16617287.0000000000,100,SESK(VD),5191569340
20160720,광신화학공업사,PP,PP10.5MPP10.5M10KG투명,6450.0000000000,KG,2685.5555555556,0.0000000000,12791500.0000000000,1279150.0000000000,14070650.0000000000,100롤(납품장소:낙원직납), , 
20160721,오익플라스틱,PP,PP12MPP12M／M10KG(백),5794.0000000000,KG,1944.1615384615,0.0000000000,10324381.0000000000,426005.0000000000,10750386.0000000000,20롤, , 
20160722,한국전자금융(주),PP,무인쇄 11mm x 0.70T x 1000m화폐밴딩끈 지관200x190,1743.0000000000,KG,3025.8571428571,0.0000000000,4568400.0000000000,456840.0000000000,5025240.0000000000,"10롤(@\15,000) - 강서자금센터", , 
20160725,PACKAGING HOUSE,PP,PP19M BUILDERSPP19M／M*300M 0.60T Blue,14018.0000000000,KG,3534.7827608696,11275.2000000000,24263416.0000000000,313965.0000000000,24577381.0000000000,1888903 UV차단제첨가)-수동엠보, ,H456157
20160726,광림파워팩,PP,PP12MPP12M／M10KG(황),8440.0000000000,KG,1793.3125000000,0.0000000000,13620342.0000000000,576000.0000000000,14196342.0000000000,100롤, , 
20160727,신광포장기계,PP,PP15MPP15MM*10KG(황색),5959.0000000000,KG,2218.4000000000,0.0000000000,9828770.0000000000,168868.0000000000,9997638.0000000000,50R/L, , 
20160728,HIGHGATE DISTRIBUTION,PP,PP19M HD BlackPP19M／M*1000M1.0TBlack,13776.0000000000,KG,1376.4559407407,13861.0800000000,23854772.0000000000,427750.0000000000,24282522.0000000000,B09-50030, ,68832
20160729,경인팩,PE,"PE28mm, 6KGPE28M／M(백)6KG",1160.0000000000,KG,2316.6666666667,0.0000000000,2683000.0000000000,268300.0000000000,2951300.0000000000,15박스, , 
20160730,PUNCHBOWL,PP,PP19MPP19M／M*0.55T 1000M Blue,8236.0000000000,KG,-69.8807250000,12825.5000000000,14437665.0000000000,0.0000000000,14437665.0000000000,413212-수동용엠보, ,PBP310536-5TH
2016/07  계,,,,175943.5,,321061.6297994718,3079188.7,334506988,16767788,351274776,,,
20160801,전주삼신산업,PE,PE28mm 2kgPE28M／M(백)2KG,7140.0000000000,KG,1843.2065000000,0.0000000000,13350000.0000000000,1335000.0000000000,14685000.0000000000,5박스(7/21택배발송건), , 
20160803,한서포장,PE,PE28mm 2kgPE28M／M(백)2KG,5084.0000000000,KG,1913.2173913043,0.0000000000,9051317.0000000000,610450.0000000000,9661767.0000000000,20박스, , 
20160804,서울포장기계,PP,PP12MPP12M／M10KG(백),2620.0000000000,KG,2187.5000000000,0.0000000000,5467000.0000000000,546700.0000000000,6013700.0000000000,100롤, , 
20160805,우정사업본부,PP,PP6MMPP6M／M*5KG(백),10409.0000000000,KG,1865.5142857143,0.0000000000,17905320.0000000000,1060880.0000000000,18966200.0000000000,"140롤(롤당 단가 7,750원)",화물합바 4파렛트 15만원 선불, 
20160808,서울포장기계,PP,PP12MPP12M／M10KG(백),3730.0000000000,KG,1705.5555555556,0.0000000000,6155500.0000000000,615550.0000000000,6771050.0000000000,100롤, , 
20160809,주식회사청아판지팩,PE,PE28mm 2kgPE28M／M(백)2KG,100.0000000000,KG,2800.0000000000,0.0000000000,280000.0000000000,28000.0000000000,308000.0000000000,5박스, , 
20160810,대영포장(주)안산공장,PP,PP7MPP 7MM*3600M 9.2 KG 백색,9421.0000000000,kg,6537.8345714286,0.0000000000,17538862.0000000000,1039085.0000000000,18577947.0000000000,"100롤(@\17,000)", , 
20160811,전주삼신산업,PP,PP6MMPP6M／M10KG(백),3750.0000000000,KG,2164.2857142857,0.0000000000,8312500.0000000000,831250.0000000000,9143750.0000000000,20롤,(운송합파선불), 
20160812,(주)동원화학,PE,우편물 자동파속끈 1호35m/m x 2kg (PE)백색,5793.2000000000,KG,1856.1661428571,0.0000000000,10735184.0000000000,912730.0000000000,11647914.0000000000,20박스, , 
20160813,RLBUTTON,PP,"12 x 3,000M 0.63T12x3,000M0.63TBLUE",7701.0000000000,KG,258.3161888889,11191.3600000000,12460428.0000000000,16560.0000000000,12476988.0000000000,B100300, ,450783 (AU)
20160816,제이케이머티리얼즈(주)／순성공장,상품,스트레치랩(일반 기계랩)25*500mm*1400m(0.025T*500W*1400M),5183.0000000000,롤,11885.0000000000,0.0000000000,10744780.0000000000,1074478.0000000000,11819258.0000000000,48박스, , 
20160817,디에스엠,PP,STOPPER 50 PCSSTOPPER 50 PCS 투명,21084.0000000000,ea,1824.2136363636,0.0000000000,12371042.0000000000,995425.0000000000,13366467.0000000000,3 BOXES, , 
20160818,금산포장,PP,PP12MPP12M／M12.5KG(투명),18448.0000000000,KG,2117.2398250000,21536.5000000000,29167533.0000000000,542785.0000000000,29710318.0000000000,50R/L,2파렛트작업가능하면 해줄것 요청, 
20160819,동방포장기자재,PP,PP12MPP12M／M10KG(황),7205.0000000000,KG,125534.5803157895,0.0000000000,18800824.0000000000,1668970.0000000000,20469794.0000000000,60롤(0.63T),수출용/무지패드, 
20160822,서울포장기계,PP,PP12MPP12M／M10KG(백),7242.0000000000,KG,1805.0000000000,0.0000000000,9281300.0000000000,928130.0000000000,10209430.0000000000,100롤, , 
20160823,해성수출포장,PE,PE28mm 2kgPE28M／M(백)2KG,8449.0000000000,KG,1992.1142857143,0.0000000000,15479553.0000000000,748150.0000000000,16227703.0000000000,20박스, , 
20160824,광림파워팩,PP,PP15MPP15MM*10KG(황색),3875.0000000000,KG,1875.0000000000,0.0000000000,6663750.0000000000,666375.0000000000,7330125.0000000000,50롤, , 
20160825,한서포장,PP,PP12MPP12MM / 9.5KG(황),3904.0000000000,KG,2140.9090909091,0.0000000000,8201200.0000000000,820120.0000000000,9021320.0000000000,100롤, , 
20160826,(주)아이마켓코리아,PP,PP18MMx 21kg 삼성2300M두께0.80mm단중8.8g,6946.0000000000,KG,3692.1900000000,0.0000000000,13391899.0000000000,1047175.0000000000,14439074.0000000000,5(생활가전),SIEL(C)-AC,5195472191
20160827,RLBUTTON,PP,"12 x 3,000M 0.63T12x3,000M0.63TBLUE",14711.0000000000,KG,3.6984666667,22173.7300000000,24812403.0000000000,0.0000000000,24812403.0000000000,B100300, ,450971 (AU)
20160829,(주)아이마켓코리아,PP,PP18MMx 21kg 삼성(내수)2300M두께0.80mm단중8.8g,5957.0000000000,KG,2362.0785714286,0.0000000000,13270024.0000000000,849120.0000000000,14119144.0000000000,10,내수,5189721971
20160830,파워엠팩,PP,PP10.5MPP10.5M10KG투명,1200.0000000000,KG,2000.0000000000,0.0000000000,2160000.0000000000,216000.0000000000,2376000.0000000000,100롤(K2), , 
20160831,(주)아이마켓코리아,PP,PP17.5MMx 21kg 삼성2300M두께0.60mm단중8.7g (무엠보),4217.0000000000,KG,1718.2166666667,0.0000000000,7420076.0000000000,258350.0000000000,7678426.0000000000,2,SIEL(N)-TV,5195994056
2016/08  계,,,,164169.2,,182081.837208573,54901.59,273020495,16811283,289831778,,,
20160901,대영포장(주)안산공장,PP,PP7MPP 7MM*3600M 9.2 KG 백색,21439.0000000000,kg,7423.4159962963,0.0000000000,38852614.0000000000,2556120.0000000000,41408734.0000000000,"100롤(@\17,000)",8/29납품, 
20160902,(주)아이마켓코리아,PP,PP18MMx 21kg 삼성2300M두께0.80mm단중8.8g,7410.0000000000,KG,11682.0327692308,0.0000000000,14920540.0000000000,1127228.0000000000,16047768.0000000000,2,SAMEX-CTV,5196012463
20160903,TIGERPAK PACKAGING,PP,PP 12MM12MMx1000Mx0.50MM Blue,24669.5000000000,KG,476.1678857143,36268.7200000000,42154953.0000000000,155937.0000000000,42310890.0000000000,4500, ,17487
20160905,RICK MACGOWAN AGENCIES,PP,"12 x 3,000M 0.63T12x3,000M0.63TCLEAR",19444.0000000000,KG,1757.2884000000,21809.8800000000,34398921.0000000000,1002420.0000000000,35401341.0000000000, , ,00058386
20160906,(주)삼화인쇄,PE,PE28mm 2kgPE28M／M(백)2KG,8067.0000000000,KG,1948.2714285714,0.0000000000,13732006.0000000000,653498.0000000000,14385504.0000000000,10박스(쇼핑백1층), , 
20160907,"SANYU CO.,LTD",PP,15 x 100M 0.55T15x100M0.55T황색,13690.5000000000,KG,51275.1084363636,1641430.0000000000,30545652.0000000000,1277487.0000000000,31823139.0000000000,901, ,57 KIC
20160908,(주)한제피앤에스,PP,PP12MPP12M／M12.5KG (황),4697.0000000000,KG,2448.1818181818,0.0000000000,9970680.0000000000,997068.0000000000,10967748.0000000000,20롤(0.7T x 2800m)/파주납품, , 
20160909,동원팩,PE,PE28mm 2kgPE28M／M(백)2KG,6799.0000000000,KG,1767.1800000000,0.0000000000,12513868.0000000000,676100.0000000000,13189968.0000000000,20박스, , 
20160910,PROPAK INDUSTRIES PTY LTD.,PP,"12 x 2,500M 0.65T12x2,500M0.65TWHITE",17330.0000000000,KG,8208.3439823077,3064898.0000000000,41170801.0000000000,68450.0000000000,41239251.0000000000,ST400, ,20696 (7/18 불량대체)
20160912,광림파워팩,PP,PP15MPP15M／M10KG(자동용인쇄밴드),4883.5000000000,KG,1753.3333333333,0.0000000000,8360200.0000000000,836020.0000000000,9196220.0000000000,50롤(솔표인쇄), , 
20160913,(주)아이마켓코리아,PP,PP18MMx 15kg 삼성1650M두께0.80mm단중8.56g,4296.0000000000,KG,1542.0428571429,0.0000000000,6770992.0000000000,0.0000000000,6770992.0000000000,34(AIR),SESK(VD),5196514742
20160919,대영포장(주)안산공장,PP,PP7MPP 7MM*3600M 9.2 KG 백색,16676.0000000000,kg,2517.7865454545,0.0000000000,35274700.0000000000,3527470.0000000000,38802170.0000000000,"100롤(@\17,000)", , 
20160920,자연산업,PP,PET 19mm x 1.0T x 780mPET 19mm x 1.0T x 780m Embossed (검정),2954.0000000000,롤,5892.7000000000,0.0000000000,5325700.0000000000,200910.0000000000,5526610.0000000000, , , 
20160921,(주)한제피앤에스,PP,"15 x 1,000M 0.55T Blue15x1,000M0.55T청색",10797.0000000000,KG,4735.1727500000,0.0000000000,20711280.0000000000,532678.0000000000,21243958.0000000000,50.010, ,HJ16-APS02
20160922,금산포장,PP,PP12MPP12M／M12.5KG(투명),7815.0000000000,KG,5932.7769230769,0.0000000000,14633413.0000000000,883581.0000000000,15516994.0000000000,30R/L, , 
20160923,강원농협연합포장재가공사업소,PP,PP12MPP12M／M12.5KG (황),15792.0000000000,KG,2450.7485230769,0.0000000000,27120660.0000000000,1450410.0000000000,28571070.0000000000,300롤, , 
20160926,신광포장기계,PP,PP10MPP10M／M10KG(백색),6162.0000000000,KG,1755.0000000000,0.0000000000,10342300.0000000000,1034230.0000000000,11376530.0000000000,50롤, , 
20160927,신우교역,PP,PP12MPP12M／M10KG(황),6050.0000000000,KG,1956.2500000000,0.0000000000,11185000.0000000000,1118500.0000000000,12303500.0000000000,100롤(0.65)납품:한국스미더스, , 
20160928,삼원산업,상품,스트레치필름(일반 핸드랩)15*500mm*400m,8701.0000000000,박스,2027.1725000000,0.0000000000,15158350.0000000000,537438.0000000000,15695788.0000000000,1박스, , 
20160929,삼원산업,PP,PP12MPP12M／M12KG(투명),5583.0000000000,KG,2059.0909090909,0.0000000000,10698950.0000000000,1069895.0000000000,11768845.0000000000,50, , 
20160930,경인팩,PE,PE28mm 2kgPE28M／M(백)2KG,8303.0000000000,KG,1677.3958333333,0.0000000000,14807213.0000000000,681400.0000000000,15488613.0000000000,10박스, , 
2016/09  계,,,,221558.5,,121285.4608911746,4764406.6,418648793,20386840,439035633,,,
20161001,대영포장(주)발안공장,PP,밴딩기 기판 A/S,3.0000000000,set,0.0000000000,0.0000000000,0.0000000000,0.0000000000,0.0000000000,6/27일 내역 이월함, , 
20161004,대영포장(주)안산공장,PP,PP7MPP 7MM*3600M 9.2 KG 백색,7269.0000000000,kg,2081.6770000000,0.0000000000,14527450.0000000000,1452745.0000000000,15980195.0000000000,"100롤(@\17,000)",9/26납품, 
20161005,(주)태양지대,상품,스트레치랩(일반 기계랩)25*500mm*1400m(0.025T*500W*1400M),4035.0000000000,롤,2889.4689655172,0.0000000000,7633131.0000000000,243400.0000000000,7876531.0000000000,32박스, , 
20161006,ANDERSON WHOLESALE PACKAGING PTY LTD.,PP,PP 12MM12MMx1000Mx0.50MM Blue,26762.0000000000,KG,3623.6838619048,25677.0000000000,46852032.0000000000,1825299.0000000000,48677331.0000000000,2012, , 
20161007,합동포장기계,PP,PP12MPP12M／M12.5KG (황),8555.0000000000,KG,1895.6250000000,0.0000000000,15776750.0000000000,1577675.0000000000,17354425.0000000000,220롤, , 
20161009,KOMERI,PP,15 x 100M 0.55T15x100M0.55T녹색,6168.0000000000,KG,278.4983444444,1392876.0000000000,14903076.0000000000,0.0000000000,14903076.0000000000,4920501073166, ,PUS160721910
20161010,신광포장기계,PP,PP15MPP15MM*10KG(황색),10526.0000000000,KG,7196.6157894737,0.0000000000,19565306.0000000000,1183762.0000000000,20749068.0000000000,50롤, , 
20161011,(주)삼화인쇄,PP,PP10.5MPP10.5M10KG투명,11389.0000000000,KG,2086.6666666667,0.0000000000,20719350.0000000000,2071935.0000000000,22791285.0000000000,50롤(제책4층), , 
20161012,WESFARMERS INDUSTRIAL AND SAFE,PP,"15 x 1,000M 0.55T Blue15x1,000M0.55T청색",28612.0000000000,KG,1169.5199424242,44844.3800000000,57773048.0000000000,309600.0000000000,58082648.0000000000,01020554, ,CD072631ID
20161013,CYKLOP PACKAGING SYSTEMS PTY LTD.,PP,PP 12MM12MMx1000Mx0.50MM Blue,15875.0000000000,KG,1371.2212352941,18713.9200000000,28666746.0000000000,764540.0000000000,29431286.0000000000,0122DP12, ,13781
20161014,광림파워팩,PE,PE28mm 2kgPE28M／M(백)2KG,3443.0000000000,KG,2031.7312500000,0.0000000000,6328581.0000000000,632858.0000000000,6961439.0000000000,10박스, , 
20161017,(주)삼신,PE,PE28mm 2kgPE28M／M(백)2KG,10790.0000000000,KG,2201.6066315789,0.0000000000,21260286.0000000000,1504815.0000000000,22765101.0000000000,100박스, , 
20161018,서울포장기계,PP,PP12MPP12M／M10KG(황),3770.0000000000,KG,1919.3333333333,0.0000000000,6442000.0000000000,644200.0000000000,7086200.0000000000,50롤, , 
20161019,삼원산업,PP,PP12MPP12M／M12KG(황),12556.0000000000,KG,2273.0000000000,0.0000000000,18545880.0000000000,1854588.0000000000,20400468.0000000000,100, , 
20161020,상일교역상사,PP,"12 x 3,017M 0.55T12x3,017M 0.55T 백색",20630.0000000000,KG,2005.7721444444,34480.0000000000,44838844.0000000000,612470.0000000000,45451314.0000000000,SWPS12350WH, ,WCP 431805
20161021,대영포장(주)안산공장,PP,PP7MPP 7MM*3600M 9.2 KG 백색,7387.0000000000,kg,1962.7826000000,0.0000000000,12944100.0000000000,1294410.0000000000,14238510.0000000000,"100롤(@\17,000)", , 
20161022,RLBUTTON,PP,"12 x 3,000M 0.63T12x3,000M0.63TCLEAR",8302.0000000000,KG,4.0973200000,11807.8500000000,13272023.0000000000,0.0000000000,13272023.0000000000,B100365, ,451941 (CH)
20161024,(주)삼신,PP,PP12MPP12M／M10KG(백),6426.5000000000,KG,2016.0250000000,0.0000000000,12062463.0000000000,607815.0000000000,12670278.0000000000,100롤(11.8mmx0.7mmx2300m)무지패드, , 
20161025,동원팩,PE,"PE28mm, 6KGPE28M／M(백)6KG",4780.0000000000,KG,2094.4444444444,0.0000000000,9780000.0000000000,978000.0000000000,10758000.0000000000,20박스, , 
20161026,동서포장종합상사,PE,PE28mm 2kgPE28M／M(백)2KG,5775.0000000000,KG,1788.5000000000,0.0000000000,10062730.0000000000,420100.0000000000,10482830.0000000000,6박스, , 
20161027,광림파워팩,PE,PE28mm 2kgPE28M／M(백)2KG,3815.0000000000,KG,1925.0000000000,0.0000000000,7249000.0000000000,724900.0000000000,7973900.0000000000,20박스, , 
20161028,(주)한제피앤에스,PP,PP12MPP12M／M12.5(청),5087.5000000000,KG,2482.5000000000,0.0000000000,8579675.0000000000,857968.0000000000,9437643.0000000000,43R/L(0.7T x 2800m)/파주직납, , 
20161029,RLBUTTON,PP,"12 x 3,000M 0.63T12x3,000M0.63TBLUE",13378.0000000000,KG,27.6977300000,20771.0100000000,23683105.0000000000,0.0000000000,23683105.0000000000,B100300, ,451940 (AK)
20161031,(주)아이마켓코리아,PP,PP18MMx 15kg 삼성1650M두께0.80mm단중8.56g,5514.0000000000,KG,1800.7611111111,0.0000000000,9990751.0000000000,463300.0000000000,10454051.0000000000,23(AIR),SESK LCM,5199972667
2016/10  계,,,,230848,,47126.2283706372,1549170.16,431456327,20024380,451480707,,,
20161101,(주)태양지대,PE,"PE28mm, 6KGPE28M／M(백)6KG",6385.0000000000,KG,11883.8043333333,0.0000000000,15320280.0000000000,1532028.0000000000,16852308.0000000000,25박스, , 
20161102,신광포장기계,PP,PP12MPP12M／M10KG(백),3024.0000000000,KG,1750.0000000000,0.0000000000,9368400.0000000000,936840.0000000000,10305240.0000000000,50롤, , 
20161103,PACKAGING HOUSE,PP,PP19M BUILDERSPP19M／M*300M 0.60T Blue,18915.0000000000,KG,3275.3070428571,21623.0600000000,33693010.0000000000,885575.0000000000,34578585.0000000000,1888903 UV차단제첨가)-수동엠보, ,H460924
20161104,(주)한제피앤에스,PP,PP12MPP12M／M12.5(청),5635.0000000000,KG,1764.0000000000,0.0000000000,9532250.0000000000,953225.0000000000,10485475.0000000000,20R/L(0.7T x 2800m)/파주직납, ,재고용
20161107,(주)삼화인쇄,PP,PP10.5MPP10.5M10KG투명,4742.0000000000,KG,2340.7826000000,0.0000000000,9443600.0000000000,944360.0000000000,10387960.0000000000,100롤(평판지하B판), , 
20161108,KOMERI,PP,15 x 100M 0.55T15x100M0.55T녹색,12799.0000000000,KG,934.7436166667,1456926.0000000000,26662456.0000000000,396000.0000000000,27058456.0000000000,4920501073166, ,PUS160808901
20161109,"SANYU CO.,LTD",PP,15 x 100M 0.55T15x100M0.55T황색,19433.0000000000,KG,658.9638588235,1768660.0000000000,33367204.0000000000,1423950.0000000000,34791154.0000000000,901, ,58 KIC
20161110,PACKAGING HOUSE,PP,PP19M BUILDERSPP19M／M*300M 0.60T Blue,9177.0000000000,KG,56294.9149222222,10474.4800000000,19193659.0000000000,719200.0000000000,19912859.0000000000,1888903 UV차단제첨가)-수동엠보, ,H463179
20161111,(주)아이마켓코리아,PP,PP18MMx 15kg 삼성1650M두께0.80mm단중8.56g,4956.0000000000,KG,4070.6647058824,0.0000000000,10254903.0000000000,638818.0000000000,10893721.0000000000,32(AIR),SESK LCM,5200574942
20161113,NORTH SHORE,PP,"9 x 3,932M 0.56T (8x8)9x3,932M 0.56T 백색",14029.0000000000,KG,827.9189333333,25919.0800000000,29832861.0000000000,0.0000000000,29832861.0000000000,NSM-738WA, ,VK-100316
20161114,한서포장,PP,PP12MPP12MM / 9.5KG(황),5845.0000000000,KG,91217.8571428571,0.0000000000,13195100.0000000000,1319510.0000000000,14514610.0000000000,100 R/L, , 
20161115,(주)동원화학,PE,우편물 자동파속끈 1호35m/m x 2kg (PE)백색,27180.0000000000,KG,1649.8888888889,0.0000000000,12990066.0000000000,654000.0000000000,13644066.0000000000,30박스, , 
20161116,넘버원 종합포장,PP,PP12MPP12M／M10KG(황),2648.0000000000,KG,2221.4285714286,0.0000000000,5948400.0000000000,594840.0000000000,6543240.0000000000,10롤, , 
20161117,(주)아이마켓코리아,PP,PP18MMx 21kg 삼성2300M두께0.80mm단중8.8g,6351.0000000000,KG,2539.7250588235,0.0000000000,18038046.0000000000,1310208.0000000000,19348254.0000000000,32,TSEC,5202231068
20161118,자강산업(주),상품,스트레치필름(일반 핸드랩)15*500mm*400m,6761.0000000000,박스,92596.0000000000,0.0000000000,14995480.0000000000,1499548.0000000000,16495028.0000000000,54박스, , 
20161119,CYKLOP PACKAGING SYSTEMS PTY LTD.,PP,"15 x 1,000M 0.7T H/D Black15 x 1,000M 0.7T H/D Black",16020.0000000000,KG,331.2555600000,23281.7200000000,28414551.0000000000,107250.0000000000,28521801.0000000000,0122HB15B, ,13824
20161121,광림파워팩,PP,PP12MPP12M／M12.5KG (황),5300.0000000000,KG,1807.1428571429,0.0000000000,9413750.0000000000,941375.0000000000,10355125.0000000000,150롤, , 
20161122,(주)아이마켓코리아,PP,PP18MMx 15kg 삼성1650M두께0.80mm단중8.56g,24543.0000000000,KG,1360.3635294118,33861.6000000000,49886638.0000000000,683825.0000000000,50570463.0000000000,26,SESK(VD),5200260466
20161123,제일포장(김해),PE,PE28mm 2kgPE28M／M(백)2KG,2997.0000000000,KG,137847.1428571429,0.0000000000,8372200.0000000000,837220.0000000000,9209420.0000000000,100박스,화물합바, 
20161124,동원팩,PE,PE28mm 2kgPE28M／M(백)2KG,2767.0000000000,KG,2078.0000000000,0.0000000000,5595850.0000000000,559585.0000000000,6155435.0000000000,25박스, , 
20161125,대상산업,PP,PP12MPP12M／M12.5KG (황),250.0000000000,KG,1650.0000000000,0.0000000000,412500.0000000000,41250.0000000000,453750.0000000000,20 Rolls, , 
20161128,신한포장기계(주),PE,PE28mm 2kgPE28M／M(백)2KG,1624.0000000000,KG,2300.0000000000,0.0000000000,3972800.0000000000,397280.0000000000,4370080.0000000000,50박스, , 
20161129,NORTH SHORE,PP,"9 x 3,932M 0.56T (8x8)9x3,932M 0.56T 백색",16909.0000000000,KG,1708.6149357143,24098.2000000000,33327923.0000000000,512580.0000000000,33840503.0000000000,NSM-738WA, ,VKLA-101116
20161130,(주)아이마켓코리아,PP,PP18MMx 21kg 삼성2300M두께0.80mm단중8.8g,4196.0000000000,KG,1995.1666666667,0.0000000000,7008120.0000000000,266770.0000000000,7274890.0000000000,5(생활가전),SEDA(M)DAS,5203195416
2016/11  계,,,,222486,,425103.6860811952,3364844.14,408240047,18155237,426395284,,,
20161201,대영포장(주)발안공장,PP,PP7MPP 7MM*3600M 9.2 KG 백색,15061.0000000000,kg,2392.7063333333,0.0000000000,30304830.0000000000,2930985.0000000000,33235815.0000000000,"200롤(@\17,000)(11/25일납품)", , 
20161202,진송팩,PE,PE28mm 2kgPE28M／M(백)2KG,5250.0000000000,KG,2345.0000000000,0.0000000000,9450000.0000000000,945000.0000000000,10395000.0000000000,30박스, , 
20161205,(주)서진밴드,PE,PE35mm 2kgPE35M／M(백)2KG,4716.5000000000,KG,5337.5000000000,0.0000000000,10067525.0000000000,1006752.0000000000,11074277.0000000000,1박스+1롤, , 
20161206,(주)아이마켓코리아,PP,PP18MMx 21kg 삼성2300M두께0.80mm단중8.8g,7473.0000000000,KG,1638.6416666667,0.0000000000,11973978.0000000000,258800.0000000000,12232778.0000000000,59(생활가전),SIEL(C)-AC,5203052278
20161207,WESFARMERS INDUSTRIAL AND SAFE,PP,PP 12MM12MMx1000Mx0.55MM Blue,20803.0000000000,KG,1319.4196800000,10598.6000000000,33992062.0000000000,2159700.0000000000,36151762.0000000000,01020452, ,CD072789ID
20161208,(주)탐스텍,PP,PP 12MM 2000M 0.80MM Blue12mm 2000m 0.80mm Blue,6467.0000000000,KG,25370.2625181818,0.0000000000,12590120.0000000000,619208.0000000000,13209328.0000000000, , ,TT-161128A
20161209,(주)서진밴드,PE,PE35mm 2kgPE35M／M(백)2KG,9945.0000000000,KG,9450.0000000000,0.0000000000,21241450.0000000000,2124145.0000000000,23365595.0000000000,346박스, , 
20161210,PUNCHBOWL,PP,PP19M Premium BlackPP19M／M*1000M 0.8T Black,10801.0000000000,KG,50000.7475000000,16146.0000000000,18814828.0000000000,10000.0000000000,18824828.0000000000,413201-수동용엠보, ,PBP310580-1ST
20161212,광림파워팩,PP,PP9MMPP9M／M9.5KG(황색),6993.0000000000,KG,2088.4615384615,0.0000000000,12439750.0000000000,1243975.0000000000,13683725.0000000000,50롤 (0.65T), , 
20161213,RICK MACGOWAN AGENCIES,PP,"9 x 4,000M 0.60T9 x 4,000M 0.60T Clear",12162.0000000000,KG,1538.0624153846,9651.7400000000,22293408.0000000000,811350.0000000000,23104758.0000000000, , ,00060385
20161214,CYKLOP PACKAGING SYSTEMS PTY LTD.,PP,PP 12MM12MMx1000Mx0.50MM Blue,29054.0000000000,KG,25260.9933880000,1486721.3600000000,56033103.0000000000,738570.0000000000,56771673.0000000000,0122DP12, ,13884
20161215,삼원산업,PP,PP12MPP12M／M12KG(황),8974.0000000000,KG,2787.5000000000,0.0000000000,16513300.0000000000,1651330.0000000000,18164630.0000000000,200롤, , 
20161216,(주)아이마켓코리아,PP,PP18MMx 21kg 삼성2300M두께0.80mm단중8.8g,11327.0000000000,KG,1868.5777777778,0.0000000000,20474438.0000000000,1158595.0000000000,21633033.0000000000,160,SAMEX-CTV,5204474973
20161217,RLBUTTON,PP,"12 x 3,000M 0.60T Clear w/Talleys Red printed12 x 3,000M 0.60T Clear w/Talleys Red printed",8283.0000000000,KG,3.7021833333,12285.7600000000,14498425.0000000000,0.0000000000,14498425.0000000000,B100360, ,453302 (CH)
20161219,범영산업(김근태／익산),PE,PE28mm 2kgPE28M／M(백)2KG,4437.0000000000,KG,2100.0000000000,0.0000000000,7905000.0000000000,790500.0000000000,8695500.0000000000,10박스(택배), , 
20161220,동방포장기자재,PP,PP15MPP15MM*10KG(황색),7120.0000000000,KG,1873.6842105263,0.0000000000,12906000.0000000000,1290600.0000000000,14196600.0000000000,60롤(0.63T/수출용), , 
20161221,광림파워팩,PP,PP12MPP12M／M12.5KG (황),7408.0000000000,KG,4225.4166666667,0.0000000000,15004633.0000000000,739592.0000000000,15744225.0000000000,60롤, , 
20161222,RLBUTTON,PP,"12 x 3,000M 0.63T12x3,000M0.63TBLUE",27553.0000000000,KG,1334.4711500000,24496.3200000000,50792705.0000000000,2153920.0000000000,52946625.0000000000,B100300, ,452603 (AU)
20161223,파워엠팩,PP,PP6MMPP6M／M10KG(백),9639.0000000000,KG,1890.4282800000,0.0000000000,16699500.0000000000,297200.0000000000,16996700.0000000000,50롤(유성농장), , 
20161225,SMART SHIELD PACKAGING,PP,"9 x 4,023M 0.56T White (8x8)9 x 4,023M 0.56T 백색",13790.0000000000,KG,1.6871000000,23810.4000000000,28524859.0000000000,0.0000000000,28524859.0000000000,SD42202, ,20367
20161226,POWERPAK,PP,PP 12MM12MMx1000Mx0.50MM Grey,18341.0000000000,KG,1490.7251550000,12392.0000000000,31470941.0000000000,808925.0000000000,32279866.0000000000,4500, ,33249
20161227,(주)삼화인쇄,PP,PP 11MM11MM-10KG(백),4475.0000000000,KG,1987.5000000000,0.0000000000,8313750.0000000000,831375.0000000000,9145125.0000000000,100롤(제책3층), , 
20161228,(주)동원화학,PE,우편물 자동파속끈 1호35m/m x 2kg (PE)백색,11139.0000000000,KG,2057.9444444444,0.0000000000,13502034.0000000000,690200.0000000000,14192234.0000000000,20박스, , 
20161229,(주)한제피앤에스,PP,PP14MMPP14M／M 12KG (청색),1992.0000000000,KG,2692.8571428571,0.0000000000,3706200.0000000000,370620.0000000000,4076820.0000000000,30R/L(0.75T x 2250m)/파주직납,재고용,재고용
20161230,오익플라스틱,PP,PP12MPP12M／M12.5KG (황),6043.0000000000,KG,1922.2222222222,0.0000000000,11411200.0000000000,1141120.0000000000,12552320.0000000000,(0.70~75t x 2800m)-20 R/L, , 
20161231,PUNCHBOWL,PP,PP19M Premium BlackPP19M／M*1000M 0.8T Black,7200.0000000000,KG,1.6729000000,12472.0000000000,15072412.0000000000,0.0000000000,15072412.0000000000,413201-수동용엠보, ,PBP310582-2ND
2016/12  계,,,,276446.5,,152980.1842728557,1608574.18,505996451,24772462,530768913,,,
20170102,주식회사 삼성종합포장,PE,PE28mm 2kgPE28M／M(백)2KG,7621.0000000000,KG,106937.5000000000,0.0000000000,16801750.0000000000,1680175.0000000000,18481925.0000000000,20박스(12/28), , 
20170103,합동포장기계,PE,PE28mm 2kgPE28M／M(백)2KG,4559.0000000000,KG,1978.5714285714,0.0000000000,8562450.0000000000,856245.0000000000,9418695.0000000000,30박스, , 
20170104,(주)아이마켓코리아,PP,PP18MMx 15kg 삼성1650M두께0.80mm단중8.56g,11567.0000000000,KG,1991.2166665000,0.0000000000,11863420.0000000000,484088.0000000000,12347508.0000000000,51(AIR),SESK(VD),5204980950/5205005943
20170105,금산포장,PP,PP12MPP12M／M12.5KG(녹색),2637.5000000000,KG,1975.0000000000,0.0000000000,4889250.0000000000,488925.0000000000,5378175.0000000000,63R/L, , 
20170106,(주)태양지대,상품,스트레치랩(일반 기계랩)25*500mm*1400m(0.025T*500W*1400M),9741.0000000000,롤,6267.1664888889,12383.0000000000,17899982.0000000000,314440.0000000000,18214422.0000000000,32박스, , 
20170107,HI-TECH PACKAGING LTD.,PP,PP19M BUILDERSPP19M／M*300M 0.60T Blue,8207.5000000000,KG,237.1317714286,13600.2400000000,16515420.0000000000,30937.0000000000,16546357.0000000000,P.465, ,24733 (LCL)
20170109,"SANYU CO.,LTD",PP,15 x 100M 0.55T15x100M0.55T황색,15443.0000000000,KG,1176.1857103448,1851760.0000000000,31336445.0000000000,1254460.0000000000,32590905.0000000000,901, ,59KIC
20170110,제이케이머티리얼즈(주)／순성공장,상품,스트레치랩(일반 기계랩)25*500mm*1400m(0.025T*500W*1400M),5889.0000000000,롤,10526.9375000000,0.0000000000,12609956.0000000000,946928.0000000000,13556884.0000000000,48박스, , 
20170111,CYKLOP PACKAGING SYSTEMS PTY LTD.,PP,PP 12MM12MMx1000Mx0.50MM Blue,20061.0000000000,KG,810.7921692308,24595.9200000000,36658379.0000000000,717525.0000000000,37375904.0000000000,0122DP12, ,13933
20170112,(주)아이마켓코리아,PP,PP18MMx 21kg 삼성2300M두께0.80mm단중8.8g,3910.0000000000,KG,2075.2555555556,0.0000000000,7405009.0000000000,461400.0000000000,7866409.0000000000,2,SEDA(M)-MANAUS,5206521083
20170113,경인팩,PE,PE28mm 2kgPE28M／M(백)2KG,3488.0000000000,KG,2110.0000000000,0.0000000000,6518400.0000000000,651840.0000000000,7170240.0000000000,32BOX, , 
20170116,대영포장(주)발안공장,PP,PP7MPP7M10KG백색,7002.0000000000,KG,1882.2222222222,0.0000000000,12594400.0000000000,1259440.0000000000,13853840.0000000000,"200롤(@\16,500)", , 
20170117,한서포장,PP,PP15MPP15MM*10KG(황색),10031.0000000000,KG,1802.0083333333,0.0000000000,17160397.0000000000,904410.0000000000,18064807.0000000000,10 R/L, , 
20170118,(주)삼신,PE,PE28mm 2kgPE28M／M(백)2KG,5700.0000000000,KG,2083.3333333333,0.0000000000,11010000.0000000000,1101000.0000000000,12111000.0000000000,100 Boxes, , 
20170119,진정산업포장기계,PP,PP12MPP12M／M12.5KG (황),8276.0000000000,KG,2235.3375000000,0.0000000000,15430250.0000000000,796790.0000000000,16227040.0000000000,20롤, , 
20170120,광신화학공업사,PP,PP10.5MPP10.5M10KG투명,2888.0000000000,KG,2066.6666666667,0.0000000000,5640400.0000000000,564040.0000000000,6204440.0000000000,100롤(납품장소:낙원직납), , 
20170123,광림파워팩,PP,PP15MPP15M／M13KG(황),6015.0000000000,KG,4515.0000000000,0.0000000000,11222250.0000000000,1122225.0000000000,12344475.0000000000,50롤, , 
20170124,KOMERI,PP,15 x 100M 0.55T15x100M0.55T녹색,19285.0000000000,KG,2632.5253482759,3114528.0000000000,43691933.0000000000,509764.0000000000,44201697.0000000000,4920501073166, ,PUS161108925
20170125,광림파워팩,PP,PP9MMPP9M／M10KG(황),3865.0000000000,KG,2050.0000000000,0.0000000000,7661250.0000000000,766125.0000000000,8427375.0000000000,50롤, , 
20170126,오버라이트산업,PP,PP12MPP12MM / 7KG 0.85T (황),350.0000000000,KG,1650.0000000000,0.0000000000,577500.0000000000,57750.0000000000,635250.0000000000,50롤/0.9t (폭:12mm 미만), , 
20170131,동원팩,PE,PE28mm 2kgPE28M／M(백)2KG,5768.0000000000,KG,1708.4117647059,0.0000000000,9972211.0000000000,388625.0000000000,10360836.0000000000,10박스, , 
2017/01  계,,,,162304,,158711.2624590574,5016867.16,306021052,15357132,321378184,,,
20170201,삼원산업,PP,PP12MPP12M／M12KG(황),3821.0000000000,KG,2398.0000000000,0.0000000000,7889000.0000000000,788900.0000000000,8677900.0000000000,200롤, , 
20170202,동방포장기자재,PP,PP9MMPP9M／M10KG(황),5195.0000000000,KG,1608.6666666667,0.0000000000,9105250.0000000000,910525.0000000000,10015775.0000000000,50롤(0.63T), , 
20170203,금산포장,상품,스트레치필름(기능 핸드랩)12* 500mm *400m,9707.0000000000,롤,1918.8714285714,0.0000000000,17436162.0000000000,1057080.0000000000,18493242.0000000000,50 박스(+5%), , 
20170204,PUNCHBOWL,PP,PP19M Premium BlackPP19M／M*1000M 0.8T Black,9100.0000000000,KG,1.6140000000,14461.0000000000,16618581.0000000000,0.0000000000,16618581.0000000000,413201-수동용엠보, ,PBP310649-3RD
20170206,한서포장,PE,PE28mm 2kgPE28M／M(백)2KG,7136.5000000000,KG,2144.1666666667,0.0000000000,15879450.0000000000,1587945.0000000000,17467395.0000000000,15 BOXES, , 
20170207,합동포장기계,PE,PE28mm 2kgPE28M／M(백)2KG,4155.0000000000,KG,1968.7500000000,0.0000000000,7626750.0000000000,762675.0000000000,8389425.0000000000,25박스, , 
20170208,(주)한국유니콤,PE,PE28mm 2kgPE28M／M(백)2KG,7839.0000000000,KG,1891.8333333333,0.0000000000,14192600.0000000000,655000.0000000000,14847600.0000000000,25박스(무지박스), , 
20170209,제이케이머티리얼즈(주)／순성공장,상품,스트레치랩(일반 기계랩)25*500mm*1400m,7111.0000000000,롤,4272.0050000000,0.0000000000,12603557.0000000000,739248.0000000000,13342805.0000000000,48박스, , 
20170210,(주)한제피앤에스,PP,PP14MMPP14M／M 12KG (청색),2892.0000000000,KG,7692.8571428571,0.0000000000,7005000.0000000000,700500.0000000000,7705500.0000000000,50R/L(0.75T x 2250m)/파주직납,재고용,재고용
20170211,NZ SAFETY BLACKWOODS,PP,PP19M BUILDERSPP19M／M*300M 0.60T Blue,8034.0000000000,KG,1.5944200000,12525.2800000000,14350213.0000000000,0.0000000000,14350213.0000000000,1888903 UV차단제첨가)-수동엠보, ,W680082
20170213,광림파워팩,PP,PP9MMPP9M／M10KG(투명),5060.0000000000,KG,2010.0000000000,0.0000000000,9368000.0000000000,936800.0000000000,10304800.0000000000,50롤(0.75T), , 
20170214,(주)아이마켓코리아,PP,PP18MMx 21kg 삼성2300M두께0.80mm단중8.8g,5065.0000000000,KG,1734.6176470588,0.0000000000,8647273.0000000000,348275.0000000000,8995548.0000000000,13,SEDA(M)-MANAUS,5208544128
20170215,(주)아이마켓코리아,PP,PP18MMx 21kg 삼성2300M두께0.80mm단중8.8g,6067.5000000000,KG,1853.4437500000,0.0000000000,11073164.0000000000,513645.0000000000,11586809.0000000000,13,TSEC,5209073051
20170216,RLBUTTON,PP,PP19MPP19M／M*0.55T 1000M Blue,17878.0000000000,KG,1115.4728500000,13286.2800000000,21955367.0000000000,678775.0000000000,22634142.0000000000,B100450, ,453748 (AU) / Zespri
20170217,(주)한제피앤에스,PP,PP 12MM12MMx1000Mx0.50MM Blue,21945.0000000000,KG,1809.6180789474,0.0000000000,36905700.0000000000,911980.0000000000,37817680.0000000000,50.005, ,HJ17-APS01
20170218,KONZ TRADING LTD.,PP,"15 x 2,500M 0.64T15 x 2,500M 0.64T 청색",9025.0000000000,KG,825.7814000000,11760.0000000000,15868464.0000000000,247500.0000000000,16115964.0000000000,700 Rolls, ,KONZDAN1018
20170220,자강산업(주),상품,스트레치필름(일반 핸드랩)15*500mm*400m,3591.0000000000,박스,3428.7500000000,0.0000000000,8072630.0000000000,807263.0000000000,8879893.0000000000,54박스, , 
20170221,신광포장기계(부산),PE,PE28mm 2kgPE28M／M(백)2KG,3320.0000000000,KG,1833.3818181818,0.0000000000,5651335.0000000000,194900.0000000000,5846235.0000000000,5박스(황금농장), , 
20170222,제이앤제이유통(주),PP,PP18MPP18M／M10KG(황),5725.0000000000,KG,2032.5000000000,0.0000000000,10295500.0000000000,1029550.0000000000,11325050.0000000000,"950m/roll, 강도350kg", , 
20170223,한서포장,PP,PP12MPP12MM / 9.5KG(황),5504.0000000000,KG,1933.3333333333,0.0000000000,10791700.0000000000,1079170.0000000000,11870870.0000000000,100 R/L, , 
20170224,광림파워팩,PP,PP9MMPP9M／M10KG(황),8764.0000000000,KG,1765.0058823529,0.0000000000,14692996.0000000000,703165.0000000000,15396161.0000000000,50롤, , 
20170227,PROPAK INDUSTRIES PTY LTD.,PP,"12 x 2,500M 0.65T12x2,500M0.65TWHITE",8260.0000000000,KG,284.3949500000,12807.8000000000,14877621.0000000000,39200.0000000000,14916821.0000000000,ST400, ,21221
20170228,(주)아이마켓코리아,PP,PP18MMx 21kg 삼성2300M두께0.80mm단중8.8g,3264.0000000000,KG,1739.3250000000,0.0000000000,5664660.0000000000,180010.0000000000,5844670.0000000000,18,SEDA(M)-MANAUS,5209695860
2017/02  계,,,,168459,,46263.9833679694,64840.36,296570973,14872106,311443079,,,
20170301,한솔포장,PE,"PE28mm, 6KGPE28M／M(백)6KG",3000.0000000000,KG,2400.0000000000,0.0000000000,6840000.0000000000,684000.0000000000,7524000.0000000000,25박스+1, , 
20170302,삼원산업,PP,PP12MPP12M／M12KG(황),6040.0000000000,KG,1650.8333333333,0.0000000000,11078200.0000000000,1107820.0000000000,12186020.0000000000,200R/L, , 
20170303,동원팩,PE,PE28mm 2kgPE28M／M(백)2KG,9818.0000000000,KG,1815.2272727273,0.0000000000,17039577.0000000000,1025640.0000000000,18065217.0000000000,10박스, , 
20170304,RLBUTTON,PP,"12 x 3,000M 0.63T12x3,000M0.63TBLUE",31412.0000000000,KG,2.5189692308,46648.3200000000,53272381.0000000000,0.0000000000,53272381.0000000000,B100300, ,454094 (AU)
20170306,광림파워팩,PP,동판비동판비,10333.0000000000,ea,10430.0000000000,0.0000000000,13976820.0000000000,1397682.0000000000,15374502.0000000000,금동 동판인쇄비(50%)청구, , 
20170307,(주)아이마켓코리아,PP,PP18MMx 21kg 삼성2300M두께0.80mm단중8.8g,7952.0000000000,KG,1828.9761904762,0.0000000000,14389695.0000000000,949050.0000000000,15338745.0000000000,3(생활가전),SEDA(M)DAS,5210244598
20170308,신우교역,PP,PP12MPP12M／M10KG(황),6378.0000000000,KG,3041.3043478261,0.0000000000,12786300.0000000000,1278630.0000000000,14064930.0000000000,100롤(0.65)납품:한국스미더스, , 
20170309,오버라이트산업,PP,PP12MPP12MM / 7KG 0.85T (황),1785.0000000000,KG,1930.0000000000,0.0000000000,3277750.0000000000,327775.0000000000,3605525.0000000000,50롤 0.9t (폭:12mm 미만), ,재고용/0.9t (폭:12mm 미만)
20170310,광림파워팩,PP,PP9MMPP9M／M10KG(황),5305.0000000000,KG,1895.0000000000,0.0000000000,9357250.0000000000,935725.0000000000,10292975.0000000000,50롤, , 
20170311,PUNCHBOWL,PP,PP19MPP19M／M*0.55T 1000M Blue,18886.0000000000,KG,3.3510714286,27611.7500000000,31921943.0000000000,0.0000000000,31921943.0000000000,413212-수동용엠보, ,PBP310671-4th
20170313,대상산업,PE,PE28mm 2kgPE28M／M(백)2KG,4043.0000000000,KG,1801.5611111111,0.0000000000,7179566.0000000000,313025.0000000000,7492591.0000000000,10 BOXES(24 KG), , 
20170314,한서포장,PP,PP12MPP12MM / 9.5KG(황),20430.0000000000,KG,591.2940000000,34086.6000000000,41633690.0000000000,251250.0000000000,41884940.0000000000,100 R/L, , 
20170315,(주)아이마켓코리아,PP,PP18MMx 21kg 삼성2300M두께0.80mm단중8.8g,7003.0000000000,KG,3362.4208333333,0.0000000000,13640886.0000000000,796950.0000000000,14437836.0000000000,6,SAMEX-CTV,5211231917
20170316,위드텍,상품,스트레치필름(일반 핸드랩)15*500mm*400m,6185.0000000000,박스,2527.1428571429,0.0000000000,12085040.0000000000,1208504.0000000000,13293544.0000000000,32박스, , 
20170317,(주)삼신,PE,PE28mm 2kgPE28M／M(백)2KG,2000.0000000000,KG,2300.0000000000,0.0000000000,4600000.0000000000,460000.0000000000,5060000.0000000000,100 Boxes, , 
20170318,ANDERSON WHOLESALE PACKAGING PTY LTD.,PP,PP19M Premium BlackPP19M／M*1000M 0.7T Black,8550.0000000000,KG,1.4274666667,12207.0000000000,13814661.0000000000,0.0000000000,13814661.0000000000,2119, ,00001112
20170320,진송팩,PE,PE28mm 2kgPE28M／M(백)2KG,6011.0000000000,KG,1768.5086956522,0.0000000000,11189096.0000000000,493370.0000000000,11682466.0000000000,40BOX, , 
20170321,신한포장기계(주),PE,PE28mm 2kgPE28M／M(백)2KG,7355.0000000000,KG,4853.2307692308,0.0000000000,16209437.0000000000,1620943.0000000000,17830380.0000000000,50박스, , 
20170322,(주)삼화인쇄,PP,PP 11MM11MM-10KG(백),8467.0000000000,KG,1847.5000000000,0.0000000000,8647050.0000000000,864705.0000000000,9511755.0000000000,50롤(제책3층), , 
20170323,한남포장기계,PP,PP12MPP12M／M10KG(황),4503.0000000000,KG,1684.4764705882,0.0000000000,7320010.0000000000,204950.0000000000,7524960.0000000000,15R/L(0.63T), , 
20170324,한서포장,PP,PP12MPP12MM / 9.5KG(황),13671.0000000000,KG,689.2063000000,9768.6600000000,14677199.0000000000,373630.0000000000,15050829.0000000000,100 R/L, , 
20170326,KOMERI,PP,15 x 100M 0.55T15x100M0.55T녹색,5881.0000000000,KG,278.4983444444,1404280.0000000000,14168623.0000000000,0.0000000000,14168623.0000000000,4920501073166, ,PUS161205905
20170327,금산포장,PP,PP12MPP12M／M12.5KG(녹색),25059.0000000000,KG,2049.8333333333,0.0000000000,9756900.0000000000,975690.0000000000,10732590.0000000000,60R/L, , 
20170328,(주)아이마켓코리아,PP,PP18MMx 21kg 삼성2300M두께0.80mm단중8.8g,2463.0000000000,KG,1877.7363636364,0.0000000000,4589718.0000000000,173600.0000000000,4763318.0000000000,9,SEDA(M)-MANAUS,5212185411
20170329,광림파워팩,PP,PP9MMPP9M／M10KG(황),4915.0000000000,KG,1906.6666666667,0.0000000000,9091750.0000000000,909175.0000000000,10000925.0000000000,50롤, , 
20170330,상일교역상사,PP,"12 x 3,017M 0.55T12x3,017M 0.55T 백색",26051.8000000000,KG,1630.7338333333,34166.5000000000,54389461.0000000000,869980.0000000000,55259441.0000000000,SWPS12350WH, ,WCP 454967
20170331,주식회사 엠피아이,PE,PE28mm 2kgPE28M／M(백)2KG,3540.0000000000,KG,2131.2500000000,0.0000000000,6337000.0000000000,633700.0000000000,6970700.0000000000,10박스,(택배착불), 
2017/03  계,,,,257036.8,,56298.6982301616,1568768.83,423270003,17855794,441125797,,,
20170401,NZ SAFETY BLACKWOODS,PP,PP19M BUILDERSPP19M／M*300M 0.60T Blue,9052.0000000000,KG,1130.7972100000,10787.3600000000,16749772.0000000000,471000.0000000000,17220772.0000000000,1888903 UV차단제첨가)-수동엠보, ,W691970
20170403,(주)테이팩스,PP,PP15MPP15MM*10KG(황색),8378.0000000000,KG,16485.9806451613,0.0000000000,15770451.0000000000,1243150.0000000000,17013601.0000000000,50롤, , 
20170404,광림파워팩,PE,PE28mm 2kgPE28M／M(백)2KG,3229.0000000000,KG,1943.7500000000,0.0000000000,6154450.0000000000,615445.0000000000,6769895.0000000000,20박스, , 
20170405,진송팩,PE,PE28mm 2kgPE28M／M(백)2KG,4007.0000000000,KG,1914.2857142857,0.0000000000,7767850.0000000000,776785.0000000000,8544635.0000000000,40BOX, , 
20170406,광림파워팩,PP,PP12MPP12M／M10KG(황),5930.0000000000,KG,1996.1538461538,0.0000000000,11210500.0000000000,1121050.0000000000,12331550.0000000000,50롤(0.65T), , 
20170407,(주)아이마켓코리아,PP,PP18MMx 15kg 삼성1650M두께0.80mm단중8.56g,21775.0000000000,KG,1761.4838916667,25824.4600000000,41238288.0000000000,758658.0000000000,41996946.0000000000,45(AIR),SESK(VD),5212356384
20170408,TIGERPAK PACKAGING,PP,PP 12MM12MMx1000Mx0.50MM Grey,16847.0000000000,KG,1.4702111111,25172.4000000000,28469984.0000000000,0.0000000000,28469984.0000000000,4500, ,19209
20170409,"SANYU CO.,LTD",PP,15 x 100M 0.55T15x100M0.55T황색,7158.0000000000,KG,280.8941454545,1902700.0000000000,19412296.0000000000,0.0000000000,19412296.0000000000,901, ,60KIC
20170410,신광포장기계,PP,PP16MPP16M／M10KG(황),10639.0000000000,KG,6706.2200000000,0.0000000000,18202888.0000000000,1263100.0000000000,19465988.0000000000,50롤, , 
20170411,해성수출포장,PE,PE28mm 2kgPE28M／M(백)2KG,6119.5000000000,KG,4556.6666666667,0.0000000000,24269260.0000000000,2426926.0000000000,26696186.0000000000,20박스, , 
20170412,한국전자금융(주),PP,인쇄11mm x 0.70T x 1000m화폐밴딩끈 지관200x190,8822.5000000000,KG,2144.9000000000,0.0000000000,9812750.0000000000,981275.0000000000,10794025.0000000000,"90롤(@\16,500)", , 
20170413,제이케이머티리얼즈(주)／순성공장,상품,스트레치랩(일반 기계랩)25*500mm*1400m,5152.0000000000,롤,14347.8571428571,0.0000000000,13953560.0000000000,1395356.0000000000,15348916.0000000000,28박스, , 
20170414,대영포장(주)발안공장,PP,PP7MPP7M10KG백색,3200.0000000000,KG,1683.3333333333,0.0000000000,5290000.0000000000,529000.0000000000,5819000.0000000000,"200롤(@\16,500)", , 
20170417,(주)아이마켓코리아,PP,PP18MMx 21kg 삼성2300M두께0.80mm단중8.8g,2352.0000000000,KG,1579.3000000000,0.0000000000,3714592.0000000000,0.0000000000,3714592.0000000000,80,SAMEX-CTV,5210688220
20170418,(주)삼화인쇄,PP,PP 11MM11MM-10KG(백),2797.0000000000,KG,3290.0000000000,0.0000000000,6211700.0000000000,621170.0000000000,6832870.0000000000,50롤(제책3층), , 
20170419,동원팩,PE,PE28mm 2kgPE28M／M(백)2KG,1432.0000000000,KG,10540.0000000000,0.0000000000,5124000.0000000000,512400.0000000000,5636400.0000000000,25박스, , 
20170420,신광포장기계,PP,PP15MPP15MM*10KG(황색),865.0000000000,KG,1966.6666666667,0.0000000000,1655250.0000000000,165525.0000000000,1820775.0000000000,50롤, , 
20170421,파워엠팩,PP,PP12MPP12M／M11KG(백),1734.0000000000,KG,1878.8750000000,0.0000000000,3195378.0000000000,274980.0000000000,3470358.0000000000,42롤(다오), , 
20170422,RLBUTTON,PP,"12 x 3,000M 0.63T12x3,000M0.63TBLUE",19607.0000000000,KG,3.1712750000,28436.4600000000,32457374.0000000000,0.0000000000,32457374.0000000000,B100300, ,455410 (AU)
20170424,한서포장,PP,PP12MPP12MM / 9.5KG(황),5701.0000000000,KG,1965.6250000000,0.0000000000,11351800.0000000000,1135180.0000000000,12486980.0000000000,100 R/L, , 
20170425,광림파워팩,PE,PE28mm 2kgPE28M／M(백)2KG,4380.0000000000,KG,2321.4285714286,0.0000000000,8683550.0000000000,868355.0000000000,9551905.0000000000,20박스, , 
20170426,(주)삼신,PE,PE28mm 2kgPE28M／M(백)2KG,5802.5000000000,KG,2062.5000000000,0.0000000000,12312250.0000000000,1231225.0000000000,13543475.0000000000,100 Boxes, , 
20170427,(주)아이마켓코리아,PP,PP18MMx 21kg 삼성2300M두께0.80mm단중8.8g,2137.0000000000,KG,1654.8200000000,0.0000000000,3127731.0000000000,38000.0000000000,3165731.0000000000,14(AIR),SEH-VD,5212794193
20170428,광림파워팩,PP,PP12MPP12M／M12.5KG (황),8357.5000000000,KG,16815.0952400000,0.0000000000,14186500.0000000000,527720.0000000000,14714220.0000000000,50롤, , 
20170430,KOMERI,PP,15 x 100M 0.55T15x100M0.55T백색,6174.0000000000,KG,270.0143600000,1446746.0000000000,14698360.0000000000,0.0000000000,14698360.0000000000,4920501073197, ,PUS170130907
2017/04  계,,,,171648,,99301.2889197855,3439666.68,335020534,16956300,351976834,,,
20170501,합동포장기계,PE,PE28mm 2kgPE28M／M(백)2KG,8500.0000000000,KG,2200.0000000000,0.0000000000,15851000.0000000000,1585100.0000000000,17436100.0000000000,30박스, , 
20170502,광신화학공업사,PP,PP10.5MPP10.5M10KG투명,2765.0000000000,KG,2212.5000000000,0.0000000000,5639250.0000000000,563925.0000000000,6203175.0000000000,100롤(납품장소:낙원직납), , 
20170503,ANDERSON WHOLESALE PACKAGING PTY LTD.,PP,"15 x 1,000M 0.50T Blue15x1,000M0.50T청색",8655.0000000000,KG,1.4453000000,12424.5000000000,14081928.0000000000,0.0000000000,14081928.0000000000,2015, ,00001142
20170504,제이케이머티리얼즈(주)／순성공장,상품,스트레치랩(일반 기계랩)25*500mm*1400m,1708.0000000000,롤,8778.3333333333,0.0000000000,5402280.0000000000,540228.0000000000,5942508.0000000000,48박스, , 
20170505,(주)태진케미칼,PP,PP파샤 (scrap),5400.0000000000,kg,500.0000000000,0.0000000000,2700000.0000000000,270000.0000000000,2970000.0000000000, , , 
20170508,광림파워팩,PP,PP12MPP12M／M10KG(황),32330.5000000000,KG,1354.6966880000,22703.7600000000,54718848.0000000000,2320322.0000000000,57039170.0000000000,50R/L, , 
20170510,자강산업(주),상품,스트레치필름(일반 핸드랩)15*500mm*400m,4882.0000000000,박스,2586.2500000000,0.0000000000,12256690.0000000000,1225669.0000000000,13482359.0000000000,64박스, , 
20170511,파워엠팩,PP,PP9M/MPP9M/M*11KG(은회색),4090.0000000000,KG,1742.8500000000,0.0000000000,7549356.0000000000,579300.0000000000,8128656.0000000000,100R/L(다오), ,"청정원,다오,다한"
20170512,한서포장,PP,PP12MPP12MM / 9.5KG(황),1650.0000000000,KG,2125.0000000000,0.0000000000,3292500.0000000000,329250.0000000000,3621750.0000000000,100 R/L, , 
20170513,CYKLOP PACKAGING SYSTEMS PTY LTD.,PP,PP 12MM12MMx1000Mx0.55MM Blue,18425.0000000000,KG,1.6345400000,30592.4400000000,34581694.0000000000,0.0000000000,34581694.0000000000,0122DP12, ,14095
20170514,KOMERI,PP,15 x 100M 0.55T15x100M0.55T녹색,6207.0000000000,KG,284.9158285714,1381312.0000000000,13725130.0000000000,0.0000000000,13725130.0000000000,4920501073166, ,PUS170407904
20170515,삼원산업,PP,PP12MPP12M／M12KG(황),6342.5000000000,KG,1931.6666666667,0.0000000000,11872150.0000000000,1187215.0000000000,13059365.0000000000,200R/L, , 
20170516,광림파워팩,PP,PP15MPP15MM*10KG(황색),5340.0000000000,KG,1659.0909090909,0.0000000000,9260500.0000000000,926050.0000000000,10186550.0000000000,100R/L, , 
20170517,진로특수포장기계,PE,PE50mm 2kgPE50M／M(백)2KG,4659.0000000000,KG,1760.7520000000,0.0000000000,8322656.0000000000,350205.0000000000,8672861.0000000000,5BOX, , 
20170518,제이케이머티리얼즈(주)／순성공장,PP,PP18MPP18M／M10KG(황),3360.0000000000,KG,1996.6666666667,0.0000000000,6782000.0000000000,678200.0000000000,7460200.0000000000,100롤,"(원료대 1,140)", 
20170519,강원농협연합포장재가공사업소,PP,PP12MPP12M／M12.5KG (황),4391.0000000000,KG,3566.3333333333,0.0000000000,8766000.0000000000,876600.0000000000,9642600.0000000000,300R/L 고메리 샘플 1롤 원순연 차장에게 전달(색상 무관), , 
20170521,P.P.U OPTIMA,PE,"PE28mm, 6KGPE28M／M(백)6KG",768.0000000000,KG,2.4000000000,1843.2000000000,2073968.0000000000,0.0000000000,2073968.0000000000, , ,170508 (LCL CARGO)
20170522,진정산업포장기계,PE,PE28mm 2kgPE28M／M(백)2KG,3983.0000000000,KG,2678.5714285714,0.0000000000,8821450.0000000000,882145.0000000000,9703595.0000000000,2박스, , 
20170523,백암지관공업사,PP,PP12MPP12M／M10KG(백),2742.0000000000,KG,6408.8888888889,0.0000000000,6716000.0000000000,671600.0000000000,7387600.0000000000,10롤, , 
20170524,RICK MACGOWAN AGENCIES,PP,"9 x 4,000M 0.60T9 x 4,000M 0.60T Clear",8244.0000000000,KG,1717.0787312500,1243.8000000000,14337008.0000000000,660850.0000000000,14997858.0000000000, , ,00062967 (LCL)
20170525,진송팩,PE,PE28mm 2kgPE28M／M(백)2KG,3985.5000000000,KG,5025.7142857143,0.0000000000,10117155.0000000000,1011715.0000000000,11128870.0000000000,23BOX, , 
20170526,한서포장,PP,PP12MPP12MM / 9.5KG(황),2550.0000000000,KG,1830.0000000000,0.0000000000,4760000.0000000000,476000.0000000000,5236000.0000000000,100 R/L, , 
20170527,RLBUTTON,PP,"12 x 3,000M 0.60T Clear w/Talleys Red printed12 x 3,000M 0.60T Clear w/Talleys Red printed",28177.0000000000,KG,368.6566538462,50106.7900000000,56019390.0000000000,0.0000000000,56019390.0000000000,B100360, ,456325 (CH)
20170528,"SANYU CO.,LTD",PP,15 x 100M 0.55T15x100M0.55T황색,7224.0000000000,KG,272.5077818182,1876135.0000000000,18767166.0000000000,0.0000000000,18767166.0000000000,901, ,61 KIC
20170529,동서포장종합상사,PE,PE28mm 2kgPE28M／M(백)2KG,6769.0000000000,KG,1840.8423076923,0.0000000000,11966475.0000000000,383720.0000000000,12350195.0000000000,7박스, , 
20170530,보성상사,PP,PP15MPP15M／M15KG 투명,3250.0000000000,KG,1950.0000000000,0.0000000000,6208750.0000000000,620875.0000000000,6829625.0000000000,2롤, , 
20170531,코팩시스템,PE,PE28mm 2kgPE28M／M(백)2KG,1297.0000000000,KG,3220.0000000000,0.0000000000,3157600.0000000000,315760.0000000000,3473360.0000000000,3박스(대성칼라),운송료 포함, 
2017/05  계,,,,187694.5,,58016.7953434436,3376361.49,357746944,16454729,374201673,,,
20170601,대영포장(주)발안공장,PP,PP7MPP7M10KG백색,36998.0000000000,KG,8880.8508466667,0.0000000000,28707438.0000000000,1605725.0000000000,30313163.0000000000,"200롤(@\16,500) 5/29", , 
20170602,한솔포장,PE,PE28mm 2kgPE28M／M(황)2KG,3044.0000000000,KG,2350.0000000000,0.0000000000,6257600.0000000000,625760.0000000000,6883360.0000000000,25+1, , 
20170603,PUNCHBOWL,PP,PP19M HD BlackPP19M／M*1000M1.0TBlack,17760.0000000000,KG,1.5920000000,27759.2000000000,31101407.0000000000,0.0000000000,31101407.0000000000,403301-수동용엠보, ,PBP310690-4TH
20170605,광림파워팩,PP,PP9MMPP9M／M9.5KG(황색),4553.0000000000,KG,1965.0000000000,0.0000000000,8630000.0000000000,863000.0000000000,9493000.0000000000,50R/L(0.65T), , 
20170607,경인팩,PE,"PE28mm, 6KGPE28M／M(백)6KG",10617.0000000000,KG,1644.8900000000,0.0000000000,9213090.0000000000,116600.0000000000,9329690.0000000000,5box, , 
20170608,파워엠팩,PP,PP9MMPP9M／M10KG(청),2136.0000000000,KG,2173.3000000000,0.0000000000,4189000.0000000000,418900.0000000000,4607900.0000000000,50R/L(배성목재), , 
20170609,대영포장(주)발안공장,PP,PP7MPP7M10KG백색,7994.0000000000,KG,1835.0000000000,0.0000000000,9466700.0000000000,946670.0000000000,10413370.0000000000,"200롤(@\16,500)", , 
20170610,RLBUTTON,PP,"12 x 3,000M 0.63T12x3,000M0.63TBLUE",26554.0000000000,KG,275.0224500000,47174.1200000000,53070885.0000000000,0.0000000000,53070885.0000000000,B100300, ,456724 (AU)
20170612,삼원산업,PP,PP15MPP15MM*10KG(황색),22656.0000000000,KG,1551.5661125000,13245.1200000000,25377526.0000000000,1052180.0000000000,26429706.0000000000,200R/L, , 
20170613,(주)아이마켓코리아,PP,PP18MMx 15kg 삼성1650M두께0.80mm단중8.56g,6426.0000000000,KG,1677.2423076923,0.0000000000,10917108.0000000000,482425.0000000000,11399533.0000000000,2(AIR),SESK(LCM),5217389472
20170614,제일포장(김해),PE,PE28mm 2kgPE28M／M(백)2KG,6858.0000000000,KG,2156.9230769231,0.0000000000,14620900.0000000000,1462090.0000000000,16082990.0000000000,100박스, , 
20170615,신우교역,PP,PP12MPP12M／M10KG(황),3366.0000000000,KG,2288.9400000000,0.0000000000,6708819.0000000000,670881.0000000000,7379700.0000000000,100롤(0.65)납품:한국스미더스, , 
20170616,제이케이머티리얼즈(주)／순성공장,상품,스트레치랩(일반 기계랩)25*500mm*1400m,4576.0000000000,롤,5872.5000000000,0.0000000000,10607140.0000000000,1060714.0000000000,11667854.0000000000,48박스, , 
20170617,KONZ TRADING LTD.,PP,"15 x 2,500M 0.64T15 x 2,500M 0.64T 청색",20454.0000000000,KG,4.2493400000,32633.4700000000,36640860.0000000000,0.0000000000,36640860.0000000000,700 Rolls, ,KONZDAN1019
20170619,동서포장종합상사,PE,PE28mm 2kgPE28M／M(백)2KG,5480.0000000000,KG,1835.0000000000,0.0000000000,9230500.0000000000,923050.0000000000,10153550.0000000000,7박스, , 
20170620,(주)한제피앤에스,PP,PP18MPP18M／M 8 KG (황),5017.0000000000,KG,12976.9444444444,0.0000000000,9495700.0000000000,949570.0000000000,10445270.0000000000,81 R/L(1P/L), , 
20170621,경인팩,PE,PE28mm 2kgPE28M／M(황)2KG,1970.0000000000,KG,1710.5857142857,0.0000000000,3172955.0000000000,75400.0000000000,3248355.0000000000,2BOX, , 
20170622,신광포장기계,PP,PP15MPP15MM*10KG(황색),5336.5000000000,KG,2215.2631578947,0.0000000000,10770900.0000000000,1077090.0000000000,11847990.0000000000,50 R/L, , 
20170623,(주)태양지대,상품,스트레치랩(일반 기계랩)25*500mm*1400m,866.5000000000,롤,6694.4444444444,0.0000000000,3195850.0000000000,319585.0000000000,3515435.0000000000,32박스, , 
20170624,진정산업포장기계,PE,PE28mm 2kgPE28M／M(백)2KG,40.0000000000,KG,2600.0000000000,0.0000000000,104000.0000000000,10400.0000000000,114400.0000000000,2박스, , 
20170626,광림파워팩,PP,PP12MPP12M／M10KG(황),2420.0000000000,KG,1963.3333333333,0.0000000000,4903600.0000000000,490360.0000000000,5393960.0000000000,50R/L, , 
20170627,KOMERI,PP,15 x 100M 0.55T15x100M0.55T녹색,12952.5000000000,KG,1170.5269500000,1437530.0000000000,26473223.0000000000,1188790.0000000000,27662013.0000000000,4920501073166, ,PUS170421901
20170628,(주)한제피앤에스,PP,PP12MPP12M／M12.5(청),6490.0000000000,KG,1594.0291666667,0.0000000000,10395479.0000000000,286175.0000000000,10681654.0000000000,50R/L(0.7T x 2800m)/파주직납, , 
20170629,강원농협연합포장재가공사업소,PP,PP12M 농협PP12M／M12.5KG (황) 2800m,7299.5000000000,KG,3054.9500000000,0.0000000000,14762500.0000000000,1476250.0000000000,16238750.0000000000,300R/L,m표기, 
20170630,동방포장기자재,PP,PP12MPP12M／M10KG(황),1986.0000000000,KG,-3338.1904761905,0.0000000000,3147950.0000000000,314795.0000000000,3462745.0000000000,72R/L(0.7T 수출용(무지패드), , 
2017/06  계,,,,223850,,65153.9628686608,1558341.91,351161130,16416410,367577540,,,
20170701,CYKLOP PACKAGING SYSTEMS PTY LTD.,PP,PP 12MM12MMx1000Mx0.55MM Blue,26027.0000000000,KG,1.5828181818,40890.2800000000,46598562.0000000000,0.0000000000,46598562.0000000000,0122DP12, ,14148
20170703,합동포장기계,PE,PE28mm 2kgPE28M／M(백)2KG,14403.0000000000,KG,2230.0416666667,0.0000000000,22751600.0000000000,2275160.0000000000,25026760.0000000000,25박스, , 
20170704,자강산업(주),상품,스트레치필름(일반 핸드랩)15*500mm*400m,5620.0000000000,박스,2408.8888888889,0.0000000000,11056280.0000000000,1105628.0000000000,12161908.0000000000,64박스, , 
20170705,진송팩,PE,PE28mm 2kgPE28M／M(백)2KG,11071.0000000000,KG,5262.2382352941,0.0000000000,20658633.0000000000,1209820.0000000000,21868453.0000000000,10BOX, , 
20170706,FLEXIBLE,PP,"12 x 2,500M 0.60T Blue w/Black Print12 x 2,500M 0.60T Blue w/Black Print",7708.0000000000,KG,1963.7788636364,5643.0000000000,13771750.0000000000,728625.0000000000,14500375.0000000000,FLEXIBLE PACKAGING PTE LTD 검정 인쇄, ,KIC-0115
20170707,(주)아이마켓코리아,PP,PP18MMx 21kg 삼성2300M두께0.80mm단중8.8g,4961.0000000000,KG,1883.0916666667,0.0000000000,8881510.0000000000,274580.0000000000,9156090.0000000000,27R/L,SEH-VD(AIR),5219591326
20170708,NZ SAFETY BLACKWOODS,PP,PP 12MM12MMx1000Mx0.55MM Blue,7438.0000000000,KG,1.5291600000,11469.8400000000,13230460.0000000000,0.0000000000,13230460.0000000000,1379117, ,W734339
20170710,동원팩,PE,PE28mm 2kgPE28M／M(백)2KG,2803.0000000000,KG,2304.2857142857,0.0000000000,6003150.0000000000,600315.0000000000,6603465.0000000000,30box, , 
20170711,대영포장(주)발안공장,PP,PP7MPP7M10KG백색,4988.0000000000,KG,6086.0000000000,0.0000000000,10538960.0000000000,1053896.0000000000,11592856.0000000000,"200롤(@\16,500)", , 
20170712,(주)아이마켓코리아,PP,PP18MMx 15kg 삼성1650M두께0.80mm단중8.56g,5448.0000000000,KG,1595.7777777778,0.0000000000,8767431.0000000000,371250.0000000000,9138681.0000000000,41R/L,SESK(VD)(AIR),5220164653
20170713,제이케이머티리얼즈(주)／신평공장,상품,스트레치랩(일반 기계랩)25*500mm*1400m,2612.0000000000,롤,6244.5454545455,0.0000000000,7381600.0000000000,738160.0000000000,8119760.0000000000,48, , 
20170714,삼원산업,PP,PP12MPP12M／M12KG(황),9095.0000000000,KG,1615.0000000000,0.0000000000,10359500.0000000000,1035950.0000000000,11395450.0000000000,200R/L, , 
20170716,"SANYU CO.,LTD",PP,"15.5 x 1,000M 0.55T15.5x1,000M0.55T황색",7240.0000000000,KG,181.3900000000,1285322.0000000000,12894607.0000000000,0.0000000000,12894607.0000000000,812, ,62 KIC
20170717,광림파워팩,PP,PP9MMPP9M／M9.5KG(황색),5840.0000000000,KG,1796.1538461538,0.0000000000,10631500.0000000000,1063150.0000000000,11694650.0000000000,100R/L(0.65T), , 
20170718,POWERPAK,PP,PP 12MM12MMx1000Mx0.50MM Grey,17777.0000000000,KG,1647.2882235294,13166.4600000000,32485852.0000000000,806955.0000000000,33292807.0000000000,4500, ,35025
20170719,어드밴스,PP,"12 x 3,000M 0.55T12 x 3,000M 0.55T 백색",109.0000000000,KG,3850.0000000000,0.0000000000,364700.0000000000,36470.0000000000,401170.0000000000,6롤,호프만제품, 
20170720,신광포장,PP,PP15MPP15MM*10KG(황색),1900.0000000000,KG,1665.0000000000,0.0000000000,3180000.0000000000,318000.0000000000,3498000.0000000000,40롤, , 
20170721,(주)아이마켓코리아,PP,PP18MMx 21kg 삼성2300M두께0.80mm단중8.8g,7476.0000000000,KG,3688.5666666667,0.0000000000,14615827.0000000000,1123650.0000000000,15739477.0000000000,13R/L,TSEC,5221292475
20170722,진정산업포장기계,PP,PP12MPP12M／M12.5KG (황),287.5000000000,KG,1650.0000000000,0.0000000000,474375.0000000000,47437.0000000000,521812.0000000000,23롤, , 
20170724,(주)삼화인쇄,PP,PP15MPP15MM*10KG(황색),13099.0000000000,KG,1399.1048714286,12735.4000000000,23284330.0000000000,900540.0000000000,24184870.0000000000,50롤(제책4층), , 
20170725,제이케이머티리얼즈(주)／순성공장,PP,PP18MPP18M／M10KG(황),3322.0000000000,KG,6912.5000000000,0.0000000000,7432480.0000000000,743248.0000000000,8175728.0000000000,100롤, , 
20170726,ANDERSON WHOLESALE PACKAGING PTY LTD.,PP,"15 x 1,000M 0.50T Blue15x1,000M0.50T청색",39420.0000000000,KG,1559.3077920000,28762.0000000000,64336393.0000000000,360500.0000000000,64696893.0000000000,2015, ,00001170
20170727,(주)탐스텍,PP,"9 x 4,000M 0.55T9 x 4,000M 0.55T Blue",4888.0000000000,KG,7984.3204800000,0.0000000000,8232270.0000000000,-45795.0000000000,8186475.0000000000, , ,TT-170713A
20170729,CYKLOP PACKAGING SYSTEMS PTY LTD.,PP,"15 x 1,000M 0.60T Blue15x1,000M0.60T청색",8116.0000000000,KG,1.6373250000,12763.4400000000,14199327.0000000000,0.0000000000,14199327.0000000000,0122DP15, ,14179
20170731,동방포장기자재,PP,PP15MPP15MM*10KG(황색),2820.0000000000,KG,1650.0000000000,0.0000000000,4569000.0000000000,456900.0000000000,5025900.0000000000,150R/L(0.8T 농협), , 
2017/07  계,,,,214468.5,,65582.0294507221,1410752.42,376700097,15204439,391904536,,,
20170801,합동포장기계,PP,PP12MPP12M／M12.5KG (황),3593.0000000000,KG,25910.0000000000,0.0000000000,7144280.0000000000,714428.0000000000,7858708.0000000000,200롤,7/27 납, 
20170802,한솔포장,PE,"PE28mm, 6KGPE28M／M(백)6KG",5968.0000000000,KG,4326.0000000000,0.0000000000,15075050.0000000000,1507505.0000000000,16582555.0000000000,25BOX/7월21납, , 
20170803,(주)아이마켓코리아,PP,PP18MMx 21kg 삼성2300M두께0.80mm단중8.8g,9562.0000000000,KG,1985.5333333333,0.0000000000,15890292.0000000000,788575.0000000000,16678867.0000000000,167R/L,SAMEX-CTV,5222013629
20170804,(주)아이마켓코리아,PP,PP18MMx 21kg 삼성2300M두께0.80mm단중8.8g,6020.0000000000,KG,2224.7400000000,0.0000000000,10503520.0000000000,333966.0000000000,10837486.0000000000,1R/L,SIEL(C)-MO,5221301194
20170805,ABL,PP,"12 x 3,000M 0.60T12x3,000M0.60TBLUE",11389.0000000000,KG,1.6734285714,16563.4400000000,18676934.0000000000,0.0000000000,18676934.0000000000,1194, ,5883
20170806,KOMERI,PP,15 x 100M 0.55T15x100M0.55T녹색,6237.0000000000,KG,273.0394500000,1378850.0000000000,14142175.0000000000,0.0000000000,14142175.0000000000,4920501073166, ,PUS170518917
20170807,대영포장(주)대구지점,PP,PP7MPP7M*10KG녹색,4777.0000000000, ,2287.5000000000,0.0000000000,9675050.0000000000,967505.0000000000,10642555.0000000000,102R/L, , 
20170808,한국은행,상품,화폐 대묶음용(한국은행) 인쇄밴드14mmx0.63mm x 2000m (투명에 녹색인쇄),3110.0000000000, ,11017.8571428571,0.0000000000,20558000.0000000000,2055800.0000000000,22613800.0000000000,부산본부 화폐관리팀(100롤), , 
20170809,코팩시스템,PE,PE28mm 2kgPE28M／M(백)2KG,6443.0000000000,KG,2408.1666666667,0.0000000000,13424000.0000000000,1342400.0000000000,14766400.0000000000,3박스(대성칼라),운송료 포함, 
20170810,(주)아이마켓코리아,PP,PP18MMx 21kg 삼성2300M두께0.80mm단중8.8g,12794.0000000000,KG,2038.6944444444,0.0000000000,23216152.0000000000,1419500.0000000000,24635652.0000000000,188R/L,SAMEX-CTV,5222832557
20170811,(주)한제피앤에스,PP,PP12MPP12M／M12.5(청),17934.0000000000,KG,1465.3883545455,14023.4400000000,31002889.0000000000,919525.0000000000,31922414.0000000000,50R/L(0.7T x 2800m)/파주직납, ,광신화학에서 파주 성전으로 직납
20170812,RLBUTTON,PP,"12 x 3,000M 0.63T12x3,000M0.63TBLUE",8898.0000000000,KG,436.8102500000,11869.9800000000,16144834.0000000000,260000.0000000000,16404834.0000000000,B100300, ,457876 (AU)
20170814,주식회사 삼성종합포장,PE,PE28mm 2kgPE28M／M(백)2KG,2632.0000000000,KG,2318.5714285714,0.0000000000,5403600.0000000000,540360.0000000000,5943960.0000000000,20박스, , 
20170815,서울포장기계,PP,PP12MPP12M／M10KG(백),1100.0000000000,KG,1600.0000000000,0.0000000000,1760000.0000000000,176000.0000000000,1936000.0000000000,110R/L, , 
20170816,PARAMOUNT PAPER MERCHANTS PTY LTD.,PP,PP 12MM12MMx1000Mx0.55MM Blue,20633.0000000000,KG,2865.3215588235,10735.9200000000,45318718.0000000000,1887088.0000000000,47205806.0000000000,PS12X1D, ,101842
20170817,삼원산업,PP,PP12MPP12M／M12KG(황),8590.0000000000,KG,2026.2500000000,0.0000000000,15946700.0000000000,1594670.0000000000,17541370.0000000000,200R/L, , 
20170818,광림파워팩,PP,PP12MPP12M／M12.5KG(투명),5712.0000000000,KG,6219.2307692308,0.0000000000,11261100.0000000000,1126110.0000000000,12387210.0000000000,30롤, , 
20170819,NZ SAFETY BLACKWOODS,PP,PP19MPP19M／M*0.55T 1000M Blue,6946.0000000000,KG,1.5439333333,10691.5200000000,12144498.0000000000,0.0000000000,12144498.0000000000,1030708(UV), ,W724779
20170821,㈜창마루 박스포유,상품,결속기 새부리새부리,6768.0000000000,ea,40809.0500000000,0.0000000000,11822660.0000000000,319950.0000000000,12142610.0000000000,1호기, , 
20170822,(주)아이마켓코리아,PP,PP18MMx 15kg 삼성1650M두께0.80mm단중8.56g,7863.0000000000,KG,2342.6687500000,0.0000000000,14072738.0000000000,473650.0000000000,14546388.0000000000,1R/L,TSEC-P634(ZS)(VD),5222126991
20170823,(주)아이마켓코리아,PP,PP18MMx 21kg 삼성2300M두께0.80mm단중8.8g,10048.0000000000,KG,1478.4222222222,0.0000000000,10583508.0000000000,600660.0000000000,11184168.0000000000,30R/L,TSEC,5224391235
20170824,(주)아이마켓코리아,PP,PP18MMx 21kg 삼성2300M두께0.80mm단중8.8g,33752.0000000000,KG,1329.9321428571,43682.8400000000,60066650.0000000000,496550.0000000000,60563200.0000000000,4R/L,SEDA(M)DAS/생활가전,5224354202
20170825,제이케이머티리얼즈(주)／순성공장,PP,PP18MPP18M／M10KG(황),3128.0000000000,KG,10823.3333333333,0.0000000000,9517160.0000000000,951716.0000000000,10468876.0000000000,100롤, , 
20170828,상일교역상사,PP,"12 x 3,017M 0.55T12x3,017M 0.55T 백색",22828.0000000000,KG,1303.5453454545,34480.0000000000,47236336.0000000000,432160.0000000000,47668496.0000000000,SWPS12350WH, ,WCP 474373
20170829,(주)아이마켓코리아,상품,피피클립19*28(2KG-삼성),9790.0000000000,ea,1777.6731578947,0.0000000000,11284167.0000000000,534625.0000000000,11818792.0000000000,3000EA,글로벌엘에스,5224590342
20170830,(주)아이마켓코리아,PP,PP18MMx 15kg 삼성1650M두께0.80mm단중8.56g,5258.0000000000,KG,28402.6814814815,0.0000000000,10220731.0000000000,386800.0000000000,10607531.0000000000,130R/L,SESK(VD) (AIR),5224457212
20170831,한국전자금융(주),PP,인쇄11mm x 0.70T x 1000m화폐밴딩끈 지관200x190,8566.5000000000,KG,2227.2555555556,0.0000000000,16191944.0000000000,926025.0000000000,17117969.0000000000,"25롤(@\16,500)",강남자금센터, 
2017/08  계,,,,250339.5,,159900.8827491763,1520897.14,478283686,20755568,499039254,,,
20170901,한서포장,PP,PP12MPP12MM / 9.5KG(황),16266.2000000000,KG,2028.2034482759,0.0000000000,27780708.0000000000,2419878.0000000000,30200586.0000000000,120 R/L,8월29일 납품, 
20170902,경인팩,PP,PP12MPP12M／M12.5KG (황),62.5000000000,KG,1700.0000000000,0.0000000000,106250.0000000000,10625.0000000000,116875.0000000000,5롤, , 
20170904,동원팩,PE,"PE28mm, 6KGPE28M／M(백)6KG",6975.0000000000,KG,2022.9411764706,0.0000000000,14055660.0000000000,1405566.0000000000,15461226.0000000000,25box, , 
20170905,주식회사 동원피앤아이,PE,우편물 자동파속끈 1호35m/m x 2kg (PE)백색,7377.5000000000,KG,2460.0000000000,0.0000000000,16373650.0000000000,1637365.0000000000,18011015.0000000000,100 Box/무지박스 권과장님확인, , 
20170906,(주)아이마켓코리아,PP,PP18MMx 21kg 삼성2300M두께0.80mm단중8.8g,26029.0000000000,KG,1135.2523208333,26288.4000000000,42720049.0000000000,628045.0000000000,43348094.0000000000,127R/L,SAMEX-CTV,5225331251
20170907,진송팩,PE,PE28mm 2kgPE28M／M(백)2KG,3008.0000000000,KG,2886.3636363636,0.0000000000,6222500.0000000000,622250.0000000000,6844750.0000000000,39박스, , 
20170908,전주삼신산업,PP,PP6MMPP6M／M10KG(백),23892.0000000000,KG,1830.2394736842,33516.0000000000,46526145.0000000000,727350.0000000000,47253495.0000000000,10 R/L, , 
20170909,NZ SAFETY BLACKWOODS,PP,PP 12MM12MMx1000Mx0.55MM Blue,6691.0000000000,KG,1063.2946875000,9481.3600000000,12525944.0000000000,181580.0000000000,12707524.0000000000,1379117, ,W770887
20170910,PROPAK INDUSTRIES PTY LTD.,PP,"12 x 2,500M 0.65T12x2,500M0.65TWHITE",7290.0000000000,KG,1.7644500000,13245.1200000000,14855726.0000000000,0.0000000000,14855726.0000000000,ST400, ,21539
20170911,(주)대유위니아,상품,PP18MMx 15kg 위니아(0.95T)18MMx 15kg,9768.0000000000,KG,2279.1538461538,0.0000000000,18165870.0000000000,1816587.0000000000,19982457.0000000000,108롤,동신 직납(실납품일 16일), 
20170912,KOMERI,PP,15 x 100M 0.55T15x100M0.55T녹색,10062.0000000000,KG,1159.7720200000,1609928.0000000000,24760250.0000000000,812100.0000000000,25572350.0000000000,4920501073166, ,PUS170613904
20170913,광림파워팩,PP,PP9MMPP9M／M9.5KG(황색),5915.0000000000,KG,2000.0000000000,0.0000000000,11463500.0000000000,1146350.0000000000,12609850.0000000000,50R/L(0.65T), , 
20170914,(주)아이마켓코리아,PP,PP18MMx 21kg 삼성2300M두께0.80mm단중8.8g,9365.0000000000,KG,3455.6764705882,0.0000000000,15505360.0000000000,688220.0000000000,16193580.0000000000,23R/L,TSEC,5226244332
20170915,(주)아이마켓코리아,PP,PP18MMx 21kg 삼성2300M두께0.80mm단중8.8g,7736.0000000000,KG,2278.5130434783,0.0000000000,15341126.0000000000,1331800.0000000000,16672926.0000000000,3R/L,SIEL(C)-TV,5226259630
20170918,파워엠팩,PP,PP12MPP12M／M10KG(청),3648.0000000000,KG,2238.8888888889,0.0000000000,7320400.0000000000,732040.0000000000,8052440.0000000000,112R/L(배성목재), , 
20170919,(주)아이마켓코리아,PP,PP18MMx 21kg 삼성2300M두께0.80mm단중8.8g,5672.0000000000,KG,1759.4750000000,0.0000000000,9171296.0000000000,167578.0000000000,9338874.0000000000,30R/L,글로벌엘에스,5226185675
20170920,대영포장(주)대구지점,PP,PP7MPP7M*10KG녹색,10227.0000000000, ,2002.8000000000,0.0000000000,18285450.0000000000,1828545.0000000000,20113995.0000000000,100R/L, , 
20170921,CYKLOP PACKAGING SYSTEMS PTY LTD.,PP,"12 x 3,000M 0.65T12x3,000M0.65T BLUE",11116.0000000000,KG,1332.4697461538,10179.6000000000,19796086.0000000000,664400.0000000000,20460486.0000000000,0123P12DSB, ,14250
20170922,(주)탐스텍,PP,PP 12MM 2000M 0.80MM Blue12mm 2000m 0.80mm Blue,12186.0000000000,KG,45070.8691800000,0.0000000000,24424840.0000000000,1563100.0000000000,25987940.0000000000, , ,TT-170911A
20170923,KONZ TRADING LTD.,PP,"15 x 2,500M 0.64T15 x 2,500M 0.64T 청색",8525.0000000000,KG,1187.1876000000,11760.0000000000,15101728.0000000000,178000.0000000000,15279728.0000000000,700 Rolls, ,KONZDAN1020
20170925,(주)아이마켓코리아,PP,PP18MMx 21kg 삼성2300M두께0.80mm단중8.8g,12068.0000000000,KG,1760.4387096774,0.0000000000,20825665.0000000000,1010800.0000000000,21836465.0000000000,4R/L,SEH-VD(AIR),5225109819
20170926,자강산업(주),상품,스트레치필름(일반 핸드랩)15*500mm*400m,9607.5000000000,박스,5899.3904761905,0.0000000000,22260552.0000000000,1937511.0000000000,24198063.0000000000,32박스, , 
20170927,ANDERSON WHOLESALE PACKAGING PTY LTD.,PP,PP 12MM12MMx1000Mx0.50MM Blue,30115.0000000000,KG,1342.5795916667,26652.4000000000,50166168.0000000000,479340.0000000000,50645508.0000000000,2012, ,00001221
20170928,삼원산업,PP,PP12MPP12M／M12KG(황),8400.0000000000,KG,5148.4615384615,0.0000000000,16690000.0000000000,1669000.0000000000,18359000.0000000000,200R/L, , 
20170929,광림파워팩,PP,PP15MPP15M／M13KG(황),5037.5000000000,KG,2237.7333333333,0.0000000000,9626320.0000000000,962632.0000000000,10588952.0000000000,50롤, , 
20170930,HI-TECH PACKAGING LTD.,PP,PP19M BUILDERSPP19M／M*300M 0.60T Blue,1690.0000000000,KG,2.0182000000,3409.9200000000,3910155.0000000000,0.0000000000,3910155.0000000000,P.465, ,25398 (LCL)
2017/09  계,,,,258729.2,,96283.48683772,1744460.8,483981398,24620662,508602060,,,
20171001,합동포장기계,PE,PE28mm 2kgPE28M／M(백)2KG,1350.0000000000,KG,1983.3333333333,0.0000000000,2816250.0000000000,281625.0000000000,3097875.0000000000,30박스,9월25일납품건, 
20171002,대영포장(주)발안공장,PP,PP7MPP7M10KG백색,1660.0000000000,KG,1575.0000000000,0.0000000000,2715000.0000000000,271500.0000000000,2986500.0000000000,"150롤(@\16,500)", , 
20171003,KOMERI,PP,15 x 100M 0.55T15x100M0.55T녹색,14224.0000000000,KG,273.0394500000,3091882.0000000000,31550182.0000000000,0.0000000000,31550182.0000000000,4920501073166, ,PUS170724914
20171007,NZ SAFETY BLACKWOODS,PP,PP19M BUILDERSPP19M／M*300M 0.60T Blue,17025.0000000000,KG,1.7910500000,30359.3300000000,34813043.0000000000,0.0000000000,34813043.0000000000,1888903(UV), ,W761201 ＆ W763289
20171009,경인팩,PE,"PE28mm, 6KGPE28M／M(백)6KG",1190.0000000000,KG,1950.0000000000,0.0000000000,2143000.0000000000,214300.0000000000,2357300.0000000000,10박스, , 
20171010,오버라이트산업,PP,PP12MPP12MM / 7KG 0.85T (황),7388.0000000000,KG,1873.3333333333,0.0000000000,12818000.0000000000,1281800.0000000000,14099800.0000000000,50롤 0.9t (폭:12mm 미만),0.9t (폭:12mm 미만), 
20171011,(주)아이마켓코리아,PP,PP18MMx 15kg 삼성1650M두께0.80mm단중8.56g,7334.0000000000,KG,2267.0560000000,0.0000000000,13968333.0000000000,1050609.0000000000,15018942.0000000000,24R/L,SESK LCM(AIR),5227499017
20171012,대영포장(주)대구지점,PP,PP7MPP7M*10KG녹색,8638.0000000000, ,2351.6000000000,0.0000000000,15782100.0000000000,1578210.0000000000,17360310.0000000000,100R/L,합바 17만원, 
20171013,주식회사 동원피앤아이,PE,우편물 자동파속끈 1호35m/m x 2kg (PE)백색,15146.0000000000,KG,2288.3076923077,0.0000000000,10133300.0000000000,1013330.0000000000,11146630.0000000000,30 Box, , 
20171014,HIGHGATE DISTRIBUTION,PP,PP 06MM06MMx5000Mx0.60MM White,9487.0000000000,KG,1.5639500000,14344.6800000000,16262563.0000000000,0.0000000000,16262563.0000000000,B05-50085, ,71169
20171015,"SANYU CO.,LTD",PP,15 x 170M 0.55T15x170M0.55T백색,5539.0000000000,KG,258.1153750000,1293325.0000000000,13059349.0000000000,0.0000000000,13059349.0000000000,801, ,63 KIC
20171016,주식회사 삼성종합포장,PE,PE28mm 2kgPE28M／M(백)2KG,13808.0000000000,KG,3691.7117529412,14275.1000000000,26497283.0000000000,1035500.0000000000,27532783.0000000000,20박스, , 
20171017,(주)아이마켓코리아,PP,PP18MMx 21kg 삼성2300M두께0.80mm단중8.8g,9185.0000000000,KG,1921.0863636364,0.0000000000,16169797.0000000000,983508.0000000000,17153305.0000000000,24R/L,SEDA(M)-MANAUS,5228176603
20171018,한서포장,PP,PP12MPP12MM / 9.5KG(황),4802.0000000000,KG,2267.8571428571,0.0000000000,10500600.0000000000,1050060.0000000000,11550660.0000000000,100 R/L, , 
20171019,광림파워팩,PP,PP12MPP12M／M12.5KG(투명),6572.0000000000,KG,1841.1947368421,0.0000000000,11632251.0000000000,843750.0000000000,12476001.0000000000,40롤, , 
20171020,파워엠팩,PP,PP9M/MPP9M/M*11KG(은회색),3280.0000000000,KG,1820.0000000000,0.0000000000,5499600.0000000000,549960.0000000000,6049560.0000000000,100R/L(다오), , 
20171023,(주)한제피앤에스,PP,PP12MPP12M／M12.5(청),5864.5000000000,KG,2303.0625000000,0.0000000000,11634350.0000000000,1163435.0000000000,12797785.0000000000,50R/L(0.7T x 2800m)/파주직납,재고용,재고용
20171024,(주)태양지대,상품,스트레치필름(일반 기계랩)25*500mm*1400m,5579.0000000000,롤,5102.3076923077,0.0000000000,11993200.0000000000,1199320.0000000000,13192520.0000000000,32박스, , 
20171025,서울포장기계,PP,PP12MPP12M／M10KG(백),2990.0000000000,KG,1910.0000000000,0.0000000000,5277000.0000000000,527700.0000000000,5804700.0000000000,150 R/L, , 
20171026,한솔포장,PE,PE28mm 2kgPE28M／M(백)2KG,5435.0000000000,KG,1670.3333333333,0.0000000000,9553022.0000000000,317000.0000000000,9870022.0000000000,25 boxes(24KG), , 
20171027,동광포장,PE,PE28mm 2kgPE28M／M(백)2KG,4437.5000000000,KG,2205.0000000000,0.0000000000,9017475.0000000000,901747.0000000000,9919222.0000000000,11박스, , 
20171030,파워엠팩,PP,PP15MPP15M／M13KG(황),4261.0000000000,KG,1847.8647058824,0.0000000000,7954479.0000000000,541728.0000000000,8496207.0000000000,30롤, , 
20171031,경인팩,PE,PE28mm 2kgPE28M／M(백)2KG,1820.0000000000,KG,1990.0000000000,0.0000000000,3181600.0000000000,318160.0000000000,3499760.0000000000,10 박스, , 
2017/10  계,,,,157015,,43393.5584117745,4444186.11,284971777,15123242,300095019,,,
20171101,합동포장기계,PP,PP12MPP12M／M12.5KG (황),10318.0000000000,KG,2317.6000000000,0.0000000000,19433250.0000000000,1943325.0000000000,21376575.0000000000,220롤, , 
20171102,NORTH SHORE,PP,PP 12MM12MM 2195M 0.79MM Black (8x8),37451.0000000000,KG,1571.7078787879,51838.4600000000,80299841.0000000000,2240665.0000000000,82540506.0000000000,HD-5072-8, ,VK-91117-1
20171103,자강산업(주),PP,스트레치필름(일반 핸드랩)15*500mm*400m,6636.5000000000,박스,6428.5217391304,0.0000000000,16684690.0000000000,1668469.0000000000,18353159.0000000000,48박스, , 
20171104,RLBUTTON,PP,"12 x 3,000M 0.60T Clear w/Talleys Red printed12 x 3,000M 0.60T Clear w/Talleys Red printed",8291.0000000000,KG,3.7391000000,12772.0000000000,14219067.0000000000,0.0000000000,14219067.0000000000,B100360, ,459966 (CH)
20171106,주식회사청아판지팩,PE,PE28mm 2kgPE28M／M(백)2KG,17211.0000000000,KG,1420.7271866667,1382844.0000000000,34449449.0000000000,1416060.0000000000,35865509.0000000000,5 boxes, , 
20171107,대원포장기계,PE,PE28mm 2kgPE28M／M(백)2KG,8259.0000000000,KG,3730.5300000000,0.0000000000,16228286.0000000000,1116975.0000000000,17345261.0000000000,20박스, , 
20171108,전주삼신산업,상품,스트레치필름(일반 핸드랩 20)20*500mm*350m,5578.0000000000,롤,2310.6666666667,0.0000000000,10111480.0000000000,1011148.0000000000,11122628.0000000000,5박스, , 
20171109,신한포장기계(주),PE,PE28mm 2kgPE28M／M(백)2KG,5461.0000000000,KG,16893.0000000000,0.0000000000,10840600.0000000000,1084060.0000000000,11924660.0000000000,50박스(4롤 추가출고 맞교환), , 
20171110,라바인터네셔널,PP,PP12MPP12M／M12.5KG (황),4717.0000000000,KG,2065.0000000000,0.0000000000,9572900.0000000000,957290.0000000000,10530190.0000000000,20 R/L,광림동일제품, 
20171111,RLBUTTON,PP,"12 x 3,000M 0.63T12x3,000M0.63TBLUE",18288.0000000000,KG,41.7735888889,30636.8600000000,34138652.0000000000,0.0000000000,34138652.0000000000,B100300, ,459411(AK)
20171113,파워엠팩,PP,PP14MMPP14M／M 10KG (녹색),9888.0000000000,KG,2408.3444444444,0.0000000000,16826975.0000000000,983688.0000000000,17810663.0000000000,50R/L,청정원, 
20171114,삼원산업,PP,PP12MPP12M／M12KG(황),9410.0000000000,KG,1938.0000000000,0.0000000000,7715000.0000000000,771500.0000000000,8486500.0000000000,200R/L, , 
20171115,동방포장기자재,PP,PP12MPP12M／M10KG(황),3324.0000000000,KG,13667.1428571429,0.0000000000,5656320.0000000000,565632.0000000000,6221952.0000000000,64롤 0.8T-농협, , 
20171116,대영포장(주)발안공장,PP,PP7MPP7M10KG백색,6364.0000000000,KG,6543.3333333333,0.0000000000,14550480.0000000000,1455048.0000000000,16005528.0000000000,"200롤(@\16,500)", , 
20171117,CYKLOP PACKAGING SYSTEMS PTY LTD.,PP,"12 x 3,000M 0.65T12x3,000M0.65T BLUE",32047.0000000000,KG,1170.0772000000,40273.3800000000,59227379.0000000000,892720.0000000000,60120099.0000000000,0123P12DSB, ,14330
20171120,광림파워팩,PP,PP9MMPP9M／M10KG(투명),5487.0000000000,KG,5030.7692307692,0.0000000000,10202250.0000000000,1020225.0000000000,11222475.0000000000,50R/L (0.75T), , 
20171121,제이앤에스 캠,PP,PP18MMx 10kg 투명자동밴딩 16.7MM * 1050M 두께1.0mm,13192.0000000000,KG,8222.6666666667,0.0000000000,6742600.0000000000,674260.0000000000,7416860.0000000000,100롤, , 
20171122,전주삼신산업,PP,PP12MPP12M／M10KG(황),8482.0000000000,KG,34200.4015833333,0.0000000000,14514270.0000000000,301980.0000000000,14816250.0000000000,20R/L(0.8T), , 
20171123,광림파워팩,PP,PP12MPP12M／M10KG(황),14489.0000000000,KG,1623.7880285714,11707.8000000000,25221672.0000000000,1244495.0000000000,26466167.0000000000,100롤, , 
20171124,파워엠팩,PP,PP15MPP15M／M13KG(황),3265.0000000000,KG,2341.5500000000,0.0000000000,5881418.0000000000,550073.0000000000,6431491.0000000000,15롤, , 
20171127,신영글로벌 주식회사,PP,PP15MPP15M／M13KG(황),10966.0000000000,KG,1232.5404200000,12746.4000000000,18809344.0000000000,497950.0000000000,19307294.0000000000,롤랩핑포장/도착도, , 
20171128,한서포장,PE,PP12MPP12MM / 9.5KG(황),3822.5000000000,KG,2022.2222222222,0.0000000000,6765000.0000000000,676500.0000000000,7441500.0000000000,150롤, , 
20171129,동오정밀(주),PP,PP18MMx 21kg 삼성(내수)2300M두께0.80mm단중8.8g,4259.0000000000,KG,3675.7500000000,0.0000000000,9875998.0000000000,807494.0000000000,10683492.0000000000,5롤, ,동오정밀(천안 본사) / 이무현 주임 010-4756-4976
20171130,서원산업사,PP,PP9M/MPP9M/M*11KG(황색),2444.0000000000,KG,3314.3636363636,0.0000000000,4085000.0000000000,408500.0000000000,4493500.0000000000,20롤,"롤당@\41,008(대경박차장단가@\19,250/\1,750 Kg)", 
2017/11  계,,,,249650,,124174.2157829876,1542818.9,452051921,22288057,474339978,,,
20171201,(주)테이팩스,PP,PP15MPP15MM*10KG(황색),28033.0000000000,KG,1729.8395260870,25762.5000000000,50991288.0000000000,2303640.0000000000,53294928.0000000000,50롤, , 
20171203,KOMERI,PP,15 x 100M 0.55T15x100M0.55T녹색,6012.0000000000,KG,303.8107857143,1537992.0000000000,14813323.0000000000,0.0000000000,14813323.0000000000,4920501073166, ,PUS170904908
20171204,동원팩,PE,PE28mm 2kgPE28M／M(백)2KG,9858.0000000000,KG,2229.4444444444,0.0000000000,19892900.0000000000,1989290.0000000000,21882190.0000000000,25박스, , 
20171205,자연산업,상품,PET 19mm x 1.0T x 780mPET 19mm x 1.0T x 780m Embossed (검정),6285.0000000000,롤,5816.1285714286,0.0000000000,11475570.0000000000,500820.0000000000,11976390.0000000000,6 R/L, , 
20171206,POWERPAK,PP,PP 12MM12MMx1000Mx0.50MM Grey,14550.0000000000,KG,1761.9423090909,13622.9000000000,24700738.0000000000,468920.0000000000,25169658.0000000000,4500, ,36118
20171207,광림파워팩,PP,PP9MMPP9M／M9.5KG(황색),6380.0000000000,KG,1750.0000000000,0.0000000000,11003500.0000000000,1100350.0000000000,12103850.0000000000,50롤(0.65T), , 
20171208,한서포장,PE,PE28mm 2kgPE28M／M(백)2KG,4480.0000000000,KG,4979.2307692308,0.0000000000,10067500.0000000000,1006750.0000000000,11074250.0000000000,15박스, , 
20171210,INDUSTRIAL PERSPECTIVES EST,PP,"12 x 2,500M 0.50T12 x 2,500M 0.50T Black",7856.0000000000,KG,1.8276333333,13869.3000000000,15154984.0000000000,0.0000000000,15154984.0000000000,2 Rolls/Box, ,KIC17-02
20171211,신광포장기계,PP,PP15MPP15MM*10KG(황색),7616.5000000000,KG,2222.9300000000,0.0000000000,13839298.0000000000,790257.0000000000,14629555.0000000000,50롤, , 
20171212,(주)한제피앤에스,PP,PP12MPP12M／M12.5(청),6880.0000000000,KG,2209.9333333333,0.0000000000,13082410.0000000000,1308241.0000000000,14390651.0000000000,50R/L(0.7T x 2800m)/파주직납, , 
20171213,대영포장(주)발안공장,PP,PP7MPP7M10KG백색,12120.0000000000,KG,1766.6666666667,0.0000000000,20168000.0000000000,2016800.0000000000,22184800.0000000000,"100롤(@\16,500)", , 
20171214,동오정밀(주),PP,PP15MPP15M／M10KG(백색),3639.0000000000,KG,10052.0000000000,0.0000000000,11210610.0000000000,1121061.0000000000,12331671.0000000000,20롤, , 
20171215,광림파워팩,PP,PP12MPP12M／M12.5KG (황),7591.0000000000,KG,1928.2060606061,0.0000000000,12613468.0000000000,855568.0000000000,13469036.0000000000,150롤, , 
20171216,"SANYU CO.,LTD",PP,15 x 100M 0.55T15x100M0.55T황색,7499.0000000000,KG,540.6357142857,1695410.0000000000,17943091.0000000000,154000.0000000000,18097091.0000000000,901, ,64 KIC
20171218,JH글로벌,PP,PP12MPP12M／M12.5KG (황),1935.0000000000,KG,2563.8333333333,0.0000000000,4016220.0000000000,401622.0000000000,4417842.0000000000,20롤, , 
20171219,(주)삼화인쇄,PP,PE28mm 2kgPE28M／M(백)2KG,3570.0000000000,KG,2553.4545454545,0.0000000000,6644736.0000000000,346080.0000000000,6990816.0000000000,10박스(쇼핑백1층), , 
20171220,CYKLOP PACKAGING SYSTEMS PTY LTD.,PP,"12 x 3,000M 0.65T12x3,000M0.65T BLUE",20116.0000000000,KG,4147.7089352941,26205.3200000000,38917173.0000000000,539600.0000000000,39456773.0000000000,0123P12DSB, ,14350
20171221,(주)탐스텍,PP,PP 12MM 2000M 0.80MM Blue12mm 2000m 0.80mm Blue,13005.0000000000,KG,2146.1003769231,0.0000000000,23571200.0000000000,1030260.0000000000,24601460.0000000000, , ,TT-171212A
20171222,해성수출포장,PE,PE28mm 2kgPE28M／M(백)2KG,10380.0000000000,KG,-459.7538461538,0.0000000000,17913704.0000000000,1068640.0000000000,18982344.0000000000,20박스, , 
20171223,NZ SAFETY BLACKWOODS,PP,PP 12MM12MMx1000Mx0.55MM Blue,21384.0000000000,KG,1.5787000000,36705.1200000000,39663552.0000000000,0.0000000000,39663552.0000000000,1379117(수동용엠보), ,W816169
20171225,POWERPAK,PP,PP 12MM12MMx1000Mx0.50MM Grey,8856.0000000000,KG,1.5166333333,13795.1200000000,14907006.0000000000,0.0000000000,14907006.0000000000,4500, ,36535
20171226,동원팩,PE,PE28mm 2kgPE28M／M(백)2KG,5668.0000000000,KG,1740.2166666667,0.0000000000,9682919.0000000000,258900.0000000000,9941819.0000000000,25박스, , 
20171227,라바인터네셔널,PP,PP12MPP12M／M12.5KG (황),3866.0000000000,KG,2252.6363636364,0.0000000000,8008826.0000000000,764400.0000000000,8773226.0000000000,50 R/L(광주 서울패키지 직납),광림동일제품, 
20171228,상일교역상사,PE,PE28mm 1.8kgPE28M／M(백) 1.8KG,31930.0000000000,KG,1116.3114115385,49277.2000000000,60412994.0000000000,743015.0000000000,61156009.0000000000,046010, ,CWC LA 4016846
20171229,광신화학공업사,PP,PP10.5MPP10.5M10KG투명,4298.0000000000,KG,1819.5714285714,0.0000000000,7017846.0000000000,267310.0000000000,7285156.0000000000,(주)낙원 직납/100R/L, , 
20171230,CYKLOP PACKAGING SYSTEMS PTY LTD.,PP,"15 x 1,000M 0.65T Blue15x1,000M0.65T청색",18630.0000000000,KG,1.5572800000,29102.7600000000,31180697.0000000000,0.0000000000,31180697.0000000000,0122DP15, ,14372
2017/12  계,,,,272437.5,,55177.3276428186,3441742.22,508893553,19035524,527929077,,,
20180102,한솔포장,PE,"PE28mm, 6KGPE28M／M(백)6KG",3550.0000000000,KG,5911.1111111111,0.0000000000,7208000.0000000000,720800.0000000000,7928800.0000000000,25박스, , 
20180103,합동포장기계,PP,PP12MPP12M／M12.5KG(투명),6285.0000000000,KG,5200.0000000000,0.0000000000,13868000.0000000000,1386800.0000000000,15254800.0000000000,30롤, , 
20180104,신광포장기계,PP,PP12MPP12M／M10KG(백),8318.0000000000,KG,1732.9529411765,0.0000000000,13883527.0000000000,783650.0000000000,14667177.0000000000,50롤, , 
20180105,JH글로벌,PP,PP12MPP12M／M12.5KG (황),4762.0000000000,KG,2195.4545454545,0.0000000000,9392700.0000000000,939270.0000000000,10331970.0000000000,20롤, , 
20180106,RLBUTTON,PP,"12 x 3,000M 0.60T Clear w/Talleys Red printed12 x 3,000M 0.60T Clear w/Talleys Red printed",16823.0000000000,KG,3.4308000000,25639.1600000000,27318524.0000000000,0.0000000000,27318524.0000000000,B100360, ,462366 (AK) PROFREIGHT INT'L
20180108,진송팩,PE,PE28mm 2kgPE28M／M(백)2KG,4896.0000000000,KG,2142.8571428571,0.0000000000,10862800.0000000000,1086280.0000000000,11949080.0000000000,48박스, , 
20180109,제이앤에스 캠,PP,PP18MMx 10kg 투명자동밴딩 16.7MM * 1050M 두께1.0mm,4812.0000000000,KG,7790.0000000000,0.0000000000,8623100.0000000000,862310.0000000000,9485410.0000000000,100롤, , 
20180110,세계산업,PE,PE28mm 2kgPE28M／M(백)2KG,3543.0000000000,KG,-2051.8000000000,0.0000000000,7451182.0000000000,745118.0000000000,8196300.0000000000,2박스(무지), , 
20180111,동원팩,PE,"PE28mm, 6KGPE28M／M(백)6KG",7701.0000000000,KG,2055.8666666667,0.0000000000,15248490.0000000000,858645.0000000000,16107135.0000000000,4박스(매일계란택배), , 
20180112,(주)삼화인쇄,PP,PP15MPP15MM*10KG(황색),4055.0000000000,KG,1911.7000000000,0.0000000000,7070398.0000000000,531260.0000000000,7601658.0000000000,100롤(제책4층), , 
20180115,동원팩,PE,PE28mm 2kgPE28M／M(백)2KG,53312.0000000000,KG,1794.8666666667,0.0000000000,15863392.0000000000,1049050.0000000000,16912442.0000000000,20박스, , 
20180116,제이케이머티리얼즈(주)／순성공장,상품,스트레치랩(일반 기계랩)25*500mm*1400m,5083.0000000000,롤,4926.6666666667,0.0000000000,11555780.0000000000,1155578.0000000000,12711358.0000000000,48박스, , 
20180117,동원팩,PE,"PE28mm, 6KGPE28M／M(백)6KG",5680.5000000000,KG,6763.3333333333,0.0000000000,14006325.0000000000,1400632.0000000000,15406957.0000000000,10박스, , 
20180118,대영포장(주)발안공장,PP,PP12MPP12M／M12.5KG (황),7688.0000000000,KG,2068.1333333333,0.0000000000,13434090.0000000000,1343409.0000000000,14777499.0000000000,"100롤(@\23,000)", , 
20180119,신한포장기계(주),PE,PE28mm 2kgPE28M／M(백)2KG,7921.0000000000,KG,6349.7666500000,0.0000000000,15138860.0000000000,900315.0000000000,16039175.0000000000,50박스, , 
20180122,광림파워팩,PP,PP9MMPP9M／M10KG(황),4719.0000000000,KG,2540.9090909091,0.0000000000,9171950.0000000000,917195.0000000000,10089145.0000000000,50롤 0.75, , 
20180123,KOMERI,PP,15 x 100M 0.55T15x100M0.55T청색,15500.0000000000,KG,1559.3730500000,1380604.0000000000,29782269.0000000000,989900.0000000000,30772169.0000000000,4920501073203, ,PUS171027905
20180124,(주)삼화인쇄,PP,PP10.5MPP10.5M10KG투명,5809.0000000000,KG,1923.5714285714,0.0000000000,10990450.0000000000,1099045.0000000000,12089495.0000000000,100롤(평판지하B판), , 
20180125,진로특수포장기계,PE,PE50mm 2kgPE50M／M(백)2KG,4591.0000000000,KG,1974.3393939394,0.0000000000,8281878.0000000000,286140.0000000000,8568018.0000000000,5BOX, , 
20180126,경인팩,PP,PP6MMPP6M／M10KG(황),9539.0000000000,KG,1921.4545454545,0.0000000000,17146576.0000000000,931940.0000000000,18078516.0000000000,100롤,1/30입금예정, 
20180129,전주삼신산업,PE,PE28mm 2kgPE28M／M(백)2KG,10704.0000000000,KG,2782.0117647059,0.0000000000,20349996.0000000000,1236420.0000000000,21586416.0000000000,20박스, , 
20180130,동원팩,PE,PE28mm 2kgPE28M／M(백)2KG,6958.0000000000,KG,1748.0256153846,0.0000000000,12249126.0000000000,790438.0000000000,13039564.0000000000,25박스, , 
20180131,CYKLOP PACKAGING SYSTEMS PTY LTD.,PP,PP 12MM12MMx1000Mx0.55MM Blue,20143.0000000000,KG,1285.0086526316,29222.4400000000,35593094.0000000000,428125.0000000000,36021219.0000000000,0122DP12, ,14428
2018/01  계,,,,222392.5,,64529.0333988624,1435465.6,334490507,20442320,354932827,,,
20180201,제이케이머티리얼즈(주)／순성공장,상품,스트레치필름(일반 핸드랩)15*500mm*400m,7405.0000000000,박스,9221.5384615385,0.0000000000,14503040.0000000000,1450304.0000000000,15953344.0000000000,32박스,대신화물 선불택배, 
20180202,주식회사 엠피아이,PE,PE28mm 2kgPE28M／M(백)2KG,4881.0000000000,KG,2081.5200000000,0.0000000000,9331425.0000000000,455480.0000000000,9786905.0000000000,10박스,(택배착불), 
20180203,RICK MACGOWAN AGENCIES,PP,"9 x 4,000M 0.60T9 x 4,000M 0.60T Clear",8196.0000000000,KG,1.5855500000,12995.0000000000,13918944.0000000000,0.0000000000,13918944.0000000000, , ,00066775
20180205,삼원산업,PP,PP12MPP12M／M10KG(황),7254.0000000000,KG,2052.7272727273,0.0000000000,15661200.0000000000,1566120.0000000000,17227320.0000000000,100롤, , 
20180206,POWERPAK,PP,"12 x 4,000M 0.60T12x4,000M0.60TBLUE",15642.0000000000,KG,1536.9349066667,12180.0000000000,23585195.0000000000,720320.0000000000,24305515.0000000000,SO-AJF-163, ,"36908 (Deliver to : 1 Zanni ST Canning Vale, WA 6155)"
20180207,동원팩,PE,"PE28mm, 6KGPE28M／M(백)6KG",8241.0000000000,KG,2761.2500000000,0.0000000000,16576800.0000000000,1657680.0000000000,18234480.0000000000,15박스, , 
20180208,한서포장,PP,PP12MPP12MM / 9.5KG(황),3339.0000000000,KG,1822.2222222222,0.0000000000,6395200.0000000000,639520.0000000000,7034720.0000000000,100 R/L, , 
20180209,(주)삼화인쇄,PP,PP12MPP12M／M10KG(백),13528.0000000000,KG,1949.7238095238,0.0000000000,15302422.0000000000,978460.0000000000,16280882.0000000000,50롤(쇼핑백1층), , 
20180212,라바인터네셔널,PP,PP12MPP12M／M12.5KG (황),9211.0000000000,KG,1889.9684210526,0.0000000000,16576540.0000000000,1160885.0000000000,17737425.0000000000,50 R/L(광주 서울패키지 직납),광림동일제품, 
20180213,전주삼신산업,PE,PE28mm 2kgPE28M／M(백)2KG,22398.0000000000,KG,4569.8419307692,34562.0000000000,48622751.0000000000,1117828.0000000000,49740579.0000000000,20박스, , 
20180214,경인팩,PE,PE28mm 2kgPE28M／M(백)2KG,440.0000000000,KG,2200.0000000000,0.0000000000,968000.0000000000,96800.0000000000,1064800.0000000000,특22박스, , 
20180215,PARAMOUNT PAPER MERCHANTS PTY LTD.,PP,"15 x 1,000M 0.55T Blue15x1,000M0.55T청색",6504.0000000000,KG,3.0959400000,11084.5200000000,12002318.0000000000,0.0000000000,12002318.0000000000,PS15X1D, ,103891
20180216,KOMERI,PP,15 x 100M 0.55T15x100M0.55T녹색,5938.0000000000,KG,278.4983444444,1415359.0000000000,14212054.0000000000,0.0000000000,14212054.0000000000,4920501073166, ,PUS171207908
20180219,(주)동신밴드,상품,스트레치필름(기능 핸드랩)12* 500mm *400m,2212.0000000000,롤,19480.0000000000,0.0000000000,16084960.0000000000,1608496.0000000000,17693456.0000000000,192 C/T, ,TG171127-2 (17차분/20FT FCL-광양항)
20180220,대영포장(주)발안공장,PP,PP7MPP7M10KG백색,10271.5000000000,KG,5002.2708333333,0.0000000000,32782179.0000000000,2628164.0000000000,35410343.0000000000,"200롤(@\16,500)", , 
20180221,전주삼신산업,PE,PE28mm 2kgPE28M／M(백)2KG,8934.0000000000,KG,2841.1764705882,0.0000000000,17649500.0000000000,1764950.0000000000,19414450.0000000000,10박스, , 
20180222,파워엠팩,PP,PP10.5MPP10.5M10KG투명,740.0000000000,KG,2333.3333333333,0.0000000000,1416000.0000000000,141600.0000000000,1557600.0000000000,50롤, , 
20180223,RLBUTTON,PP,"12 x 3,000M 0.63T12x3,000M0.63TBLUE",16023.0000000000,KG,1439.6396937500,13651.8600000000,27851515.0000000000,888900.0000000000,28740415.0000000000,B100300, ,463693 (AK)
20180224,KONZ TRADING LTD.,PP,"15 x 2,500M 0.64T15 x 2,500M 0.64T 청색",7525.0000000000,KG,1.7972000000,13524.0000000000,14645139.0000000000,0.0000000000,14645139.0000000000,700 Rolls, ,KONZDAN1021
20180225,HIGHGATE DISTRIBUTION,PP,"12 x 3,000M 0.63T White w/EST 206 Black printed12 x 3,000M 0.63T White w/EST 206 Black printed",324.0000000000,KG,1.7574000000,569.4000000000,616603.0000000000,0.0000000000,616603.0000000000,755(EST 206), ,80355 (AIR)
20180226,한서포장,PP,PP12MPP12MM / 9.5KG(황),5751.0000000000,KG,3932.6190476190,210.0000000000,13614907.0000000000,1338842.0000000000,14953749.0000000000,100 R/L, , 
20180227,제이앤에스 캠,상품,PP18MPP18M／M 8 KG (황),7418.0000000000,KG,2294.0330827068,0.0000000000,12896018.0000000000,790020.0000000000,13686038.0000000000,63롤@8 Kg/롤, , 
20180228,CYKLOP PACKAGING SYSTEMS PTY LTD.,PP,PP 12MM12MMx1000Mx0.55MM Blue,20041.5000000000,KG,1392.9105236111,27610.4200000000,37661678.0000000000,540447.0000000000,38202125.0000000000,0122DP12, ,14460
2018/02  계,,,,192217,,69088.4444438864,1541746.2,382874388,19544816,402419204,,,
20180301,한솔포장,PE,PE28mm 2kgPE28M／M(백)2KG,1040.0000000000,KG,1300.0000000000,0.0000000000,2600000.0000000000,260000.0000000000,2860000.0000000000,50BOX, , 
20180302,신광포장기계,PP,PP15MPP15M／M10KG(투명),5227.0000000000,KG,2112.5000000000,0.0000000000,9763100.0000000000,976310.0000000000,10739410.0000000000,50롤, , 
20180303,PUNCHBOWL,PP,PP19MPP19M／M*0.55T 1000M Blue,10480.0000000000,KG,1.7251500000,17575.0000000000,19014392.0000000000,0.0000000000,19014392.0000000000,413212-수동용엠보, ,PBP310869-1st
20180305,삼원산업,PP,PP12MPP12M／M12KG(황),7009.0000000000,KG,1968.1818181818,0.0000000000,12313200.0000000000,1231320.0000000000,13544520.0000000000,200롤, , 
20180306,덕성수출포장 (신규),PE,PE28mm 2kgPE28M／M(백)2KG,11337.0000000000,KG,2197.5000000000,0.0000000000,23948100.0000000000,2394810.0000000000,26342910.0000000000,3박스, , 
20180307,(주)태양지대,상품,스트레치랩(일반 기계랩)25*500mm*1400m,9857.0000000000,롤,4183.4070175439,0.0000000000,20868014.0000000000,1532785.0000000000,22400799.0000000000,64박스, , 
20180308,HIGHGATE DISTRIBUTION,PP,PP19M HD BlackPP19M／M*1000M1.0TBlack,19071.0000000000,KG,1946.6466849336,14467.1000000000,33291078.0000000000,1133460.0000000000,34424538.0000000000,B09-50030, ,80279 ＆ 80355
20180309,"SANYU CO.,LTD",PP,15 x 170M 0.55T15x170M0.55T녹색,16005.5000000000,KG,11852.0550666667,1678678.0000000000,33393869.0000000000,1020525.0000000000,34414394.0000000000,805, ,65 KIC
20180312,(주)한제피앤에스,PP,PP12MPP12M／M12.5(청),4993.0000000000,KG,1999.9333333333,0.0000000000,9302910.0000000000,731295.0000000000,10034205.0000000000,50R/L(0.7T x 2800m)/파주직납, , 
20180313,제이케이머티리얼즈(주)／순성공장,상품,스트레치필름(일반 기계랩)25*500mm*1400m,6266.0000000000,롤,5446.3636363636,0.0000000000,12787780.0000000000,1278778.0000000000,14066558.0000000000,48박스, , 
20180314,ANDERSON WHOLESALE PACKAGING PTY LTD.,PP,"15 x 1,000M 0.50T Blue15x1,000M0.50T청색",13759.0000000000,KG,1436.4113743590,14577.0000000000,25297366.0000000000,976120.0000000000,26273486.0000000000,2015, ,00001282
20180315,NZ SAFETY BLACKWOODS,PP,PP19MPP19M／M*0.55T 1000M Blue,12431.0000000000,KG,1245.0757102564,13292.1600000000,21611888.0000000000,681495.0000000000,22293383.0000000000,1030708(UV), ,W829390
20180316,종로포장비니루상사,PE,PE28mm 2kgPE28M／M(백)2KG,10179.0000000000,KG,2464.3703703704,0.0000000000,17116786.0000000000,315390.0000000000,17432176.0000000000,1박스(무인쇄박스),택배착불, 
20180319,한서포장,PP,PP12MPP12MM / 9.5KG(황),9089.0000000000,KG,2573.4000000000,0.0000000000,19124719.0000000000,1912471.0000000000,21037190.0000000000,100 R/L, , 
20180320,진송팩,PE,PE28mm 2kgPE28M／M(백)2KG,5353.0000000000,KG,2173.7372549020,0.0000000000,10239806.0000000000,714960.0000000000,10954766.0000000000,50박스, , 
20180321,광림파워팩,PP,PP12MPP12M／M12.5(적),7492.0000000000,KG,2196.6666666667,0.0000000000,14973800.0000000000,1497380.0000000000,16471180.0000000000,32롤, , 
20180322,제이케이머티리얼즈(주)／순성공장,상품,PET 16mm x 0.8T x 1200mPET 16mm x 0.8T x 1200m Embossed (반투명 녹색),3840.0000000000,롤,8885.7142857143,0.0000000000,8023200.0000000000,802320.0000000000,8825520.0000000000, ,대양(대신화물택배선불발송), 
20180323,광신화학공업사,PP,PP10.5MPP10.5M10KG투명,10792.0000000000,KG,10036.3137254902,0.0000000000,19134556.0000000000,1114155.0000000000,20248711.0000000000,200롤낙원 직납/200R/L, , 
20180324,KOMERI,PP,15 x 100M 0.55T15x100M0.55T녹색,6039.0000000000,KG,278.4983444444,1439996.0000000000,14682199.0000000000,0.0000000000,14682199.0000000000,4920501073166, ,PUS171207909
20180326,(주)태양지대,PE,"PE28mm, 6KGPE28M／M(백)6KG",5732.0000000000,KG,2463.6363636364,0.0000000000,12248600.0000000000,1224860.0000000000,13473460.0000000000,20박스, , 
20180327,전주삼신산업,PP,PP12MPP12M／M10KG(황),4848.0000000000,KG,2387.8156862745,0.0000000000,9652215.0000000000,691602.0000000000,10343817.0000000000,30롤, , 
20180328,(주)삼화인쇄,PP,PP10.5MPP10.5M10KG투명,9082.0000000000,KG,2159.2857142857,0.0000000000,18813100.0000000000,1881310.0000000000,20694410.0000000000,200롤, , 
20180329,광림파워팩,PP,PP9MMPP9M／M10KG(황),6923.0000000000,KG,4141.1764705882,0.0000000000,13505600.0000000000,1350560.0000000000,14856160.0000000000,50롤 0.75, , 
20180330,강원농협연합포장재가공사업소,PP,PP12MPP12M／M12.5KG (황),7875.0000000000,KG,6638.1818181818,0.0000000000,14648350.0000000000,1464835.0000000000,16113185.0000000000,300롤, , 
2018/03  계,,,,204719.5,,82088.5964921929,3178585.26,396354628,25186741,421541369,,,
20180402,(주)한제피앤에스,PP,PP12MPP12M／M12.5(청),27397.0000000000,KG,3546.3379481481,30944.2800000000,48562091.0000000000,1562500.0000000000,50124591.0000000000,50R/L(0.7T x 2800m)/파주직납, , 
20180403,신광포장기계,PP,PP15MPP15MM*10KG(황색),5037.0000000000,KG,2111.6133333333,0.0000000000,8855087.0000000000,377420.0000000000,9232507.0000000000,50롤(우진기공 인쇄밴드), , 
20180404,합동포장기계,PP,PP12MPP12M／M12.5KG (황),13300.0000000000,KG,1863.6363636364,0.0000000000,22286000.0000000000,2228600.0000000000,24514600.0000000000,220롤, , 
20180405,자강산업(주) 신평공장,상품,스트레치필름(일반 핸드랩)15*500mm*400m,4100.0000000000,박스,2853.7500000000,0.0000000000,10294080.0000000000,1029408.0000000000,11323488.0000000000,64박스,2파로 납, 
20180406,대전인재사,PP,PP12MPP12M／M9KG(황),11825.5000000000,KG,2213.8724637681,0.0000000000,20879534.0000000000,1426508.0000000000,22306042.0000000000,102롤,인쇄패드(powerband)/합바 12만원착불, 
20180407,NZ SAFETY BLACKWOODS,PP,PP19M HD BlackPP19M／M*1000M1.0TBlack,7308.0000000000,KG,1.6600666667,12142.6800000000,12865169.0000000000,0.0000000000,12865169.0000000000,3003536(UV/자동용엠보), ,W847231
20180409,파워엠팩,PP,PP14MMPP14M／M 10KG (적색),10944.0000000000,KG,1947.9603928571,12640.4700000000,20319941.0000000000,684520.0000000000,21004461.0000000000,60롤(청정원), , 
20180410,JH글로벌,PP,PP12MPP12M／M12.5KG (황),4839.0000000000,KG,2517.7083333333,0.0000000000,11014750.0000000000,1101475.0000000000,12116225.0000000000,30롤, , 
20180411,한서포장,PP,PP12MPP12MM / 9.5KG(황),9148.0000000000,KG,2218.8000000000,0.0000000000,17296072.0000000000,926990.0000000000,18223062.0000000000,100 R/L,용차발송, 
20180412,라바인터네셔널,PP,PP12MPP12M／M10KG(백),7476.0000000000,KG,4823.0769230769,0.0000000000,13608000.0000000000,1360800.0000000000,14968800.0000000000,30 R/L(광주 서울패키지 직납),신광동일제품(0.65-0.70t), 
20180413,경인팩,PP,PP6MMPP6M／M10KG(황),6515.5000000000,KG,2131.5533333333,0.0000000000,12340829.0000000000,738467.0000000000,13079296.0000000000,100롤, , 
20180414,ANDERSON WHOLESALE PACKAGING PTY LTD.,PP,PP 12MM12MMx1000Mx0.50MM Blue,18844.0000000000,KG,1.5547833333,29474.9000000000,31499825.0000000000,0.0000000000,31499825.0000000000,2012, ,00001294
20180416,신우교역,PP,PP12MPP12M／M10KG(황),4963.0000000000,KG,9349.0909090909,0.0000000000,9118800.0000000000,911880.0000000000,10030680.0000000000,100롤(0.65)납품:한국스미더스, , 
20180417,전주삼신산업,PP,PP15MPP15MM*10KG(황색),6269.0000000000,KG,2216.6666666667,0.0000000000,12004250.0000000000,1200425.0000000000,13204675.0000000000,20롤,대신화물, 
20180418,경은종합상사,PE,PE28mm 2kgPE28M／M(백)2KG,4133.0000000000,KG,2028.3818181818,0.0000000000,6774427.0000000000,72740.0000000000,6847167.0000000000,3박스(아이니키즈), , 
20180419,KOMERI,PP,15 x 100M 0.55T15x100M0.55T녹색,28257.0000000000,KG,1094.5635365079,1543609.4000000000,61275230.0000000000,717360.0000000000,61992590.0000000000,4920501073166, ,PUS180105923
20180420,JH글로벌,PP,PP15MPP15M／M13KG(황),3719.0000000000,KG,2720.3818181818,0.0000000000,6210473.0000000000,324500.0000000000,6534973.0000000000,40롤, , 
20180423,광림파워팩,PE,PE28mm 2kgPE28M／M(백)2KG,5755.0000000000,KG,2800.0000000000,0.0000000000,11484850.0000000000,1148485.0000000000,12633335.0000000000,24kg(30박스),100박스 중에서, 
20180424,한솔포장,PE,"PE28mm, 6KGPE28M／M(백)6KG",2115.0000000000,KG,2387.5000000000,0.0000000000,5410000.0000000000,541000.0000000000,5951000.0000000000,25박스, , 
20180425,(주)삼신,PE,PE28mm 2kgPE28M／M(백)2KG,9160.0000000000,KG,5238.2222222222,0.0000000000,18768296.0000000000,1293108.0000000000,20061404.0000000000,100박스, , 
20180426,CYKLOP PACKAGING SYSTEMS PTY LTD.,PP,PP 12MM12MMx1000Mx0.55MM Blue,24155.0000000000,KG,1161.7843333333,31570.8200000000,43851843.0000000000,979640.0000000000,44831483.0000000000,0122DP12, ,14571
20180427,광림파워팩,PP,PP12MPP12M／M12.5KG (황),25342.0000000000,KG,1369.6045471264,31838.3600000000,51571523.0000000000,964245.0000000000,52535768.0000000000,50롤, , 
2018/04  계,,,,240602,,56597.7197927975,1692220.91,456291070,19590071,475881141,,,
20180501,화남포장,PP,PP12MPP12M／M10KG(황),455.0000000000,KG,3378.7500000000,0.0000000000,1268720.0000000000,126872.0000000000,1395592.0000000000,0.65T, , 
20180502,한국전자금융(주),PP,무인쇄 11mm x 0.70T x 1000m화폐밴딩끈 지관200x190,17693.5000000000,KG,1636.8587312500,15349.2000000000,31533571.0000000000,1514830.0000000000,33048401.0000000000,"경주3롤(@\15,000)",4/26로젠발송, 
20180503,서울포장기계,PP,PP12MPP12M／M10KG(백),7722.0000000000,KG,3614.9275362319,0.0000000000,16261172.0000000000,1155160.0000000000,17416332.0000000000,100롤, , 
20180504,한국전자금융(주),PP,인쇄11mm x 0.70T x 1000m화폐밴딩끈 지관200x190,5234.0000000000,KG,2456.9761904762,0.0000000000,10001161.0000000000,578980.0000000000,10580141.0000000000,"강남국민30롤(@\16,500)",강남, 
20180508,금산포장,PP,PP12MPP12M／M12.5KG(녹색),5737.0000000000,KG,2643.6491228070,0.0000000000,10688216.0000000000,1065505.0000000000,11753721.0000000000,50롤, , 
20180509,동원팩,PE,PE28mm 2kgPE28M／M(백)2KG,11062.0000000000,KG,7658.3666666667,0.0000000000,19362582.0000000000,1183390.0000000000,20545972.0000000000,20박스, , 
20180510,신광포장기계,PP,PP15MPP15MM*10KG(황색),4169.0000000000,KG,2040.9090909091,0.0000000000,8148450.0000000000,814845.0000000000,8963295.0000000000,50롤, , 
20180511,삼원산업,PP,PP12MPP12M／M12KG(황),7711.0000000000,KG,30460.0000000000,0.0000000000,13881800.0000000000,1388180.0000000000,15269980.0000000000,200롤, , 
20180512,RLBUTTON,PP,"12 x 3,000M 0.63T12x3,000M0.63TBLUE",27113.0000000000,KG,2.8688234565,42178.7300000000,45354787.0000000000,0.0000000000,45354787.0000000000,B100300, ,466845(AK)
20180514,삼성니플,PP,PP15MPP15M／M13KG(황),8404.5000000000,KG,2456.6500000000,0.0000000000,15666650.0000000000,1566665.0000000000,17233315.0000000000,10롤, , 
20180515,보우팩,PP,PP6MMPP6M／M10KG(백),8403.0000000000,KG,1730.4213200000,0.0000000000,14950560.0000000000,946375.0000000000,15896935.0000000000,50롤, , 
20180516,(주)한제피앤에스,PP,PP14MMPP14M／M 12KG (청색),3320.0000000000,KG,1693.3333333333,0.0000000000,5611600.0000000000,561160.0000000000,6172760.0000000000,100R/L(0.75T x 2250m)/파주직납, , 
20180517,대영포장(주)대구지점,PP,PP7MPP7M10KG백색,27397.0000000000,KG,1608.8477272727,39474.0000000000,58863853.0000000000,1628325.0000000000,60492178.0000000000,200롤,합화차4P15만원, 
20180518,대원포장기계,PE,PE28mm 2kgPE28M／M(백)2KG,7445.0000000000,KG,2074.3636333333,0.0000000000,12925654.0000000000,400400.0000000000,13326054.0000000000,20박스(대구-대신택배착불), , 
20180521,주식회사 동원피앤아이,PE,PE28mm 2kgPE28M／M(백)2KG,4535.0000000000,KG,8948.5714285714,0.0000000000,9688000.0000000000,968800.0000000000,10656800.0000000000,10박스(방문), , 
20180522,KOMERI,PP,15 x 100M 0.55T15x100M0.55T녹색,6205.0000000000,KG,305.8435555556,1523895.0000000000,14847766.0000000000,0.0000000000,14847766.0000000000,4920501073166, ,PUS180222907
20180523,합동포장기계,PP,PP12MPP12M／M12.5KG (황),5603.0000000000,KG,2222.7272727273,0.0000000000,11100350.0000000000,1110035.0000000000,12210385.0000000000,50롤, , 
20180524,대영포장(주)발안공장,PP,PP7MPP7M10KG백색,10175.0000000000,KG,1973.4579695652,0.0000000000,19375269.0000000000,1361520.0000000000,20736789.0000000000,"200롤(@\16,500)", , 
20180525,금산포장,상품,스트레치필름(기능 핸드랩)12* 500mm *400m,3197.0000000000,롤,21162.8571428571,0.0000000000,7457080.0000000000,745708.0000000000,8202788.0000000000,64 Boxes/1 P/L, , 
20180528,주식회사 도루코리빙 문막지점,PE,PE28mm 2kgPE28M／M(백)2KG,4369.0000000000,KG,2811.5384615385,0.0000000000,11779200.0000000000,1177920.0000000000,12957120.0000000000,30 boxes,다음차분부터 인상가 적용, 
20180529,제이케이머티리얼즈(주)／순성공장,상품,스트레치필름(일반 기계랩)25*500mm*1400m,4611.0000000000,롤,8056.0476190476,0.0000000000,9357308.0000000000,411708.0000000000,9769016.0000000000,48박스, , 
20180530,파워엠팩,PP,PP10.5MPP10.5M10KG투명,2208.0000000000,KG,2171.4285714286,0.0000000000,4410600.0000000000,441060.0000000000,4851660.0000000000,50롤(k2이천),k2이천, 
20180531,신한포장기계(주),PE,PE28mm 2kgPE28M／M(백)2KG,3127.0000000000,KG,1751.7333333333,0.0000000000,5967791.0000000000,260000.0000000000,6227791.0000000000,50박스, , 
2018/05  계,,,,185896,,112861.1275303613,1620896.93,358502140,19407438,377909578,,,
20180601,상일교역상사,PP,"12 x 3,017M 0.55T12x3,017M 0.55T 백색",24963.5000000000,KG,3952.5523051727,34238.0800000000,53496219.0000000000,1664235.0000000000,55160454.0000000000,SWPS12350WH, ,WCP 516984
20180602,NZ SAFETY BLACKWOODS,PP,PP19MPP19M／M*0.55T 1000M Blue,15713.0000000000,KG,207.1525954692,1886194.0000000000,33857245.0000000000,0.0000000000,33857245.0000000000,1030708(UV), ,W868074
20180604,현진산업,PP,PP12MPP12M／M10KG(황),7483.0000000000,KG,2115.0000000000,0.0000000000,14688600.0000000000,1468860.0000000000,16157460.0000000000,6롤, , 
20180605,주식회사 동원피앤아이,PE,PE28mm 2kgPE28M／M(백)2KG,8593.0000000000,KG,2025.4153846154,0.0000000000,15688444.0000000000,691820.0000000000,16380264.0000000000,30박스,방문수령, 
20180607,경인팩,PE,PE28mm 2kgPE28M／M(백)2KG,7446.0000000000,KG,2471.6078431372,0.0000000000,13996186.0000000000,1263638.0000000000,15259824.0000000000,특50박스,7/10청주대한계란, 
20180608,진송팩,PE,PE28mm 2kgPE28M／M(백)2KG,12949.0000000000,KG,1781.8675068202,14186.6000000000,25946950.0000000000,1079708.0000000000,27026658.0000000000,50박스, , 
20180609,ANDERSON WHOLESALE PACKAGING PTY LTD.,PP,PP19M Premium Black w/paper corePP19M／M*1000M 0.7T Black w/paper core,8558.0000000000,KG,1.6805505797,14226.6200000000,15192607.0000000000,0.0000000000,15192607.0000000000,2219(자동용엠보), ,00001309
20180611,(주)탐스텍,PP,"12 x 3,000M 0.60T12x3,000M0.60TBLUE",8762.0000000000,KG,15023.6107058865,0.0000000000,18716950.0000000000,1255420.0000000000,19972370.0000000000,수동용엠보, ,TT-180530A
20180612,KOMERI,PP,15 x 100M 0.55T15x100M0.55T백색,17505.0000000000,KG,1984.3517134433,1404288.0000000000,35039302.0000000000,1457440.0000000000,36496742.0000000000,4920501073197, ,PUS180327906
20180613,신광포장기계,PP,PP15MPP15M／M10KG(투명),1000.0000000000,KG,1675.0000000000,0.0000000000,1675000.0000000000,167500.0000000000,1842500.0000000000,50롤, , 
20180614,주식회사 럭키,상품,스트레치필름 (기능 기계랩)15*500mm*2400m,6650.0000000000,롤,4501.3333333333,0.0000000000,14596260.0000000000,1459626.0000000000,16055886.0000000000,64박스, , 
20180615,경인팩,PP,PP6MMPP6M／M10KG(백),3963.0000000000,KG,2005.8714285714,0.0000000000,7839368.0000000000,451700.0000000000,8291068.0000000000,20롤, , 
20180618,케미칼라,PE,PE28mm 2kgPE28M／M(백)2KG,1341.0000000000,KG,4030.0000000000,0.0000000000,3451000.0000000000,345100.0000000000,3796100.0000000000,10박스, , 
20180619,경인팩,PP,PP15MPP15M／M9.5KG(적색),7820.0000000000,KG,7942.7843137255,0.0000000000,13964580.0000000000,716555.0000000000,14681135.0000000000,56롤, , 
20180620,주식회사청아판지팩,PE,PE28mm 2kgPE28M／M(백)2KG,5694.0000000000,KG,2145.3333333333,0.0000000000,9960236.0000000000,263055.0000000000,10223291.0000000000,5박스,택배착불, 
20180621,동서포장종합상사,PE,PE28mm 2kgPE28M／M(백)2KG,5629.0000000000,KG,1933.9952380952,0.0000000000,10283963.0000000000,610000.0000000000,10893963.0000000000,10박스, , 
20180622,한국전자금융(주),PP,무인쇄 11mm x 0.70T x 1000m화폐밴딩끈 지관200x190,6683.5000000000,KG,8328.7083333333,0.0000000000,13333850.0000000000,1333385.0000000000,14667235.0000000000,"경주3롤(@\15,000)",경주자금센타, 
20180623,HI-TECH PACKAGING LTD.,PP,PP19M BUILDERSPP19M／M*300M 0.60T Blue,1690.0000000000,KG,2.2176568047,3747.8400000000,4156354.0000000000,0.0000000000,4156354.0000000000,P.465, ,26140 (LCL)
20180624,CYKLOP PACKAGING SYSTEMS PTY LTD.,PP,"12 x 3,000M 0.65T12x3,000M0.65T BLUE",16117.0000000000,KG,1.8001375050,28484.9600000000,31589820.0000000000,0.0000000000,31589820.0000000000,0123P12DSB, ,14624
20180625,한서포장,PE,PE28mm 2kgPE28M／M(백)2KG,10360.0000000000,KG,4033.3333333333,0.0000000000,15131000.0000000000,1513100.0000000000,16644100.0000000000,10박스,6롤 교환, 
20180626,진송팩,PE,PE28mm 2kgPE28M／M(백)2KG,5731.0000000000,KG,2064.6666666667,0.0000000000,9497666.0000000000,117300.0000000000,9614966.0000000000,23박스, , 
20180627,범영산업(김근태／익산),PE,PE28mm 2kgPE28M／M(백)2KG,15007.0000000000,KG,2059.0769230769,0.0000000000,9929550.0000000000,992955.0000000000,10922505.0000000000,10박스(택배), , 
20180628,JH글로벌,PP,PP15MPP15M／M13KG(황),1544.0000000000,KG,1194.0000000000,0.0000000000,2926750.0000000000,292675.0000000000,3219425.0000000000,50롤, , 
20180629,서울포장기계,PP,PP12MPP12M／M10KG(백),6333.0000000000,KG,1721.8200000000,0.0000000000,10507835.0000000000,529140.0000000000,11036975.0000000000,50롤, , 
20180630,TIGERPAK PACKAGING,PP,PP 12MM12MMx1000Mx0.50MM Blue,9207.0000000000,KG,1.6323392874,14890.1600000000,16702292.0000000000,0.0000000000,16702292.0000000000,4500, ,23452
2018/06  계,,,,216742,,73204.8116421902,3400256.26,402168027,17673212,419841239,,,
20180701,신대한판지(주),PP,PP7MPP7M10KG백색*3800m,4221.5000000000,KG,7807.2222222222,0.0000000000,11092100.0000000000,1109210.0000000000,12201310.0000000000,"300롤(16,400원/롤당)",6/21출고, 
20180702,(주)동신밴드,상품,스트레치필름(일반 핸드랩)15*500mm*400m,3813.0000000000,박스,5287.7647058824,0.0000000000,7727800.0000000000,772780.0000000000,8500580.0000000000,32박스/(주)수강케미칼, , 
20180703,파워엠팩,PP,PP15MPP15MM*10KG(황색),8858.5000000000,KG,1905.4814814815,0.0000000000,15647771.0000000000,715727.0000000000,16363498.0000000000,56롤(오뚜기), , 
20180704,광림파워팩,PP,PP9MMPP9M／M10KG(투명),10064.5000000000,KG,4315.7142857143,0.0000000000,20841255.0000000000,2084126.0000000000,22925381.0000000000,50롤(0.75T), , 
20180705,신대한판지(주),PP,PP밴드 (수동)PP12mm*2800m (황),15387.0000000000,KG,3770.2857142857,0.0000000000,26653700.0000000000,1585370.0000000000,28239070.0000000000,"48롤 23,000원/롤", , 
20180706,CYKLOP PACKAGING SYSTEMS PTY LTD.,PP,PP 12MM12MMx1000Mx0.55MM Blue,22235.0000000000,KG,1675.0785910218,28685.8800000000,41953951.0000000000,382247.0000000000,42336198.0000000000,0122DP12, ,14664
20180709,주식회사 엠피아이,PE,PE28mm 2kgPE28M／M(백)2KG,12490.0000000000,KG,2355.3846153846,0.0000000000,27465400.0000000000,2746540.0000000000,30211940.0000000000,10박스 로젠착불,kic박스, 
20180710,KOMERI,PP,15 x 100M 0.55T15x100M0.55T자색,8842.0000000000,KG,1531.6596550522,1492986.0000000000,20653785.0000000000,567616.0000000000,21221401.0000000000,4920501073173, ,PUS180424911
20180711,전주삼신산업,PP,PP15MPP15MM*10KG(황색),11843.0000000000,KG,2427.3476190476,0.0000000000,20465460.0000000000,585800.0000000000,21051260.0000000000,30롤(0.65t),대신화물, 
20180712,"SANYU CO.,LTD",PP,15 x 100M 0.55T15x100M0.55T황색,19528.0000000000,KG,2654.1614164377,1731575.2800000000,42830722.0000000000,1235950.0000000000,44066672.0000000000,901, ,67 KIC
20180713,광림파워팩,PP,PP9MMPP9M／M9.5KG(황색),37031.0000000000,KG,1745.6923076923,0.0000000000,20666362.0000000000,716780.0000000000,21383142.0000000000,192롤/3 P/L(0.65t), , 
20180714,CYKLOP PACKAGING SYSTEMS PTY LTD.,PP,PP 12MM12MMx1000Mx0.55MM Blue,17237.0000000000,KG,1.6765866517,28789.7400000000,32469068.0000000000,0.0000000000,32469068.0000000000,0122DP12, ,14692
20180716,파워엠팩,PP,PP12MPP12M／M11KG(백),1822.0000000000,KG,2166.6666666667,0.0000000000,3725500.0000000000,372550.0000000000,4098050.0000000000,34롤(다오), , 
20180717,호성수출포장,PE,PE28mm 2kgPE28M／M(백)2KG,3884.0000000000,KG,2611.2500000000,0.0000000000,8415600.0000000000,841560.0000000000,9257160.0000000000,20박스, , 
20180718,삼원산업,PP,PP12MPP12M／M12KG(황),15180.0000000000,KG,1646.4827762293,8718.5700000000,26803091.0000000000,1013120.0000000000,27816211.0000000000,200롤, , 
20180719,광림파워팩,PP,PP15MPP15M／M10KG(적),3538.5000000000,KG,4161.6666666667,0.0000000000,8506145.0000000000,850614.0000000000,9356759.0000000000,50롤(0.95T),밝은빨강, 
20180720,보우팩,PP,PP12MPP12M／M12.5KG (황),11784.5000000000,KG,3020.8333333333,0.0000000000,20516390.0000000000,1338570.0000000000,21854960.0000000000,50롤, , 
20180721,신대한판지(주),PP,PP7MPP7M10KG백색*3800m,1480.5000000000,KG,2143.1578947368,0.0000000000,3235000.0000000000,323500.0000000000,3558500.0000000000,5롤(@16400원/롤), , 
20180723,대영포장(주)발안공장,PP,PP7MPP7M10KG백색,4920.0000000000,KG,1796.0000000000,0.0000000000,8386600.0000000000,838660.0000000000,9225260.0000000000,"200롤(@\16,500)", , 
20180724,진송팩,PE,PE28mm 2kgPE28M／M(백)2KG,9980.0000000000,KG,2327.2256410256,0.0000000000,18363351.0000000000,694920.0000000000,19058271.0000000000,50박스, , 
20180725,(주)창성밴드,PE,PE28mm 2kgPE28M／M(백)2KG,5226.0000000000,KG,2131.8181818182,0.0000000000,10495800.0000000000,1049580.0000000000,11545380.0000000000,10박스,케이아이씨 박스, 
20180726,강원농협연합포장재가공사업소,PP,PP12MPP12M／M12.5KG (황),7659.5000000000,KG,2059.1666666667,0.0000000000,14615625.0000000000,1461562.0000000000,16077187.0000000000,300롤, , 
20180727,전주삼신산업,PE,PE28mm 2kgPE28M／M(백)2KG,5435.0000000000,KG,1960.7688888889,0.0000000000,10180367.0000000000,554650.0000000000,10735017.0000000000,20박스, , 
20180728,CYKLOP PACKAGING SYSTEMS PTY LTD.,PP,PP 12MM12MMx1000Mx0.55MM Blue,17366.0000000000,KG,1.6684862050,28814.7600000000,32260288.0000000000,0.0000000000,32260288.0000000000,0122DP12, ,14681
20180730,동방포장기자재,PP,PP12MPP12M／M10KG(황),949.0000000000,KG,21642.5000000000,0.0000000000,1901600.0000000000,190160.0000000000,2091760.0000000000,롤 0.63(수출), , 
20180731,대상산업,PE,PE28mm 2kgPE28M／M(백)2KG,8680.0000000000,KG,1932.4761904762,0.0000000000,14609738.0000000000,290214.0000000000,14899952.0000000000,15박스, , 
2018/07  계,,,,269455.5,,85079.1505935874,3319570.23,470482469,22321806,492804275,,,
20180801,JH글로벌,PP,자동결속기 수리비자동결속기 수리비외,5874.5000000000,대,48814.8750000000,0.0000000000,3545000.0000000000,354500.0000000000,3899500.0000000000,"클러치교체, 클러치포크 등",7/25출고, 
20180806,P.P.U OPTIMA,PE,"PE28mm, 6KGPE28M／M(백)6KG",12214.0000000000,KG,3729.6441870088,14130.2400000000,27957603.0000000000,1201728.0000000000,29159331.0000000000,32 C/T (1 P/L), ,180706 (LCL CARGO)
20180807,KOMERI,PP,15 x 100M 0.55T15x100M0.55T녹색,20612.0000000000,KG,1315.4977814621,1578453.0000000000,36648362.0000000000,910752.0000000000,37559114.0000000000,4920501073166, ,PUS180518907
20180808,TIGERPAK PACKAGING,PP,"12 x 3,000M 0.52T12 x 3,000M 0.52T 청색",17785.0000000000,KG,4906.0257142857,11985.2000000000,32109499.0000000000,501970.0000000000,32611469.0000000000,4490(4502 라벨부착), ,23918
20180809,(주)태양지대,상품,스트레치랩(일반 기계랩)25*500mm*1400m,16063.0000000000,롤,5005.8138888889,0.0000000000,28482327.0000000000,2020020.0000000000,30502347.0000000000,64박스, , 
20180810,전주삼신산업,PE,PE28mm 2kgPE28M／M(백)2KG,8834.0000000000,KG,2026.1538461538,0.0000000000,15419800.0000000000,1541980.0000000000,16961780.0000000000,15박스, , 
20180811,파워엠팩,PP,PP9M/MPP9M/M*11KG(은회색),1232.0000000000,KG,1700.0000000000,0.0000000000,2094400.0000000000,209440.0000000000,2303840.0000000000,112롤(다오), , 
20180813,한서포장,PP,PP12MPP12MM / 9.5KG(황),8603.0000000000,KG,3373.3333333333,0.0000000000,17461500.0000000000,1746150.0000000000,19207650.0000000000,100 R/L, , 
20180814,RLBUTTON,PP,"12 x 3,000M 0.60T Clear w/Talleys Red printed12 x 3,000M 0.60T Clear w/Talleys Red printed",20999.0000000000,KG,1241.3365483797,12924.9800000000,37925263.0000000000,904400.0000000000,38829663.0000000000,B100360, ,470036 (CH)
20180815,PARAMOUNT PAPER MERCHANTS PTY LTD.,PP,"15 x 1,000M 0.55T Blue15x1,000M0.55T청색",6881.0000000000,KG,3.0932584355,12384.3000000000,14040080.0000000000,0.0000000000,14040080.0000000000,PS15X1D, ,103891
20180816,신대한판지(주),PP,PP Band(자동)8mm x 0.6T x 3800m (백색) 10Kg/roll,11128.0000000000,KG,5107.6470588235,0.0000000000,23707800.0000000000,2370780.0000000000,26078580.0000000000,"150롤(롤당 단가 16,400원)", , 
20180817,HIGHGATE DISTRIBUTION,PP,"12 x 3,000M 0.63T White w/EST 84 Black printed12 x 3,000M 0.63T White w/EST 84 Black printed",14133.0000000000,KG,1639.6278703704,659.6000000000,20862371.0000000000,800592.0000000000,21662963.0000000000,50070-MILDURA, ,81393(AIR)
20180818,NZ SAFETY BLACKWOODS,PP,PP 12MM12MMx1000Mx0.55MM Blue,7324.0000000000,KG,1.6494825391,12115.6800000000,13699199.0000000000,0.0000000000,13699199.0000000000,1379117, ,W893898
20180820,주식회사 대진화학,PP,PP7MPP7M10KG백색,4172.0000000000,KG,2056.4285714286,0.0000000000,8607260.0000000000,860726.0000000000,9467986.0000000000,100롤, , 
20180821,주식회사청아판지팩,PE,PE28mm 2kgPE28M／M(백)2KG,11328.0000000000,KG,1984.2666666666,0.0000000000,19908044.0000000000,551400.0000000000,20459444.0000000000,5박스,택배착불, 
20180822,대영포장(주)안산공장,PP,PP7MPP7M10KG백색,5857.0000000000,KG,2001.1111111111,0.0000000000,10691180.0000000000,1069118.0000000000,11760298.0000000000,"50롤(@\16,500)", , 
20180823,신대한판지(주),PP,PP Band(자동)8mm x 0.6T x 3800m (백색) 10Kg/roll,3845.0000000000,KG,2212.8571428571,0.0000000000,7141500.0000000000,714150.0000000000,7855650.0000000000,"200롤(롤당 단가 16,400원)", , 
20180824,경인팩,PE,PE28mm 2kgPE28M／M(백)2KG,13489.0000000000,KG,1981.1904761905,0.0000000000,23317012.0000000000,683351.0000000000,24000363.0000000000,11박스, , 
20180825,CYKLOP PACKAGING SYSTEMS PTY LTD.,PP,"15 x 1,000M 0.50T Blue15x1,000M0.50T청색",15342.0000000000,KG,1.6265930775,26743.4600000000,29974069.0000000000,0.0000000000,29974069.0000000000,0122DP15, ,14726
20180827,광림파워팩,PP,PP15MPP15M／M13KG(황),5340.0000000000,KG,2160.0000000000,0.0000000000,10556700.0000000000,1055670.0000000000,11612370.0000000000,50롤, , 
20180828,해성수출포장,PE,PE28mm 2kgPE28M／M(백)2KG,6101.0000000000,KG,330.0000000000,0.0000000000,10901250.0000000000,1090125.0000000000,11991375.0000000000,10박스, , 
20180829,ANDERSON WHOLESALE PACKAGING PTY LTD.,PP,PP 12MM12MMx1000Mx0.50MM Blue,24778.0000000000,KG,1419.2239017095,30960.1300000000,43078744.0000000000,871300.0000000000,43950044.0000000000,2012, ,00001356
20180830,전주삼신산업,PE,PE28mm 2kgPE28M／M(백)2KG,4445.0000000000,KG,2280.0000000000,0.0000000000,8434100.0000000000,843410.0000000000,9277510.0000000000,8박스, , 
20180831,파워엠팩,PP,PP6MMPP6M／M10KG(백),12191.0000000000,KG,2074.7458333333,0.0000000000,21612974.0000000000,698100.0000000000,22311074.0000000000,80롤, , 
2018/08  계,,,,258570.5,,97366.148266055,1700356.59,468176037,20999662,489175699,,,
20180901,대영포장(주)발안공장,PP,PP7MPP7M10KG백색,3306.0000000000,KG,124350.6250000000,0.0000000000,9200500.0000000000,920050.0000000000,10120550.0000000000,"100롤(@\16,500)",8/29 납, 
20180903,동원팩,PE,PE28mm 2kgPE28M／M(백)2KG,7566.0000000000,KG,10679.4117647059,0.0000000000,16975950.0000000000,1697595.0000000000,18673545.0000000000,25박스, , 
20180904,경인팩,PE,PE28mm 2kgPE28M／M(백)2KG,12687.0000000000,KG,-237.9166666667,0.0000000000,20776956.0000000000,200500.0000000000,20977456.0000000000,특30박스, , 
20180905,KOMERI,PP,15 x 100M 0.55T15x100M0.55T녹색,9828.0000000000,KG,1244.2034526180,1627377.0000000000,24158982.0000000000,789400.0000000000,24948382.0000000000,4920501073166, ,PUS180621913
20180906,제이케이머티리얼즈(주)／순성공장,PP,PP18MPP18M／M10KG(황),12653.0000000000,KG,4260.1290204301,0.0000000000,22307218.0000000000,1524286.0000000000,23831504.0000000000,100롤,"원료입고1,220+450", 
20180907,강원농협연합포장재가공사업소,PP,PP12MPP12M／M12.5KG (황),9758.0000000000,KG,1532.7272727273,0.0000000000,15562000.0000000000,1556200.0000000000,17118200.0000000000,300롤, , 
20180910,경은종합상사,PE,PE28mm 2kgPE28M／M(백)2KG,7113.0000000000,KG,2381.2500000000,0.0000000000,15663750.0000000000,1566375.0000000000,17230125.0000000000,5박스(방문수령), , 
20180911,신대한판지(주),PP,PP Band(자동)8mm x 0.6T x 3800m (백색) 10Kg/roll,16331.0000000000,KG,973.5143220858,15024.4000000000,29322225.0000000000,1237320.0000000000,30559545.0000000000,"300롤(롤당 단가 16,400원)", , 
20180912,보우팩,PP,PP6MMPP6M／M10KG(백),3772.0000000000,KG,2137.5000000000,0.0000000000,7382750.0000000000,738275.0000000000,8121025.0000000000,50롤, , 
20180913,라바인터네셔널,PP,PP12MPP12M／M10KG(황),13863.5000000000,KG,1963.0736824561,0.0000000000,23941584.0000000000,721150.0000000000,24662734.0000000000,35 R/L(광주 서울패키지 직납),0.80t*1840m(광림동일제품), 
20180914,(주)한제피앤에스,PP,"12 x 3,000M 0.63T12x3,000M0.63TBLUE",21220.0000000000,KG,1974.9840114527,0.0000000000,37559041.0000000000,512420.0000000000,38071461.0000000000,8734, ,HJ18-ARM02
20180917,한서포장,PP,PP12MPP12MM / 9.5KG(황),9382.0000000000,KG,2652.7777777778,0.0000000000,20201000.0000000000,2020100.0000000000,22221100.0000000000,100 R/L, , 
20180918,RLBUTTON,PP,"12 x 3,000M 0.63T12x3,000M0.63TBLUE",19900.0000000000,KG,1265.1574046031,13774.9500000000,28797475.0000000000,680450.0000000000,29477925.0000000000,B100300, ,471378 (AK)
20180919,HIGHGATE DISTRIBUTION,PP,"12 x 3,000M 0.65T12x3,000M0.65T BLUE",16187.0000000000,KG,6008.7326278660,16269.2000000000,32940879.0000000000,1461688.0000000000,34402567.0000000000,B12-50065, ,81476-1
20180920,상일교역상사,PP,"12 x 3,017M 0.55T12x3,017M 0.55T 백색",23122.0000000000,KG,4316.6150501037,34366.5000000000,58845019.0000000000,2025144.0000000000,60870163.0000000000,SWPS12350WH, ,WCP 531709
20180921,서울포장기계,PP,PP12MPP12M／M10KG(백),4510.0000000000,KG,1665.2407388889,0.0000000000,7320027.0000000000,199400.0000000000,7519427.0000000000,100롤, , 
20180927,경인팩,PE,PE28mm 2kgPE28M／M(백)2KG,900.0000000000,KG,3350.0000000000,0.0000000000,2270000.0000000000,227000.0000000000,2497000.0000000000,5박스, , 
20180928,신광포장기계,PP,PP15MPP15MM*10KG(황색),12729.5000000000,KG,4112.8666666667,0.0000000000,22691523.0000000000,707250.0000000000,23398773.0000000000,50롤, , 
2018/09  계,,,,204828,,174630.8921257154,1706812.05,395916879,18784603,414701482,,,
20181001,대영포장(주)대구지점,PP,PP7MPP7M10KG백색,10904.0000000000,KG,1962.5000000000,0.0000000000,19944000.0000000000,1994400.0000000000,21938400.0000000000,200롤,9/27발송합화차4P13만원, 
20181002,동원팩,PE,"PE28mm, 6KGPE28M／M(백)6KG",14869.0000000000,KG,2021.7333333333,0.0000000000,25342044.0000000000,680225.0000000000,26022269.0000000000,10박스, , 
20181003,동원팩,상품,스트레치필름(기능 핸드랩)12* 500mm *400m,140.0000000000,롤,4050.0000000000,0.0000000000,462000.0000000000,46200.0000000000,508200.0000000000,10박스, , 
20181004,한서포장,PP,PP12MPP12MM / 9.5KG(황),9971.0000000000,KG,2363.8694416667,0.0000000000,17709474.0000000000,1108060.0000000000,18817534.0000000000,100 R/L, , 
20181005,상일교역상사,PE,PE28mm 1.8kgPE28M／M(백) 1.8KG,28059.0000000000,KG,1767.0133597884,42246.0000000000,62646302.0000000000,526425.0000000000,63172727.0000000000,046010, ,CWC LA 4021449
20181006,KOMERI,PP,15 x 100M 0.55T15x100M0.55T녹색,6091.0000000000,KG,318.0521740632,1656756.0000000000,16416294.0000000000,0.0000000000,16416294.0000000000,4920501073166, ,PUS180713902
20181007,HIGHGATE DISTRIBUTION,PP,PP 12MM12MMx1000Mx0.55MM Blue,9654.0000000000,KG,1.8031751721,16883.0400000000,19089652.0000000000,0.0000000000,19089652.0000000000,B10-50005, ,81476-2
20181008,한국전자금융(주),PP,인쇄11mm x 0.70T x 1000m화폐밴딩끈 지관200x190,8967.0000000000,KG,2546.8750000000,0.0000000000,18399700.0000000000,1839970.0000000000,20239670.0000000000,"강서국민10롤(@17,550)",강서자금, 
20181009,"SANYU CO.,LTD",PP,15 x 100M 0.55T15x100M0.55T황색,7126.0000000000,KG,273.4417170272,1677225.0000000000,16677153.0000000000,0.0000000000,16677153.0000000000,901, ,68 KIC
20181010,대한록크,PE,PE28mm 2kgPE28M／M(백)2KG,12298.0000000000,KG,3561.4744268078,0.0000000000,24508496.0000000000,1512100.0000000000,26020596.0000000000,10박스, , 
20181011,(주)삼화인쇄,PP,PP12MPP12M／M10KG(백),9830.0000000000,KG,2358.8596491228,0.0000000000,18334000.0000000000,1833400.0000000000,20167400.0000000000,50롤(쇼핑백1층), , 
20181012,강원농협연합포장재가공사업소,PP,PP12MPP12M／M12.5KG (황),7490.0000000000,KG,5162.6666666667,0.0000000000,17485500.0000000000,1748550.0000000000,19234050.0000000000,300롤, , 
20181015,진송팩,상품,PE28mm 2kgPE28M／M(백)2KG,12738.0000000000,KG,1921.8469387755,0.0000000000,23355384.0000000000,614200.0000000000,23969584.0000000000,50박스,샘입고, 
20181016,(주)탐스텍,PP,"15 x 2,500M 0.60T15 x 2,500M 0.60T 검정",3967.0000000000,KG,2244.1711229947,0.0000000000,8205150.0000000000,699075.0000000000,8904225.0000000000,탐스텍 도착도, ,TT-180905A
20181017,합동포장기계,PP,PP12MPP12M／M12.5KG (황),7792.0000000000,KG,2931.8181818182,0.0000000000,16787500.0000000000,1678750.0000000000,18466250.0000000000,220롤, , 
20181018,신광포장기계,PP,PP15MPP15MM*10KG(황색),13287.0000000000,KG,2168.4317460318,0.0000000000,25271778.0000000000,1071240.0000000000,26343018.0000000000,100롤, , 
20181019,POWERPAK,PP,PP 12MM12MMx1000Mx0.50MM Grey,19087.0000000000,KG,1858.8984636473,14986.2000000000,27251770.0000000000,1027840.0000000000,28279610.0000000000,4500, ,39107
20181020,NZ SAFETY BLACKWOODS,PP,PP19MPP19M／M*0.55T 1000M Blue,8424.0000000000,KG,1.6669538316,14058.4800000000,15922633.0000000000,0.0000000000,15922633.0000000000,1030708(UV), ,W912697
20181022,광신화학공업사,PP,PP10.5MPP10.5M10KG투명,7892.0000000000,KG,2274.0554621849,0.0000000000,14407608.0000000000,530540.0000000000,14938148.0000000000,100롤(주)낙원 직납/100R/L, , 
20181023,동방포장기자재,PP,PP9MMPP9M／M10KG(황),5312.5000000000,KG,2124.0000000000,0.0000000000,10674500.0000000000,1067450.0000000000,11741950.0000000000,51롤(0.63T)수출용, , 
20181024,제이앤에스 캠,PP,PP18MMx 10kg 투명자동밴딩 16.7MM * 1050M 두께1.0mm,13264.0000000000,KG,2503.5026842105,0.0000000000,26554967.0000000000,2021650.0000000000,28576617.0000000000,100롤, , 
20181025,(주)태양지대,상품,스트레치랩(일반 기계랩)25*500mm*1400m,2695.0000000000,롤,50097.1428571429,0.0000000000,9750000.0000000000,975000.0000000000,10725000.0000000000,96박스, , 
20181026,대상산업,PE,PE28mm 2kgPE28M／M(백)2KG,7193.0000000000,KG,2168.0301587302,0.0000000000,13029310.0000000000,129200.0000000000,13158510.0000000000,12박스, , 
20181027,RLBUTTON,PP,"12 x 3,000M 0.63T12x3,000M0.63TBLUE",16852.0000000000,KG,4.3095634987,28462.3200000000,32404352.0000000000,0.0000000000,32404352.0000000000,B100300, ,472575 (AK)
20181029,주식회사 삼성종합포장,상품,PE28mm 2kgPE28M／M(백)2KG,2042.0000000000,KG,2778.5714285714,0.0000000000,5706000.0000000000,570600.0000000000,6276600.0000000000,20박스,샘입고, 
20181030,JH글로벌,PP,PP15MPP15M／M13KG(황),1358.0000000000,KG,2280.0000000000,0.0000000000,2890000.0000000000,289000.0000000000,3179000.0000000000,50롤, , 
20181031,보우팩,PP,PP9MMPP9M／M10KG(투명),4709.0000000000,KG,2045.0000000000,0.0000000000,9226750.0000000000,922675.0000000000,10149425.0000000000,50롤(0.75T), , 
2018/10  계,,,,252011.5,,103789.7345050859,3450617.04,498452317,22886550,521338867,,,
20181101,JH글로벌,PP,PP12MPP12M／M12.5KG (황),20772.0000000000,KG,2352.5333333333,0.0000000000,14218000.0000000000,1421800.0000000000,15639800.0000000000,40롤(11월이월), , 
20181102,전주삼신산업,PE,PE28mm 2kgPE28M／M(백)2KG,6324.0000000000,KG,1607.1111111111,0.0000000000,9153640.0000000000,915364.0000000000,10069004.0000000000,20박스, , 
20181105,KOMERI,PP,15 x 100M 0.55T15x100M0.55T녹색,14789.0000000000,KG,1464.3008818182,1661085.0000000000,32131696.0000000000,334000.0000000000,32465696.0000000000,4920501073166, ,PUS180809925
20181106,신대한판지(주),PP,반자동 밴딩기 8mm8mm*0.85T*9.5Kg,3600.0000000000, ,7814.0000000000,0.0000000000,14612880.0000000000,1461288.0000000000,16074168.0000000000,"300롤@17,000원/롤", , 
20181107,대영포장(주)발안공장,PP,PP7MPP7M10KG백색,8191.0000000000,KG,2295.8333333333,0.0000000000,16343950.0000000000,1634395.0000000000,17978345.0000000000,"200롤(@\16,500)", , 
20181108,(주)아이마켓코리아,PE,"PE50mm, 6KGPE50M／M(백)6KG",7649.0000000000,KG,2166.6666666667,0.0000000000,14723900.0000000000,1472390.0000000000,16196290.0000000000,1박스(택배발송),아산삼성,2110723550
20181109,TIGERPAK PACKAGING,PP,PP 12MM12MMx1000Mx0.50MM Blue,30971.0000000000,KG,1428.9014952381,34387.4300000000,60898558.0000000000,586600.0000000000,61485158.0000000000,4500, ,24792
20181112,파워엠팩,PP,PP14MMPP14M／M 10KG (녹색),2482.0000000000,KG,2021.4285714286,0.0000000000,4948000.0000000000,494800.0000000000,5442800.0000000000,70롤(청정원), , 
20181113,한서포장,PP,PP12MPP12MM / 9.5KG(황),12739.0000000000,KG,2053.4285714286,0.0000000000,16014800.0000000000,1601480.0000000000,17616280.0000000000,100 R/L, , 
20181114,서울포장기계,PP,PP15MPP15MM*10KG(황색),5404.0000000000,KG,2118.7500000000,0.0000000000,10405000.0000000000,1040500.0000000000,11445500.0000000000,50롤, , 
20181115,NORTH SHORE,PP,"9 x 3,475M 0.56T Black (8x8)9 x 3,475M 0.56T 검정",17676.5000000000,KG,1510.1855666667,30674.5600000000,42552371.0000000000,781650.0000000000,43334021.0000000000,NSM-738, ,VK-200918
20181116,한국전자금융(주),PP,인쇄11mm x 0.70T x 1000m화폐밴딩끈 지관200x190,3912.0000000000,KG,2332.1483095238,0.0000000000,8141028.0000000000,328950.0000000000,8469978.0000000000,"강서국민15롤 (@17,550)",강서자금, 
20181117,RLBUTTON,PP,"12 x 3,000M 0.63T12x3,000M0.63TBLUE",20138.0000000000,KG,4.9738754441,33279.8700000000,37616237.0000000000,0.0000000000,37616237.0000000000,B100300, ,473845 (AK)
20181119,동원팩,PE,PE28mm 2kgPE28M／M(백)2KG,1147.5000000000,KG,3000.0000000000,0.0000000000,3046500.0000000000,304650.0000000000,3351150.0000000000,25박스, , 
20181120,라바인터네셔널,PP,PP12MPP12M／M10KG(황),11674.0000000000,KG,1975.0000000000,0.0000000000,22934350.0000000000,2293435.0000000000,25227785.0000000000,30 R/L(광주 서울패키지 직납),0.80t*1840m(광림동일제품), 
20181121,동방포장기자재,PP,PP15MPP15MM*10KG(황색),3350.0000000000,KG,2377.7777777778,0.0000000000,6327500.0000000000,632750.0000000000,6960250.0000000000,150롤0.8T(농협), , 
20181122,ANDERSON WHOLESALE PACKAGING PTY LTD.,PP,PP 12MM12MMx1000Mx0.50MM Blue,42425.0000000000,KG,860.5413571429,62467.7200000000,80882532.0000000000,1021280.0000000000,81903812.0000000000,2012, ,00001403
20181123,대상산업,PE,PE28mm 2kgPE28M／M(백)2KG,8430.0000000000,KG,1903.4489318182,0.0000000000,15399015.0000000000,202775.0000000000,15601790.0000000000,22박스, , 
20181126,경인팩,PE,"PE28mm, 6KGPE28M／M(백)6KG",7282.0000000000,KG,2097.1428571429,0.0000000000,9883000.0000000000,988300.0000000000,10871300.0000000000,17박스, , 
20181127,전주삼신산업,PE,PE28mm 2kgPE28M／M(황)2KG,4285.0000000000,KG,2429.1666666667,0.0000000000,9718750.0000000000,971875.0000000000,10690625.0000000000,10박스, , 
20181128,강원농협연합포장재가공사업소,PP,PP12MPP12M／M12.5KG (황),3115.0000000000,KG,11185.0000000000,0.0000000000,6474500.0000000000,647450.0000000000,7121950.0000000000,200롤, , 
20181129,광림파워팩,PP,PP9MMPP9M／M9.5KG(황색),3223.0000000000,KG,2006.2500000000,0.0000000000,6316500.0000000000,631650.0000000000,6948150.0000000000,64롤(0.65T), , 
20181130,파워엠팩,PP,PP9M/MPP9M/M*11KG(은회색),12332.0000000000,KG,1823.0231428571,0.0000000000,21819779.0000000000,342600.0000000000,22162379.0000000000,112롤(다오), , 
2018/11  계,,,,251911,,58827.6124493981,1821894.58,464562486,20109982,484672468,,,
20181201,JH글로벌,PP,PP15MPP15M／M12KG (황색),3935.0000000000,KG,2987.2221428571,0.0000000000,8117480.0000000000,811748.0000000000,8929228.0000000000,50롤,11/27납품분, 
20181203,신광포장기계,PP,PP12MPP12M／M10KG(황),26590.0000000000,KG,4701.7144937500,0.0000000000,34670050.0000000000,1778560.0000000000,36448610.0000000000,100롤,11/30출고분, 
20181204,(주)한국유니콤,PE,PE28mm 2kgPE28M／M(백)2KG,4376.0000000000,KG,3734.2500000000,0.0000000000,10363000.0000000000,1036300.0000000000,11399300.0000000000,20박스,무지박스, 
20181205,"SANYU CO.,LTD",PP,15 x 100M 0.55T15x100M0.55T황색,13503.5000000000,KG,1288.4028050000,1855800.0000000000,30271111.0000000000,695887.0000000000,30966998.0000000000,901, ,69 KIC
20181206,보우팩,PP,PP12MPP12M／M12.5KG (황),11432.0000000000,KG,2165.3333333333,0.0000000000,24555600.0000000000,2455560.0000000000,27011160.0000000000,100롤(용차), , 
20181207,(주)인스트아이앤씨,PE,PE28mm 2kgPE28M／M(백)2KG,11660.0000000000,KG,1875.1270000000,0.0000000000,20418960.0000000000,240950.0000000000,20659910.0000000000,2박스, , 
20181210,대영포장(주)발안공장,PP,PP7MPP7M10KG백색,8882.0000000000,KG,2755.5555555556,0.0000000000,19307000.0000000000,1930700.0000000000,21237700.0000000000,"200롤(@\16,500)", , 
20181211,제이케이머티리얼즈(주)／순성공장,PP,PP18MPP18M／M10KG(황),3557.0000000000,KG,4569.1201111111,0.0000000000,9332943.0000000000,718603.0000000000,10051546.0000000000,100롤단가확인,"원료1,260+450", 
20181212,전주삼신산업,PE,PE28mm 2kgPE28M／M(백)2KG,8860.0000000000,KG,2063.1578947368,0.0000000000,17312400.0000000000,1731240.0000000000,19043640.0000000000,20박스, , 
20181213,NORTH SHORE,PP,PP 12MM12MM 2195M 0.70MM Black (16x6),13325.0000000000,KG,1809.1409666667,28066.6000000000,36540898.0000000000,489300.0000000000,37030198.0000000000,SD-5072-6, ,VK-200918-2
20181214,파워엠팩,PP,PP12MPP12M／M10KG(청),5407.0000000000,KG,5033.3333333333,0.0000000000,15947500.0000000000,1594750.0000000000,17542250.0000000000,112R/L(배성목재), , 
20181217,한국전자금융(주),PP,인쇄11mm x 0.70T x 1000m화폐밴딩끈 지관200x190,11549.0000000000,KG,2772.0265357143,0.0000000000,21790465.0000000000,386490.0000000000,22176955.0000000000,"강남국민20롤 (@17,550)",강남자금, 
20181218,한서포장,PP,PP12MPP12MM / 9.5KG(황),7002.0000000000,KG,1870.5040384615,0.0000000000,12678616.0000000000,486120.0000000000,13164736.0000000000,100롤, , 
20181219,(주)낙원포장,PP,PP10.5MPP10.5M10KG투명,14501.0000000000,KG,3850.0000000000,0.0000000000,20615600.0000000000,2061560.0000000000,22677160.0000000000,100롤, , 
20181220,INDUSTRIAL PERSPECTIVES EST,PP,"12 x 2,500M 0.50T12 x 2,500M 0.50T Black",14930.0000000000,KG,1235.5631200000,16172.4000000000,28769767.0000000000,1057420.0000000000,29827187.0000000000,2 Rolls/Box, ,2216/PO/IPC/18
20181221,금산포장,PP,PP12MPP12M／M12.5KG (투명),6760.0000000000,KG,2173.4883181818,0.0000000000,13781014.0000000000,1115550.0000000000,14896564.0000000000,얇은밴드(0.70T), , 
20181223,CYKLOP PACKAGING SYSTEMS PTY LTD.,PP,PP 12MM12MMx1000Mx0.55MM Blue,17316.0000000000,KG,1.3920583333,30934.0600000000,34921460.0000000000,0.0000000000,34921460.0000000000,0122DP12, ,14866
20181224,동방포장기자재,PP,PP12MPP12M／M10KG(황),3988.0000000000,KG,1927.8201111111,0.0000000000,7123272.0000000000,462400.0000000000,7585672.0000000000,60롤(0.68T), , 
20181225,동원팩,PE,PE28mm 2kgPE28M／M(백)2KG,500.0000000000,KG,2750.0000000000,0.0000000000,1375000.0000000000,137500.0000000000,1512500.0000000000,25박스, , 
20181226,KOMERI,PP,15 x 100M 0.55T15x100M0.55T녹색,21701.0000000000,KG,3035.7282115385,3604623.0000000000,51266979.0000000000,1444864.0000000000,52711843.0000000000,4920501073166, ,PUS181012902
20181227,SMART SHIELD PACKAGING,PP,"9 x 4,023M 0.56T White (8x8)9 x 4,023M 0.56T 백색",28620.0000000000,KG,17606.6838692308,27871.2000000000,58985823.0000000000,460000.0000000000,59445823.0000000000,SD42202, ,29685
20181228,동원팩,PE,"PE28mm, 6KGPE28M／M(백)6KG",5509.0000000000,KG,2068.3030454545,0.0000000000,10737554.0000000000,335000.0000000000,11072554.0000000000,5박스, , 
20181229,RLBUTTON,PP,"12 x 3,000M 0.63T12x3,000M0.63TBLUE",30221.0000000000,KG,3.4629600000,53919.0000000000,60459374.0000000000,0.0000000000,60459374.0000000000,B100300, ,474963 (AK) PROFREIGHT INT'L
20181231,한솔포장,PE,"PE28mm, 6KGPE28M／M(백)6KG",600.0000000000,KG,2750.0000000000,0.0000000000,1650000.0000000000,165000.0000000000,1815000.0000000000,25박스(1/2출고예정), , 
2018/12  계,,,,274724.5,,75027.3299043697,5617386.26,550991866,21595502,572587368,,,
20190101,동방포장기자재,PP,PP12MPP12M／M10KG(황),5150.0000000000,KG,1930.0000000000,0.0000000000,9062500.0000000000,906250.0000000000,9968750.0000000000,150롤(0.68T), , 
20190102,(주)삼화인쇄,PP,PP15MPP15MM*10KG(황색),7282.0000000000,KG,2343.8461538462,0.0000000000,16097200.0000000000,1609720.0000000000,17706920.0000000000,50롤(제책4층),12/28출고, 
20190103,주식회사 대원포장기계,PE,PE28mm 2kgPE28M／M(백)2KG,28972.0000000000,KG,2219.8181818182,0.0000000000,9751400.0000000000,975140.0000000000,10726540.0000000000,20박스(대구-대신 화원지점착불), , 
20190104,우선산업,PE,PE 결속끈PE#50 (백) 5500m 5KG,10860.0000000000,KG,2201.3529166667,0.0000000000,21307853.0000000000,792700.0000000000,22100553.0000000000,40박스/ 롤당 14250원, , 
20190105,KONZ TRADING LTD.,PP,"15 x 2,500M 0.64T15 x 2,500M 0.64T 청색",31428.0000000000,KG,2.8691583333,56060.7600000000,63208509.0000000000,0.0000000000,63208509.0000000000, , ,KONZDAN1022
20190107,동원팩,PE,"PE28mm, 6KGPE28M／M(백)6KG",4434.0000000000,KG,2293.3333333333,0.0000000000,9234700.0000000000,923470.0000000000,10158170.0000000000,10박스, , 
20190108,한솔포장,PE,PE28mm 2kgPE28M／M(백)2KG,8668.0000000000,KG,2337.5000000000,0.0000000000,18736000.0000000000,1873600.0000000000,20609600.0000000000,50박스, , 
20190109,HIGHGATE DISTRIBUTION,PP,PP19M HD BlackPP19M／M*1000M1.0TBlack,15639.0000000000,KG,1472.0768571429,17321.2600000000,30663008.0000000000,1123375.0000000000,31786383.0000000000,B09-50030, ,83079
20190110,(주)동신밴드,상품,PB청 540* (삼성)540*200,8279.0000000000,ea,1943.3846153846,0.0000000000,8539880.0000000000,853988.0000000000,9393868.0000000000,삼성21kg패드,대신 광주진곡, 
20190111,동원팩,PE,PE28mm 2kgPE28M／M(백)2KG,20407.0000000000,KG,1974.3882000000,0.0000000000,32865708.0000000000,1913729.0000000000,34779437.0000000000,25박스, , 
20190114,신한포장기계(주),PE,PE28mm 2kgPE28M／M(백)2KG,2672.0000000000,KG,3250.0000000000,0.0000000000,7782400.0000000000,778240.0000000000,8560640.0000000000,50박스, , 
20190115,한서포장,PP,PP12MPP12MM / 9.5KG(황),8620.0000000000,KG,2121.1764705882,0.0000000000,15685600.0000000000,1568560.0000000000,17254160.0000000000,100롤, , 
20190116,서울포장기계,PP,PP12MPP12M／M10KG(백),2680.0000000000,KG,2233.3333333333,0.0000000000,5900000.0000000000,590000.0000000000,6490000.0000000000,100롤, , 
20190117,WESFARMERS INDUSTRIAL AND SAFE,PP,PP 12MM12MMx1000Mx0.55MM Blue,20712.0000000000,KG,1780.3007968750,13052.1000000000,39174913.0000000000,681700.0000000000,39856613.0000000000,01020452, ,CD074369ID/Loose pack
20190118,NZ SAFETY BLACKWOODS,PP,PP 12MM12MMx1000Mx0.55MM Blue,12302.0000000000,KG,1802.2660583333,12958.9600000000,24020402.0000000000,320320.0000000000,24340722.0000000000,1379117, ,W943942
20190119,RLBUTTON,PP,"12 x 3,000M 0.63T12x3,000M0.63TBLUE",17521.0000000000,KG,4.0752636364,28955.4800000000,32470675.0000000000,0.0000000000,32470675.0000000000,B100300, ,475749 (AK) PROFREIGHT INT'L
20190121,전주삼신산업,PP,PP15MPP15MM*10KG(황색),3160.0000000000,KG,2575.0000000000,0.0000000000,8112000.0000000000,811200.0000000000,8923200.0000000000,20롤(0.65T), , 
20190122,한서포장,PP,PP12MPP12MM / 9.5KG(황),4535.0000000000,KG,2486.3636363636,0.0000000000,10394500.0000000000,1039450.0000000000,11433950.0000000000,100롤, , 
20190123,대한록크,PE,PE28mm 2kgPE28M／M(백)2KG,2466.0000000000,KG,2321.4285714286,0.0000000000,5446300.0000000000,544630.0000000000,5990930.0000000000,10 Boxes, , 
20190124,전주삼신산업,PE,PE28mm 2kgPE28M／M(적)2KG,4162.0000000000,KG,2540.9090909091,0.0000000000,8998000.0000000000,899800.0000000000,9897800.0000000000,2박스, , 
20190125,동원팩,PE,PE28mm 2kgPE28M／M(백)2KG,6692.0000000000,KG,2276.1687142857,0.0000000000,13044806.0000000000,585860.0000000000,13630666.0000000000,15박스, , 
20190126,PUNCHBOWL,PP,PP19M Premium BlackPP19M／M*1000M 0.8T Black,9184.0000000000,KG,1.8819000000,16403.6000000000,18503261.0000000000,0.0000000000,18503261.0000000000,413201-수동용엠보, ,PBP311032-2nd
20190128,광림파워팩,PP,PP9MMPP9M／M10KG(황),4032.0000000000,KG,1992.8571428571,0.0000000000,7505600.0000000000,750560.0000000000,8256160.0000000000,59롤(0.75), , 
20190129,POWERPAK,PP,PP 12MM12MMx1000Mx0.50MM Grey,22396.0000000000,KG,1511.8303500000,15892.6000000000,42012014.0000000000,570080.0000000000,42582094.0000000000,4500(신규박스), ,40170
20190130,신대한판지(주),PP,PP밴드 (수동)PP12mm*2800m (적),4981.5000000000,KG,2402.1428571429,0.0000000000,10442600.0000000000,1044260.0000000000,11486860.0000000000,"51롤 23,000원/롤", , 
20190131,CYKLOP PACKAGING SYSTEMS PTY LTD.,PP,PP19M HD BlackPP19M／M*1000M1.0TBlack,25590.0000000000,KG,1746.3360666667,29674.8000000000,48469365.0000000000,147720.0000000000,48617085.0000000000,0122HB1995B, ,14957
2019/01  계,,,,292824.5,,49764.6396689451,190319.56,517429194,21304352,538733546,,,
20190201,주식회사 대진화학,PP,PP7MPP7M10KG백색,7138.0000000000,KG,6100.0000000000,0.0000000000,15179280.0000000000,1517928.0000000000,16697208.0000000000,100롤, , 
20190207,NORTH SHORE,PP,PP 12MM 2088M 0.79MM BLACK12mm 2088m 0.79mm Black,29036.0000000000,KG,1897.4971600000,59410.5400000000,72604242.0000000000,625455.0000000000,73229697.0000000000,HD-5072-6, ,VK-010919-02
20190208,주식회사 대원포장기계,PE,PE28mm 2kgPE28M／M(백)2KG,9972.0000000000,KG,2578.2544800000,0.0000000000,18655084.0000000000,1217040.0000000000,19872124.0000000000,20박스(대구-대신 화원지점착불), , 
20190210,"SANYU CO.,LTD",PP,15 x 100M 0.55T15x100M0.55T황색,6926.0000000000,KG,276.3064250000,1774025.0000000000,18149870.0000000000,0.0000000000,18149870.0000000000,901, ,70 KIC
20190211,제일포장(김해),PE,PE28mm 2kgPE28M／M(백)2KG,4380.0000000000,KG,2462.5000000000,0.0000000000,10977000.0000000000,1097700.0000000000,12074700.0000000000,100 Boxes,합화차, 
20190212,서울포장기계,PP,PP12MPP12M／M10KG(백),10209.0000000000,KG,2066.1989687500,0.0000000000,19037161.0000000000,494360.0000000000,19531521.0000000000,100롤, , 
20190213,합동포장기계,PP,PP12MPP12M／M12.5KG (황),31727.5000000000,KG,2685.1949300000,34380.0000000000,66948273.0000000000,2828453.0000000000,69776726.0000000000,170롤, , 
20190214,제일산업(주)안성공장,PE,PE 결속끈PE#50 (백) 5500m 5KG,8745.0000000000,KG,2172.2645555556,0.0000000000,17968938.0000000000,1072840.0000000000,19041778.0000000000,"50박스200롤(15,000원/롤)", , 
20190215,(주)삼화인쇄,PP,PP12MPP12M／M10KG(백),3640.0000000000,KG,2441.2500000000,0.0000000000,8198000.0000000000,819800.0000000000,9017800.0000000000,50롤(쇼핑백1층), , 
20190218,파워엠팩,PP,PP6MMPP6M／M10KG(백),7790.0000000000,KG,1850.0000000000,0.0000000000,8085000.0000000000,808500.0000000000,8893500.0000000000,100롤, , 
20190219,우선산업,PE,PE 결속끈PE#50 (백) 5500m 5KG,12655.0000000000,KG,1872.7507058824,0.0000000000,22265976.0000000000,1329800.0000000000,23595776.0000000000,50박스/ 롤당 14250원, , 
20190220,한서포장,PP,PP12MPP12MM / 9.5KG(황),11934.5000000000,KG,1967.5000000000,0.0000000000,19548800.0000000000,1954880.0000000000,21503680.0000000000,100롤, , 
20190221,TIGERPAK PACKAGING,PP,PP 12MM12MMx1000Mx0.50MM Blue,26988.0000000000,KG,1125.1230333333,35139.0000000000,51071866.0000000000,365400.0000000000,51437266.0000000000,4500, ,25835
20190222,(주)삼신,PE,PE28mm 2kgPE28M／M(백)2KG,4420.5000000000,KG,570.0000000000,0.0000000000,9785325.0000000000,978532.0000000000,10763857.0000000000,100 Boxes, , 
20190223,RLBUTTON,PP,"12 x 3,000M 0.63T12x3,000M0.63TBLUE",18717.0000000000,KG,4.3278200000,30570.1800000000,34373111.0000000000,0.0000000000,34373111.0000000000,B100300, ,476921 (AK)
20190225,주식회사 삼성종합포장,PE,PE28mm 2kgPE28M／M(백)2KG,6716.0000000000,KG,2705.8823529412,0.0000000000,14549900.0000000000,1454990.0000000000,16004890.0000000000,20박스, , 
20190226,파워엠팩,PP,PP10.5MPP10.5M10KG투명,12887.0000000000,KG,2037.5952500000,0.0000000000,23580358.0000000000,421100.0000000000,24001458.0000000000,50롤(K2), , 
20190227,신한포장기계(주),PE,PE28mm 2kgPE28M／M(백)2KG,2454.0000000000,KG,2194.4444444444,0.0000000000,5940700.0000000000,594070.0000000000,6534770.0000000000,50박스, , 
20190228,전주삼신산업,PE,PE28mm 2kgPE28M／M(백)2KG,6718.0000000000,KG,2066.1839375000,0.0000000000,13617769.0000000000,760050.0000000000,14377819.0000000000,20박스(광산계란직송),대신화물택배, 
2019/02  계,,,,223053.5,,39073.2740634069,1933524.72,450536653,18340898,468877551,,,
20190301,나이스씨엠에스 주식회사,상품,무인쇄 11mm x 0.70T x 1000m화폐밴딩끈 지관200x190,607.5000000000,KG,3725.0000000000,0.0000000000,2276100.0000000000,227610.0000000000,2503710.0000000000,"강남무인쇄12롤(@16,200)",강남2/25납, 
20190304,신광포장기계,PP,PP12MPP12M／M10KG(황),13576.0000000000,KG,4211.1764705882,0.0000000000,25493150.0000000000,2549315.0000000000,28042465.0000000000,50롤, , 
20190305,대영포장(주)발안공장,PP,PP7MPP7M10KG백색,12239.5000000000,KG,2091.6801176471,0.0000000000,23518600.0000000000,1560850.0000000000,25079450.0000000000,"200롤(@\16,500)", , 
20190306,한솔포장,PE,PE28mm 2kgPE28M／M(청)2KG,3298.0000000000,KG,2530.0000000000,0.0000000000,7913900.0000000000,791390.0000000000,8705290.0000000000,25박스, , 
20190307,ANDERSON WHOLESALE PACKAGING PTY LTD.,PP,PP19M Premium BlackPP19M／M*1000M 0.7T Black,34643.5000000000,KG,-74.4705350000,32254.7000000000,62450371.0000000000,1975402.0000000000,64425773.0000000000,2119, ,00001448
20190308,주식회사 동원피앤아이,PE,PE 결속끈PE#50 (백) 5500m 5KG,23045.0000000000,KG,1932.8978888889,0.0000000000,16641650.0000000000,1292630.0000000000,17934280.0000000000,20박스/ 롤당 14250원, , 
20190309,PUNCHBOWL,PP,PP19M Premium BlackPP19M／M*1000M 0.8T Black,17525.0000000000,KG,1.8155666667,32360.5000000000,36512352.0000000000,0.0000000000,36512352.0000000000,413201-수동용엠보, ,PBP311085-3rd
20190311,전주삼신산업,PE,PE28mm 2kgPE28M／M(백)2KG,3045.0000000000,KG,2372.2222222222,0.0000000000,6869000.0000000000,686900.0000000000,7555900.0000000000,20박스,대신화물선불, 
20190312,대한록크,PE,PE28mm 2kgPE28M／M(백)2KG,9643.0000000000,KG,2046.9246818182,0.0000000000,17514339.0000000000,404240.0000000000,17918579.0000000000,10 Boxes, , 
20190313,서울포장기계,PP,PP12MPP12M／M10KG(백),1389.0000000000,KG,-1090.0000000000,0.0000000000,2714400.0000000000,271440.0000000000,2985840.0000000000,100롤, , 
20190314,진로특수포장기계,PE,PE50mm 2kgPE50M／M(백)2KG,8372.0000000000,KG,2565.1888888889,0.0000000000,16668245.0000000000,1047200.0000000000,17715445.0000000000,5박스, , 
20190315,주식회사 동원피앤아이,PE,PE 결속끈PE#50 (백) 5500m 5KG,6964.0000000000,KG,2081.6362000000,0.0000000000,13390409.0000000000,412920.0000000000,13803329.0000000000,20박스/ 롤당 14250원, , 
20190316,CYKLOP PACKAGING SYSTEMS PTY LTD.,PP,"15 x 1,000M 0.65T Blue15x1,000M0.65T청색",17244.0000000000,KG,1.6713000000,29075.7600000000,32934113.0000000000,0.0000000000,32934113.0000000000,0122DP15, ,14991
20190318,주식회사청아판지팩,PE,PE28mm 2kgPE28M／M(백)2KG,3740.0000000000,KG,2483.3333333333,0.0000000000,8799000.0000000000,879900.0000000000,9678900.0000000000,5박스,택배착불, 
20190319,한서포장,PP,PP12MPP12MM / 9.5KG(황),7592.0000000000,KG,2125.0595312500,0.0000000000,14030516.0000000000,653270.0000000000,14683786.0000000000,100롤, , 
20190320,KOMERI,PP,15 x 100M 0.55T15x100M0.55T녹색,18860.0000000000,KG,1293.2996363636,3730137.0000000000,45781669.0000000000,790250.0000000000,46571919.0000000000,4920501073166, ,PUS181203924
20190321,제일포장(김해),PE,PE28mm 2kgPE28M／M(백)2KG,15799.0000000000,KG,2358.3164074074,0.0000000000,33283372.0000000000,1744080.0000000000,35027452.0000000000,100 Boxes,합화차, 
20190322,제이케이머티리얼즈(주)／순성공장,PP,PP18MPP18M／M10KG(황),5434.0000000000,KG,3070.0000000000,0.0000000000,10008000.0000000000,1000800.0000000000,11008800.0000000000,100롤,"원료1,170+450", 
20190323,ABL,PP,"12 x 3,000M 0.60T12x3,000M0.60TBLUE",19368.0000000000,KG,2.7244214286,31533.7900000000,35500739.0000000000,0.0000000000,35500739.0000000000,1194, ,22864
20190325,광림파워팩,PP,PP9MMPP9M／M9.5KG(황색),2977.0000000000,KG,2255.0000000000,0.0000000000,6249750.0000000000,624975.0000000000,6874725.0000000000,64롤(0.65T), , 
20190326,(주)낙원포장,PP,PP10.5MPP10.5M10KG투명,4511.0000000000,KG,2250.0000000000,0.0000000000,10081350.0000000000,1008135.0000000000,11089485.0000000000,101롤, , 
20190327,POWERPAK,PP,PP 12MM12MMx500Mx0.50MM Grey,14530.0000000000,KG,1507.3275933333,15074.8500000000,28055738.0000000000,1098950.0000000000,29154688.0000000000,4541, ,40672
20190328,전주삼신산업,상품,PE28mm 2kgPE28M／M(백)2KG,13561.0000000000,KG,2113.6285789474,0.0000000000,25895363.0000000000,844760.0000000000,26740123.0000000000,20박스,수입입고, 
20190329,신우교역,PP,PP12MPP12M／M10KG(황),10694.0000000000,KG,1943.7976250000,0.0000000000,12721128.0000000000,786960.0000000000,13508088.0000000000,100롤 대복식품 직납, , 
2019/03  계,,,,268657.5,,43798.2299287838,3870436.6,495303254,20651977,515955231,,,
20190401,신대한판지(주),PP,PP Band(자동)8mm x 0.6T x 3800m (백색) 10Kg/roll,16078.0000000000,KG,2140.5882352941,0.0000000000,32399500.0000000000,3239950.0000000000,35639450.0000000000,300롤@16400원/롤,3/25출고, 
20190402,나이스씨엠에스 주식회사,상품,무인쇄 11mm x 0.70T x 1000m화폐밴딩끈 지관200x190,6003.0000000000,KG,2760.7142857143,0.0000000000,12685100.0000000000,1268510.0000000000,13953610.0000000000,"강북무인쇄6롤(@16,200)",강북, 
20190403,한솔포장,PE,"PE28mm, 6KGPE28M／M(백)6KG",9497.0000000000,KG,2400.0000000000,0.0000000000,22394350.0000000000,2239435.0000000000,24633785.0000000000,25박스, , 
20190404,제일산업(주)안성공장,PE,PE 결속끈PE#50 (백) 5500m 5KG,12479.0000000000,KG,2586.7428666667,0.0000000000,23703848.0000000000,856120.0000000000,24559968.0000000000,"25박스100롤(15,000원/롤)", , 
20190405,신광포장기계,PP,PP15MPP15MM*10KG(황색),5215.5000000000,KG,51515.3846153846,0.0000000000,10821500.0000000000,1082150.0000000000,11903650.0000000000,50롤, , 
20190408,전주삼신산업,상품,PE28mm 2kgPE28M／M(백)2KG,2769.5000000000,KG,6172.7272727273,0.0000000000,7010900.0000000000,701090.0000000000,7711990.0000000000,3박스(로젠택배),수입입고, 
20190409,전주삼신산업,상품,PE28mm 2kgPE28M／M(백)2KG,12446.5000000000,KG,2039.6565882353,0.0000000000,23274791.0000000000,1110282.0000000000,24385073.0000000000,28박스,수입입고, 
20190410,NZ SAFETY BLACKWOODS,PP,PP19MPP19M／M*0.55T 1000M Blue,10185.0000000000,KG,1995.3409700000,13631.0400000000,20416052.0000000000,483850.0000000000,20899902.0000000000,1030708(UV), ,W963668
20190411,(주)탐스텍,PP,"9 x 4,000M 0.55T9 x 4,000M 0.55T Blue",11279.0000000000,KG,20340.6080083333,0.0000000000,21138200.0000000000,379340.0000000000,21517540.0000000000, , ,TT-190315A
20190412,상일교역상사,PE,PE28mm 1.8kgPE28M／M(백) 1.8KG,22588.0000000000,KG,13036.1136363636,42210.0000000000,54910903.0000000000,682527.0000000000,55593430.0000000000,046010, ,CWC LA 4025076 (임실 유진산업 작업)
20190413,RLBUTTON,PP,"12 x 3,000M 0.63T12x3,000M0.63TBLUE",8201.0000000000,KG,3.8711333333,13975.3600000000,15920730.0000000000,0.0000000000,15920730.0000000000,B100300, ,478254 (CH)
20190415,전주삼신산업,PE,PE28mm 2kgPE28M／M(황)2KG,6333.0000000000,KG,2180.5835000000,0.0000000000,12518455.0000000000,617040.0000000000,13135495.0000000000,20박스,대신화물택배, 
20190416,KOMERI,PP,15 x 100M 0.55T15x100M0.55T녹색,16966.0000000000,KG,837.7160000000,3511584.0000000000,40601544.0000000000,504500.0000000000,41106044.0000000000,4920501073166, ,PUS190128904
20190417,광림파워팩,PP,PP9MMPP9M／M9.5KG(황색),12911.0000000000,KG,2083.3333333333,0.0000000000,26209350.0000000000,2620935.0000000000,28830285.0000000000,64롤(0.65T), , 
20190418,강원농협연합포장재가공사업소,PP,PP12MPP12M／M12.5KG (황),4532.5000000000,KG,1990.0000000000,0.0000000000,8694375.0000000000,869438.0000000000,9563813.0000000000,300롤, , 
20190419,(주)인스트아이앤씨,PE,PE28mm 2kgPE28M／M(백)2KG,8765.5000000000,KG,2207.2845312500,0.0000000000,16741948.0000000000,507495.0000000000,17249443.0000000000,2박스, , 
20190422,보우팩,PE,PE28mm 2kgPE28M／M(백)2KG,4216.0000000000,KG,2195.8333333333,0.0000000000,8616000.0000000000,861600.0000000000,9477600.0000000000,10 박스(12롤/24Kg),용차착불, 
20190423,한서포장,PP,PP12MPP12MM / 9.5KG(황),1538.0000000000,KG,2380.0000000000,0.0000000000,3155700.0000000000,315570.0000000000,3471270.0000000000,100롤, , 
20190424,신대한판지(주),PP,PP Band(자동)8mm x 0.6T x 3800m (백색) 10Kg/roll,4344.0000000000,KG,3869.0000000000,0.0000000000,11467000.0000000000,1146700.0000000000,12613700.0000000000,"50롤@16,400원/롤", , 
20190425,광림파워팩,PP,PP12MPP12M／M12.5KG (황),8608.0000000000,KG,2081.8701363636,0.0000000000,15832160.0000000000,701120.0000000000,16533280.0000000000,100롤, , 
20190426,제이케이머티리얼즈(주)／순성공장,PP,PP18MPP18M／M10KG(황),3820.0000000000,KG,2136.6666666667,0.0000000000,7570000.0000000000,757000.0000000000,8327000.0000000000,100롤,"원료1,170+450", 
20190428,CYKLOP PACKAGING SYSTEMS PTY LTD.,PP,"15 x 1,000M 0.50T Blue15x1,000M0.50T청색",18085.0000000000,KG,1.5984400000,30475.5600000000,35312033.0000000000,0.0000000000,35312033.0000000000,0122DP15, ,15053
20190429,전주삼신산업,PE,PE28mm 2kgPE28M／M(백)2KG,2920.0000000000,KG,2083.3333333333,0.0000000000,6264000.0000000000,626400.0000000000,6890400.0000000000,20박스, , 
20190430,주식회사 엠피아이,PE,PE28mm 2kgPE28M／M(백)2KG,6871.0000000000,KG,2079.4565882353,0.0000000000,13078254.0000000000,936610.0000000000,14014864.0000000000,10박스 로젠착불,kic박스, 
2019/04  계,,,,216651.5,,131118.423474568,3611875.96,450736693,22507662,473244355,,,
20190501,CYKLOP PACKAGING SYSTEMS PTY LTD.,PP,PP 12MM12MMx1000Mx0.55MM Blue,21755.0000000000,KG,235.7815285714,31363.3800000000,42885066.0000000000,656000.0000000000,43541066.0000000000,0122DP12, ,15062
20190502,나이스씨엠에스 주식회사,상품,무인쇄 11mm x 0.70T x 1000m화폐밴딩끈 지관200x190,9333.5000000000,KG,2697.8260869565,0.0000000000,19398850.0000000000,1939885.0000000000,21338735.0000000000,"강서무인쇄6롤(@16,200)",강서, 
20190503,주식회사 쪽빛누리,PE,PE28mm 1.8kgPE28M／M(보라)1.8KG,2610.0000000000,KG,2600.0000000000,0.0000000000,5580600.0000000000,558060.0000000000,6138660.0000000000,10롤,로젠착불, 
20190504,RLBUTTON,PP,"12 x 3,000M 0.63T12x3,000M0.63TBLUE",8091.0000000000,KG,3.9165166667,13447.1800000000,15651173.0000000000,0.0000000000,15651173.0000000000,B100300, ,479818 (AK)
20190507,제일포장(김해),PE,PE28mm 2kgPE28M／M(녹)2KG,5860.0000000000,KG,2633.3333333333,0.0000000000,15157000.0000000000,1515700.0000000000,16672700.0000000000,7박스,로젠택배착, 
20190508,보우팩,PP,PP12MPP12M／M12.5KG (황),16290.5000000000,KG,2143.9255454545,0.0000000000,30711868.0000000000,1794225.0000000000,32506093.0000000000,50롤, , 
20190509,한서포장,PP,PP12MPP12MM / 9.5KG(황),10713.0000000000,KG,2270.0000000000,0.0000000000,22247900.0000000000,2224790.0000000000,24472690.0000000000,150롤, , 
20190510,전주삼신산업,PP,PP12MPP12M／M10KG(황),4470.0000000000,KG,2261.8181818182,0.0000000000,10729500.0000000000,1072950.0000000000,11802450.0000000000,30롤(0.75T), , 
20190513,광림파워팩,PP,PP6MMPP6M／M10KG(백),6520.0000000000,KG,2072.2222222222,0.0000000000,14024000.0000000000,1402400.0000000000,15426400.0000000000,150롤, , 
20190514,KOMERI,PP,15 x 100M 0.55T15x100M0.55T녹색,28208.0000000000,KG,1433.5905093750,1498654.3200000000,59449191.0000000000,1214490.0000000000,60663681.0000000000,4920501073166, ,PUS190220901
20190515,금산포장,상품,PE28mm 2kgPE28M／M(백)2KG,5696.0000000000,KG,3161.1111111111,0.0000000000,13430800.0000000000,1343080.0000000000,14773880.0000000000,30박스,수입입고, 
20190516,대한록크,상품,PE28mm 2kgPE28M／M(백)2KG,4605.0000000000,KG,5345.0000000000,0.0000000000,8428250.0000000000,842825.0000000000,9271075.0000000000,10박스,수입, 
20190517,범영산업(김근태／익산),상품,PE28mm 2kgPE28M／M(백)2KG,2050.0000000000,KG,2500.0000000000,0.0000000000,4523500.0000000000,452350.0000000000,4975850.0000000000,10박스(택배착불),수입입고, 
20190520,전주삼신산업,상품,PE28mm 2kgPE28M／M(백)2KG,8658.0000000000,KG,1795.1048529412,0.0000000000,15036020.0000000000,915625.0000000000,15951645.0000000000,20박스,수입, 
20190521,동방포장기자재,PP,PP12MPP12M／M10KG(황),8463.0000000000,KG,2081.9047727273,0.0000000000,15371222.0000000000,644000.0000000000,16015222.0000000000,150롤(0.68T/농협), , 
20190522,삼원산업,PP,PP12MPP12M／M12KG(황),4513.0000000000,KG,1758.3333333333,0.0000000000,7927750.0000000000,792775.0000000000,8720525.0000000000,149롤, , 
20190523,한서포장,PP,PP12MPP12MM / 9.5KG(황),32606.0000000000,KG,1789.0158454545,35920.8000000000,67598737.0000000000,2468775.0000000000,70067512.0000000000,100롤, , 
20190524,경인팩,PE,PE28mm 2kgPE28M／M(백)2KG,11897.0000000000,KG,1904.9436666667,0.0000000000,21159827.0000000000,312400.0000000000,21472227.0000000000,8박스, , 
20190525,RLBUTTON,PP,"12 x 3,000M 0.63T12x3,000M0.63TBLUE",8288.0000000000,KG,3.5835285714,14076.7700000000,16768248.0000000000,0.0000000000,16768248.0000000000,B100300, ,480582 (AK)
20190527,광림파워팩,PP,PP15MPP15M／M13KG(황),6562.5000000000,KG,2182.1428571429,0.0000000000,12006625.0000000000,1200662.0000000000,13207287.0000000000,100롤, , 
20190528,서울포장기계,PP,PP12MPP12M／M10KG(백),2695.0000000000,KG,2014.2857142857,0.0000000000,5190000.0000000000,519000.0000000000,5709000.0000000000,50롤, , 
20190529,HIGHGATE DISTRIBUTION,PP,PP19M HD BlackPP19M／M*1000M1.0TBlack,13087.0000000000,KG,1467.4222666667,16525.9200000000,27898682.0000000000,827250.0000000000,28725932.0000000000,B09-50030, ,84890
20190530,제일산업(주)안성공장,PE,PE 결속끈PE#50 (백) 5500m 5KG,3000.0000000000,KG,2166.6666666667,0.0000000000,6500000.0000000000,650000.0000000000,7150000.0000000000,"50박스200롤(15,000원/롤)", , 
20190531,(주)대일상사 (전주),PE,"PE28mm, 6KGPE28M／M(백)6KG",7747.0000000000,KG,1940.1826470588,0.0000000000,14310433.0000000000,203220.0000000000,14513653.0000000000,2박스,수출박스, 
2019/05  계,,,,233718.5,,48462.1111870241,1609988.37,471985242,23550462,495535704,,,
20190601,나이스씨엠에스 주식회사,상품,무인쇄 11mm x 0.70T x 1000m화폐밴딩끈 지관200x190,7754.5000000000,KG,2940.3626000000,13643.0000000000,17118070.0000000000,88290.0000000000,17206360.0000000000,"강북무인쇄3롤(@16,200)",강북(4/25납품), 
20190603,신광포장기계,PP,PP15MPP15MM*10KG(황색),9394.0000000000,KG,2316.0000000000,0.0000000000,20654200.0000000000,2065420.0000000000,22719620.0000000000,50롤,5/31 용달출고, 
20190604,동원팩,PE,PE28mm 2kgPE28M／M(백)2KG,5414.0000000000,KG,1281.2500000000,0.0000000000,11361400.0000000000,1136140.0000000000,12497540.0000000000,15박스, , 
20190605,NZ SAFETY BLACKWOODS,PP,PP19MPP19M／M*0.55T 1000M Blue,12545.0000000000,KG,1064.8559000000,11901.8400000000,24157625.0000000000,1009560.0000000000,25167185.0000000000,1030708(UV), ,K019573
20190607,광림파워팩,PP,PP9MMPP9M／M9.5KG(황색),9502.0000000000,KG,2202.8518611111,0.0000000000,18536532.0000000000,1089170.0000000000,19625702.0000000000,128롤(0.65T), , 
20190608,RLBUTTON,PP,"12 x 3,000M 0.63T12x3,000M0.63TBLUE",7856.0000000000,KG,8.3533500000,13566.2400000000,16005450.0000000000,0.0000000000,16005450.0000000000,B100300, ,481196 (CH)
20190610,주식회사 대진화학,PP,PP7MPP7M10KG백색,1741.0000000000,KG,361790.0000000000,0.0000000000,5432000.0000000000,543200.0000000000,5975200.0000000000,80롤(40롤씩2파), , 
20190611,전주삼신산업,PE,PE28mm 2kgPE28M／M(황)2KG,8825.0000000000,KG,8999.5000000000,0.0000000000,19169500.0000000000,1916950.0000000000,21086450.0000000000,10 박스,대신화물택배, 
20190612,서울포장기계,PP,PP12MPP12M／M10KG(백),9913.0000000000,KG,2253.3841333333,0.0000000000,19752306.0000000000,1096810.0000000000,20849116.0000000000,100롤,7/2 출고분, 
20190613,NORTH SHORE,PP,PP 12MM 2088M 0.79MM BLACK12mm 2088m 0.79mm Black,34281.0000000000,KG,1300.9613142857,61115.9800000000,83045253.0000000000,1082450.0000000000,84127703.0000000000,HD-5072-6, ,VK-050319-01
20190614,(주)삼화인쇄,PP,PP10.5MPP10.5M10KG투명,11389.0000000000,KG,1964.8508055556,0.0000000000,21215200.0000000000,539500.0000000000,21754700.0000000000,100롤(평판지하B판), , 
20190617,주식회사 삼성종합포장,PE,PE28mm 2kgPE28M／M(백)2KG,4990.0000000000,KG,2352.2222222222,0.0000000000,10792300.0000000000,1079230.0000000000,11871530.0000000000,20박스, , 
20190618,(주)낙원포장,PE,PE28mm 2kgPE28M／M(황)2KG,2081.0000000000,KG,11771.8750000000,0.0000000000,5004800.0000000000,500480.0000000000,5505280.0000000000,10박스, , 
20190619,경인팩,PE,"PE28mm, 6KGPE28M／M(백)6KG",7977.0000000000,KG,1941.5981000000,0.0000000000,14774668.0000000000,604000.0000000000,15378668.0000000000,20박스, , 
20190620,(주)삼화인쇄,PP,PP10.5MPP10.5M10KG투명,1535.0000000000,KG,2362.5000000000,0.0000000000,2801000.0000000000,280100.0000000000,3081100.0000000000,50롤(제책4층), , 
20190621,대상산업,PE,PE28mm 2kgPE28M／M(백)2KG,6996.0000000000,KG,1813.1027142857,0.0000000000,10946148.0000000000,147750.0000000000,11093898.0000000000,10박스(24Kg), , 
20190623,"SANYU CO.,LTD",PP,15 x 170M 0.55T15x170M0.55T백색,7133.0000000000,KG,274.6987888889,1882399.9500000000,20478629.0000000000,0.0000000000,20478629.0000000000,801, ,71 KIC
20190624,제일포장(김해),PE,PE28mm 2kgPE28M／M(백)2KG,1595.5000000000,KG,2531.2500000000,0.0000000000,3917500.0000000000,391750.0000000000,4309250.0000000000,20박스,대신화물, 
20190625,(주)낙원포장,상품,PP10.5MPP10.5M10KG투명,2070.0000000000,KG,2242.8571428571,0.0000000000,4350000.0000000000,435000.0000000000,4785000.0000000000,100롤, , 
20190626,백암지관공업사,PP,PP12MPP12M／M12.5KG (황),13978.0000000000,KG,1864.3945714286,0.0000000000,24926272.0000000000,405000.0000000000,25331272.0000000000,20롤, , 
20190627,제이케이머티리얼즈(주)／순성공장,PP,PP18MPP18M／M10KG(황),4940.0000000000,KG,2357.0000000000,0.0000000000,9667000.0000000000,966700.0000000000,10633700.0000000000,100롤,"원료1,220+450", 
20190628,금산포장,상품,PP12MPP12M／M10KG(투명),13920.0000000000,KG,1858.8309285714,0.0000000000,24484128.0000000000,661000.0000000000,25145128.0000000000,50롤,파코팩, 
2019/06  계,,,,185830,,417492.6994325396,1982627.01,388589981,16038500,404628481,,,
20190701,신대한판지(주),PP,PP Band(자동)8mm x 0.6T x 3800m (백색) 10Kg/roll,10295.0000000000,KG,2189.2307692308,0.0000000000,19400100.0000000000,1940010.0000000000,21340110.0000000000,"384롤@16,400원/롤", , 
20190702,신광포장기계,PP,PP15MPP15MM*10KG(황색),3460.0000000000,KG,2393.7500000000,0.0000000000,7970000.0000000000,797000.0000000000,8767000.0000000000,50롤, , 
20190703,해성수출포장,PE,PE50mm 5kgPE50M／M(백)5KG,19461.0000000000,KG,2764.4074166667,0.0000000000,28977444.0000000000,1111500.0000000000,30088944.0000000000,3박스, , 
20190704,제일산업(주)안성공장,PE,PE 결속끈PE#50 (백) 5500m 5KG,7683.0000000000,KG,2269.2666666667,0.0000000000,17163223.0000000000,1270720.0000000000,18433943.0000000000,"50박스200롤(15,000원/롤)", , 
20190705,파워엠팩,PP,PP9M/MPP9M/M*11KG(은회색),9590.0000000000,KG,2008.1555555556,0.0000000000,17663746.0000000000,611500.0000000000,18275246.0000000000,120롤(다오),부천창고, 
20190708,광림파워팩,PP,PP18MPP18M／M10KG(황),6421.0000000000,KG,1904.5974090909,0.0000000000,12293598.0000000000,909600.0000000000,13203198.0000000000,30롤(0.95-1T), , 
20190709,한솔포장,PE,"PE28mm, 6KGPE28M／M(백)6KG",6524.0000000000,KG,2387.5000000000,0.0000000000,15365600.0000000000,1536560.0000000000,16902160.0000000000,25박스, , 
20190710,동원팩,PE,"PE28mm, 6KGPE28M／M(백)6KG",4845.0000000000,KG,2354.1666666667,0.0000000000,10567250.0000000000,1056725.0000000000,11623975.0000000000,25박스, , 
20190711,한서포장,상품,PE28mm 2kgPE28M／M(백)2KG,5109.0000000000,KG,2102.0000000000,0.0000000000,9415900.0000000000,941590.0000000000,10357490.0000000000,10박스,수입, 
20190712,진송팩,상품,PE28mm 2kgPE28M／M(백)2KG,11341.0000000000,KG,1903.9803333333,0.0000000000,21568491.0000000000,662000.0000000000,22230491.0000000000,50박스,수입, 
20190715,대상산업,PP,PP12MPP12M／M12.5KG (황),15484.0000000000,KG,1775.7415000000,0.0000000000,27050056.0000000000,815850.0000000000,27865906.0000000000,20롤, , 
20190716,강원농협연합포장재가공사업소,PP,PP12MPP12M／M12.5KG (황),10358.0000000000,KG,12100.5792500000,1907040.0000000000,31413610.0000000000,1065300.0000000000,32478910.0000000000,300롤, , 
20190717,동방포장기자재,PP,PP15MPP15MM*10KG(황색),7835.0000000000,KG,1846.8564230769,0.0000000000,14262247.0000000000,615000.0000000000,14877247.0000000000,100롤0.8T(농협), , 
20190718,광림파워팩,PP,PP9MMPP9M／M9.5KG(황색),5236.0000000000,KG,2018.7500000000,0.0000000000,10078000.0000000000,1007800.0000000000,11085800.0000000000,118롤(0.65T), , 
20190719,대영포장(주)발안공장,PP,PP7MPP7M10KG백색,12792.0000000000,KG,2050.0635000000,0.0000000000,22911048.0000000000,409300.0000000000,23320348.0000000000,"50롤(@\16,500)", , 
20190722,경인팩,PP,PP6MMPP6M／M10KG(백),5404.0000000000,KG,2106.2500000000,0.0000000000,11115450.0000000000,1111545.0000000000,12226995.0000000000,100롤, , 
20190723,서울포장기계,PP,PP12MPP12M／M10KG(백),6646.0000000000,KG,2040.0000000000,0.0000000000,13244250.0000000000,1324425.0000000000,14568675.0000000000,100롤, , 
20190724,해성수출포장,상품,PE28mm 2kgPE28M／M(백)2KG,20210.0000000000,KG,1185.7419600000,14816.5000000000,38227255.0000000000,246400.0000000000,38473655.0000000000,7박스.3박스교체,수입, 
20190725,한솔포장,PE,PE28mm 2kgPE28M／M(황)2KG,4613.0000000000,KG,2277.7777777778,0.0000000000,9273750.0000000000,927375.0000000000,10201125.0000000000,15박스, , 
20190726,파워엠팩,PP,PP6MMPP6M／M10KG(백),32331.0000000000,KG,1276.3706428571,42196.5000000000,73343705.0000000000,224600.0000000000,73568305.0000000000,100롤, , 
20190727,RLBUTTON,PP,"12 x 3,000M 0.63T12x3,000M0.63TBLUE",18640.9600000000,KG,3.5636142857,30761.7000000000,36292654.0000000000,0.0000000000,36292654.0000000000,B100300, ,481829 (AK)
20190729,주식회사 동원피앤아이,PE,PE 결속끈PE#50 (백) 5500m 5KG,11771.0000000000,KG,2068.2041000000,0.0000000000,23001224.0000000000,1527120.0000000000,24528344.0000000000,50박스/ 롤당 14250원, , 
20190730,(주)창성밴드,PE,PE28mm 2kgPE28M／M(백)2KG,29849.1500000000,KG,1770.1797631818,5089879.4000000000,63563328.0000000000,1225662.0000000000,64788990.0000000000,10박스,kic 박스, 
20190731,HI-TECH PACKAGING LTD.,PP,PP19M BUILDERSPP19M／M*300M 0.60T Blue,2747.0000000000,KG,3473.9174619048,3949.4400000000,7820788.0000000000,315255.0000000000,8136043.0000000000,P.465, ,27102 (FCL)
2019/07  계,,,,268646.11,,58271.0508102948,7088643.54,541982717,21652837,563635554,,,
20190801,대영포장(주)발안공장,PP,PP7MPP7M10KG백색,3500.0000000000,KG,1650.0000000000,0.0000000000,5775000.0000000000,577500.0000000000,6352500.0000000000,"150롤(@\16,500)",7/19발송, 
20190805,파워엠팩,PP,PP10.5MPP10.5M10KG투명,14780.0000000000,KG,2256.2976250000,0.0000000000,28529248.0000000000,971120.0000000000,29500368.0000000000,48롤, , 
20190806,전주삼신산업,PE,PE28mm 2kgPE28M／M(백)2KG,10072.0000000000,KG,4500.0000000000,0.0000000000,23608600.0000000000,2360860.0000000000,25969460.0000000000,10박스, , 
20190807,서울포장기계,PP,PP12MPP12M／M10KG(백),12418.0000000000,KG,1747.4857307692,0.0000000000,21683686.0000000000,369500.0000000000,22053186.0000000000,100롤, , 
20190808,광림파워팩,PP,PP6MMPP6M／M10KG(백),27347.0000000000,KG,6005.2897144000,30216.9600000000,57187067.0000000000,2048857.0000000000,59235924.0000000000,100롤, , 
20190809,주식회사청아판지팩,상품,PE28mm 2kgPE28M／M(백)2KG,7618.0000000000,KG,2077.3506590909,0.0000000000,14503116.0000000000,884300.0000000000,15387416.0000000000,5박스,택배착불, 
20190810,NZ SAFETY BLACKWOODS,PP,PP12MMx2500Mx0.66T 12.9kg 흑core 406x6T OD570 박스 580 585 170 *100％ 신재,7056.0000000000,kg,1.7971500000,12665.4000000000,15341600.0000000000,0.0000000000,15341600.0000000000,12mmx0.8Tx2500m Black, ,K038508
20190811,NZ SAFETY BLACKWOODS,PP,PP19MPP19M／M*0.55T 1000M Blue,7984.8000000000,KG,1.7153466667,13655.8800000000,16541367.0000000000,0.0000000000,16541367.0000000000,1030708(UV), ,K001278
20190812,경인팩,PE,PE28mm 2kgPE28M／M(백)2KG,10068.0000000000,KG,2057.3781000000,0.0000000000,20698972.0000000000,1156800.0000000000,21855772.0000000000,108박스, , 
20190813,신대한판지(주),PP,PP Band(자동)8mm x 0.6T x 3800m (백색) 10Kg/roll,11276.0000000000,KG,2050.4600769231,0.0000000000,20338535.0000000000,1409435.0000000000,21747970.0000000000,"384롤@16,400원/롤", , 
20190814,한서포장,PP,PP12MPP12MM / 9.5KG(황),5930.0000000000,KG,2048.7500000000,0.0000000000,11334500.0000000000,1133450.0000000000,12467950.0000000000,100롤, , 
20190816,라바인터네셔널,PP,PP12MPP12M／M10KG(황),2480.0000000000,KG,2258.3333333333,0.0000000000,5535000.0000000000,553500.0000000000,6088500.0000000000,50 R/L(광주 서울패키지 직납),광림동일제품(0.8t), 
20190818,RLBUTTON,PP,"12 x 3,000M 0.63T12x3,000M0.63TBLUE",7134.4000000000,KG,6.0975266667,12329.1600000000,14939243.0000000000,0.0000000000,14939243.0000000000,B100300, ,482967(CH)
20190819,경인팩,PP,PP12MPP12M／M12.5KG (황),18079.0000000000,KG,2042.3956153846,0.0000000000,36408418.0000000000,1740660.0000000000,38149078.0000000000,20롤, , 
20190820,주식회사 대진화학,PP,PP7MPP7M10KG백색,5675.0000000000,KG,2235.0000000000,0.0000000000,11535250.0000000000,1153525.0000000000,12688775.0000000000,80롤(40롤씩2파), , 
20190821,서울포장기계,PP,PP12MPP12M／M10KG(백),9326.0000000000,KG,2273.7500000000,0.0000000000,19410550.0000000000,1941055.0000000000,21351605.0000000000,100롤, , 
20190822,동원팩,PE,"PE28mm, 6KGPE28M／M(백)6KG",13153.0000000000,KG,2116.7301666667,0.0000000000,24224422.0000000000,426700.0000000000,24651122.0000000000,30박스, , 
20190823,우선산업,PE,PE 결속끈PE#50 (백) 5500m 5KG,21310.0000000000,KG,938.5685541250,31941.5000000000,45992702.0000000000,750000.0000000000,46742702.0000000000,50박스/ 롤당 14250원, , 
20190826,(주)대일상사 (전주),상품,PE28mm 2kgPE28M／M(백)2KG,11444.0000000000,KG,1927.2628666667,0.0000000000,20733199.0000000000,567125.0000000000,21300324.0000000000,5박스,수출용박스, 
20190827,제일산업(주)안성공장,PE,PE 결속끈PE#50 (백) 5500m 5KG,10991.0000000000,KG,1957.3321562500,0.0000000000,23890528.0000000000,1424500.0000000000,25315028.0000000000,"75박스300롤(15,000원/롤)", , 
20190828,ANDERSON WHOLESALE PACKAGING PTY LTD.,PP,PP19M Premium BlackPP19M／M*1000M 0.7T Black,26401.0000000000,KG,1831.3886022222,29902.1000000000,50535531.0000000000,466850.0000000000,51002381.0000000000,2119, ,00001492
20190829,서울포장기계,PP,PP12MPP12M／M10KG(백),7510.0000000000,KG,1752.3809500000,0.0000000000,13449000.0000000000,170000.0000000000,13619000.0000000000,100롤, , 
20190830,파워엠팩,PP,PP15MPP15M／M13KG(황),12864.0000000000,KG,2994.7058823529,0.0000000000,16533950.0000000000,1653395.0000000000,18187345.0000000000,8롤, , 
20190831,NZ SAFETY BLACKWOODS,PP,PP19MPP19M／M*0.55T 1000M Blue,7358.2000000000,KG,1.7106000000,12672.2400000000,15399305.0000000000,0.0000000000,15399305.0000000000,1030708(UV), ,K046719
2019/08  계,,,,271775.4,,46732.180656518,143383.24,534128789,21759132,555887921,,,
20190902,대영포장(주)발안공장,PP,PP7MPP7M10KG백색,19123.0000000000,KG,2297.0370370370,0.0000000000,42115125.0000000000,4211512.0000000000,46326637.0000000000,"150롤(@\16,500)",8/27 출고, 
20190903,파워엠팩,PP,PP9MMPP9M／M13KG(투명),14049.0000000000,KG,2014.3401428571,0.0000000000,25201164.0000000000,439840.0000000000,25641004.0000000000,51롤(오뚜기), , 
20190904,동원팩,PE,PE28mm 2kgPE28M／M(백)2KG,13420.0000000000,KG,1852.2316071429,0.0000000000,22730221.0000000000,445100.0000000000,23175321.0000000000,20박스, , 
20190905,주식회사 동원피앤아이,PE,PE 결속끈PE#50 (백) 5500m 5KG,13885.0000000000,KG,1964.3636363636,0.0000000000,17714000.0000000000,1771400.0000000000,19485400.0000000000,45박스/ 롤당 14250원,용차, 
20190906,파워엠팩,PP,PP10.5MPP10.5M10KG투명,8328.0000000000,KG,9819.3301666667,0.0000000000,14714835.0000000000,100000.0000000000,14814835.0000000000,50롤, , 
20190907,PARAMOUNT PAPER MERCHANTS PTY LTD.,PP,PP19M Premium BlackPP19M／M*1000M 0.8T Black,6875.2000000000,KG,3.2232588889,12169.2000000000,14598172.0000000000,0.0000000000,14598172.0000000000,PS19X1HD, ,110026
20190909,한솔포장,PE,PE28mm 2kgPE28M／M(황)2KG,10684.0000000000,KG,2421.4285714286,0.0000000000,23686200.0000000000,2368620.0000000000,26054820.0000000000,25박스, , 
20190910,삼보팩,PP,PP12MPP12M／M10KG(황),23465.0000000000,KG,1031.0215952381,1468800.0000000000,29247582.0000000000,806250.0000000000,30053832.0000000000,50롤,0.8T, 
20190911,신광포장기계,PP,PP12MPP12M／M10KG(황),8780.0000000000,KG,2003.9000000000,0.0000000000,16024904.0000000000,252500.0000000000,16277404.0000000000,50롤, , 
20190916,KOMERI,PP,15 x 100M 0.55T15x100M0.55T자색,6278.6400000000,KG,292.1821714286,1531380.0000000000,16923893.0000000000,0.0000000000,16923893.0000000000,4920501073173, ,PUS190618901
20190917,파워엠팩,PP,PP6MMPP6M／M10KG(백),13642.0000000000,KG,1961.6263846154,0.0000000000,25221016.0000000000,669700.0000000000,25890716.0000000000,10롤, , 
20190918,강원농협연합포장재가공사업소,상품,스트레치필름(일반 기계랩)18*500mm*1700m,14522.0000000000,박스,114748.0042337500,15147.0000000000,32432524.0000000000,991340.0000000000,33423864.0000000000,50박스, , 
20190919,동방포장기자재,PP,PP12MPP12M／M10KG(황),8950.0000000000,KG,1917.5000000000,0.0000000000,15741100.0000000000,1574110.0000000000,17315210.0000000000,151롤(0.68T/농협), , 
20190920,(주)낙원포장,PP,PP10.5MPP10.5M10KG투명,11158.0000000000,KG,1865.8797105263,0.0000000000,20954848.0000000000,1316300.0000000000,22271148.0000000000,101롤, , 
20190923,제일포장(김해),상품,PE28mm 2kgPE28M／M(백)2KG,10426.0000000000,KG,1996.2124615385,0.0000000000,21072484.0000000000,1203100.0000000000,22275584.0000000000,100 Boxes,합화차, 
20190924,대한록크,상품,PE28mm 2kgPE28M／M(백)2KG,11838.0000000000,KG,2216.7513333333,0.0000000000,21876412.0000000000,430800.0000000000,22307212.0000000000,10박스,kic박스, 
20190925,제일산업(주)안성공장,PE,PE 결속끈PE#50 (청) 5500m 5KG,6127.5000000000,KG,3633.6363636364,0.0000000000,13758000.0000000000,1375800.0000000000,15133800.0000000000,"25박스100롤(15,000원/롤)", , 
20190926,경인팩,PP,PP6MMPP6M／M10KG(백),13763.0000000000,KG,3390.4408214286,0.0000000000,25925123.0000000000,860520.0000000000,26785643.0000000000,50롤, , 
20190927,금산포장,상품,PE28mm 2kgPE28M／M(백)2KG,7935.0000000000,KG,7377.1428571429,0.0000000000,16908500.0000000000,1690850.0000000000,18599350.0000000000,30박스,무지박스/수입, 
20190930,서울포장기계,PP,PP12MPP12M／M10KG(백),4140.0000000000,KG,2100.0000000000,0.0000000000,8485000.0000000000,848500.0000000000,9333500.0000000000,100롤, , 
2019/09  계,,,,227389.34,,164906.2523530229,3027496.2,425331103,21356242,446687345,,,
20191001,대영포장(주)발안공장,PP,PP7MPP7M10KG백색,7642.0000000000,KG,2081.5790500000,0.0000000000,14331990.0000000000,793200.0000000000,15125190.0000000000,"200롤(@\16,500)",9/26 출고, 
20191002,한서포장,PP,PP12MPP12MM / 9.5KG(황),2190.0000000000,KG,2120.0000000000,0.0000000000,4743500.0000000000,474350.0000000000,5217850.0000000000,60롤, , 
20191004,동방포장기자재,PP,PP12MPP12M／M10KG(황),13805.0000000000,KG,2085.3900000000,0.0000000000,25816731.0000000000,2072790.0000000000,27889521.0000000000,150롤(0.68T/농협), , 
20191005,CYKLOP PACKAGING SYSTEMS PTY LTD.,PP,PP19MMx1000Mx0.95T 10.5kg 흑460 톰슨박스 460 465 130,18535.0000000000, ,1.7425710000,32867.0000000000,39562009.0000000000,0.0000000000,39562009.0000000000,0122HB1995B, ,15219
20191006,NORTH SHORE,PP,"9 x 3,734M 0.61T White (8x8)9 x 3,734M 0.61T 백색",11343.1000000000,KG,901.4299836000,24907.5300000000,29981195.0000000000,0.0000000000,29981195.0000000000,NSM-738WH, ,VK-080519
20191007,광현페이퍼,PE,PE28mm 2kgPE28M／M(청)2KG,11434.0000000000,KG,2125.0952500000,0.0000000000,20586556.0000000000,169500.0000000000,20756056.0000000000,10박스,"외부박스(대경단가@2,800/Kg)", 
20191008,동방포장기자재,PP,PP15MPP15MM*10KG(황색),19315.8000000000,KG,3594.6125205882,15859.8800000000,37569547.0000000000,1307550.0000000000,38877097.0000000000,100롤0.8T(농협), , 
20191010,제이케이머티리얼즈(주)／순성공장,PP,PP18MPP18M／M10KG(황),10510.0000000000,KG,5144.1817416667,0.0000000000,21722414.0000000000,1693500.0000000000,23415914.0000000000,100롤,"원료1,130+450", 
20191011,합동포장기계,PP,PP12MPP12M／M12.5KG (황),9268.0000000000,KG,2343.7500000000,0.0000000000,19870150.0000000000,1987015.0000000000,21857165.0000000000,170롤, , 
20191012,KOMERI,PP,15 x 100M 0.55T15x100M0.55T자색,6181.3200000000,KG,305.3913970000,1501890.0000000000,16648150.0000000000,0.0000000000,16648150.0000000000,4920501073173, ,PUS190716937
20191014,대영포장(주)발안공장,상품,자동밴딩기 (박스공장 아치확장형)W1250 H600 (3상),10946.0000000000,대,113670.9691941176,0.0000000000,22088266.0000000000,631160.0000000000,22719426.0000000000, , , 
20191015,보우팩,PP,PP12MPP12mm*0.72T*2800m 12.5KG(투명),5497.5000000000,KG,2683.3333333333,0.0000000000,12029350.0000000000,1202935.0000000000,13232285.0000000000,50롤, , 
20191016,(주)삼화인쇄,PE,PE28mm 2kgPE28M／M(백)2KG,20030.9000000000,KG,1166.4583241500,29484.9200000000,41868220.0000000000,695512.0000000000,42563732.0000000000,10박스(쇼핑백1층), , 
20191017,삼원산업,PP,PP15MPP15MM*10KG(황색),5451.0000000000,KG,1844.4444444444,0.0000000000,10330250.0000000000,1033025.0000000000,11363275.0000000000,100롤, , 
20191018,동원팩,PE,"PE28mm, 6KGPE28M／M(백)6KG",15302.6000000000,KG,1860.3365294737,0.0000000000,28136978.0200000000,444250.0000000000,28581228.0200000000,25박스, , 
20191021,경인팩,PP,PP6MMPP6M／M10KG(백),8320.0000000000,KG,5582.2222222222,0.0000000000,19204600.0000000000,1920460.0000000000,21125060.0000000000,112롤(대구한국포장),"10/21, 10/24 나눠서 납품", 
20191022,광림파워팩,PP,PP9MMPP9M／M9.5KG(황색),14263.5000000000,KG,1860.6501176471,0.0000000000,26716957.0000000000,1795462.0000000000,28512419.0000000000,49롤, , 
20191023,(주)태양지대,PE,"PE28mm, 6KGPE28M／M(백)6KG",6215.6000000000,KG,2375.0000000000,0.0000000000,15279980.0000000000,1527998.0000000000,16807978.0000000000,40박스, , 
20191024,한솔포장,PE,"PE28mm, 6KGPE28M／M(백)6KG",4375.0000000000,KG,2329.1666666667,0.0000000000,10070250.0000000000,1007025.0000000000,11077275.0000000000,25박스,"24kg,실납26박스", 
20191025,보우팩,PP,PP12MPP12M／M12.5KG (황),14207.5000000000,KG,5200.0724818182,0.0000000000,27328217.0000000000,557500.0000000000,27885717.0000000000,160롤, , 
20191026,CYKLOP PACKAGING SYSTEMS PTY LTD.,PP,"PP12MMx1000Mx0.55T 3.1kg 청300 톰슨박스 320 325 130 *고객라벨 + 수량라벨, 고객 주문 도면 팔렛 2단 적재, 출고전 검사 후 승인, 컨테이너 적재도",18133.2000000000,kg,1.6766127333,30644.6400000000,35884873.0000000000,0.0000000000,35884873.0000000000,0122DP12, ,15253
20191028,서울포장기계,PP,PP12MPP12M／M10KG(백),11419.5000000000,KG,61330.0408214286,0.0000000000,24701204.0000000000,1547595.0000000000,26248799.0000000000,100롤, , 
20191029,세계산업,PE,PE28mm 2kgPE28M／M(백)2KG,40.0000000000,KG,2950.0000000000,0.0000000000,118000.0000000000,11800.0000000000,129800.0000000000,2박스(무지), , 
20191030,동원팩,PE,PE28mm 2kgPE28M／M(백)2KG,7589.0000000000,KG,2042.9660000000,0.0000000000,15511586.0000000000,783000.0000000000,16294586.0000000000,20박스, , 
20191031,대상산업,PE,"PE50mm, 6KGPE50M／M(백)6KG",480.0000000000,KG,2750.0000000000,0.0000000000,1320000.0000000000,132000.0000000000,1452000.0000000000,5박스, , 
2019/10  계,,,,252495.52,,228350.50926189,1635653.97,521420973.02,21787627,543208600.02,,,
20191101,대영포장(주)발안공장,PE,PE 결속끈PE#50 (백) 5500m 5KG,10932.0000000000,KG,2041.4285714286,0.0000000000,21211000.0000000000,2121100.0000000000,23332100.0000000000,"25박스(롤당 16500원, 박스당 4롤포장)",10/29 납품, 
20191102,ABL,PP,"12 x 3,000M 0.60T12x3,000M0.60TBLUE",31243.2800000000,KG,2.7840836667,48425.0600000000,56255393.0000000000,0.0000000000,56255393.0000000000,1194, ,29060
20191104,주식회사 삼성종합포장,PE,PE28mm 2kgPE28M／M(백)2KG,7691.0000000000,KG,1959.4530714286,0.0000000000,14199808.0000000000,318000.0000000000,14517808.0000000000,20박스(대신택배),kic 박스, 
20191105,(주)디알젬 (구미공장지점),PP,PP18MMx 15kg 삼성1650M두께0.80mm단중8.56g,32869.0000000000,KG,1944.4850000000,0.0000000000,26306950.0000000000,2630695.0000000000,28937645.0000000000,20롤,"1롤단가37,000", 
20191106,강원농협연합포장재가공사업소,PP,PP12MPP12M／M12.5KG (황),3900.0000000000,KG,2348.3333333333,0.0000000000,7500000.0000000000,750000.0000000000,8250000.0000000000,200롤, , 
20191107,신광포장기계,PP,PP15MPP15MM*10KG(황색),7110.0000000000,KG,1938.7949705882,0.0000000000,12730557.0000000000,406700.0000000000,13137257.0000000000,50롤, , 
20191108,대상산업,PE,PE28mm 2kgPE28M／M(백)2KG,480.0000000000,KG,2750.0000000000,0.0000000000,1320000.0000000000,132000.0000000000,1452000.0000000000,20박스(24Kg), , 
20191110,"SANYU CO.,LTD",PP,15 x 100M 0.55T15x100M0.55T황색,7235.0000000000,KG,295.9843527273,1644250.0000000000,17463415.0000000000,0.0000000000,17463415.0000000000,901, ,72 KIC
20191111,우기케미칼,PE,PE28mm 2kgPE28M／M(백)2KG,6261.0000000000,KG,1938.5494615385,0.0000000000,12245154.0000000000,853300.0000000000,13098454.0000000000,32박스,kic박스, 
20191112,한솔포장,PE,"PE28mm, 6KGPE28M／M(백)6KG",24857.0000000000,KG,1555.9132738889,29058.0000000000,46157056.0000000000,1241200.0000000000,47398256.0000000000,25박스,"24kg,실납26박스", 
20191113,신한포장기계(주),PE,PE28mm 2kgPE28M／M(백)2KG,4785.0000000000,KG,2172.7272727273,0.0000000000,10743750.0000000000,1074375.0000000000,11818125.0000000000,50박스, , 
20191114,파워엠팩,상품,PP14MMPP14M／M 10KG (청색),10692.0000000000,KG,1965.9392333333,0.0000000000,19971088.0000000000,1148750.0000000000,21119838.0000000000,150롤,파코팩, 
20191115,신대한판지(주),PP,PP Band(자동)8mm x 0.6T x 3800m (백색) 10Kg/roll,3860.0000000000,KG,1730.0000000000,0.0000000000,7294000.0000000000,729400.0000000000,8023400.0000000000,"275롤@16,400원/롤", , 
20191118,경인팩,PE,PE28mm 2kgPE28M／M(백)2KG,3500.0000000000,KG,2400.0000000000,0.0000000000,8890000.0000000000,889000.0000000000,9779000.0000000000,대구한국(24kg)100박스, , 
20191119,어드밴스,PP,"12 x 3,017M 0.55T12x3,017M(투명)",6109.0000000000,KG,2122.9095312500,0.0000000000,11470728.0000000000,582020.0000000000,12052748.0000000000,수출용11kg(4롤), , 
20191120,대영포장(주)대구지점,PP,PP7MPP7M10KG백색,35763.0000000000,KG,1544.0691450000,33193.0200000000,68002544.0000000000,1113600.0000000000,69116144.0000000000,200롤,합화차, 
20191121,광림파워팩,PP,PP9MMPP9M／M10KG(황),5004.0000000000,KG,1912.5000000000,0.0000000000,9516000.0000000000,951600.0000000000,10467600.0000000000,64롤(0.75), , 
20191122,진송팩,PE,PE28mm 2kgPE28M／M(백)2KG,3240.0000000000,KG,1972.5000000000,0.0000000000,6530100.0000000000,653010.0000000000,7183110.0000000000,50박스,수입, 
20191125,우선산업,PE,PE 결속끈PE#50 (백) 5500m 5KG,8960.0000000000,KG,2636.1538461538,0.0000000000,19934520.0000000000,1993452.0000000000,21927972.0000000000,20박스/ 롤당 14250원, , 
20191126,진송팩,PE,PE28mm 2kgPE28M／M(백)2KG,7017.0000000000,KG,1977.5930818182,0.0000000000,13222298.0000000000,450700.0000000000,13672998.0000000000,50박스,power박스, 
20191127,서울포장기계,PP,PP12MPP12M／M10KG(백),28661.0000000000,KG,1347.7192188889,34197.8000000000,56769168.0000000000,550600.0000000000,57319768.0000000000,100롤, , 
20191128,제일포장(김해),상품,PE28mm 2kgPE28M／M(백)2KG,13530.0000000000,KG,1821.9751428571,0.0000000000,24360858.0000000000,1545950.0000000000,25906808.0000000000,100 Boxes,미국수출박스/합화차, 
20191129,금산포장,PP,PP15MPP15M／M10KG(백색),1970.0000000000,KG,1933.3333333333,0.0000000000,3842000.0000000000,384200.0000000000,4226200.0000000000,48롤, , 
2019/11  계,,,,265669.28,,42313.145923962,1789123.88,475936387,20519652,496456039,,,
20191202,대영포장(주)발안공장,PP,PP7MPP7M10KG백색,8815.0000000000,KG,2171.4285714286,0.0000000000,17837000.0000000000,1783700.0000000000,19620700.0000000000,"250롤(@\16,500)",11/25 납품, 
20191203,신광포장기계,PE,PE28mm 2kgPE28M／M(백)2KG,11200.0000000000,KG,2234.7112894737,0.0000000000,23607946.0000000000,1534309.0000000000,25142255.0000000000,10박스, , 
20191204,한솔포장,PE,"PE28mm, 6KGPE28M／M(백)6KG",27353.2000000000,KG,4117.5995357143,31930.2800000000,55663148.0000000000,1778745.0000000000,57441893.0000000000,25박스,"24kg,실납26박스", 
20191205,주식회사 동원피앤아이,PE,PE 결속끈PE#50 (백) 5500m 5KG,11118.5000000000,KG,2085.7434722222,0.0000000000,21764562.0000000000,1350137.0000000000,23114699.0000000000,27박스/ 롤당 14250원, , 
20191206,라바인터네셔널,PP,PP12MPP12M／M10KG(백),5252.0000000000,KG,2015.0000000000,0.0000000000,9972600.0000000000,997260.0000000000,10969860.0000000000,20 R/L(광주 서울패키지 직납),신광동일제품(0.65-0.70t), 
20191209,(주)삼신,PE,PE28mm 2kgPE28M／M(백)2KG,21788.3600000000,KG,1445.3905545455,3597210.0000000000,51541577.0000000000,1213450.0000000000,52755027.0000000000,100박스,수출용박스/사리현동 납품, 
20191210,한서포장,PP,PP12MPP12MM / 9.5KG(황),4233.0000000000,KG,7370.0000000000,0.0000000000,11415200.0000000000,1141520.0000000000,12556720.0000000000,60롤, , 
20191211,주식회사 에이스팩,PP,PP15MPP15M／M13KG(황),7042.0000000000,KG,1734.8511583333,0.0000000000,11416427.0000000000,292515.0000000000,11708942.0000000000,29롤, , 
20191212,(주)삼신,PE,PE28mm 2kgPE28M／M(백)2KG,11268.0000000000,KG,1797.7701666667,0.0000000000,21270146.0000000000,1283750.0000000000,22553896.0000000000,100박스,용두동 납품, 
20191213,신대한판지(주),PP,PP Band(자동)8mm x 0.6T x 3800m (백색) 10Kg/roll,8487.0000000000,KG,1747.8928625000,0.0000000000,14453278.0000000000,684060.0000000000,15137338.0000000000,"384롤@16,400원/롤", , 
20191214,동방포장기자재,PP,PP15MPP15MM*10KG(황색),1000.0000000000,KG,1700.0000000000,0.0000000000,1700000.0000000000,170000.0000000000,1870000.0000000000,100롤0.8T(농협), , 
20191216,광림파워팩,PP,PP15MPP15MM*10KG(황색),4553.0000000000,KG,2595.8333333333,0.0000000000,8584500.0000000000,858450.0000000000,9442950.0000000000,64롤, , 
20191217,(주)창성밴드,PE,PE28mm 2kgPE28M／M(백)2KG,5028.0000000000,KG,2457.2727272727,0.0000000000,10557600.0000000000,1055760.0000000000,11613360.0000000000,10박스,Kic박스(수입), 
20191218,동원팩,PE,PE28mm 2kgPE28M／M(백)2KG,13855.0000000000,KG,4333.3697826087,0.0000000000,29158089.0000000000,1884220.0000000000,31042309.0000000000,25박스, , 
20191219,신광포장기계,PP,PP15MPP15M／M10KG(백색),13598.0000000000,KG,11723.5809600000,0.0000000000,24946258.0000000000,741000.0000000000,25687258.0000000000,40롤, , 
20191220,신대한판지(주),PP,PP밴드PP12mm*2800m (적),19168.8000000000,KG,1144.9766083333,26741.4000000000,37292360.0000000000,615200.0000000000,37907560.0000000000,"52롤 23,000원/롤", , 
20191221,CYKLOP PACKAGING SYSTEMS PTY LTD.,PP,PP 05MM05MM x 7000 x 0.50MM Blue,19782.0000000000,KG,1.6114250000,29442.3600000000,34285629.0000000000,0.0000000000,34285629.0000000000,01215045B, ,15346
20191223,(주)대일상사 (전주),PE,PE28mm 2kgPE28M／M(백)2KG,5720.0000000000,KG,1960.4857142857,0.0000000000,10181888.0000000000,322100.0000000000,10503988.0000000000,5박스,수출용박스, 
20191224,한서포장,PP,PP12MPP12MM / 9.5KG(황),4865.0000000000,KG,2095.8333333333,0.0000000000,9599250.0000000000,959925.0000000000,10559175.0000000000,50롤, , 
20191226,금산포장,PP,PP19MPP19M／M*0.55T 1000M Blue,7419.5000000000,KG,1958.4285833333,0.0000000000,13908157.0000000000,901987.0000000000,14810144.0000000000,30박스,RLB규격, 
20191227,보우팩,PP,PP9MMPP9M／M10KG(투명),28542.0000000000,KG,1116.3758157895,29655.5000000000,49587626.0000000000,908725.0000000000,50496351.0000000000,100롤, , 
20191228,RLBUTTON,PP,PP 12MM12MMx1000Mx0.55MM Blue,9465.2000000000,KG,4.8452250000,13918.4400000000,16162093.0000000000,0.0000000000,16162093.0000000000,B100250, ,488234(CH)
20191230,주식회사 대진화학,PP,PP7MPP7M10KG백색,6744.0000000000,KG,2200.0000000000,0.0000000000,14668200.0000000000,1466820.0000000000,16135020.0000000000,80롤(40롤씩2파), , 
20191231,동원팩,PP,PP6MMPP6M／M10KG(백),6231.4000000000,KG,465.2592000000,1446330.0000000000,15571286.0000000000,19000.0000000000,15590286.0000000000,10롤, , 
2019/12  계,,,,262528.96,,60478.2603191741,5175227.98,515144820,21962633,537107453,,,
20200101,KOMERI,PP,15 x 100M 0.55T15x100M0.55T녹색,6010.2000000000,KG,305.8435555556,1515750.0000000000,16119546.0000000000,0.0000000000,16119546.0000000000,4920501073166, ,PUS191001917
20200102,대영포장(주)발안공장,PP,PP12MPP12M／M10KG(황),14937.0000000000,KG,1923.9806043478,0.0000000000,27089989.0000000000,987500.0000000000,28077489.0000000000,30롤(0.8T),12/23 출고, 
20200103,보우팩,PP,PP6MMPP6M／M10KG(백),5070.0000000000,KG,2078.5714285714,0.0000000000,10167500.0000000000,1016750.0000000000,11184250.0000000000,200롤, , 
20200106,대영포장(주)발안공장,PE,PE 결속끈PE#50 (백) 5500m 5KG,10410.0000000000,KG,2175.0000000000,0.0000000000,22144500.0000000000,2214450.0000000000,24358950.0000000000,"25박스(롤당 16500원, 박스당 4롤포장)", , 
20200107,신한포장기계(주),상품,PE28mm 2kgPE28M／M(백)2KG,6125.0000000000,KG,2604.5000000000,0.0000000000,3095000.0000000000,309500.0000000000,3404500.0000000000,50박스, , 
20200108,백암지관공업사,PP,PP12MPP12M／M10KG(백),16097.0000000000,KG,2183.4466700000,0.0000000000,32902554.0000000000,1576260.0000000000,34478814.0000000000,10롤, , 
20200109,JH글로벌,PP,PP12MPP12M／M12.5KG (황),16431.6000000000,KG,1651.9524153846,23310.5400000000,38787656.0000000000,1141875.0000000000,39929531.0000000000,50롤, , 
20200110,한솔포장,PE,PE28mm 2kgPE28M／M(청)2KG,2990.0000000000,KG,2518.7500000000,0.0000000000,7357500.0000000000,735750.0000000000,8093250.0000000000,10박스, , 
20200111,KONZ TRADING LTD.,PP,"15 x 2,500M 0.64T15 x 2,500M 0.64T 청색",7525.0000000000,KG,1.8130000000,13643.0000000000,15825880.0000000000,0.0000000000,15825880.0000000000, , ,KONZDAN1203
20200113,광림파워팩,PE,PE28mm 2kgPE28M／M(청)2KG,7265.0000000000,KG,2269.2307692308,0.0000000000,15076750.0000000000,1507675.0000000000,16584425.0000000000,5박스(24kg), , 
20200114,(주)낙원포장,PP,PP10.5MPP10.5M10KG투명,9786.0000000000,KG,1937.6110000000,0.0000000000,17993462.0000000000,1005300.0000000000,18998762.0000000000,101롤, , 
20200115,(주)아이마켓코리아,PP,PP18MMx 21kg 삼성2300M두께0.80mm단중8.8g,8820.0000000000,KG,1904.6840000000,0.0000000000,17275592.0000000000,816060.0000000000,18091652.0000000000,29롤,SERK,5288726808
20200116,주식회사 동원피앤아이,PE,PE 결속끈PE#50 (백) 5500m 5KG,9161.0000000000,KG,5353.8208375000,0.0000000000,18348237.0000000000,894500.0000000000,19242737.0000000000,50박스/ 롤당 14250원, , 
20200117,보우팩,PP,PP12MPP12mm*0.72T*2800m 12.5KG(투명),5700.0000000000,KG,1962.8571428571,0.0000000000,12293000.0000000000,1229300.0000000000,13522300.0000000000,40롤, , 
20200118,한솔포장,PP,PP6MMPP6M／M10KG(백),14320.0000000000,KG,476.4030225000,26903.4000000000,31957183.0000000000,76000.0000000000,32033183.0000000000,40롤, , 
20200120,(주)삼화인쇄,PP,PP10.5MPP10.5M10KG(청),5690.0000000000,KG,1918.4000000000,0.0000000000,10324933.0000000000,639625.0000000000,10964558.0000000000,50롤(제책4층),0.65T, 
20200121,광림파워팩,PP,PP9MMPP9M／M10KG(투명),9014.0000000000,KG,1930.8131923077,0.0000000000,16748624.0000000000,1101500.0000000000,17850124.0000000000,52롤(0.75T), , 
20200122,경인팩,PP,PP6MMPP6M／M10KG(백),3044.0000000000,KG,2837.5000000000,0.0000000000,5348400.0000000000,534840.0000000000,5883240.0000000000,104롤,대구한국, 
20200123,대상산업,PE,PE28mm 2kgPE28M／M(백)2KG,28949.4000000000,KG,1015.9710370588,59983.8600000000,71757196.0000000000,187000.0000000000,71944196.0000000000,10박스(24Kg), , 
20200129,(주)낙원포장,PP,PE28mm 2kgPE28M／M(백)2KG,9052.0000000000,KG,136306.5276629630,0.0000000000,19098151.0000000000,1074700.0000000000,20172851.0000000000,10박스, , 
20200130,(주)대일상사 (전주),PE,"PE28mm, 6KGPE28M／M(백)6KG",14502.0000000000,KG,2206.1065000000,0.0000000000,28179247.0000000000,1491455.0000000000,29670702.0000000000,2박스,수출박스, 
20200131,삼보팩,PP,PP12MPP12M／M10KG(황),13177.2400000000,KG,1127.7929625000,1630170.0000000000,30628311.0000000000,299000.0000000000,30927311.0000000000,50롤,0.8T, 
2020/01  계,,,,224076.44,,176691.5758007768,3269760.8,468519211,18839040,487358251,,,
20200201,신대한판지(주),PP,PP Band(자동)8mm x 0.6T x 3800m (백색) 10Kg/roll,14656.3000000000,KG,13270.5146000000,13337.7600000000,27239338.0000000000,1145410.0000000000,28384748.0000000000,"384롤@16,400원/롤",1/23 출고, 
20200202,KOMERI,PP,15 x 100M 0.55T15x100M0.55T녹색,6147.2400000000,KG,317.9668625000,1630170.0000000000,17714731.0000000000,0.0000000000,17714731.0000000000,4920501073166, ,PUS190618901
20200203,주식회사 대원포장기계,PE,PE28mm 2kgPE28M／M(백)2KG,9454.0000000000,KG,2121.7959142857,0.0000000000,17400196.0000000000,732500.0000000000,18132696.0000000000,10박스(대구-대신택배착불),무지박스, 
20200204,금산포장,PP,PP12MPP12M／M10KG(투명),8240.0000000000,KG,2149.2307692308,0.0000000000,16837900.0000000000,1683790.0000000000,18521690.0000000000,30롤, , 
20200205,한서포장,PP,PP12MPP12MM / 9.5KG(황),8940.0000000000,KG,1713.1746812500,0.0000000000,14222490.0000000000,502250.0000000000,14724740.0000000000,100롤, , 
20200206,진송팩,PE,PE28mm 2kgPE28M／M(백)2KG,6455.0000000000,KG,2235.0000000000,0.0000000000,14179250.0000000000,1417925.0000000000,15597175.0000000000,50박스,power박스, 
20200207,에이원코리아,PP,PP12MPP12M／M12KG(황),6010.0000000000,KG,2004.1666666667,0.0000000000,11361250.0000000000,1136125.0000000000,12497375.0000000000,120롤, , 
20200210,전주삼신산업,PE,PE28mm 2kgPE28M／M(백)2KG,26577.5000000000,KG,909.1731472727,29283.6000000000,53841490.0000000000,1907600.0000000000,55749090.0000000000,20박스,대신택배, 
20200211,신광포장기계,PP,PP12MPP12M／M10KG(황),17196.9000000000,KG,1497.9137883333,11782.5600000000,32954783.0000000000,492862.0000000000,33447645.0000000000,90롤, , 
20200212,강원농협연합포장재가공사업소,PP,PP12MPP12M／M12.5KG (황),14547.6000000000,KG,1226.9833363636,13695.3600000000,28398677.0000000000,1218200.0000000000,29616877.0000000000,300롤, , 
20200213,대상산업,PE,"PE50mm, 6KGPE50M／M(백)6KG",37035.0000000000,KG,1518.7058032000,12764.0000000000,62486812.0000000000,1260620.0000000000,63747432.0000000000,12박스, , 
20200214,동원팩,PE,"PE28mm, 6KGPE28M／M(백)6KG",8065.0000000000,KG,2160.3142900000,0.0000000000,16132850.0000000000,785400.0000000000,16918250.0000000000,20박스, , 
20200215,PUNCHBOWL,PP,"12 x 2,500M 0.65T12x2,500M0.65TWHITE",5616.0000000000,KG,1.9991700000,11227.3200000000,13265079.0000000000,0.0000000000,13265079.0000000000,413111, ,311225
20200217,대상산업,PP,PP12MPP12M／M12.5KG (황),6391.0000000000,KG,1875.1428750000,0.0000000000,11425374.0000000000,109750.0000000000,11535124.0000000000,20롤, , 
20200218,라바인터네셔널,PP,PP12MPP12M／M10KG(황),6910.0000000000,KG,3460.0000000000,0.0000000000,13429000.0000000000,1342900.0000000000,14771900.0000000000,50롤,0.8T, 
20200219,광림파워팩,PP,PP12MPP12M／M10KG(황),3826.0000000000,KG,1127100.0000000000,0.0000000000,26848000.0000000000,2684800.0000000000,29532800.0000000000,64롤, , 
20200220,제이케이머티리얼즈(주)／순성공장,PP,PP18MPP18M／M10KG(황),10619.0000000000,KG,1761.6552500000,0.0000000000,18494315.0000000000,276600.0000000000,18770915.0000000000,100롤,"원료1,050+500", 
20200221,신한포장기계(주),상품,PE28mm 2kgPE28M／M(백)2KG,5600.0000000000,KG,1950.0000000000,0.0000000000,10925000.0000000000,1092500.0000000000,12017500.0000000000,50박스,kic박스, 
20200223,RLBUTTON,PP,"12 x 3,000M 0.63T12x3,000M0.63TCLEAR",19386.1600000000,KG,3.7739333333,29379.6200000000,35167404.0000000000,0.0000000000,35167404.0000000000,B100365, ,489975 (AK)
20200224,신광포장기계,PP,PP12MPP12M／M10KG(황),1869.0000000000,KG,76504.5454545455,0.0000000000,5117500.0000000000,511750.0000000000,5629250.0000000000,55롤, , 
20200225,서울포장기계,PP,PP12MPP12M／M10KG(백),4257.0000000000,KG,1766.4476250000,0.0000000000,7480754.0000000000,265000.0000000000,7745754.0000000000,100롤, , 
20200226,경인팩,PP,PP6MMPP6M／M10KG(백),18857.0000000000,KG,1473.7695750000,12433.5000000000,37925507.0000000000,2284740.0000000000,40210247.0000000000,150롤, , 
20200227,삼원포장산업,PE,PE28mm 2kgPE28M／M(백)2KG,5256.0000000000,KG,5136.6493545455,0.0000000000,9717550.0000000000,328100.0000000000,10045650.0000000000,20 Kg / 10 박스,kic박스택배선불 후 요금 명세서에 추가, 
20200228,주식회사 동원피앤아이,상품,STOPPER 500 PCSSTOPPER 500 PCS 투명,29579.0000000000,ea,1935.4391666667,0.0000000000,17568910.0000000000,231600.0000000000,17800510.0000000000,1 Box, , 
2020/02  계,,,,281490.7,,1254094.3622631938,1764073.72,520134160,21410422,541544582,,,
20200302,(주)삼화인쇄,PP,PP12MPP12M／M10KG(백),14616.6000000000,KG,26905.1107323810,1894484.7600000000,39146436.0000000000,1312300.0000000000,40458736.0000000000,100롤(제책3층/4층), , 
20200303,파워엠팩,PP,PP6MMPP6M／M10KG(황),13714.0000000000,KG,1880.3142900000,0.0000000000,24805716.0000000000,627250.0000000000,25432966.0000000000,80롤(다한), , 
20200304,신대한판지(주),PP,PP Band(자동)8mm x 0.6T x 3800m (백색) 10Kg/roll,10072.0000000000,KG,2383.8461538462,0.0000000000,18153000.0000000000,1815300.0000000000,19968300.0000000000,"384롤@16,400원/롤", , 
20200305,합동포장기계,PP,PP12MPP12M／M12.5KG (황),7792.0000000000,KG,2255.5555555556,0.0000000000,17048100.0000000000,1704810.0000000000,18752910.0000000000,120롤, , 
20200306,동방포장기자재,PP,PP12MPP12M／M12KG(청색),5197.0000000000,KG,1767.1607619048,0.0000000000,7899915.0000000000,319890.0000000000,8219805.0000000000,50롤 / 0.63T 수출용(무지패드), , 
20200307,FLEXIBLE,PP,"12 x 2,500M 0.60T Green w/Black Print12 x 2,500M 0.60T Green w/Black Print",14259.6000000000,KG,1.6894833333,23952.9300000000,28384223.0000000000,0.0000000000,28384223.0000000000,FLEXIBLE PACKAGING PTE LTD 검정 인쇄, ,KIC-0120
20200309,전주삼신산업,PP,PP15MPP15MM*10KG(황색),8390.0000000000,KG,1926.6362000000,0.0000000000,15679671.0000000000,686750.0000000000,16366421.0000000000,20롤(0.75T), , 
20200310,신광포장기계,PP,PP12MPP12M／M10KG(황),6216.0000000000,KG,1927.2727272727,0.0000000000,11804000.0000000000,1180400.0000000000,12984400.0000000000,50롤, , 
20200311,서울포장기계,PP,PP15MPP15MM*10KG(황색),9405.0000000000,KG,2176.5378235294,0.0000000000,18860790.0000000000,930475.0000000000,19791265.0000000000,50롤, , 
20200312,전주삼신산업,PE,PE28mm 2kgPE28M／M(백)2KG,29820.3200000000,KG,1127.4444875000,1635155.0600000000,65835654.0000000000,1410585.0000000000,67246239.0000000000,20박스,대신택배, 
20200313,파워엠팩,PP,PP9M/MPP9M/M*11KG(은회색),11893.0000000000,KG,1951.0072941176,0.0000000000,21034341.0000000000,336925.0000000000,21371266.0000000000,50롤(다오),대구, 
20200314,CYKLOP PACKAGING SYSTEMS PTY LTD.,PP,"15 x 2,300M 0.70T15 x 2,300M 0.70T 투명",18400.0000000000,KG,1.5400166667,27305.0000000000,32820610.0000000000,0.0000000000,32820610.0000000000,0123DSCL406, ,15392
20200316,한서포장,PP,PP12MPP12MM / 9.5KG(황),7907.0000000000,KG,8900.0635000000,0.0000000000,14044274.0000000000,463525.0000000000,14507799.0000000000,100롤,일산출고, 
20200317,(주)인스트아이앤씨,PE,PE28mm 2kgPE28M／M(백)2KG,12960.0000000000,KG,2310.0381000000,0.0000000000,23917048.0000000000,509900.0000000000,24426948.0000000000,2박스,kic박스, 
20200318,진송팩,상품,PE28mm 2kgPE28M／M(백)2KG,7999.0000000000,KG,2200.5142800000,0.0000000000,15223726.0000000000,717000.0000000000,15940726.0000000000,50박스,power박스, 
20200319,(주)삼신,상품,PE28mm 2kgPE28M／M(백)2KG,5100.2000000000,KG,2636.5664000000,0.0000000000,11415400.0000000000,766000.0000000000,12181400.0000000000,100박스,용두동 납품, 
20200320,주식회사 동원피앤아이,PE,PE 결속끈PE#50 (백) 5500m 5KG,24683.1400000000,KG,1892.6222400000,33780.0000000000,58083800.0000000000,1234275.0000000000,59318075.0000000000,"100박스/ 롤당 13,750원", , 
20200323,전주삼신산업,PE,PE28mm 2kgPE28M／M(백)2KG,7882.0000000000,KG,3060.0000000000,0.0000000000,18918250.0000000000,1891825.0000000000,20810075.0000000000,22박스,대신택배, 
20200324,광림파워팩,PE,PE28mm 2kgPE28M／M(백)2KG,4660.0000000000,KG,2545.4545454545,0.0000000000,11033000.0000000000,1103300.0000000000,12136300.0000000000,20박스(24kg), , 
20200325,삼원산업,PP,PP12MPP12M／M12KG(황),16951.2000000000,KG,3395.6456666667,13962.7200000000,33552126.0000000000,1601495.0000000000,35153621.0000000000,50롤, , 
20200326,(주)아이마켓코리아,PP,PP18MMx 21kg 삼성2300M두께0.80mm단중8.8g,10875.0000000000,KG,1754.1777833333,0.0000000000,19039976.0000000000,0.0000000000,19039976.0000000000,276롤,SAMEX-CTV,5292667085
20200327,경인팩,PP,PP6MMPP6M／M10KG(백),11314.0000000000,KG,2086.5468055556,0.0000000000,21822810.0000000000,1520020.0000000000,23342830.0000000000,90롤, , 
20200330,신우교역,PP,PP12MPP12M／M10KG(황),2060.0000000000,KG,2190.0000000000,0.0000000000,4373000.0000000000,437300.0000000000,4810300.0000000000,100롤(0.8T),대복식품 직납, 
20200331,한서포장,PP,PP12MPP12MM / 9.5KG(황),1910.0000000000,KG,2416.6666666667,0.0000000000,4302500.0000000000,430250.0000000000,4732750.0000000000,100롤,일산출고, 
2020/03  계,,,,264077.06,,79692.4115137841,3628640.47,537198366,20999575,558197941,,,
20200401,신광포장기계,PE,PE28mm 2kgPE28M／M(백)2KG,11103.0000000000,KG,2344.1176470588,0.0000000000,21425500.0000000000,2142550.0000000000,23568050.0000000000,1박스,3/25 로젠택배, 
20200402,신대한판지(주),상품,반자동밴딩기(파렛트밴딩기),3021.0000000000,대,221077.7777777778,0.0000000000,8850000.0000000000,885000.0000000000,9735000.0000000000,1300mm, , 
20200403,동양프린팅,PE,PE28mm 2kgPE28M／M(백)2KG,8426.0000000000,KG,2016.7725000000,0.0000000000,14926708.0000000000,492962.0000000000,15419670.0000000000,1 BOX,로젠착불, 
20200404,보우팩,PE,PE28mm 2kgPE28M／M(백)2KG,480.0000000000,KG,2600.0000000000,0.0000000000,1248000.0000000000,124800.0000000000,1372800.0000000000,20 박스(12롤/24Kg), , 
20200406,신대한판지(주),PP,PP Band(자동)8mm x 0.6T x 3800m (백색) 10Kg/roll,26118.8000000000,KG,3558.5389246154,27290.0400000000,51460891.0000000000,1789960.0000000000,53250851.0000000000,"384롤@16,400원/롤", , 
20200407,(주)대유위니아,PP,PP18MMx 15kg 위니아(0.95T)18MMx 15kg,18011.0000000000,KG,2070.2642628571,25278.0000000000,39916686.0000000000,873880.0000000000,40790566.0000000000,64롤(천안납), , 
20200408,동방포장기자재,PP,PP12MPP12M／M10KG(황),18957.0000000000,KG,1786.6541900000,0.0000000000,17494364.0000000000,948200.0000000000,18442564.0000000000,150롤(0.68T/농협), , 
20200409,보우팩,PE,PE28mm 2kgPE28M／M(백)2KG,11560.0000000000,KG,2233.5714285714,0.0000000000,25209750.0000000000,2520975.0000000000,27730725.0000000000,60 박스, , 
20200410,한서포장,PP,PP12MPP12MM / 9.5KG(황),1535.0000000000,KG,2583.3333333333,0.0000000000,3780250.0000000000,378025.0000000000,4158275.0000000000,50롤,서울출고, 
20200411,POWERPAK,PP,PP 12MM12MMx1000Mx0.50MM Grey,20222.0000000000,KG,1.6380930000,34370.1000000000,41807790.0000000000,0.0000000000,41807790.0000000000,4500, ,45777
20200413,신광포장기계,PP,PP15MPP15MM*10KG(황색),3720.0000000000,KG,1900.0000000000,0.0000000000,7144000.0000000000,714400.0000000000,7858400.0000000000,50롤, , 
20200414,보우팩,PE,PE28mm 2kgPE28M／M(청)2KG,3520.0000000000,KG,2350.0000000000,0.0000000000,7789000.0000000000,778900.0000000000,8567900.0000000000,17박스, , 
20200416,신대한판지(주),PP,PP12MPP12M／M12.5KG (황),12125.4000000000,KG,1287.1629722222,1486998.0000000000,29308659.0000000000,1248075.0000000000,30556734.0000000000,50롤(0.8T), , 
20200417,주식회사 대진화학,PP,PP7MPP7M10KG백색,2100.0000000000,KG,2266.6666666667,0.0000000000,4170000.0000000000,417000.0000000000,4587000.0000000000,80롤(40롤씩2파), , 
20200420,신광포장기계,PP,PP12MPP12M／M10KG(황),13590.0000000000,KG,1258.9739687500,0.0000000000,15884327.0000000000,424600.0000000000,16308927.0000000000,50롤, , 
20200421,제이케이머티리얼즈(주)／순성공장,PP,PP18MPP18M／M10KG(황),3630.0000000000,KG,2183.3333333333,0.0000000000,7358500.0000000000,735850.0000000000,8094350.0000000000,100롤,"원료1,050+500", 
20200422,경인팩,PE,PE28mm 2kgPE28M／M(백)2KG,14858.0000000000,KG,2322.2222222222,0.0000000000,31097000.0000000000,3109700.0000000000,34206700.0000000000,80박스, , 
20200423,대영포장(주)대구지점,PP,PP7MPP7M10KG백색,3600.0000000000,KG,2225.0000000000,0.0000000000,6700000.0000000000,670000.0000000000,7370000.0000000000,200롤, , 
20200424,(주)한국유니콤,PP,PP15MPP15MM*10KG(황색),500.0000000000,KG,2000.0000000000,0.0000000000,1000000.0000000000,100000.0000000000,1100000.0000000000,50롤,0.75T, 
20200425,CYKLOP PACKAGING SYSTEMS PTY LTD.,PP,PP 12MM12MMx1000Mx0.55MM Blue,18478.8000000000,KG,1.5613060000,29039.5800000000,35776762.0000000000,0.0000000000,35776762.0000000000,0122DP12, ,15454
20200427,제이케이머티리얼즈(주)／순성공장,상품,ITA20용 배터리14.8V 2AH Li-Po,18682.0000000000,ea,11770.9544791667,0.0000000000,19589314.0000000000,147200.0000000000,19736514.0000000000, , , 
20200428,주식회사 광림파워팩,PP,PP6MMPP6M／M10KG(백),7250.0000000000,KG,1995.4545454545,0.0000000000,13497500.0000000000,1349750.0000000000,14847250.0000000000,100롤, , 
20200429,서울포장기계,PP,PP12MPP12M／M10KG(백),2706.0000000000,KG,2270.0000000000,0.0000000000,5947100.0000000000,594710.0000000000,6541810.0000000000,100롤, , 
2020/04  계,,,,224194,,274103.9976510294,1602975.72,411382101,20446537,431828638,,,
20200501,TIGERPAK PACKAGING,PP,"12 x 3,000M 0.52T12 x 3,000M 0.52T 청색",19867.5000000000,KG,1.6198462500,32774.5000000000,40155318.0000000000,0.0000000000,40155318.0000000000,4502 라벨부착), ,34721
20200504,신광포장기계(부산),PE,PE28mm 2kgPE28M／M(백)2KG,325.0000000000,KG,3500.0000000000,0.0000000000,905000.0000000000,90500.0000000000,995500.0000000000,5박스(24Kg), , 
20200506,합동포장기계,PP,PP12MPP12M／M12.5KG (황),7938.0000000000,KG,2269.2307692308,0.0000000000,16336000.0000000000,1633600.0000000000,17969600.0000000000,200롤, , 
20200507,삼원산업,PP,PP12MPP12M／M12KG(황),25428.6000000000,KG,1821.2646758621,19783.8800000000,57294120.0000000000,2573250.0000000000,59867370.0000000000,100롤, , 
20200508,신대한판지(주),PP,PP Band(자동)8mm x 0.6T x 3800m (백색) 10Kg/roll,8244.0000000000,KG,8315.5767222222,0.0000000000,14538262.0000000000,1075260.0000000000,15613522.0000000000,"384롤@16,400원/롤", , 
20200511,대영포장(주)발안공장,PP,PP7MPP7M10KG백색,3075.0000000000,KG,2033.3333333333,0.0000000000,5751250.0000000000,575125.0000000000,6326375.0000000000,"200롤(@\\16,500)", , 
20200512,주식회사 대진화학,PP,PP7MPP7M10KG백색,7506.0000000000,KG,4992.8571428571,0.0000000000,13810000.0000000000,1381000.0000000000,15191000.0000000000,80롤(40롤씩2파), , 
20200513,신대한판지(주),PP,PP9MMPP9M／M9.5KG(백색),1808.0000000000,kg,4550.0000000000,0.0000000000,5429100.0000000000,542910.0000000000,5972010.0000000000,"50롤( @17,000/롤)", , 
20200514,동서포장종합상사,PE,PE28mm 2kgPE28M／M(백)2KG,26857.6000000000,KG,1456.9628670141,28937.4200000000,59425688.0000000000,574650.0000000000,60000338.0000000000,6박스,kic박스(로젠택배착불), 
20200515,주식회사 동원피앤아이,PE,PE 결속끈PE#50 (백) 5500m 5KG,14169.8000000000,KG,5827.9252592445,16142.5800000000,30855223.0000000000,1103375.0000000000,31958598.0000000000,"100박스/ 롤당 13,750원", , 
20200517,KOMERI,PP,15 x 100M 0.55T15x100M0.55T녹색,6088.6800000000,KG,305.8435548821,1634730.0000000000,18713408.0000000000,0.0000000000,18713408.0000000000,4920501073166, ,PUS200220901
20200518,신생테크놀러지(주),PP,PP12MPP12MM / 9.5KG(황),3268.5000000000,KG,7572.7272727273,0.0000000000,8715750.0000000000,871575.0000000000,9587325.0000000000,3롤,직접방문, 
20200519,주식회사 에이스팩,상품,스트레치필름(일반 기계)25*500*1400,8891.0000000000,롤,10340.5523809524,0.0000000000,16792034.0000000000,131400.0000000000,16923434.0000000000,30박스,코미팜 직납, 
20200520,동원팩,PE,"PE28mm, 6KGPE28M／M(백)6KG",8055.0000000000,KG,2322.2222222222,0.0000000000,17593500.0000000000,1759350.0000000000,19352850.0000000000,30박스, , 
20200521,신광포장기계,PP,PP15MPP15M／M10KG(적),7957.0000000000,KG,1818.4353741497,0.0000000000,12173120.0000000000,188200.0000000000,12361320.0000000000,10롤, , 
20200522,제이케이머티리얼즈(주)／순성공장,PP,PP18MPP18M／M10KG(황),2245.0000000000,KG,1934.0000000000,0.0000000000,4049000.0000000000,404900.0000000000,4453900.0000000000,100롤,원료970+500, 
20200525,보우팩,PP,PP6MMPP6M／M10KG(백),5621.0000000000,KG,6942.3076923077,0.0000000000,10956000.0000000000,1095600.0000000000,12051600.0000000000,200롤, , 
20200526,경인팩,PE,"PE50mm, 6KGPE50M／M(백)6KG",5600.0000000000,KG,1875.0000000000,0.0000000000,11600000.0000000000,1160000.0000000000,12760000.0000000000,100박스,경성포장 출고, 
20200527,서울포장기계,PP,PP12MPP12M／M10KG(백),15573.6000000000,KG,1755.3385180624,15300.3600000000,32699576.0000000000,1377150.0000000000,34076726.0000000000,100롤, , 
20200528,서울포장기계,PP,PP12MPP12M／M10KG(황),29288.4500000000,KG,904.9801962836,27530.2500000000,52347923.0000000000,360178.0000000000,52708101.0000000000,25롤, , 
20200529,대상산업,PE,PE28mm 2kgPE28M／M(백)2KG,8349.0000000000,KG,1896.1895238095,0.0000000000,13045807.0000000000,251480.0000000000,13297287.0000000000,10박스(24Kg), , 
2020/05  계,,,,216156.73,,72436.367351411,1775198.99,443186079,17149503,460335582,,,
20200601,대영포장(주)대구지점,PP,PP7MPP7M10KG백색,5432.0000000000,KG,2183.7500000000,0.0000000000,10204240.0000000000,1020424.0000000000,11224664.0000000000,200롤,실납5/26, 
20200602,경인팩,PE,PE28mm 2kgPE28M／M(백)2KG,7727.0000000000,KG,2062.3203463203,0.0000000000,15040480.0000000000,1103800.0000000000,16144280.0000000000,80박스, , 
20200603,주식회사 대원포장기계,PE,PE28mm 2kgPE28M／M(백)2KG,7410.0700000000,KG,477.3498964803,0.0000000000,11516700.0000000000,322750.0000000000,11839450.0000000000,10박스(대구-대신화물착불),power, 
20200604,대영포장(주)발안공장,PP,PP7MPP7M10KG백색,3728.0000000000,KG,1980.0000000000,0.0000000000,6724000.0000000000,672400.0000000000,7396400.0000000000,"250롤(@\\16,500)", , 
20200605,합동포장기계,PP,PP12MPP12M／M12.5KG (황),4819.0000000000,KG,2487.5000000000,0.0000000000,10146000.0000000000,1014600.0000000000,11160600.0000000000,200롤, , 
20200607,RLBUTTON,PP,"12 x 3,000M 0.60T Clear w/Talleys Red printed12 x 3,000M 0.60T Clear w/Talleys Red printed",8169.8000000000,KG,4.2251961867,12927.8400000000,15738352.0000000000,0.0000000000,15738352.0000000000,B100360, ,494788(CH)
20200608,보우팩,PP,PP12MPP12M／M12.5KG (황),5516.0000000000,KG,2097.5047619048,0.0000000000,11488840.0000000000,950800.0000000000,12439640.0000000000,100롤, , 
20200609,진송팩,PE,PE28mm 2kgPE28M／M(백)2KG,12582.0000000000,KG,2041.8571428571,0.0000000000,21485760.0000000000,766000.0000000000,22251760.0000000000,40박스,power박스, 
20200610,삼원산업,PP,PP12MPP12M／M12KG(황),14360.0000000000,KG,1915.6250000000,0.0000000000,27908600.0000000000,2790860.0000000000,30699460.0000000000,150롤, , 
20200611,주식회사 대원포장기계,PE,PE28mm 2kgPE28M／M(백)2KG,11093.0000000000,KG,9085.8095238095,0.0000000000,17797040.0000000000,628600.0000000000,18425640.0000000000,12박스(대구-대신화물착불),power, 
20200612,신광포장기계,PP,PP12MPP12M／M10KG(백),11700.0000000000,KG,1624.1088435374,0.0000000000,17914908.0000000000,204500.0000000000,18119408.0000000000,60롤, , 
20200614,CYKLOP PACKAGING SYSTEMS PTY LTD.,PP,"12 x 3,000M 0.65T12x3,000M0.65T CLEAR",18242.0000000000,KG,1.5423533471,27232.8000000000,32483284.0000000000,0.0000000000,32483284.0000000000,0123P12DSC, ,15525
20200615,(주)삼화인쇄,PP,PP12MPP12M／M10KG(백),5523.5000000000,KG,6993.8461538462,0.0000000000,11045750.0000000000,1104575.0000000000,12150325.0000000000,50롤(쇼핑백1층), , 
20200616,경인팩,PP,PP6MMPP6M／M10KG(백),18692.6000000000,KG,790.6654262695,11458.8000000000,31909475.0000000000,92500.0000000000,32001975.0000000000,50롤, , 
20200617,주식회사 대진화학,PP,PP7MPP7M10KG백색,9031.0000000000,KG,2003.1309523810,0.0000000000,17040980.0000000000,994450.0000000000,18035430.0000000000,80롤(40롤씩2파), , 
20200618,금산포장,PE,PE28mm 2kgPE28M／M(백)2KG,15677.0000000000,KG,5500.4260651629,0.0000000000,26453740.0000000000,931230.0000000000,27384970.0000000000,30박스,power, 
20200619,보우팩,PP,PP6MMPP6M／M10KG(백),12420.0000000000,KG,1535.1322751323,0.0000000000,19115600.0000000000,285000.0000000000,19400600.0000000000,150롤, , 
20200622,제이케이머티리얼즈(주)／순성공장,PP,PP18MPP18M／M10KG(황),3195.0000000000,KG,1942.5000000000,0.0000000000,6025500.0000000000,602550.0000000000,6628050.0000000000,100롤,원료970+500, 
20200623,(주)낙원포장,PP,PP10.5MPP10.5M10KG투명,8124.0000000000,KG,2250.0000000000,0.0000000000,18396000.0000000000,1839600.0000000000,20235600.0000000000,100롤, , 
20200624,동원팩,PE,PE28mm 2kgPE28M／M(백)2KG,10141.0000000000,KG,1642.6825396825,0.0000000000,16169440.0000000000,482840.0000000000,16652280.0000000000,30박스, , 
20200625,광림파워팩,PP,PP9MMPP9M／M10KG(황),12036.0000000000,KG,2067.6470588235,0.0000000000,23718600.0000000000,2371860.0000000000,26090460.0000000000,128롤(0.75), , 
20200626,동서포장종합상사,PE,PE28mm 2kgPE28M／M(백)2KG,15729.0000000000,KG,2001.0052910053,0.0000000000,24979220.0000000000,780650.0000000000,25759870.0000000000,4박스,kic박스(로젠택배착불), 
20200629,경인팩,PE,PE28mm 2kgPE28M／M(백)2KG,11143.0000000000,KG,2414.0476190476,0.0000000000,20921160.0000000000,1319500.0000000000,22240660.0000000000,100박스,대구한국포장, 
20200630,(주)아이마켓코리아,PP,PP18MMx 21kg 삼성2300M두께0.80mm단중8.8g,27527.2000000000,KG,1516.4495609130,30791.7000000000,49838512.0000000000,217800.0000000000,50056312.0000000000,16롤,SEEG,5299418719
2020/06  계,,,,260018.17,,56619.126006707,82411.14,464062181,20497289,484559470,,,
20200701,동원팩,PP,PP6MMPP6M／M10KG(백),9495.0000000000,KG,5920.5882352941,0.0000000000,20271100.0000000000,2027110.0000000000,22298210.0000000000,30롤,6/26 출고, 
20200702,광림파워팩,PP,PP9MMPP9M／M9.5KG(황색),22996.6400000000,KG,1031.2844637779,25269.4000000000,42583710.0000000000,1222000.0000000000,43805710.0000000000,128롤(0.65T), , 
20200703,신광포장기계,PP,PP15MPP15M／M10KG(투명),6963.0000000000,KG,1559.3619047619,0.0000000000,10628680.0000000000,253600.0000000000,10882280.0000000000,23롤(0.8T), , 
20200706,대영포장(주)발안공장,PP,PP7MPP7M10KG백색,9199.0000000000,KG,9309.9470899471,0.0000000000,15085680.0000000000,707800.0000000000,15793480.0000000000,"250롤(@\\16,500)", , 
20200707,서울포장기계,PP,PP12MPP12M／M10KG(백),25356.5600000000,KG,1573.7330533986,34179.0400000000,57225025.0000000000,1631955.0000000000,58856980.0000000000,50롤, , 
20200708,삼보팩,상품,자동밴딩기(1250*600 / 자동-220V3ph),14818.0000000000,대,201670.8095238095,0.0000000000,26588760.0000000000,1041700.0000000000,27630460.0000000000, , , 
20200709,주식회사 엠피아이,PE,PE28mm 2kgPE28M／M(백)2KG,2030.0000000000,KG,2664.2857142857,0.0000000000,4555000.0000000000,455500.0000000000,5010500.0000000000,2박스 로젠착불,kic박스, 
20200710,파워엠팩,PP,PP12MPP12M／M10KG(녹),12033.0000000000,KG,1822.7344047619,0.0000000000,15245340.0000000000,181244.0000000000,15426584.0000000000,102롤(우드뱅크), , 
20200713,제일지대,PE,PE28mm 2kgPE28M／M(백)2KG,10707.0000000000,KG,1883.7142857143,0.0000000000,15993960.0000000000,13500.0000000000,16007460.0000000000,1박스(20kg),kic박스 로젠착불, 
20200714,신광포장기계,PP,PP15MPP15MM*10KG(황색),13011.0000000000,KG,1923.1216931217,0.0000000000,20742080.0000000000,475800.0000000000,21217880.0000000000,100롤, , 
20200715,동원팩,PE,"PE28mm, 6KGPE28M／M(백)6KG",17411.3000000000,KG,1161.2130449033,12480.7600000000,31407229.0000000000,452660.0000000000,31859889.0000000000,30박스, , 
20200716,서울포장기계,PP,PP12MPP12M／M10KG(백),9364.0000000000,KG,2566.6666666667,0.0000000000,19495000.0000000000,1949500.0000000000,21444500.0000000000,100롤, , 
20200717,신대한판지(주),PP,PP Band(자동)8mm x 0.6T x 3800m (백색) 10Kg/roll,5700.0000000000,KG,1691.6666666667,0.0000000000,9358000.0000000000,935800.0000000000,10293800.0000000000,"320롤@16,400원/롤", , 
20200719,KOMERI,PP,15 x 100M 0.55T15x100M0.55T자색,6135.9600000000,KG,299.8666927085,1563966.0000000000,17546447.0000000000,0.0000000000,17546447.0000000000,4920501073173, ,PUS200421902
20200720,삼보팩,PP,PP12MPP12M／M10KG(황),13291.0000000000,KG,8371.8571428571,0.0000000000,22229760.0000000000,684000.0000000000,22913760.0000000000,80롤,0.8T, 
20200721,신광포장기계,PP,PP15MPP15MM*10KG(황색),18732.0000000000,KG,1931.5873015873,0.0000000000,32323360.0000000000,1630800.0000000000,33954160.0000000000,32롤, , 
20200722,해성수출포장,PE,PE28mm 2kgPE28M／M(백)2KG,8645.0000000000,KG,1981.2244897959,0.0000000000,13415000.0000000000,168500.0000000000,13583500.0000000000,10박스,power, 
20200723,한서포장,PP,PP12MPP12MM / 9.5KG(황),3850.0000000000,KG,2250.0000000000,0.0000000000,7115000.0000000000,711500.0000000000,7826500.0000000000,50롤, , 
20200724,파코팩(PACO PACK),PP,PP7MPP7M10KG백색,13983.4000000000,KG,946.4099260807,13372.5600000000,23093113.0000000000,117100.0000000000,23210213.0000000000, ,상계처리, 
20200727,동원팩,PE,"PE28mm, 6KGPE28M／M(백)6KG",6802.0000000000,KG,1974.2857142857,0.0000000000,11563160.0000000000,461900.0000000000,12025060.0000000000,25박스, , 
20200728,대상산업,PE,PE28mm 2kgPE28M／M(백)2KG,5360.0000000000,KG,2122.5000000000,0.0000000000,9296000.0000000000,929600.0000000000,10225600.0000000000,30박스(24Kg), , 
20200729,파워엠팩,PP,PP10.5MPP10.5M10KG투명,12372.0000000000,KG,1833.7142857143,0.0000000000,18980960.0000000000,234000.0000000000,19214960.0000000000,100롤,K2, 
20200730,경인팩,PE,"PE28mm, 6KGPE28M／M(백)6KG",17316.0000000000,KG,1318.7869815064,14187.6000000000,35109019.0000000000,1815200.0000000000,36924219.0000000000,56박스, , 
20200731,해부름,PP,PP12MPP12M／M10KG(황),9202.0000000000,KG,1765.0095238095,0.0000000000,14084640.0000000000,111500.0000000000,14196140.0000000000,20롤,B급, 
2020/07  계,,,,274773.86,,259574.3688054548,1663455.36,493936023,18212269,512148292,,,
20200801,합동포장기계,PP,PP12MPP12M／M12.5KG (황),2450.0000000000,KG,1675.0000000000,0.0000000000,4090000.0000000000,409000.0000000000,4499000.0000000000,120롤, , 
20200805,동원팩,PE,PE28mm 2kgPE28M／M(백)2KG,18677.0000000000,KG,6548.7675070028,0.0000000000,30855360.0000000000,1452720.0000000000,32308080.0000000000,31박스, , 
20200806,보우팩,PE,"PE28mm, 6KGPE28M／M(백)6KG",5439.0000000000,KG,1957.2619047619,0.0000000000,10509920.0000000000,616200.0000000000,11126120.0000000000,20박스, , 
20200807,대상산업,PP,PP12MPP12M／M12.5KG (황),11076.5000000000,KG,1549.5661375661,0.0000000000,16634885.0000000000,88812.0000000000,16723697.0000000000,15롤, , 
20200808,유일화학,상품,CALPETCALPET,1500.0000000000,kg,440.0000000000,0.0000000000,660000.0000000000,66000.0000000000,726000.0000000000, , , 
20200810,이엠에스테크,PP,PP7MPP7M10KG백색,19016.0000000000,KG,2026.1309523810,0.0000000000,34255360.0000000000,1824000.0000000000,36079360.0000000000,100롤, , 
20200811,합동포장기계,PE,PE28mm 2kgPE28M／M(백)2KG,8053.0000000000,KG,1805.8095238095,0.0000000000,13057490.0000000000,498725.0000000000,13556215.0000000000,16박스, , 
20200812,파워엠팩,PP,PP10.5MPP10.5M10KG투명,14318.0000000000,KG,1929.8412698413,0.0000000000,22975840.0000000000,646000.0000000000,23621840.0000000000,100롤,K2, 
20200813,서울포장기계,PP,PP12MPP12M／M10KG(백),14188.0000000000,KG,2028.6309523810,0.0000000000,21786280.0000000000,533300.0000000000,22319580.0000000000,100롤, , 
20200814,동원팩,PP,PP6MMPP6M／M10KG(백),5008.0000000000,KG,2066.6666666667,0.0000000000,10084000.0000000000,1008400.0000000000,11092400.0000000000,20롤, , 
20200815,KOMERI,PP,15 x 100M 0.55T15x100M0.55T자색,5939.4000000000,KG,306.0696430339,1614450.0000000000,17863566.0000000000,0.0000000000,17863566.0000000000,4920501073173, ,PUS200514902
20200817,신광포장기계,PP,PP12MPP12M／M10KG(황),321.0000000000,KG,23325.0000000000,0.0000000000,573000.0000000000,57300.0000000000,630300.0000000000,32롤, , 
20200818,해부름,PP,PP12MPP12M／M10KG(황),17775.0000000000,KG,1879.7047619048,0.0000000000,12976720.0000000000,612640.0000000000,13589360.0000000000,50롤(0.68T), , 
20200819,제일산업(주)안성공장,PE,PE 결속끈PE#50 (백) 5500m 5KG,9401.0000000000,KG,8083.3333333333,0.0000000000,19394000.0000000000,1939400.0000000000,21333400.0000000000,"75박스300롤(14,500원/롤)", , 
20200820,합동포장기계,PP,PP12MPP12M／M10KG(황),14268.0000000000,KG,4085.7792207792,0.0000000000,27325900.0000000000,2091350.0000000000,29417250.0000000000,20롤(0.8T), , 
20200821,한서포장,PP,PP12MPP12MM / 9.5KG(황),36594.4000000000,KG,314.9531801089,39809.5000000000,62510369.0000000000,161500.0000000000,62671869.0000000000,100롤,일산출고, 
20200824,신한포장기계(주),PE,PE28mm 2kgPE28M／M(백)2KG,20698.8000000000,KG,10536.9642131730,0.0000000000,38312180.0000000000,915650.0000000000,39227830.0000000000,50박스,kic박스, 
20200825,삼보팩,PP,PP12MPP12M／M10KG(황),20023.5000000000,KG,1573.1719774213,15604.9500000000,39299331.0000000000,1610000.0000000000,40909331.0000000000,100롤,0.8T, 
20200826,진송팩,PE,PE28mm 2kgPE28M／M(백)2KG,8060.0000000000,KG,4215.2698412698,0.0000000000,15068920.0000000000,1072100.0000000000,16141020.0000000000,50박스, , 
20200827,제이케이머티리얼즈(주)／순성공장,PP,PP18MPP18M／M10KG(황),11599.0000000000,KG,1834.8465608466,0.0000000000,17578960.0000000000,241700.0000000000,17820660.0000000000,120롤,원료970+500, 
20200828,한서포장,PP,PP12MPP12MM / 9.5KG(황),8586.0000000000,KG,6273.0000000000,0.0000000000,13954860.0000000000,511350.0000000000,14466210.0000000000,50롤,사무실, 
20200831,광림파워팩,PP,PP15MPP15MM*10KG(황색),6677.0000000000,KG,2366.6666666667,0.0000000000,13926500.0000000000,1392650.0000000000,15319150.0000000000,64롤, , 
2020/08  계,,,,259668.6,,86822.4343129478,1669864.45,443693441,17748797,461442238,,,
20200901,서울포장기계,PP,PP12MPP12M／M10KG(백),49736.0000000000,KG,2919.7210884354,0.0000000000,26342420.0000000000,1480010.0000000000,27822430.0000000000,150롤, , 
20200902,신광포장기계,PP,PP15MPP15MM*10KG(황색),12152.0000000000,KG,2092.8571428571,0.0000000000,25267300.0000000000,2526730.0000000000,27794030.0000000000,100롤 0.65T, , 
20200903,경인팩,PE,PE28mm 2kgPE28M／M(백)2KG,15220.5000000000,KG,2036.5532879819,0.0000000000,31012645.0000000000,2635192.0000000000,33647837.0000000000,105박스,대구한국포장, 
20200904,금산포장,PP,PP19MPP19M／M*0.55T 1000M Blue,14839.3000000000,KG,1211.5112080034,11681.7000000000,26465769.0000000000,362760.0000000000,26828529.0000000000,36박스,RLB규격(350박스), 
20200907,전주삼신산업,PE,PE28mm 2kgPE28M／M(백)2KG,11325.0000000000,KG,1786.8707482993,0.0000000000,17690500.0000000000,283250.0000000000,17973750.0000000000,15박스,power, 
20200908,한서포장,PP,PP12MPP12MM / 9.5KG(황),14710.0000000000,KG,2014.8214285714,0.0000000000,24675600.0000000000,841000.0000000000,25516600.0000000000,100롤,일산출고, 
20200909,금산포장,PP,PP12MPP12M／M10KG(투명),1300.0000000000,KG,2216.6666666667,0.0000000000,3035000.0000000000,303500.0000000000,3338500.0000000000,50롤, , 
20200910,경인팩,PE,PE28mm 2kgPE28M／M(백)2KG,8074.0000000000,KG,1983.3396825397,0.0000000000,15399200.0000000000,1054400.0000000000,16453600.0000000000,56박스, , 
20200911,신대한판지(주),PP,PP12MPP12M／M12.5KG (황),4861.0000000000,KG,1819.8412698413,0.0000000000,8927480.0000000000,764500.0000000000,9691980.0000000000,50롤(0.8T), , 
20200914,신광포장기계,PP,PP12MPP12M／M10KG(황),40074.0000000000,KG,547.1803018184,43851.2000000000,71217941.0000000000,340700.0000000000,71558641.0000000000,25롤(0.8T), , 
20200915,신광포장기계,PP,PP15MPP15M／M10KG(백색),7699.0000000000,KG,2250.0000000000,0.0000000000,16668500.0000000000,1666850.0000000000,18335350.0000000000,50롤(0.65T), , 
20200916,광림파워팩,PP,PP15MPP15M／M13KG(황),27088.0000000000,KG,1188.2057875256,33296.9000000000,50734990.0000000000,1142800.0000000000,51877790.0000000000,40롤, , 
20200917,동원팩,PP,PP6MMPP6M／M10KG(백),14338.0000000000,KG,2133.2010582011,0.0000000000,22998260.0000000000,964170.0000000000,23962430.0000000000,100롤, , 
20200918,동원팩,PP,PP6MMPP6M／M10KG(백),13672.0000000000,KG,5016.8231292517,0.0000000000,22294260.0000000000,899550.0000000000,23193810.0000000000,50롤, , 
20200919,경인팩,PP,PP6MMPP6M／M10KG(백),561.0000000000,KG,38425.0000000000,0.0000000000,1111000.0000000000,111100.0000000000,1222100.0000000000,56롤,택배선불, 
20200921,(주)삼화인쇄,PP,PP10.5MPP10.5M10KG투명,13006.0000000000,KG,1831.2244897959,0.0000000000,20452080.0000000000,525000.0000000000,20977080.0000000000,100롤(평판지하B판), , 
20200922,주식회사 쪽빛누리,PE,PE28mm 2kgPE28M／M(백)2KG,7492.0000000000,KG,2158.2730158730,0.0000000000,12755140.0000000000,616390.0000000000,13371530.0000000000,1박스,택배착불, 
20200923,동방포장기자재,PP,PP12MPP12M／M10KG(황),2900.0000000000,KG,1980.0000000000,0.0000000000,5145000.0000000000,514500.0000000000,5659500.0000000000,100롤 0.65, , 
20200924,경인팩,PE,PE28mm 2kgPE28M／M(백)2KG,14363.0000000000,KG,6226.9735449735,0.0000000000,30606400.0000000000,2613200.0000000000,33219600.0000000000,105박스,대구한국포장, 
20200925,(주)아이마켓코리아,PP,PP18MMx 21kg 삼성2300M두께0.80mm단중8.8g,20644.4000000000,KG,1294.2668020392,14104.9200000000,36856227.0000000000,821260.0000000000,37677487.0000000000,235롤,Samex-ctv,5306111877
20200928,그린포장,PE,PE28mm 2kgPE28M／M(백)2KG,3608.0000000000,KG,2414.2857142857,0.0000000000,8142000.0000000000,814200.0000000000,8956200.0000000000,20박스,power, 
2020/09  계,,,,297663.2,,83547.6163669603,102934.72,477797712,21281062,499078774,,,
20201001,대영포장(주)발안공장,PE,PE 결속끈PE#50 (백) 5500m 5KG,7825.0000000000,KG,1955.0000000000,0.0000000000,14345000.0000000000,1434500.0000000000,15779500.0000000000,"37박스(롤당 14500원, 박스당 4롤포장)", , 
20201003,NORTH SHORE,PP,PP 12MM12MM 2743M 0.56MM Black (8x8),12330.2000000000,KG,744.3403585717,26514.6400000000,31114930.0000000000,0.0000000000,31114930.0000000000,LD50908, ,VK07320_1
20201005,신한포장기계(주),PE,PE28mm 2kgPE28M／M(백)2KG,2060.0000000000,KG,2533.3333333333,0.0000000000,4498000.0000000000,449800.0000000000,4947800.0000000000,50박스,kic박스, 
20201006,(주)아이마켓코리아,PP,PP18MMx 21kg 삼성2300M두께0.80mm단중8.8g,11057.0000000000,KG,1944.7619047619,0.0000000000,17254260.0000000000,264650.0000000000,17518910.0000000000,14롤,seda(m)-das생활가전,5306114787
20201007,보우팩,PP,PP9MMPP9M／M10KG(투명),19722.0000000000,KG,1900.4761904762,0.0000000000,35625240.0000000000,2286300.0000000000,37911540.0000000000,100롤, , 
20201008,(주)아이마켓코리아,PP,"삼성 코드: 6922-00001(황색) PP18MMx 2300M 포장중량 21Kg, 1롤/1pcs 포장,",35742.9200000000,KG,1636.2919704857,53120.3000000000,82953751.0000000000,931500.0000000000,83885251.0000000000,100롤,SAMEX-CTV,5306692347
20201011,WESFARMERS INDUSTRIAL AND SAFE,PP,PP 12MM12MMx1000Mx0.55MM Blue,5082.0000000000,KG,1.7233004202,8800.6800000000,10230790.0000000000,0.0000000000,10230790.0000000000,01020452, ,CD075085ID
20201012,(주)삼화인쇄,PP,PP10.5MPP10.5M10KG투명,3521.0000000000,KG,9172.2222222222,0.0000000000,7405000.0000000000,740500.0000000000,8145500.0000000000,50롤(제책4층), , 
20201013,동원팩,PE,PE28mm 2kgPE28M／M(황)2KG,28415.4000000000,KG,1576.6802894343,27117.4800000000,52658273.0000000000,1419975.0000000000,54078248.0000000000,10박스, , 
20201014,보우팩,PP,PP6MMPP6M／M10KG(백),9774.0000000000,KG,6831.2500000000,0.0000000000,21737000.0000000000,2173700.0000000000,23910700.0000000000,200롤, , 
20201015,(주)아이마켓코리아,PP,PP18MMx 21kg 삼성2300M두께0.80mm단중8.8g,5702.0000000000,KG,2028.7399267399,0.0000000000,10888600.0000000000,626800.0000000000,11515400.0000000000,39롤,SEEG,5307906704
20201016,(주)아이마켓코리아,PP,PP18MMx 15kg 삼성1650M두께0.80mm단중8.56g,5630.0000000000,KG,2224.3333333333,0.0000000000,9994080.0000000000,591000.0000000000,10585080.0000000000,182롤,SESK(VD),5308405818
20201019,동원팩,PP,PP6MMPP6M／M10KG(백),6445.0000000000,KG,1926.1538461538,0.0000000000,11439400.0000000000,1143940.0000000000,12583340.0000000000,50롤, , 
20201020,(주)아이마켓코리아,PP,"삼성 코드: 6922-00001(황색) PP18MMx 2300M 포장중량 21Kg, 1롤/1pcs 포장,",20736.0000000000,KG,5351.0317460317,0.0000000000,38084890.0000000000,3142225.0000000000,41227115.0000000000,200롤,SAMEX-CTV,5307584195
20201021,주식회사 에이펙스,PP,PP12MPP12M／M10KG(황),18973.9600000000,KG,1204.7148587492,7776.4200000000,31459545.0000000000,658140.0000000000,32117685.0000000000,128롤(0.85T),운송비 포함, 
20201022,(주)아이마켓코리아,PP,PP18MMx 21kg 삼성2300M두께0.80mm단중8.8g,10145.0000000000,KG,1532.9365079365,0.0000000000,15374300.0000000000,176750.0000000000,15551050.0000000000,126롤,SAMEX-CTV,5307593870
20201023,한서포장,PP,PP12MPP12MM / 9.5KG(황),1435.0000000000,KG,3133.3333333333,0.0000000000,3415500.0000000000,341550.0000000000,3757050.0000000000,50롤,서울출고, 
20201026,경인팩,PE,"PE28mm, 6KGPE28M／M(백)6KG",9296.0000000000,KG,2443.7500000000,0.0000000000,22628000.0000000000,2262800.0000000000,24890800.0000000000,56박스, , 
20201027,금산포장,PE,PE28mm 2kgPE28M／M(백)2KG,4740.0000000000,KG,2295.0000000000,0.0000000000,10679000.0000000000,1067900.0000000000,11746900.0000000000,30박스,power, 
20201028,광림파워팩,PP,PP18MPP18M／M10KG(황),5017.0000000000,KG,1825.0000000000,0.0000000000,9217000.0000000000,921700.0000000000,10138700.0000000000,50롤(0.95-1T), , 
20201029,파워엠팩,PP,PP10.5MPP10.5M10KG(청),2000.0000000000,KG,2066.6666666667,0.0000000000,4375000.0000000000,437500.0000000000,4812500.0000000000,50롤(동아출판), , 
20201030,(주)아이마켓코리아,PP,PP18MMx 21kg 삼성2300M두께0.80mm단중8.8g,2380.0000000000,KG,1120.4844047619,0.0000000000,2062530.0000000000,0.0000000000,2062530.0000000000,15롤,SEEG,5309003518
2020/10  계,,,,228029.48,,55448.2241934118,123329.52,447440089,21071230,468511319,,,
20201101,KOMERI,PP,15 x 100M 0.55T15x100M0.55T녹색,5769.7800000000,KG,317.9668598586,1766853.0000000000,19140320.0000000000,0.0000000000,19140320.0000000000,4920501073166, ,PUS200728902
20201102,대영포장(주)발안공장,PP,PP7MPP7M10KG백색,17038.0000000000,KG,7499.4486215539,0.0000000000,33443110.0000000000,2681175.0000000000,36124285.0000000000,"150롤(@\16,000)",10/26 출고, 
20201103,대영포장(주)발안공장,PP,PP12MPP12M／M10KG(황),9107.5000000000,KG,2054.4444444444,0.0000000000,18780125.0000000000,1878012.0000000000,20658137.0000000000,100롤(0.8T),10/30납품, 
20201104,(주)아이마켓코리아,PP,PP18MMx 21kg 삼성2300M두께0.80mm단중8.8g,11224.0000000000,KG,2024.0476190476,0.0000000000,18551980.0000000000,898030.0000000000,19450010.0000000000,269롤,SAMEX-CTV,5308605431
20201105,주식회사 삼우텍,PP,PP18MMx 15kg 삼성1650M두께0.80mm단중8.56g,7160.0000000000,KG,2723.0769230769,0.0000000000,15741000.0000000000,1574100.0000000000,17315100.0000000000,10롤 대신택배, , 
20201106,(주)아이마켓코리아,PP,"삼성 코드: 6922-00001(황색) PP18MMx 2300M 포장중량 21Kg, 1롤/1pcs 포장,",4579.0000000000,KG,1779.1746031746,0.0000000000,8332560.0000000000,505700.0000000000,8838260.0000000000,100롤,SAMEX-CTV,5308600997
20201109,(주)아이마켓코리아,PP,PP18MMx 21kg 삼성2300M두께0.80mm단중8.8g,5316.0000000000,KG,15147.3809523810,0.0000000000,8918720.0000000000,347600.0000000000,9266320.0000000000,12롤,SEEG,5309972913
20201110,(주)아이마켓코리아,PP,PP18MMx 21kg 삼성2300M두께0.80mm단중8.8g,9737.0000000000,KG,2137.6556776557,0.0000000000,18249450.0000000000,1230625.0000000000,19480075.0000000000,190롤,SEH-VD,5310057786
20201111,(주)아이마켓코리아,PP,PP18MMx 21kg 삼성2300M두께0.80mm단중8.8g,7965.0000000000,KG,1917.9047619048,0.0000000000,13080000.0000000000,604200.0000000000,13684200.0000000000,31롤,SERK,5309070826
20201112,경인팩,PE,PE28mm 2kgPE28M／M(백)2KG,11397.0000000000,KG,2200.0000000000,0.0000000000,22121000.0000000000,2212100.0000000000,24333100.0000000000,112박스, , 
20201113,(주)삼화인쇄,PP,PP12MPP12M／M10KG(백),4940.0000000000,KG,1912.2222222222,0.0000000000,9346000.0000000000,934600.0000000000,10280600.0000000000,50롤(지하), , 
20201115,CYKLOP PACKAGING SYSTEMS PTY LTD.,PP,"15 x 1,000M 0.65T Blue15x1,000M0.65T청색",17788.0000000000,KG,1.6216534382,28149.4000000000,31335912.0000000000,0.0000000000,31335912.0000000000,0122DP15, ,15708
20201116,대상산업,PE,PE28mm 2kgPE28M／M(백)2KG,1698.0000000000,KG,5198.0000000000,0.0000000000,4132250.0000000000,413225.0000000000,4545475.0000000000,10박스(24Kg), , 
20201117,파워엠팩,PP,PP10.5MPP10.5M10KG(청),8275.0000000000,KG,1183.9268217054,13398.0000000000,16169984.0000000000,132500.0000000000,16302484.0000000000,50롤(동아출판), , 
20201118,전주삼신산업,PE,PE28mm 2kgPE28M／M(백)2KG,7415.0000000000,KG,2189.8639455782,0.0000000000,13562240.0000000000,596120.0000000000,14158360.0000000000,20박스,power box, 
20201119,(주)아이마켓코리아,상품,"삼성 통신케이블[U1-5000RSC] RS-232c, Length:3M, Connecter Type: 9Pin Male-9Pin Female",51737.0000000000,EA,1500.7850486137,66565.7300000000,85888180.0000000000,562800.0000000000,86450980.0000000000,10ea,내수,2111237280
20201120,한서포장,PP,PP12MPP12M／M10KG(황),3000.0000000000,KG,2087.5000000000,0.0000000000,6200000.0000000000,620000.0000000000,6820000.0000000000,0.65, , 
20201123,(주)아이마켓코리아,PP,PP18MMx 21kg 삼성2300M두께0.80mm단중8.8g,13641.8000000000,KG,1362.0571924996,17200.2000000000,26534103.0000000000,696300.0000000000,27230403.0000000000,13롤,SEEG,5310899827
20201124,(주)삼화인쇄,PP,PP12MPP12M／M10KG(백),4129.0000000000,KG,1853.7500000000,0.0000000000,7026700.0000000000,702670.0000000000,7729370.0000000000,100롤(제책3층), , 
20201125,보우팩,PP,PP12MPP12M／M12.5KG (황),6099.0000000000,KG,2022.7272727273,0.0000000000,11386300.0000000000,1138630.0000000000,12524930.0000000000,100롤, , 
20201126,경인팩,PE,PE28mm 2kgPE28M／M(백)2KG,7241.0000000000,KG,10625.0000000000,0.0000000000,15831000.0000000000,1583100.0000000000,17414100.0000000000,112박스, , 
20201127,파워엠팩,PP,PP15MPP15M／M13KG(황),23470.3600000000,KG,1095.4582368009,42250.7100000000,49217713.0000000000,249690.0000000000,49467403.0000000000,30롤, , 
20201130,서울포장기계,PP,PP12MPP12M／M10KG(백),3200.0000000000,KG,1987.5000000000,0.0000000000,5790000.0000000000,579000.0000000000,6369000.0000000000,100롤(0.65T), , 
2020/11  계,,,,241927.44,,70821.512856683,1934417.04,458778647,20140177,478918824,,,
20201201,대영포장(주)발안공장,PP,PP7MPP7M10KG백색,16790.0000000000,KG,2121.0526315789,0.0000000000,31835250.0000000000,3183525.0000000000,35018775.0000000000,"300롤(@\16,000)", , 
20201202,(주)시몬사,PE,PE28mm 2kgPE28M／M(백)2KG,9148.0000000000,KG,5136.5914786967,0.0000000000,17308960.0000000000,1083400.0000000000,18392360.0000000000,30박스(무지박스), , 
20201203,보우팩,PP,PP6MMPP6M／M10KG(백),7526.0000000000,KG,1955.0000000000,0.0000000000,14310100.0000000000,1431010.0000000000,15741110.0000000000,150롤, , 
20201204,제일산업(주)안성공장,PE,PE 결속끈PE#50 (백) 5500m 5KG,6134.0000000000,KG,2016.3047619048,0.0000000000,12539400.0000000000,709600.0000000000,13249000.0000000000,"100박스400롤(14,500원/롤)", , 
20201207,주식회사 에이스팩,상품,스트레치필름(일반 핸드랩)25*500mm*300m,6341.0000000000,롤,3757.1428571429,0.0000000000,11737250.0000000000,1173725.0000000000,12910975.0000000000,5박스,코미팜, 
20201208,(주)삼신,PE,PE28mm 2kgPE28M／M(백)2KG,6938.0000000000,KG,2234.9659863946,0.0000000000,15371640.0000000000,1418300.0000000000,16789940.0000000000,100박스,수출용박스, 
20201209,광림파워팩,PP,PP15MPP15M／M13KG(황),11217.7400000000,KG,3024.9407496382,1567581.0000000000,26922363.0000000000,1060400.0000000000,27982763.0000000000,40롤, , 
20201210,경인팩,PE,PE28mm 2kgPE28M／M(백)2KG,10408.0000000000,KG,1886.4444444444,0.0000000000,17593040.0000000000,608200.0000000000,18201240.0000000000,59박스,광주천일포장, 
20201211,서흥포장 주식회사,PP,PP12MPP12M／M10KG(황),2459.0000000000,KG,20129.1666666667,0.0000000000,5262000.0000000000,526200.0000000000,5788200.0000000000,20롤(0.8T), , 
20201214,(주)삼화인쇄,PP,PP10.5MPP10.5M10KG투명,10848.5000000000,KG,2241.4285714286,0.0000000000,23509600.0000000000,2350960.0000000000,25860560.0000000000,50롤(제책4층), , 
20201215,동원팩,PP,PP6MMPP6M／M10KG(백),3247.0000000000,KG,1737.8928571429,0.0000000000,9076620.0000000000,746820.0000000000,9823440.0000000000,50롤, , 
20201216,경인팩,PP,PP6MMPP6M／M10KG(백),3450.0000000000,KG,1962.5000000000,0.0000000000,7444500.0000000000,744450.0000000000,8188950.0000000000,112롤,대구한국포장, 
20201217,신대한판지(주),PP,PP Band(자동)8mm x 0.6T x 3800m (백색) 10Kg/roll,8687.0000000000,KG,2167.0000000000,0.0000000000,16692300.0000000000,1669230.0000000000,18361530.0000000000,"384롤@16,000원/롤", , 
20201218,동방포장기자재,PP,PP12MPP12M／M10KG(황),6845.0000000000,KG,2128.5714285714,0.0000000000,13436750.0000000000,1343675.0000000000,14780425.0000000000,150롤 0.65T, , 
20201221,광림파워팩,PP,PP12MPP12mm*0.72T*2800m 12.5KG(투명),8680.0000000000,KG,2017.8571428571,0.0000000000,17055000.0000000000,1705500.0000000000,18760500.0000000000,40롤, , 
20201222,(주)아이마켓코리아,PP,PP18MMx 15kg 삼성1650M두께0.80mm단중8.56g,9024.0000000000,KG,7892.3877551020,0.0000000000,14297820.0000000000,231420.0000000000,14529240.0000000000,1롤,TSEC-P634(ZS)(VD)(AIR),5312194581
20201223,(주)아이마켓코리아,PP,PP18MMx 15kg 삼성1650M두께0.80mm단중8.56g,31052.2000000000,KG,3965.6167147859,39055.0600000000,56152249.0000000000,1196900.0000000000,57349149.0000000000,43롤,SESK(VD),5312655791
20201224,동원팩,PE,PE28mm 2kgPE28M／M(백)2KG,8411.0000000000,KG,2208.9523809524,0.0000000000,15962680.0000000000,873700.0000000000,16836380.0000000000,25박스,power, 
20201228,한서포장,PP,PP12MPP12M／M10KG(황),22669.7000000000,KG,1476.8315744754,34124.1900000000,43043868.0000000000,538100.0000000000,43581968.0000000000,0.65T, , 
20201229,동원팩,PE,PE28mm 2kgPE28M／M(백)2KG,9308.0000000000,KG,2352.1428571429,0.0000000000,20365000.0000000000,2036500.0000000000,22401500.0000000000,27박스,power, 
20201230,에그조아,상품,PE28mm 2kgPE28M／M(백)2KG,34643.2000000000,KG,3865.1717315692,33313.0000000000,63553588.0000000000,507504.0000000000,64061092.0000000000,20박스,kic박스(대신착불), 
20201231,에이원코리아,PP,PP12MPP12M／M12KG(황),8111.0000000000,KG,11224.0000000000,0.0000000000,14332000.0000000000,1433200.0000000000,15765200.0000000000,101롤, , 
2020/12  계,,,,241938.34,,87501.962590495,1674073.25,467801978,26572319,494374297,,,
20210101,대영포장(주)안산공장,PP,PP7MPP7M10KG백색,7860.0000000000,KG,3742.5000000000,0.0000000000,14364000.0000000000,1436400.0000000000,15800400.0000000000,"300롤(@\16,000)", , 
20210103,KOMERI,PP,15 x 100M 0.55T15x100M0.55T녹색,6146.3400000000,KG,299.8666818914,1582281.0000000000,16681355.0000000000,0.0000000000,16681355.0000000000,4920501073166, ,PUS201005907
20210104,대영포장(주)발안공장,PP,PP7MPP7M10KG백색,5684.0000000000,KG,2287.7777777778,0.0000000000,10481000.0000000000,1048100.0000000000,11529100.0000000000,"300롤(@\16,000)", , 
20210105,주식회사 대원포장기계,PE,PE28mm 2kgPE28M／M(백)2KG,32518.0000000000,KG,3113.6498549583,22578.1800000000,51196806.0000000000,1152750.0000000000,52349556.0000000000,12박스(대구-대신화물착불),power, 
20210106,금산포장,PP,PP12MPP12M／M10KG(투명),5897.5000000000,KG,2133.3333333333,0.0000000000,13557250.0000000000,1355725.0000000000,14912975.0000000000,50롤, , 
20210107,주식회사 광림파워팩,PP,PP15MPP15M／M13KG(황),8986.0000000000,KG,1907.8163265306,0.0000000000,16359280.0000000000,939100.0000000000,17298380.0000000000,40롤, , 
20210108,신대한판지(주),PP,PP Band(자동)8mm x 0.6T x 3800m (백색) 10Kg/roll,10040.0000000000,KG,1818.1818181818,0.0000000000,18159000.0000000000,1815900.0000000000,19974900.0000000000,"384롤@16,000원/롤", , 
20210111,경인팩,PE,PE28mm 2kgPE28M／M(백)2KG,4572.0000000000,KG,2221.6666666667,0.0000000000,9570000.0000000000,957000.0000000000,10527000.0000000000,22박스, , 
20210112,대상산업,PP,PP12MPP12M／M12.5KG (황),9940.0000000000,KG,2054.5396825397,0.0000000000,16672350.0000000000,874310.0000000000,17546660.0000000000,60롤, , 
20210113,(주)아이마켓코리아,PP,PP18MMx 21kg 삼성2300M두께0.80mm단중8.8g,10880.0000000000,KG,2105.1747538462,0.0000000000,18708372.0000000000,588518.0000000000,19296890.0000000000,153롤,SAMEX-CTV,5312774555
20210114,보우팩,PP,PP6MMPP6M／M10KG(백),8931.0000000000,KG,6354.7058823529,0.0000000000,17877800.0000000000,1787780.0000000000,19665580.0000000000,300롤, , 
20210115,(주)삼화인쇄,PP,PP10.5MPP10.5M10KG투명,7196.0000000000,KG,12707.8571428571,0.0000000000,14192650.0000000000,1419265.0000000000,15611915.0000000000,100롤(평판지하B판), , 
20210116,CYKLOP PACKAGING SYSTEMS PTY LTD.,PP,"12 x 3,000M 0.65T12x3,000M0.65T CLEAR",17528.4000000000,KG,1.6521100313,28235.5200000000,31067544.0000000000,0.0000000000,31067544.0000000000,0123P12DSC, ,15779
20210118,(주)낙원포장,PP,PP10.5MPP10.5M10KG투명,12307.0000000000,KG,7693.9754807692,11432.5000000000,23104042.0000000000,1055230.0000000000,24159272.0000000000,100롤(0.8T), , 
20210119,(주)아이마켓코리아,PP,PP18MM*21kg 삼성 recycle2300M두께0.80mm단중8.8g,6200.0000000000,KG,2188.5185185185,0.0000000000,10919270.0000000000,403100.0000000000,11322370.0000000000,1롤,SERK(AIR),5314621953
20210120,금산포장,상품,PP15MPP15M／M10KG(백색),1880.0000000000,KG,2025.0000000000,0.0000000000,3912000.0000000000,391200.0000000000,4303200.0000000000,"""DHF OFFICE FURNITURE SYSTEM"" 청색인쇄/0.65t",파코팩외주, 
20210121,(주)아이마켓코리아,PP,PP18MMx 15kg 삼성1650M두께0.80mm단중8.56g,9842.0000000000,KG,1746.7891156463,0.0000000000,15907420.0000000000,418150.0000000000,16325570.0000000000,2롤,TSEC-P637(ZS)(SANSUI)(AIR),5314798859
20210122,삼원산업,PP,PP15MPP15MM*10KG(황색),9082.0000000000,KG,2382.0000000000,0.0000000000,18639000.0000000000,1863900.0000000000,20502900.0000000000,100롤, , 
20210123,KOMERI,PP,15 x 100M 0.55T15x100M0.55T자색,6177.7200000000,KG,299.8666906434,1535742.0000000000,16311576.0000000000,0.0000000000,16311576.0000000000,4920501073173, ,PUS201105934
20210125,(주)아이마켓코리아,PP,PP18MM*21kg 삼성 recycle2300M두께0.80mm단중8.8g,16865.0000000000,KG,1795.6277056277,0.0000000000,31248640.0000000000,1587360.0000000000,32836000.0000000000,235롤,SEEG,5314484712
20210126,광림파워팩,PP,PP9MMPP9M／M10KG(황),11579.0000000000,KG,5398.9473684211,0.0000000000,23939700.0000000000,2393970.0000000000,26333670.0000000000,128롤(0.75T), , 
20210127,(주)아이마켓코리아,상품,PP18MMx 21kg 삼성2300M두께0.80mm단중8.8g,15295.0000000000,KG,9887.0833333333,0.0000000000,26313190.0000000000,755600.0000000000,27068790.0000000000,283롤,SEH-VD(C(AIR)),5314609705
20210128,(주)아이마켓코리아,PP,PP18MM*21kg 삼성 recycle2300M두께0.80mm단중8.8g,11529.0000000000,KG,2352.3809523810,0.0000000000,21332250.0000000000,163620.0000000000,21495870.0000000000,293롤,SAMEX-CTV,5314630478
20210129,(주)아이마켓코리아,PP,PP18MM*21kg 삼성 recycle2300M두께0.80mm단중8.8g,11827.0000000000,KG,2135.7142857143,0.0000000000,21921650.0000000000,344000.0000000000,22265650.0000000000,484롤,SAMEX-CTV,5314630478
20210130,ANDERSON WHOLESALE PACKAGING PTY LTD.,PP,"15 x 1,000M 0.50T Blue15x1,000M0.50T청색",19869.0000000000,KG,1.4308408543,31354.4000000000,34947614.0000000000,0.0000000000,34947614.0000000000,2015, ,00001916
20210131,TIGERPAK PACKAGING,PP,PP 12MM12MMx1000Mx0.50MM Blue,32141.0000000000,KG,578.4640635232,61465.9200000000,68509913.0000000000,0.0000000000,68509913.0000000000,4500, ,40625
2021/01  계,,,,300772.96,,79234.5203863994,3273089.52,565893672,22750978,588644650,,,
20210201,대영포장(주)안산,PP,PP7MPP7M10KG백색,18413.0000000000,KG,2372.6190476191,0.0000000000,34797150.0000000000,2489220.0000000000,37286370.0000000000,"380롤(@\16,000)", , 
20210202,경인팩,PE,PE28mm 2kgPE28M／M(백)2KG,12347.0000000000,KG,1926.3636363636,0.0000000000,21373790.0000000000,668300.0000000000,22042090.0000000000,48박스,광주천일포장, 
20210203,대영포장(주)발안,PP,PP7MPP7M10KG백색,5895.0000000000,KG,3235.3846153846,0.0000000000,12452000.0000000000,1245200.0000000000,13697200.0000000000,"200롤(@\16,000)", , 
20210204,우선산업,PE,PE 결속끈PE#50 (백) 5500m 5KG,25650.0000000000,KG,1732.7859099907,34659.0000000000,52751876.0000000000,1414175.0000000000,54166051.0000000000,50박스, , 
20210205,동원팩,PP,PP6MMPP6M／M10KG(백),11895.0000000000,KG,1894.4226190476,0.0000000000,21211740.0000000000,408650.0000000000,21620390.0000000000,60롤, , 
20210208,광림파워팩,PP,PP9MMPP9M／M10KG(황),13764.0000000000,KG,3916.7226890756,0.0000000000,27465950.0000000000,1566350.0000000000,29032300.0000000000,64롤(0.75T), , 
20210209,동원팩,PP,PP6MMPP6M／M10KG(백),8981.0000000000,KG,1836.1538461538,0.0000000000,16670500.0000000000,1667050.0000000000,18337550.0000000000,100롤, , 
20210210,에이원코리아,PP,PP12MPP12M／M12KG(황),13092.0000000000,KG,8592.8299319728,0.0000000000,21948510.0000000000,387000.0000000000,22335510.0000000000,100롤, , 
20210211,RLBUTTON,PP,"12 x 3,000M 0.63T12x3,000M0.63TBLUE",22285.8800000000,KG,3.2941850388,35739.4000000000,39885171.0000000000,0.0000000000,39885171.0000000000,B100300, ,505948 (CH)
20210215,신우교역,상품,스트레치필름(일반 핸드랩)18*500mm*350m,26348.7500000000,박스,2133.4014245099,26617.9000000000,49992031.0000000000,2044350.0000000000,52036381.0000000000,48박스,대복식품, 
20210216,파워엠팩,PP,PP15MPP15M／M13KG(황),9642.0000000000,KG,1519.7186666667,0.0000000000,14056440.0000000000,633550.0000000000,14689990.0000000000,30롤, , 
20210217,(주)아이마켓코리아,PP,PP18MM*21kg 삼성 recycle2300M두께0.80mm단중8.8g,16659.4000000000,KG,6889.9461290269,15257.5600000000,30673789.0000000000,862000.0000000000,31535789.0000000000,71롤,SEDA(M)-MANAUS,5316778079
20210218,한서포장,PE,PE28mm 2kgPE28M／M(백)2KG,9130.0000000000,KG,2177.7777777778,0.0000000000,19941000.0000000000,1994100.0000000000,21935100.0000000000,30박스,kic박스, 
20210219,(주)아이마켓코리아,PP,PP18MM*21kg 삼성 recycle2300M두께0.80mm단중8.8g,20476.8000000000,KG,944.1491527479,14749.0400000000,39382724.0000000000,543900.0000000000,39926624.0000000000,261롤,SEH-VD,5316956625
20210222,주식회사 에이스팩,상품,스트레치필름(일반 핸드랩)25*500mm*300m,12759.0000000000,롤,2977.6190476191,0.0000000000,23767380.0000000000,331900.0000000000,24099280.0000000000,5박스, , 
20210223,(주)아이마켓코리아,PP,PP18MMx 15kg 삼성1650M두께0.80mm단중8.56g,7932.0000000000,KG,5438.9947186147,0.0000000000,15091864.0000000000,262046.0000000000,15353910.0000000000,8롤,TSEC-P637(ZS)(SANSUI)(AIR),5316354583
20210224,광림파워팩,PP,PP9MMPP9M／M10KG(투명),32758.2000000000,KG,3106.9887203290,59508.5600000000,80075808.0000000000,1397370.0000000000,81473178.0000000000,51롤(0.75T), , 
20210225,삼보팩,상품,자동밴딩기(1250*600 / 자동-220V3ph),8421.0000000000,대,149429.0680272109,0.0000000000,17453390.0000000000,819300.0000000000,18272690.0000000000, , , 
20210226,제일산업(주)안성공장,PE,PE 결속끈PE#50 (백) 5500m 5KG,4432.5000000000,KG,8382.8571428571,0.0000000000,10141125.0000000000,1014112.0000000000,11155237.0000000000,"100박스400롤(14,500원/롤)", , 
2021/02  계,,,,280882.53,,208511.0972880066,186531.46,549132238,19748573,568880811,,,
20210302,(주)대유위니아,PP,PP18MMx 15kg 위니아(0.95T)18MMx 15kg,7080.0000000000,KG,2086.0000000000,0.0000000000,13121800.0000000000,1312180.0000000000,14433980.0000000000,64롤(천안납), , 
20210303,(주)아이마켓코리아,PP,PP18MM*21kg 삼성 recycle2300M두께0.80mm단중8.8g,22083.0000000000,KG,846.3720858736,37617.7000000000,47155127.0000000000,376000.0000000000,47531127.0000000000,32롤,SERK(AIR),5317849345
20210304,경인팩,PE,"PE28mm, 6KGPE28M／M(백)6KG",8109.0000000000,KG,2093.6363636364,0.0000000000,18362000.0000000000,1836200.0000000000,20198200.0000000000,56박스, , 
20210305,신광포장기계,PP,PP15MPP15M／M12KG (황색),5942.0000000000,KG,1862.5000000000,0.0000000000,10898500.0000000000,1089850.0000000000,11988350.0000000000,11롤(0.65T), , 
20210308,대영포장(주)안산,PP,PP7MPP7M10KG백색,8966.0000000000,KG,1772.6190476191,0.0000000000,15415700.0000000000,608000.0000000000,16023700.0000000000,"380롤(@\16,000)", , 
20210309,강원농협연합포장재가공사업소,PP,PP12MPP12M／M12.5KG (황),5786.0000000000,KG,2330.0000000000,0.0000000000,10857000.0000000000,1085700.0000000000,11942700.0000000000,300롤, , 
20210310,(주)아이마켓코리아,PP,PP18MM*21kg 삼성 recycle2300M두께0.80mm단중8.8g,8095.0000000000,KG,1853.8095238095,0.0000000000,14405250.0000000000,1421550.0000000000,15826800.0000000000,5롤,SERK(AIR),5318270112
20210311,보우팩,PP,PP6MMPP6M／M10KG(백),8396.4000000000,KG,6503.6604653769,0.0000000000,17092740.0000000000,1042575.0000000000,18135315.0000000000,100롤, , 
20210312,진송팩,PE,PE28mm 2kgPE28M／M(백)2KG,2200.0000000000,KG,2183.3333333333,0.0000000000,4710000.0000000000,471000.0000000000,5181000.0000000000,50박스,POWER, 
20210315,(주)금성칼라팩,PP,PP7MPP7M10KG백색,4940.0000000000,KG,1977.5000000000,0.0000000000,9815000.0000000000,981500.0000000000,10796500.0000000000,128롤, , 
20210316,보우팩,PP,PP6MMPP6M／M10KG(백),3111.0000000000,KG,9604.5454545455,0.0000000000,6219500.0000000000,621950.0000000000,6841450.0000000000,100롤, , 
20210317,파워엠팩,PP,PP12MPP12M／M10KG(백),9927.0000000000,KG,1979.7142857143,0.0000000000,16511430.0000000000,933100.0000000000,17444530.0000000000,80롤,교원성수, 
20210318,(주)삼신,PE,PE28mm 2kgPE28M／M(백)2KG,11242.5000000000,KG,2132.3529411765,0.0000000000,19313250.0000000000,1931325.0000000000,21244575.0000000000,200박스, , 
20210319,(주)낙원포장,PP,PP10.5MPP10.5M10KG투명,3900.0000000000,KG,2290.0000000000,0.0000000000,7970000.0000000000,797000.0000000000,8767000.0000000000,200롤(0.8T), , 
20210322,경인팩,PE,PE28mm 2kgPE28M／M(백)2KG,54424.0000000000,KG,1652.2956667964,33553.7600000000,57356456.0000000000,1866800.0000000000,59223256.0000000000,133박스(24KG),대구한국포장, 
20210323,보우팩,PP,PP6MMPP6M／M10KG(백),12754.0000000000,KG,2133.3333333333,0.0000000000,25282000.0000000000,2528200.0000000000,27810200.0000000000,200롤, , 
20210324,신한포장기계(주),PE,PE28mm 2kgPE28M／M(백)2KG,18356.2000000000,KG,8251.0101309443,11590.5200000000,38264006.0000000000,2518990.0000000000,40782996.0000000000,50박스,kic박스, 
20210325,진송팩,PE,PE28mm 2kgPE28M／M(황)2KG,15348.0000000000,KG,1887.2468809524,0.0000000000,26843973.0000000000,743175.0000000000,27587148.0000000000,10박스, , 
20210326,서울포장기계,PP,PP12MPP12M／M10KG(백),8530.6800000000,KG,786.2667089009,1472190.0000000000,19726760.0000000000,443100.0000000000,20169860.0000000000,130롤(0.65T), , 
20210329,우선산업,PE,PE 결속끈PE#50 (백) 5500m 5KG,16166.0000000000,KG,3428.5841714286,0.0000000000,33273080.0000000000,2373700.0000000000,35646780.0000000000,50박스, , 
20210330,에그조아,PP,PP6MMPP6M／M10KG(백),24244.8000000000,KG,10783.1723980064,0.0000000000,39886520.0000000000,891000.0000000000,40777520.0000000000,112롤, , 
20210331,동원팩,PP,PP6MMPP6M／M10KG(백),4138.0000000000,KG,2345.0000000000,0.0000000000,9311500.0000000000,931150.0000000000,10242650.0000000000,50롤, , 
2021/03  계,,,,263739.58,,70782.9527914474,1554951.98,461791592,26804045,488595637,,,
20210401,동방포장기자재,PP,PP12MPP12M／M10KG(황),28868.3000000000,KG,1533.3082586176,14326.4000000000,53958081.0000000000,3773200.0000000000,57731281.0000000000,150롤(0.65T), , 
20210402,제일산업(주)안성공장,PE,PE 결속끈PE#50 (백) 5500m 5KG,8770.0000000000,KG,2128.5714285714,0.0000000000,18679250.0000000000,1867925.0000000000,20547175.0000000000,"100박스400롤(13,500원/롤)", , 
20210404,CYKLOP PACKAGING SYSTEMS PTY LTD.,PP,"12 x 3,000M 0.65T12x3,000M0.65T CLEAR",27843.4000000000,KG,1.8194174719,49648.0200000000,56067510.0000000000,0.0000000000,56067510.0000000000,0123P12DSC, ,15907
20210405,삼보팩,PP,PP12MPP12M／M10KG(황),6390.0000000000,KG,2080.0000000000,0.0000000000,12359000.0000000000,1235900.0000000000,13594900.0000000000,100롤(0.8T), , 
20210406,삼원산업,PP,PP12MPP12M／M12KG(황),14835.0000000000,KG,5848.4759408602,9336.8000000000,28197643.0000000000,1766760.0000000000,29964403.0000000000,150롤, , 
20210407,(주)아이마켓코리아,PP,PP18MM*21kg 삼성 recycle2300M두께0.80mm단중8.8g,21100.0000000000,KG,1995.1791541950,0.0000000000,29868700.0000000000,1138250.0000000000,31006950.0000000000,72롤,SESK(VD),5317652113 / 5318270120 / 5318806200 / 5319211579 / 5319338382
20210408,경인팩,PE,"PE50mm, 6KGPE50M／M(백)6KG",10378.0000000000,KG,2164.4444444444,0.0000000000,22954000.0000000000,2295400.0000000000,25249400.0000000000,100박스,경성포장, 
20210409,광림파워팩,PE,PE28mm 2kgPE28M／M(청)2KG,9190.0000000000,KG,1788.9075630252,0.0000000000,16496130.0000000000,860000.0000000000,17356130.0000000000,10박스, , 
20210412,광림파워팩,PP,PP9MMPP9M／M10KG(황),9292.0000000000,KG,2372.2222222222,0.0000000000,18803000.0000000000,1880300.0000000000,20683300.0000000000,192롤(0.75T), , 
20210413,파워엠팩,상품,PP14MMPP14M／M 10KG (주황),7933.0000000000,KG,2177.2727272727,0.0000000000,16690500.0000000000,1669050.0000000000,18359550.0000000000,80롤,청정원, 
20210414,가골식품,상품,스트레치필름(일반 핸드랩)18*500mm*350m,25004.5000000000,박스,2230.8683246753,31554.9000000000,46633428.0000000000,1109945.0000000000,47743373.0000000000,10박스(40롤), , 
20210415,(주)프럼파스트,PP,"PP12MPP12M／M10KG / 1,200M (은색)",14541.0000000000,KG,1970.3757539683,0.0000000000,25889890.0000000000,757040.0000000000,26646930.0000000000,"50롤(롤당 45,000원)",대신택배, 
20210416,신대한판지(주),PP,PP밴드 (수동)PP12M／M12.5KG(녹색),5110.0000000000,KG,2118.5714285714,0.0000000000,10860000.0000000000,1086000.0000000000,11946000.0000000000,50롤, , 
20210417,RLBUTTON,PP,PP 12MM12MMx1000Mx0.55MM Blue,24615.9600000000,KG,3.6945265191,41172.7900000000,46014710.0000000000,0.0000000000,46014710.0000000000,B100250, ,509414 (TA)
20210419,(주)비와이패키지,PP,PP12MPP12M／M10KG(황),7293.0000000000,KG,1966.2500000000,0.0000000000,12772900.0000000000,1277290.0000000000,14050190.0000000000,50롤(0.8T),대신택배, 
20210420,(주)삼신,PE,PE28mm 2kgPE28M／M(백)2KG,7296.0000000000,KG,7568.7500000000,0.0000000000,17922000.0000000000,1792200.0000000000,19714200.0000000000,100박스, , 
20210421,(주)아이마켓코리아,PP,PP18MMx 15kg 삼성1650M두께0.80mm단중8.56g,15328.0000000000,KG,6672.9277513228,0.0000000000,27084760.0000000000,920480.0000000000,28005240.0000000000,22롤,TSEC-P637(ZS)(SANSUI(AIR),5318158249
20210422,강원농협연합포장재가공사업소,PP,PP12MPP12M／M12.5KG (황),11510.0000000000,KG,2148.3333333333,0.0000000000,22370000.0000000000,2237000.0000000000,24607000.0000000000,300롤, , 
20210423,광림파워팩,PP,PP9MMPP9M／M10KG(황),27361.4000000000,KG,1526.7626016260,3671412.0000000000,65111482.0000000000,2072200.0000000000,67183682.0000000000,64롤(0.75T), , 
20210426,주식회사 두손포장,상품,PE28mm 2kgPE28M／M(백)2KG,19746.8000000000,KG,1663.0563801352,33207.2000000000,45447536.0000000000,829200.0000000000,46276736.0000000000,2박스, , 
20210427,제일산업(주)안성공장,PE,PE 결속끈PE#50 (백) 5500m 5KG,12235.0000000000,KG,1886.4993023256,15008.0000000000,27292312.0000000000,1057340.0000000000,28349652.0000000000,"100박스400롤(13,500원/롤)", , 
20210428,신광포장기계,PP,PP15MPP15MM*10KG(청색),12765.0000000000,KG,1846.6690136055,0.0000000000,20855980.0000000000,488916.0000000000,21344896.0000000000,50롤(0.65T), , 
20210429,우선산업,PE,PE 결속끈PE#50 (백) 5500m 5KG,5763.0000000000,KG,7867.6923076923,0.0000000000,12294400.0000000000,1229440.0000000000,13523840.0000000000,50박스, , 
20210430,(주)아이마켓코리아,PP,PP18MM*21kg 삼성 recycle2300M두께0.80mm단중8.8g,5743.0000000000,KG,1788.0952380953,0.0000000000,10389850.0000000000,-35000.0000000000,10354850.0000000000,6롤,SEEG,5320998339
2021/04  계,,,,338912.36,,63348.7471185507,3865666.11,665013062,31308836,696321898,,,
20210501,합동포장기계,PP,PP12MPP12M／M12.5KG (황),5155.0000000000,KG,5943.7500000000,0.0000000000,12081500.0000000000,1208150.0000000000,13289650.0000000000,250롤, , 
20210503,대영포장(주)발안,PP,PP7MPP7M10KG백색,13435.1000000000,KG,5570.8095238095,0.0000000000,25171090.0000000000,1860229.0000000000,27031319.0000000000,"250롤(@\16,000)", , 
20210504,광림파워팩,PP,PP12MPP12mm*0.72T*2800m 12.5KG(투명),14458.0000000000,KG,4538.0538302278,0.0000000000,26366790.0000000000,1970300.0000000000,28337090.0000000000,40롤, , 
20210506,광림파워팩,PP,PP12MPP12M／M12.5KG (황),5144.0000000000,KG,53254.5454545455,0.0000000000,12505250.0000000000,1250525.0000000000,13755775.0000000000,160롤, , 
20210507,아이원팩,PE,PE28mm 2kgPE28M／M(백)2KG,3480.0000000000,KG,9077.6923076923,0.0000000000,8627000.0000000000,862700.0000000000,9489700.0000000000,2박스,로젠택배, 
20210509,NZ SAFETY BLACKWOODS,PP,PP 12MM12MMx1000Mx0.55MM Blue,7430.4000000000,KG,1.7045477156,12784.3200000000,14388753.0000000000,0.0000000000,14388753.0000000000,1379117, ,K212820
20210510,주식회사 삼성종합포장,PE,PE28mm 2kgPE28M／M(백)2KG,7184.0000000000,KG,1893.4693877551,0.0000000000,12973200.0000000000,623190.0000000000,13596390.0000000000,20박스,kic 박스, 
20210511,(주)아이마켓코리아,PP,PP18MM*21kg 삼성 recycle2300M두께0.80mm단중8.8g,12464.0000000000,KG,2200.7936507937,0.0000000000,24624800.0000000000,1460600.0000000000,26085400.0000000000,264롤,SAMEX-CTV,5321419667
20210512,서울포장기계,PP,PP12MPP12M／M10KG(백),4440.0000000000,KG,3600.0000000000,0.0000000000,8803500.0000000000,880350.0000000000,9683850.0000000000,152롤(0.65T), , 
20210513,(주)아이마켓코리아,PP,PP18MM*21kg 삼성 recycle2300M두께0.80mm단중8.8g,12501.0000000000,KG,1925.5306122449,0.0000000000,23773030.0000000000,382120.0000000000,24155150.0000000000,326롤,SAMEX-CTV,5321736793
20210514,경인팩,PE,"PE28mm, 6KGPE28M／M(백)6KG",2900.0000000000,KG,2700.0000000000,0.0000000000,7450000.0000000000,745000.0000000000,8195000.0000000000,100박스, , 
20210515,NORTH SHORE,PP,PP 12MM 2088M 0.79MM BLACK12mm 2088m 0.79mm Black,27097.0400000000,KG,1546.9323360947,66198.3100000000,74843810.0000000000,0.0000000000,74843810.0000000000,HD50726, ,VK02221
20210517,경인팩,PE,PE28mm 2kgPE28M／M(백)2KG,3074.0000000000,KG,13854.2857142857,0.0000000000,6883500.0000000000,688350.0000000000,7571850.0000000000,64박스,광주천일포장, 
20210518,파코팩(PACO PACK),PE,PE28mm 2kgPE28M／M(백)2KG,6168.0000000000,KG,3861.8181818182,0.0000000000,15161600.0000000000,1516160.0000000000,16677760.0000000000,32박스, , 
20210520,파워엠팩,PP,PP6MMPP6M／M10KG(백),11625.0000000000,KG,1937.5850340136,0.0000000000,21491990.0000000000,365250.0000000000,21857240.0000000000,100롤, , 
20210521,파워엠팩,PP,PP9M/MPP9M/M*11KG(은회색),7570.0000000000,KG,2396.1538461538,0.0000000000,15695800.0000000000,1569580.0000000000,17265380.0000000000,100롤,다오, 
20210522,CYKLOP PACKAGING SYSTEMS PTY LTD.,PP,"12 x 3,000M 0.65T12x3,000M0.65T CLEAR",16938.0000000000,KG,1.6503228898,28052.2800000000,31760792.0000000000,0.0000000000,31760792.0000000000,0123P12DSC, ,15982
20210524,(주)아이마켓코리아,PP,PP18MMx 15kg 삼성1650M두께0.80mm단중8.56g,8890.0000000000,KG,1967.8920634921,0.0000000000,18054590.0000000000,1136300.0000000000,19190890.0000000000,21롤,SESK(VD)(C(AIR)),5322439259
20210525,경인팩,PE,PE28mm 2kgPE28M／M(백)2KG,3800.0000000000,KG,2242.8571428571,0.0000000000,9726000.0000000000,972600.0000000000,10698600.0000000000,60박스, , 
20210526,파워엠팩,PP,PP6MMPP6M／M10KG(백),6612.0000000000,KG,10477.5000000000,0.0000000000,14476700.0000000000,1447670.0000000000,15924370.0000000000,100롤,제주도, 
20210527,주식회사 광림파워팩,PP,PP12MPP12M／M10KG(황),5362.0000000000,KG,2171.4285714286,0.0000000000,11204200.0000000000,1120420.0000000000,12324620.0000000000,128롤, , 
20210528,진송팩,PE,PE28mm 2kgPE28M／M(백)2KG,1840.0000000000,KG,2466.6666666667,0.0000000000,4212000.0000000000,421200.0000000000,4633200.0000000000,30박스,푸른상사(대신화물 착불), 
20210529,동원팩,PE,PE28mm 2kgPE28M／M(황)2KG,660.0000000000,KG,2775.0000000000,0.0000000000,1818000.0000000000,181800.0000000000,1999800.0000000000,3박스, , 
20210531,전주삼신산업,PE,PE28mm 2kgPE28M／M(백)2KG,3435.0000000000,KG,3670.0000000000,0.0000000000,8075000.0000000000,807500.0000000000,8882500.0000000000,30박스,대신택배, 
2021/05  계,,,,191662.54,,140076.1191944847,107034.91,410168895,21469994,431638889,,,
20210601,파워엠팩,PP,PP6MMPP6M／M10KG(백),12263.4000000000,KG,9638.5146011784,12672.2400000000,23557140.0000000000,944660.0000000000,24501800.0000000000,100롤, , 
20210602,파워엠팩,PP,PP12MPP12M／M10KG(황),18621.0000000000,KG,2068.7566137566,0.0000000000,36094680.0000000000,1593380.0000000000,37688060.0000000000,50롤(0.75T), , 
20210603,합동포장기계,PE,PE28mm 2kgPE28M／M(백)2KG,5030.0000000000,KG,2331.2500000000,0.0000000000,10362000.0000000000,1036200.0000000000,11398200.0000000000,40박스,kic박스, 
20210604,한서포장,PP,PP12MPP12MM / 9.5KG(황),22768.0000000000,KG,1426.4114245140,29302.6000000000,43133101.0000000000,354200.0000000000,43487301.0000000000,100롤(0.65T),월드피에이디, 
20210605,제이케이머티리얼즈(주)／순성공장,PP,PP18MPP18M／M10KG(황),8877.6000000000,KG,303.5738040504,14088.1500000000,16005205.0000000000,34200.0000000000,16039405.0000000000,19롤,원료1300+500, 
20210607,경인팩,PE,PE28mm 2kgPE28M／M(백)2KG,3360.0000000000,KG,2700.0000000000,0.0000000000,9072000.0000000000,907200.0000000000,9979200.0000000000,140박스(24KG),대구한국포장, 
20210608,경인팩,PP,PP6MMPP6M／M10KG(백),21318.4000000000,KG,14098.2140913937,37586.0500000000,55160119.0000000000,1073800.0000000000,56233919.0000000000,200롤, , 
20210609,경인팩,PE,PE28mm 2kgPE28M／M(백)2KG,9183.0000000000,KG,5107.1428571429,0.0000000000,20747000.0000000000,1330880.0000000000,22077880.0000000000,96박스, , 
20210610,전주삼신산업,PP,PP15MPP15MM*10KG(황색),11778.0000000000,KG,1942.3809523810,0.0000000000,21139100.0000000000,252750.0000000000,21391850.0000000000,40롤(0.65T),대신택배, 
20210611,경인팩,PP,PP6MMPP6M／M10KG(백),3251.0000000000,KG,21592.0000000000,0.0000000000,6567000.0000000000,656700.0000000000,7223700.0000000000,56롤,은성축산, 
20210612,ANDERSON WHOLESALE PACKAGING PTY LTD.,PP,PP12MMx1000Mx0.5T 2.9kg 청295 톰슨박스 320 325 130,18719.0000000000,kg,2.0520290164,38360.4000000000,42771846.0000000000,0.0000000000,42771846.0000000000,2012, ,00002053
20210614,(주)영화수출포장,PE,PE 결속끈PE#50 (백) 5500m 5KG,5570.0000000000,KG,2246.1538461538,0.0000000000,12322000.0000000000,1232200.0000000000,13554200.0000000000,10박스, , 
20210615,제일산업(주)안성공장,PE,PE 결속끈PE#50 (백) 5500m 5KG,4923.0000000000,KG,8885.7142857143,0.0000000000,10196800.0000000000,1019680.0000000000,11216480.0000000000,"50박스200롤(13,500원/롤)", , 
20210616,광림파워팩,PP,PP12MPP12M／M10KG(황),12261.0000000000,KG,2086.4172335601,0.0000000000,21060870.0000000000,948060.0000000000,22008930.0000000000,64롤, , 
20210617,그린포장,상품,PE28mm 2kgPE28M／M(백)2KG,11144.0000000000,KG,2432.8571428572,0.0000000000,21156800.0000000000,278900.0000000000,21435700.0000000000,20박스, , 
20210618,신광포장기계,PP,PP12MPP12M／M10KG(황),4322.0000000000,KG,9498.5034013605,0.0000000000,7279680.0000000000,318200.0000000000,7597880.0000000000,50롤(0.65T), , 
20210619,파코팩(PACO PACK),PP,PP7MPP7M10KG백색,1000.0000000000,KG,1600.0000000000,0.0000000000,1600000.0000000000,160000.0000000000,1760000.0000000000, , , 
20210621,금산포장,상품,PE28mm 2kgPE28M／M(백)2KG,17638.4000000000,KG,1977.0222590407,34016.3200000000,48474027.0000000000,996075.0000000000,49470102.0000000000,30박스, , 
20210622,강원농협연합포장재가공사업소,상품,밴딩기부품12mm shooter,4820.0000000000,ea,753221.6666666667,0.0000000000,18406000.0000000000,1840600.0000000000,20246600.0000000000, , , 
20210623,파워엠팩,PP,PP10.5MPP10.5M10KG(청),47617.8000000000,KG,1450.7631620350,67729.2000000000,100283048.0000000000,1068350.0000000000,101351398.0000000000,50롤,동아출판, 
20210624,한서포장,PP,PP12MPP12MM / 9.5KG(황),13059.0000000000,KG,2049.5238095238,0.0000000000,23377550.0000000000,358950.0000000000,23736500.0000000000,100롤(0.65T),월드피에이디, 
20210625,광림파워팩,PP,PP12MPP12M／M12.5KG (황),9881.0000000000,KG,2021.4285714286,0.0000000000,18714950.0000000000,881000.0000000000,19595950.0000000000,40롤, , 
20210626,KOMERI,PP,15 x 100M 0.55T15x100M0.55T녹색,5972.8800000000,KG,372.7177700348,2043660.0000000000,20935253.0000000000,0.0000000000,20935253.0000000000,4920501073166, ,PUS210319906
20210627,SMART SHIELD PACKAGING,PP,"9 x 4,023M 0.56T White (8x8)9 x 4,023M 0.56T 백색",12369.3600000000,KG,15.1114631173,35192.9600000000,39972164.0000000000,0.0000000000,39972164.0000000000,SD42202, ,41400
20210628,한서포장,PE,PE28mm 2kgPE28M／M(백)2KG,12468.0000000000,KG,12531.0000000000,0.0000000000,5505800.0000000000,550580.0000000000,6056380.0000000000,25박스, , 
20210629,경인팩,PP,PP6MMPP6M／M10KG(백),11033.0000000000,KG,2341.0204081633,0.0000000000,23298750.0000000000,1339380.0000000000,24638130.0000000000,128롤, , 
20210630,경인팩,PP,PP6MMPP6M／M10KG(백),6292.5000000000,KG,11603.3333333333,0.0000000000,13619300.0000000000,1361930.0000000000,14981230.0000000000,128롤, , 
2021/06  계,,,,315541.34,,875543.5297264228,2312607.92,670812183,20537875,691350058,,,
20210701,서윤상사,상품,PE28mm 2kgPE28M／M(백)2KG,12513.0000000000,KG,14972.3412698413,0.0000000000,24445450.0000000000,651695.0000000000,25097145.0000000000,24박스,제주도, 
20210702,(주)아이마켓코리아,PP,PP18MM*21kg 삼성 recycle2300M두께0.80mm단중8.8g,11677.0000000000,KG,1648.5317460318,0.0000000000,18493850.0000000000,508140.0000000000,19001990.0000000000,7롤,SSAP,5324528713
20210705,주식회사 광신수출포장,PP,PP8MPP8M／M10KG(백),17088.8000000000,KG,2145.6542453950,0.0000000000,35235060.0000000000,1458300.0000000000,36693360.0000000000,100롤, , 
20210706,(주)삼화인쇄,PP,PP10.5MPP10.5M10KG(청),4560.0000000000,KG,2324.5454545455,0.0000000000,9353000.0000000000,935300.0000000000,10288300.0000000000,100롤(제책4층), , 
20210707,마도종합상사(주),상품,PE28mm 2kgPE28M／M(백)2KG,5801.0000000000,KG,5520.8333333333,0.0000000000,12408000.0000000000,1240800.0000000000,13648800.0000000000,2박스,대신화불착불, 
20210708,(주)아이마켓코리아,PP,PP18MM*21kg 삼성 recycle2300M두께0.80mm단중8.8g,12139.0000000000,KG,1852.1904761905,0.0000000000,21487050.0000000000,94000.0000000000,21581050.0000000000,23롤,SEDA(M)-MANAUS,5324388739
20210709,(주)아이마켓코리아,PP,PP18MM*21kg 삼성 recycle2300M두께0.80mm단중8.8g,8572.0000000000,KG,2107.8571428572,0.0000000000,16319400.0000000000,372000.0000000000,16691400.0000000000,261롤,SEH-VD,5324225440
20210712,주)대성씨앤씨,상품,스트레치필름(일반 기계랩)20*500mm*1400m,2870.0000000000,박스,8606.8166666667,0.0000000000,8489272.0000000000,848928.0000000000,9338200.0000000000,50박스, , 
20210713,(주)아이마켓코리아,PP,PP18MM*21kg 삼성 recycle2300M두께0.80mm단중8.8g,24650.0400000000,KG,927.2848928515,13553.7800000000,46374604.0000000000,2062800.0000000000,48437404.0000000000,269롤,SAMEX-CTV,5325749972
20210714,보우팩,PP,PP12MPP12M／M12.5KG (황),13039.0000000000,KG,3202.3809523810,0.0000000000,25221850.0000000000,446320.0000000000,25668170.0000000000,80롤, , 
20210715,(주)아이마켓코리아,PP,PP18MM*21kg 삼성 recycle2300M두께0.80mm단중8.8g,10530.0000000000,KG,1751.6402116402,0.0000000000,17709500.0000000000,272500.0000000000,17982000.0000000000,24롤,SESK(VD)(AIR),5323680493
20210716,경인팩,PP,PP6MMPP6M／M10KG(백),9366.0000000000,KG,2258.0000000000,0.0000000000,21898000.0000000000,2189800.0000000000,24087800.0000000000,300롤, , 
20210718,KOMERI,PP,15 x 100M 0.55T15x100M0.55T백색,5856.1800000000,KG,315.2446767325,1851303.0000000000,19280951.0000000000,0.0000000000,19280951.0000000000,4920501073197, ,PUS210423904
20210719,광림파워팩,PP,PP18MPP18M／M10KG(황),4020.0000000000,KG,2116.6666666667,0.0000000000,7752000.0000000000,775200.0000000000,8527200.0000000000,50롤(0.95-1T), , 
20210720,신광포장기계,PP,PP15MPP15MM*10KG(황색),4541.0000000000,KG,8440.0000000000,0.0000000000,9191000.0000000000,919100.0000000000,10110100.0000000000,50롤(0.65T), , 
20210721,파워엠팩,PP,PP10.5MPP10.5M10KG투명,12319.0000000000,KG,1838.0952380953,0.0000000000,22355050.0000000000,190000.0000000000,22545050.0000000000,100롤, , 
20210722,우선산업,PE,PE 결속끈PE#50 (백) 5500m 5KG,9753.0000000000,KG,2323.9285714286,0.0000000000,18941360.0000000000,1057350.0000000000,19998710.0000000000,50박스, , 
20210723,경인팩,PP,PP6MMPP6M／M10KG(백),12166.0400000000,KG,1179.1657071837,15439.0400000000,26537885.0000000000,463100.0000000000,27000985.0000000000,100롤, , 
20210724,PARAMOUNT PAPER MERCHANTS PTY LTD.,PP,"12 x 3,000M 0.65T12x3,000M0.65T BLUE",6408.0000000000,KG,34.7564300781,14108.3800000000,16269784.0000000000,0.0000000000,16269784.0000000000,PS12X3P, ,124498
20210726,동원팩,PP,PP6MMPP6M／M10KG(백),6057.0000000000,KG,2459.5238095238,0.0000000000,12744150.0000000000,678600.0000000000,13422750.0000000000,100롤, , 
20210727,산업포장유통(주),PE,PE28mm 2kgPE28M／M(백)2KG,12296.0000000000,KG,2353.5714285715,0.0000000000,22439200.0000000000,58000.0000000000,22497200.0000000000,10박스(무지박스), , 
20210728,강원농협연합포장재가공사업소,PP,PP12MPP12M／M12.5KG (황),14880.0000000000,KG,11038.5714285714,0.0000000000,28374350.0000000000,753980.0000000000,29128330.0000000000,120롤, , 
20210729,백암지관공업사,PP,PP12MPP12M／M10KG(황),19853.0000000000,KG,2045.2937099567,0.0000000000,37189200.0000000000,603800.0000000000,37793000.0000000000,26롤, , 
20210730,(주)한제피앤에스,PP,"15 x 2,500M 0.60T15 x 2,500M 0.60T 청색",18727.5000000000,KG,1688.1118056979,0.0000000000,31867000.0000000000,0.0000000000,31867000.0000000000,50.055, ,HJ21-OMN02
2021/07  계,,,,259682.56,,83151.0058642402,1894404.2,510376966,16579713,526956679,,,
20210804,(주)낙원포장,상품,PE28mm 2kgPE28M／M(백)2KG,5620.0000000000,KG,2345.4545454545,0.0000000000,12991000.0000000000,1299100.0000000000,14290100.0000000000,30박스,power(수입품), 
20210805,(주)태광피엔에스,상품,정전기장갑탑피드백색,11928.0000000000,ea,4085.2858799185,19353.9000000000,28385857.0000000000,612500.0000000000,28998357.0000000000,"1,000켤레(발주번호:210804)", , 
20210806,(주)아이마켓코리아,PP,PP18MMx 21kg 삼성2300M두께0.80mm단중8.8g,11284.0000000000,KG,9092.8174603175,0.0000000000,23326630.0000000000,1308220.0000000000,24634850.0000000000,5롤,SSAP,5326953980
20210807,경인팩,PP,PP6MMPP6M／M10KG(백),9866.0000000000,KG,2041.9642857143,0.0000000000,20984950.0000000000,1295220.0000000000,22280170.0000000000,56롤(0.65T),대구한국포장, 
20210808,NORTH SHORE,PP,PP 15.5MM15.5MM 1585M 0.69MM Black (16x6),32696.0800000000,KG,1694.2604701583,1744563.8400000000,105521802.0000000000,0.0000000000,105521802.0000000000,HD58546, ,VK051221_1
20210809,(주)낙원포장,PP,PP6MMPP6M/M12.5KG(백),15416.0000000000,KG,5634.9206349206,0.0000000000,30587700.0000000000,1077780.0000000000,31665480.0000000000,192롤, , 
20210810,경인팩,PP,PP6MMPP6M／M10KG(백),11650.0000000000,KG,6576.3880687831,0.0000000000,20814260.0000000000,1300025.0000000000,22114285.0000000000,56롤,한일이에프, 
20210811,금산포장,상품,PE28mm 2kgPE28M／M(백)2KG,11033.0000000000,KG,7040.0000000000,0.0000000000,20504200.0000000000,2050420.0000000000,22554620.0000000000,30박스, , 
20210812,아이원팩,상품,PE28mm 2kgPE28M／M(백)2KG,9170.0000000000,KG,2296.2202380953,0.0000000000,16971380.0000000000,395200.0000000000,17366580.0000000000,4박스,로젠택배, 
20210813,제일산업(주)안성공장,PE,PE 결속끈PE#50 (백) 5500m 5KG,9773.0000000000,KG,2191.0952380953,0.0000000000,19977250.0000000000,885789.0000000000,20863039.0000000000,"50박스200롤(14,000원/롤)", , 
20210814,신광포장기계,PP,PP15MPP15MM*10KG(황색),23951.6000000000,KG,181.6977100940,44311.1700000000,52252215.0000000000,90000.0000000000,52342215.0000000000,50롤(0.80T), , 
20210816,동원팩,PP,PE28mm 2kgPE28M／M(황)2KG,19256.7000000000,KG,826.3393618274,42007.1500000000,49354086.0000000000,67200.0000000000,49421286.0000000000,10박스, , 
20210817,주)대성씨앤씨,상품,밴딩기부품밴딩기부품 교체,14847.0000000000,ea,68560.0000000000,0.0000000000,29616410.0000000000,571320.0000000000,30187730.0000000000, , , 
20210818,한남포장기계,PP,PP12MPP12MM / 9.5KG(황),3741.0000000000,KG,24017.7777777778,0.0000000000,7324500.0000000000,732450.0000000000,8056950.0000000000,100롤(0.65T), , 
20210819,서울포장기계,PP,PP12MPP12M／M10KG(백),20762.0000000000,KG,8859.6428571429,0.0000000000,38256250.0000000000,899680.0000000000,39155930.0000000000,100롤(0.65T), , 
20210820,경인팩,PE,"PE28mm, 6KGPE28M／M(백)6KG",10359.0000000000,KG,2398.0000000000,0.0000000000,24181300.0000000000,2418130.0000000000,26599430.0000000000,56박스, , 
20210823,대한에프앤드에프(주),상품,PP15MPP15M／M10KG(자동용인쇄밴드),11714.0000000000,KG,43513.8639760945,9126.0000000000,24096614.0000000000,519880.0000000000,24616494.0000000000, , , 
20210824,광림파워팩,PP,PP15MPP15MM*10KG(황색),23760.0000000000,KG,7862.7692307692,0.0000000000,8450600.0000000000,845060.0000000000,9295660.0000000000,128롤, , 
20210825,동원팩,PP,PP6MMPP6M／M10KG(백),7435.0000000000,KG,2452.6666666667,0.0000000000,15909250.0000000000,1119539.0000000000,17028789.0000000000,50롤, , 
20210826,(주)낙원포장,PP,PP6MMPP6M/M12.5KG(백),23830.8000000000,KG,4432.1443089431,0.0000000000,47508200.0000000000,2299825.0000000000,49808025.0000000000,640롤, , 
20210827,보우팩,PP,PP6MMPP6M／M10KG(백),7993.0000000000,KG,5542.4000000000,0.0000000000,15697270.0000000000,887639.0000000000,16584909.0000000000,150롤, , 
20210828,신광포장기계,PP,PP15MPP15MM*10KG(황색),1320.0000000000,KG,2507.1428571429,0.0000000000,2891000.0000000000,289100.0000000000,3180100.0000000000,50롤(0.65T), , 
20210830,파워엠팩,PP,PP10.5MPP10.5M10KG투명,11304.5000000000,KG,2161.1904761905,0.0000000000,21315475.0000000000,651497.0000000000,21966972.0000000000,200롤, , 
20210831,ANDERSON WHOLESALE PACKAGING PTY LTD.,PP,PP12MMx1000Mx0.5T 2.9kg 청295 톰슨박스 320 325 130,21273.9000000000,kg,2248.4302186260,41175.0400000000,49744617.0000000000,180040.0000000000,49924657.0000000000,2012, ,00002130
2021/08  계,,,,329984.58,,218562.4722627324,1900537.1,686662816,21795614,708458430,,,
20210901,신광포장기계,PP,PP15MPP15M／M12KG (황색),10822.2400000000,KG,7081.1800889436,15971.0000000000,22020079.0000000000,344900.0000000000,22364979.0000000000,50롤(0.65T), , 
20210902,(주)태양지대,PE,"PE28mm, 6KGPE28M／M(백)6KG",8654.0000000000,KG,10488.9803921569,0.0000000000,19041630.0000000000,1100152.0000000000,20141782.0000000000,40박스, , 
20210903,온라인패키지(onlinepkg),상품,PE28mm 2kgPE28M／M(백)2KG,4964.0000000000,KG,11939.9206349206,0.0000000000,11154640.0000000000,918400.0000000000,12073040.0000000000,32박스, , 
20210904,동원팩,PP,PP6MMPP6M／M10KG(백),2584.0000000000,KG,2250.0000000000,0.0000000000,5605000.0000000000,560500.0000000000,6165500.0000000000,30롤, , 
20210905,NORTH SHORE,PP,PP 12MM12MM 2743M 0.56MM Black (16x6),10514.6000000000,KG,2484.9674408784,35549.5200000000,41226780.0000000000,0.0000000000,41226780.0000000000,LD50906, ,VK-051421
20210906,합동포장기계,PP,PP12MPP12M／M12.5KG (황),34025.0000000000,KG,1859.2994583761,33483.2000000000,73405373.0000000000,1108050.0000000000,74513423.0000000000,200롤, , 
20210907,금산포장,상품,PE28mm 2kgPE28M／M(백)2KG,10344.0000000000,KG,18382.2619047619,0.0000000000,21772750.0000000000,1186780.0000000000,22959530.0000000000,52박스, , 
20210908,광림파워팩,PP,PP12MPP12mm*0.72T*2800m 12.5KG(투명),31576.2500000000,KG,1535.7951084703,43330.1500000000,74737032.0000000000,2456505.0000000000,77193537.0000000000,40롤, , 
20210909,동원팩,PP,PP6MMPP6M／M10KG(백),19423.2000000000,KG,1747.1439244663,14156.6000000000,40883431.0000000000,1492000.0000000000,42375431.0000000000,50롤, , 
20210910,경인팩,PE,"PE28mm, 6KGPE28M／M(백)6KG",17380.0000000000,KG,6655.7228952381,0.0000000000,36546568.0000000000,2102502.0000000000,38649070.0000000000,56박스, , 
20210911,KOMERI,PP,15 x 100M 0.55T15x100M0.55T녹색,6165.1200000000,KG,335.2139953542,1651152.0000000000,17598142.0000000000,0.0000000000,17598142.0000000000,4920501073166, ,PUS210611905
20210913,파워엠팩,PP,PP10.5MPP10.5M10KG투명,29001.0000000000,KG,18627.0515603474,42082.0000000000,60915922.0000000000,418700.0000000000,61334622.0000000000,30롤, , 
20210914,(주)영화수출포장,PE,PE 결속끈PE#50 (백) 5500m 5KG,5139.0000000000,KG,185756.1904761905,0.0000000000,13144470.0000000000,949000.0000000000,14093470.0000000000,30박스, , 
20210915,신광포장기계,PP,PP15MPP15M／M10KG(백색),2520.0000000000,KG,2092.8571428571,0.0000000000,4741000.0000000000,474100.0000000000,5215100.0000000000,50롤(0.65T), , 
20210916,강원농협연합포장재가공사업소,PP,PP12MPP12M／M12.5KG (황),12230.0000000000,KG,1991.5079365080,0.0000000000,22844690.0000000000,776060.0000000000,23620750.0000000000,100롤, , 
20210917,동원팩,PP,PP6MMPP6M／M10KG(백),11450.0000000000,KG,6055.0000000000,0.0000000000,22858650.0000000000,382500.0000000000,23241150.0000000000,50롤, , 
20210922,POWERPAK,PP,PP 12MM12MMx1000Mx0.50MM Grey,20283.0000000000,KG,1.7513837605,36394.0000000000,42548225.0000000000,0.0000000000,42548225.0000000000,4500, ,52871
20210923,(주)낙원포장,PP,PP6MMPP6M/M12.5KG(백),10404.0000000000,KG,2022.4489795918,0.0000000000,21298550.0000000000,1450550.0000000000,22749100.0000000000,128롤, , 
20210924,호성수출포장,상품,스트레치필름(일반 핸드랩 20)20*500mm*350m,8315.0000000000,롤,2469.1774891775,0.0000000000,15799770.0000000000,717500.0000000000,16517270.0000000000,20박스,스피드랩, 
20210927,제이케이머티리얼즈(주)／순성공장,PP,PP18MPP18M／M10KG(황),21085.6000000000,KG,2553.6180272109,20588.4600000000,48114417.0000000000,630340.0000000000,48744757.0000000000,100롤, , 
20210928,강원농협연합포장재가공사업소,PP,PP12MPP12M／M12.5KG (황),23483.1000000000,KG,8064.8537495117,43582.0400000000,60325420.0000000000,907730.0000000000,61233150.0000000000,300롤, , 
20210929,(주)낙원포장,PP,PP6MMPP6M/M12.5KG(백),14765.0000000000,KG,12023.0769230769,0.0000000000,31892800.0000000000,3189280.0000000000,35082080.0000000000,640롤, , 
20210930,경인팩,PP,PP6MMPP6M／M10KG(백),10428.0000000000,KG,5628.8445000000,0.0000000000,18283040.0000000000,1299650.0000000000,19582690.0000000000,250롤, , 
2021/09  계,,,,325556.11,,312046.8640117987,1936288.97,726758379,22465199,749223578,,,
20211001,한남포장기계,PP,PP12MPP12MM / 9.5KG(황),14123.0000000000,KG,2251.4285714286,0.0000000000,25855350.0000000000,335100.0000000000,26190450.0000000000,100롤(0.65T), , 
20211004,강원농협연합포장재가공사업소,상품,밴딩기부품12mm슈터,1115.0000000000,ea,21583.3333333333,0.0000000000,3501000.0000000000,350100.0000000000,3851100.0000000000, , , 
20211005,신광포장기계,PP,PP15MPP15M／M12KG (황색),4127.0000000000,KG,15054.6153846154,0.0000000000,8189600.0000000000,818960.0000000000,9008560.0000000000,50롤, , 
20211006,합동포장기계,PP,PP12MPP12M／M12.5KG (황),5965.0000000000,KG,2030.0000000000,0.0000000000,12031250.0000000000,1203125.0000000000,13234375.0000000000,160롤, , 
20211007,경인팩,PE,PE28mm 2kgPE28M／M(백)2KG,4664.0000000000,KG,5517.8571428571,0.0000000000,13398800.0000000000,1339880.0000000000,14738680.0000000000,64박스,광주천일포장, 
20211008,경인산업,PP,PP12MPP12M／M10KG(백),12918.9400000000,KG,1078.3857530004,1909513.0000000000,33186443.0000000000,268800.0000000000,33455243.0000000000,56롤(0.75T), , 
20211010,NZ SAFETY BLACKWOODS,PP,"12 x 3,000M 0.60T12x3,000M0.60TBLUE",39093.2000000000,KG,3.3150802237,72442.6000000000,86228428.0000000000,0.0000000000,86228428.0000000000,3003021, ,K263680
20211012,동방포장기자재,PP,PP12MPP12M／M12KG(청색),3447.0000000000,KG,3918.3333333333,0.0000000000,7078650.0000000000,707865.0000000000,7786515.0000000000,50롤(0.63T), , 
20211013,신광포장기계,PP,PP15MPP15MM*10KG(황색),15716.0000000000,KG,1894.0020535714,0.0000000000,27437220.0000000000,796060.0000000000,28233280.0000000000,50롤(0.65T), , 
20211014,경인팩,PE,PE28mm 2kgPE28M／M(백)2KG,9665.0000000000,KG,2210.5882352941,0.0000000000,23602200.0000000000,2360220.0000000000,25962420.0000000000,128박스, , 
20211015,보우팩,PP,PP6MMPP6M／M10KG(백),9999.0000000000,KG,6837.7551020408,0.0000000000,21063550.0000000000,1085500.0000000000,22149050.0000000000,300롤, , 
20211016,경인팩,PP,PP6MMPP6M／M10KG(황),3432.0000000000,KG,2461.2500000000,0.0000000000,7943000.0000000000,794300.0000000000,8737300.0000000000,64롤,대구한국포장, 
20211018,가골식품,상품,스트레치필름(기능 핸드랩)15*500mm*400m,2093.0000000000,롤,2917.4233333333,0.0000000000,4934963.0000000000,493497.0000000000,5428460.0000000000,20박스(80롤), , 
20211019,주)대성씨앤씨,PP,PP5MMx7000Mx0.5T 11.4kg 청색core 200x8T OD400 롤랩핑 400*200,3000.0000000000,kg,7130.0000000000,0.0000000000,7790000.0000000000,779000.0000000000,8569000.0000000000,60롤,1층, 
20211020,주식회사 인선,PP,PP5MMPP5M／M10KG(투명),9498.0000000000,KG,50127.1428571429,0.0000000000,18164200.0000000000,209380.0000000000,18373580.0000000000,50롤(0.47t),단중1.6g, 
20211021,한남포장기계,PP,PP12MPP12MM / 9.5KG(황),9993.0000000000,KG,3424.7959183674,0.0000000000,20048930.0000000000,1018400.0000000000,21067330.0000000000,100롤, , 
20211022,파워엠팩,PP,PP10.5MPP10.5M10KG투명,3880.0000000000,KG,15716.9047619048,0.0000000000,7228850.0000000000,195380.0000000000,7424230.0000000000,40롤, , 
20211023,서울포장기계,PP,PP12MPP12M／M10KG(백),1980.0000000000,KG,2150.0000000000,0.0000000000,4045000.0000000000,404500.0000000000,4449500.0000000000,100롤(0.65T), , 
20211025,제일산업(주)안성공장,PE,PE 결속끈PE#50 (백) 5500m 5KG,10242.0000000000,KG,10212.5108225108,0.0000000000,23519800.0000000000,2291260.0000000000,25811060.0000000000,"75박스 300롤(14,000원/롤)", , 
20211026,신광포장기계,PP,PP15MPP15MM*10KG(황색),4863.0000000000,KG,3391.6666666667,0.0000000000,10649000.0000000000,1064900.0000000000,11713900.0000000000,50롤(0.80T), , 
20211027,삼원산업,PP,PP12MPP12M／M12KG(황),21765.0000000000,KG,4365.7142857143,0.0000000000,42506700.0000000000,1379580.0000000000,43886280.0000000000,100롤, , 
20211028,민건 이에이,PP,PP12MPP12M／M12.5KG (투명),2391.0000000000,KG,7618.3333333333,0.0000000000,5300500.0000000000,530050.0000000000,5830550.0000000000,60롤, , 
20211029,파워엠팩,PP,PP12MPP12M／M11KG(은회색),1974.0000000000,KG,2362.5000000000,0.0000000000,4404600.0000000000,440460.0000000000,4845060.0000000000,50롤,다오, 
20211030,KONZ TRADING LTD.,PP,"15 x 2,500M 0.64T15 x 2,500M 0.64T 청색",7526.0000000000,KG,2450.8753488372,18074.0000000000,21177306.0000000000,0.0000000000,21177306.0000000000, , ,KONZDAN202129
20211031,POWERPAK,PP,PP 12MM12MMx1000Mx0.50MM Grey,20317.8000000000,KG,1272.8808377185,44149.0800000000,51729477.0000000000,0.0000000000,51729477.0000000000,4500, ,53852
2021/10  계,,,,223787.94,,177981.6121552273,2044178.68,491014817,18866317,509881134,,,
20211101,합동포장기계,PP,PP12MPP12M／M12.5KG (황),6556.0000000000,KG,9742.5000000000,0.0000000000,14474000.0000000000,1447400.0000000000,15921400.0000000000,50롤, , 
20211102,광림파워팩,PP,PP15MPP15M／M13KG(황),49576.3000000000,KG,2754.8907234231,30038.8800000000,59905285.0000000000,718519.0000000000,60623804.0000000000,40롤, , 
20211103,동원팩,PE,PE28mm 2kgPE28M／M(백)2KG,3965.0000000000,KG,2278.5714285714,0.0000000000,8571750.0000000000,857175.0000000000,9428925.0000000000,20박스, , 
20211104,광림파워팩,PP,PP6MMPP6M／M10KG(백),15649.0000000000,KG,4630.7453416149,0.0000000000,32767550.0000000000,2741660.0000000000,35509210.0000000000,180롤(0.65T), , 
20211105,삼원산업,PP,PP15MPP15MM*10KG(황색),13192.8600000000,KG,1523.4728167690,1860931.0000000000,33453795.0000000000,1416450.0000000000,34870245.0000000000,50롤(0.8T), , 
20211108,대상산업,PE,"PE28mm, 6KGPE28M／M(백)6KG",10189.0000000000,KG,2591.4285714286,0.0000000000,19031500.0000000000,187810.0000000000,19219310.0000000000,5박스(24kg), , 
20211109,동원팩,PE,PE28mm 2kgPE28M／M(백)2KG,7466.0000000000,KG,7765.5000000000,0.0000000000,13214600.0000000000,1321460.0000000000,14536060.0000000000,20박스, , 
20211110,진송팩,PE,PE28mm 2kgPE28M／M(백)2KG,72378.8000000000,KG,5320.7506379521,160063.6400000000,222682324.0000000000,2723878.0000000000,225406202.0000000000,50박스, , 
20211111,강원농협연합포장재가공사업소,PP,PP12MPP12M／M12.5KG (황),5766.0000000000,KG,25506.9230769231,0.0000000000,12437100.0000000000,1243710.0000000000,13680810.0000000000,300롤, , 
20211112,우선산업,PE,PE 결속끈PE#50 (백) 5500m 5KG,24003.0000000000,KG,4819.4139929230,39707.4200000000,62545131.0000000000,969740.0000000000,63514871.0000000000,50박스, , 
20211115,신광포장기계,PP,PP15MPP15M／M10KG(투명),6879.0000000000,KG,12759.1836734694,0.0000000000,13507100.0000000000,375395.0000000000,13882495.0000000000,48롤,한국삼공익산공장, 
20211116,(주)금성칼라팩,PP,PP7MPP7M10KG백색,13025.0000000000,KG,6746.6666666667,0.0000000000,29277800.0000000000,2927780.0000000000,32205580.0000000000,128롤, , 
20211117,(주)삼화인쇄,PP,PP10.5MPP10.5M10KG투명,8695.0000000000,KG,5204.5238095238,0.0000000000,18181280.0000000000,906500.0000000000,19087780.0000000000,100롤(평판지하B판), , 
20211118,금산포장,상품,PP15MPP15M／M10KG(백색),2020.0000000000,KG,2212.5000000000,0.0000000000,4238000.0000000000,423800.0000000000,4661800.0000000000,"""DHF OFFICE FURNITURE SYSTEM"" 청색인쇄/0.65t", , 
20211119,경인팩,PP,PP15MPP15M／M9.5KG(적색),4644.0000000000,KG,1922.7272727273,0.0000000000,9288300.0000000000,572100.0000000000,9860400.0000000000,100롤,배추끈, 
20211120,동원팩,PP,PP6MMPP6M／M10KG(백),1174.0000000000,KG,2483.3333333333,0.0000000000,2996500.0000000000,299650.0000000000,3296150.0000000000,29롤, , 
20211122,신우교역,상품,스트레치필름(일반 핸드랩)18*500mm*350m,2632.0000000000,박스,4341.6666666667,0.0000000000,6672200.0000000000,667220.0000000000,7339420.0000000000,48박스,대복식품, 
20211123,(주)영화수출포장,PE,PE 결속끈PE#50 (백) 5500m 5KG,15831.0000000000,KG,2450.0000000000,0.0000000000,20932500.0000000000,2093250.0000000000,23025750.0000000000,30박스, , 
20211124,유일,PE,PE28mm 2kgPE28M／M(백)2KG,2560.0000000000,KG,2650.0000000000,0.0000000000,6784000.0000000000,678400.0000000000,7462400.0000000000,128박스,POWER:64 무지:64, 
20211125,신한포장기계(주),PE,PE28mm 2kgPE28M／M(백)2KG,2280.0000000000,KG,3610.0000000000,0.0000000000,6429000.0000000000,642900.0000000000,7071900.0000000000,50박스, , 
20211126,파코팩(PACO PACK),PP,PP6MMPP6M／M10KG(백),6450.0000000000,KG,79572.3076923077,0.0000000000,16080800.0000000000,1608080.0000000000,17688880.0000000000,108롤, , 
20211127,RLBUTTON,PP,"12 x 3,000M 0.63T12x3,000M0.63TBLUE",7348.4000000000,KG,4.5245771757,14208.3800000000,16903710.0000000000,0.0000000000,16903710.0000000000,B100300, ,519599 (CH)
20211129,동원팩,PP,PP6MMPP6M／M10KG(백),2227.0000000000,KG,7687.5000000000,0.0000000000,5177600.0000000000,517760.0000000000,5695360.0000000000,80롤, , 
20211130,천일포장,PP,PP6MMPP6M／M10KG(백),25762.4000000000,KG,2089.5330241921,21252.5400000000,57972632.0000000000,1549440.0000000000,59522072.0000000000,128롤, , 
2021/11  계,,,,310269.76,,200668.6633056679,2126201.86,693524457,26890077,720414534,,,
20211201,한남포장기계,PP,PP12MPP12MM / 9.5KG(황),27177.0000000000,KG,2053.3246141215,0.0000000000,36404750.0000000000,2973200.0000000000,39377950.0000000000,50롤, , 
20211202,한남포장기계,PP,PP12MPP12MM / 9.5KG(황),17315.0000000000,KG,7520.9656084656,0.0000000000,34063350.0000000000,1869358.0000000000,35932708.0000000000,100롤,월드피에이디, 
20211203,서흥포장 주식회사,상품,자동밴딩기850*600(380V),2201.0000000000,대,476987.5000000000,0.0000000000,7745000.0000000000,774500.0000000000,8519500.0000000000, , , 
20211204,동원팩,PP,PP6MMPP6M／M10KG(백),700.0000000000,KG,2516.6666666667,0.0000000000,1611000.0000000000,161100.0000000000,1772100.0000000000,40롤, , 
20211206,합동포장기계,PP,PP12MPP12M／M12.5KG (황),11744.2000000000,KG,3221.4330720093,1890670.0000000000,34771826.0000000000,1505800.0000000000,36277626.0000000000,180롤, , 
20211207,(주)낙원포장,PE,PE28mm 2kgPE28M／M(백)2KG,3182.0000000000,KG,13178.7500000000,0.0000000000,7286800.0000000000,728680.0000000000,8015480.0000000000,30박스,power, 
20211208,금산포장,PE,PE28mm 2kgPE28M／M(백)2KG,8161.0000000000,KG,4279.0476190476,0.0000000000,17895450.0000000000,1140600.0000000000,19036050.0000000000,30박스, , 
20211209,보우팩,PE,"PE28mm, 6KGPE28M／M(백)6KG",12134.0000000000,KG,2237.7551020408,0.0000000000,26325200.0000000000,1767260.0000000000,28092460.0000000000,48박스, , 
20211210,파코팩(PACO PACK),PP,PP펄렛PP펄렛,21862.0000000000,KG,2075.3968253968,0.0000000000,29388400.0000000000,2096350.0000000000,31484750.0000000000,마대무게 감량, , 
20211213,HIGHGATE DISTRIBUTION,PP,PP19M HD BlackPP19M／M*1000M1.0TBlack,23449.6000000000,KG,2187.6498899416,45065.4400000000,59326102.0000000000,623000.0000000000,59949102.0000000000,50030, ,92599(92585)
20211214,신광포장기계,PP,PP15MPP15MM*10KG(황색),9703.0000000000,KG,2128.6772486773,0.0000000000,19071350.0000000000,1013700.0000000000,20085050.0000000000,100롤(0.65T), , 
20211215,동방포장기자재,PP,PP12MPP12M／M12KG(청색),2700.0000000000,KG,2253.3333333333,0.0000000000,5947000.0000000000,594700.0000000000,6541700.0000000000,50롤(0.63T), , 
20211216,주식회사 인선,PP,PP6MMx5100MX0.5T 10kg 백core 200*186*8T 롤랩핑,20940.0000000000,kg,12694.4285714286,0.0000000000,40880300.0000000000,519625.0000000000,41399925.0000000000,1280롤, , 
20211217,백암지관공업사,PP,PP12MPP12M／M11KG(청),8540.0000000000,KG,1600.5866666667,11968.0000000000,18214128.0000000000,405000.0000000000,18619128.0000000000,8롤, , 
20211219,CYKLOP PACKAGING SYSTEMS PTY LTD.,PP,"12 x 3,000M 0.65T12x3,000M0.65T CLEAR",38850.4000000000,KG,558.0350331297,83236.9200000000,98510894.0000000000,0.0000000000,98510894.0000000000,0123P12DSC, ,16291
20211220,파워엠팩,PP,PP10.5MPP10.5M10KG투명,1060.0000000000,KG,2100.0000000000,0.0000000000,2130000.0000000000,213000.0000000000,2343000.0000000000,32롤,k2, 
20211221,(주)낙원포장,PP,PP6MMPP6M/M12.5KG(백),13149.0000000000,KG,9379.2307692308,0.0000000000,29862950.0000000000,2986295.0000000000,32849245.0000000000,640롤, , 
20211222,보우팩,PP,PP6MMPP6M／M10KG(백),5979.0000000000,KG,2816.3636363636,0.0000000000,13288600.0000000000,1328860.0000000000,14617460.0000000000,200롤,파란밴딩, 
20211223,주식회사 인선,PP,PP12MPP12M／M10KG(투명),14414.0000000000,KG,6217.8571428571,0.0000000000,31977400.0000000000,2082460.0000000000,34059860.0000000000,612롤, , 
20211224,파워엠팩,PP,PP12MPP12M／M10KG(연두),23105.0000000000,KG,1930.3761699802,0.0000000000,44055000.0000000000,641700.0000000000,44696700.0000000000,100롤(0.75T), , 
20211225,동원팩,PP,PP6MMPP6M／M10KG(백),938.0000000000,KG,2533.3333333333,0.0000000000,2274500.0000000000,227450.0000000000,2501950.0000000000,45롤, , 
20211227,동원팩,PE,PE28mm 2kgPE28M／M(백)2KG,705.0000000000,KG,3383.3333333333,0.0000000000,1972000.0000000000,197200.0000000000,2169200.0000000000,30박스, , 
20211228,경인팩,PE,PE28mm 2kgPE28M／M(백)2KG,9200.0000000000,KG,11789.4117647059,0.0000000000,15856100.0000000000,1585610.0000000000,17441710.0000000000,32박스, , 
20211229,전주삼신산업,PP,PP9MMPP9M／M10KG(황),13867.6000000000,KG,3735.1038166845,19581.4100000000,34868960.0000000000,1163170.0000000000,36032130.0000000000,20롤,대신택배, 
20211230,광림포장기계,PP,PP15MPP15M／M13KG(황),5967.0000000000,KG,2441.1764705882,0.0000000000,12358550.0000000000,1235855.0000000000,13594405.0000000000,40롤, , 
20211231,경인팩,PP,PP6MMPP6M／M10KG(백),2564.0000000000,KG,3386.6666666667,0.0000000000,5348800.0000000000,534880.0000000000,5883680.0000000000,128롤(0.6T),대구한국포장, 
2021/12  계,,,,299607.8,,585206.4033546691,2050521.77,631434410,28369353,659803763,,,
20220103,동원팩,PE,"PE28mm, 6KGPE28M／M(백)6KG",19655.5600000000,KG,4600.0028803717,1771712.0000000000,45237385.0000000000,808540.0000000000,46045925.0000000000,30박스, , 
20220104,광림포장기계,PP,PP12MPP12mm*0.72T*2800m 12.5KG(투명),12609.0000000000,KG,2287.7551020408,0.0000000000,23260100.0000000000,458870.0000000000,23718970.0000000000,80롤, , 
20220105,주식회사 에이스팩,상품,스트레치필름(일반 핸드랩)25*500mm*300m,11821.0000000000,롤,5753.3613445378,0.0000000000,23578000.0000000000,1390075.0000000000,24968075.0000000000,25박스,미트맵 직납, 
20220106,제일산업(주)안성공장,PE,PE 결속끈PE#50 (백) 5500m 5KG,8790.0000000000,KG,4098.6507936508,0.0000000000,19827530.0000000000,1345400.0000000000,21172930.0000000000,"75박스 300롤(14,000원/롤)", , 
20220107,호성수출포장,PE,PE28mm 2kgPE28M／M(백)2KG,18548.5000000000,KG,2852.0000000000,0.0000000000,9160300.0000000000,916030.0000000000,10076330.0000000000,20박스, , 
20220108,신광포장기계,PP,PP15MPP15M／M12KG (황색),1300.0000000000,KG,1800.0000000000,0.0000000000,2340000.0000000000,234000.0000000000,2574000.0000000000,50롤, , 
20220110,경인팩,PE,PE28mm 2kgPE28M／M(백)2KG,17301.0000000000,KG,2269.7478991597,0.0000000000,35237500.0000000000,1565530.0000000000,36803030.0000000000,70박스(24kg),대구한국포장, 
20220111,삼원산업,PP,PP15MPP15MM*10KG(황색),3305.0000000000,KG,3108.6353333333,0.0000000000,7007272.0000000000,700727.0000000000,7707999.0000000000,100롤(0.8T), , 
20220112,주식회사 광림파워팩,PP,PP9MMPP9M／M10KG(황),10427.0000000000,KG,2505.4545454545,0.0000000000,22180200.0000000000,2218020.0000000000,24398220.0000000000,64롤(0.75T), , 
20220113,동원팩,PP,PP6MMPP6M／M10KG(백),8735.0000000000,KG,5989.7380952381,0.0000000000,17344050.0000000000,853160.0000000000,18197210.0000000000,50롤, , 
20220114,(주)낙원포장,PP,PP6MMPP6M/M12.5KG(백),8000.0000000000,KG,2050.0000000000,0.0000000000,16400000.0000000000,1640000.0000000000,18040000.0000000000,640롤, , 
20220115,CYKLOP PACKAGING SYSTEMS PTY LTD.,PP,PP 11.5MM 2000M 0.75MM BLACK11.5mm 2000m 0.75mm Black Core 406mm,55991.5000000000,KG,584.2909287022,113949.6200000000,135394939.0000000000,0.0000000000,135394939.0000000000,0123DSBL406, ,16243
20220117,경인팩,PP,PP6MMPP6M／M10KG(백),9016.0000000000,KG,2555.3333333333,0.0000000000,20396600.0000000000,2039660.0000000000,22436260.0000000000,224롤, , 
20220118,(주)영화수출포장,PE,PE 결속끈PE#50 (백) 5500m 5KG,28969.0000000000,KG,1557.0086831934,36395.7800000000,62983289.0000000000,932600.0000000000,63915889.0000000000,30박스, , 
20220119,마도종합상사(주),PE,PE28mm 2kgPE28M／M(백)2KG,38433.1400000000,KG,4827.9593974619,49158.7100000000,86578357.0000000000,282055.0000000000,86860412.0000000000,2박스,대신화불착불, 
20220120,(주)낙원포장,PP,PP6MMPP6M／M10KG(황),7693.0000000000,KG,5068.7500000000,0.0000000000,18745200.0000000000,1874520.0000000000,20619720.0000000000,64롤, , 
20220121,신광포장기계,PP,PP15MPP15MM*10KG(황색),3362.0000000000,KG,12916.2500000000,0.0000000000,7395800.0000000000,739580.0000000000,8135380.0000000000,30롤(0.65T), , 
20220124,동방포장기자재,PP,PP15MPP15MM*10KG(황색),480.0000000000,KG,9750.0000000000,0.0000000000,1358000.0000000000,135800.0000000000,1493800.0000000000,13롤(0.65T), , 
20220125,광림포장기계,PP,PP12MPP12M／M12.5KG (황),12786.0000000000,KG,2122.5595238095,0.0000000000,25058900.0000000000,865990.0000000000,25924890.0000000000,40롤, , 
20220126,경인팩,PP,PP6MMPP6M／M10KG(백),15938.0000000000,KG,1992.3376623377,0.0000000000,31887300.0000000000,1480980.0000000000,33368280.0000000000,192롤,대구한국포장, 
20220127,경인팩,PP,PP6MMPP6M／M10KG(백),22120.0000000000,KG,7260.3401360544,0.0000000000,40917900.0000000000,375680.0000000000,41293580.0000000000,56롤,한미팜, 
20220128,(주)아이마켓코리아,PP,PP18MMx 21kg 삼성2300M두께0.80mm단중8.8g,4662.0000000000,KG,1754.2063492064,0.0000000000,8418230.0000000000,0.0000000000,8418230.0000000000,1롤,SEEG,3006869387
20220129,PUNCHBOWL,PP,PP19M HD BlackPP19M／M*1000M1.0TBlack,17489.8000000000,KG,1584.8684126984,43413.8800000000,52200849.0000000000,0.0000000000,52200849.0000000000,403301, ,311594
2022/01  계,,,,337432.5,,89289.2504205839,2014629.99,712907701,20857217,733764918,,,
20220203,광림포장기계,PP,PP12MPP12M／M12.5KG (황),16614.4000000000,KG,2254.1754434590,0.0000000000,33951900.0000000000,1325100.0000000000,35277000.0000000000,40롤, , 
20220204,진송팩,PE,PE28mm 2kgPE28M／M(백)2KG,8827.0000000000,KG,4547.4921288516,0.0000000000,14313730.0000000000,85000.0000000000,14398730.0000000000,10박스,안강육통상회, 
20220205,한남포장기계,PP,PP12MPP12MM / 9.5KG(황),1115.0000000000,KG,2450.0000000000,0.0000000000,2617000.0000000000,261700.0000000000,2878700.0000000000,50롤, , 
20220207,합동포장기계,PE,PE28mm 2kgPE28M／M(백)2KG,10064.0000000000,KG,2317.6470588235,0.0000000000,22612700.0000000000,2261270.0000000000,24873970.0000000000,40박스,kic박스, 
20220208,제이케이머티리얼즈(주)／순성공장,PP,PP18MPP18M／M10KG(황),9802.0000000000,KG,8282.0146520147,0.0000000000,18687100.0000000000,986660.0000000000,19673760.0000000000,128롤, , 
20220209,경인팩,PE,PE28mm 2kgPE28M／M(백)2KG,14170.1000000000,KG,1553.3431714149,1728595.0000000000,36908807.0000000000,1900160.0000000000,38808967.0000000000,64박스, , 
20220210,제일산업(주)안성공장,PP,PE 결속끈PE#50 (백) 5500m 5KG,3943.0000000000,KG,10116.6666666667,0.0000000000,10268700.0000000000,1026870.0000000000,11295570.0000000000,"50박스 200롤(14,000원/롤)", , 
20220211,주식회사 에이스팩,상품,스트레치필름(일반 핸드랩)25*500mm*300m,5677.0000000000,롤,12297.7678571429,0.0000000000,14994200.0000000000,861860.0000000000,15856060.0000000000,12박스,미트맵, 
20220214,제일포장(김해),PE,PE28mm 2kgPE28M／M(녹)2KG,20386.0000000000,KG,2469.5787545788,0.0000000000,39575770.0000000000,1530640.0000000000,41106410.0000000000,10박스,태화산업, 
20220215,신우교역,PE,스트레치필름(일반 핸드랩)18*500mm*350m,10406.0000000000,박스,6883.8095238095,0.0000000000,22106650.0000000000,1231555.0000000000,23338205.0000000000,48박스,대복식품, 
20220216,(주)디알젬 (구미공장지점),상품,피피클립19*28(2KG-삼성),61072.4000000000,ea,5015.6776180927,71583.9400000000,118063333.0000000000,1232440.0000000000,119295773.0000000000,5박스, , 
20220217,동원팩,PE,PE28mm 2kgPE28M／M(백)2KG,41095.0000000000,KG,5387.6448057401,80383.7000000000,105702251.0000000000,949100.0000000000,106651351.0000000000,30박스, , 
20220218,신대한판지(주),PP,PP12MPP12M／M12.5(백색),4650.0000000000,KG,2063.4285714286,0.0000000000,8835800.0000000000,671060.0000000000,9506860.0000000000,50롤(0.8T), , 
20220219,RLBUTTON,PP,PP19MPP19M／M*0.55T 1000M Blue,8256.8000000000,KG,4.4483709942,15037.6000000000,18001512.0000000000,0.0000000000,18001512.0000000000,B100450, ,522386 (AK)
20220221,동원팩,PP,PE28mm 2kgPE28M／M(황)2KG,9800.0000000000,KG,2425.0000000000,0.0000000000,20585000.0000000000,2058500.0000000000,22643500.0000000000,15박스, , 
20220222,파워엠팩,PP,PP12MPP12M／M10KG(연두),25645.9800000000,KG,2266.9439289578,27944.1700000000,55063535.0000000000,476240.0000000000,55539775.0000000000,100롤(0.75T), , 
20220223,우정사업본부,PE,PE28mm 2kg결속기끈1호,14766.0000000000,KG,2033.0663877551,0.0000000000,30947674.0000000000,2286431.0000000000,33234105.0000000000,1535롤, , 
20220224,신광포장기계,PP,PP15MPP15MM*10KG(황색),3438.0000000000,KG,5426.6666666667,0.0000000000,8254400.0000000000,825440.0000000000,9079840.0000000000,50롤(0.65T), , 
20220225,(주)디알젬 (구미공장지점),상품,피피클립19*28(2KG-삼성),16924.0000000000,ea,2301.5833333333,0.0000000000,25069200.0000000000,2506920.0000000000,27576120.0000000000,6박스, , 
20220228,(주)대일상사 (전주),PE,PE28mm 2kgPE28M／M(백)2KG,18034.8800000000,KG,1696.5209756098,1769496.0000000000,41169605.0000000000,424220.0000000000,41593825.0000000000,5박스,로젠택배 착불, 
2022/02  계,,,,304687.56,,81793.4759153399,3693040.41,647728867,22901166,670630033,,,
20220302,파워엠팩,PP,PP12MPP12M／M10KG(백),15515.0000000000,KG,2117.1988795518,0.0000000000,30090770.0000000000,1118040.0000000000,31208810.0000000000,60롤(0.75T),교원성수, 
20220303,신광포장기계,PP,PP15MPP15MM*10KG(황색),4554.0000000000,KG,12565.6802721088,0.0000000000,10529080.0000000000,1049780.0000000000,11578860.0000000000,15롤(0.8T), , 
20220304,신광포장기계,PE,PE28mm 2kgPE28M／M(백)2KG,1264.0000000000,KG,6461.0000000000,0.0000000000,6329800.0000000000,632980.0000000000,6962780.0000000000,15박스, , 
20220307,신광포장기계,PP,PP15MPP15MM*10KG(황색),24513.0000000000,KG,2249.2857142857,0.0000000000,34069590.0000000000,1786494.0000000000,35856084.0000000000,50롤(0.65T), , 
20220308,파코팩(PACO PACK),PP,PE 결속끈PE#50 (백) 5500m 5KG,11202.0000000000,KG,4048.0199107143,0.0000000000,20666400.0000000000,835980.0000000000,21502380.0000000000,25박스, , 
20220309,천일포장,PP,PP6MMPP6M／M10KG(백),6600.0000000000,KG,2322.0000000000,0.0000000000,15029600.0000000000,1502960.0000000000,16532560.0000000000,256롤, , 
20220310,신우교역,PP,PP12MPP12M／M10KG(황),13265.0000000000,KG,11676.2500000000,0.0000000000,29006400.0000000000,2900640.0000000000,31907040.0000000000,100롤(0.8T),한국스미더스, 
20220311,파워엠팩,PP,PP9MMPP9M／M11KG(은회색),10200.0000000000,KG,8854.9450549451,0.0000000000,21404100.0000000000,1495260.0000000000,22899360.0000000000,128롤,다오, 
20220314,주식회사 광림파워팩,PP,PP12MPP12M／M10KG(황),9820.0000000000,KG,1895.8333333333,0.0000000000,19116000.0000000000,1911600.0000000000,21027600.0000000000,64롤, , 
20220315,한남포장기계,PP,PP12MPP12MM / 9.5KG(황),6363.0000000000,KG,11698.5714285714,0.0000000000,15467800.0000000000,1546780.0000000000,17014580.0000000000,100롤,월드피에이디, 
20220316,하영종합상사,PE,PE28mm 2kgPE28M／M(백)2KG,35725.4000000000,KG,5637.2133838464,29969.1200000000,74482905.0000000000,1043960.0000000000,75526865.0000000000,10박스,로젠택배, 
20220317,(주)시몬사,PE,PE28mm 2kgPE28M／M(백)2KG,2271.0000000000,KG,2510.0000000000,0.0000000000,5364400.0000000000,536440.0000000000,5900840.0000000000,30박스(무지박스), , 
20220318,(주)삼화인쇄,PP,PP10.5MPP10.5M10KG투명,17769.0000000000,KG,2470.5102040816,0.0000000000,34233750.0000000000,1476540.0000000000,35710290.0000000000,100롤(평판지하B판), , 
20220319,동원팩,PP,PP6MMPP6M／M10KG(백),29419.6400000000,KG,1771.9172252114,65588.1200000000,84381859.0000000000,432500.0000000000,84814359.0000000000,50롤, , 
20220321,민건 이에이,PP,PP12MPP12M／M10KG(황),2120.0000000000,KG,2080.0000000000,0.0000000000,4056000.0000000000,405600.0000000000,4461600.0000000000,100롤(0.8T), , 
20220322,파워엠팩,PP,PP6MMPP6M／M10KG(백),6551.0000000000,KG,8041.6666666667,0.0000000000,14060400.0000000000,1406040.0000000000,15466440.0000000000,63롤, , 
20220323,진송팩,PE,PE28mm 2kgPE28M／M(백)2KG,14568.0000000000,KG,31933.0324303181,17268.7200000000,38518694.0000000000,740650.0000000000,39259344.0000000000,50박스, , 
20220324,보우팩,PP,PP6MMPP6M／M10KG(백),6974.0000000000,KG,2773.3333333333,0.0000000000,16388400.0000000000,1638840.0000000000,18027240.0000000000,200롤,파란밴딩, 
20220325,삼원산업,PP,PP12MPP12M／M12KG(투명),3962.0000000000,KG,10782.8571428571,0.0000000000,7525800.0000000000,752580.0000000000,8278380.0000000000,50롤, , 
20220326,대상산업,PE,PE28mm 2kgPE28M／M(백)2KG,720.0000000000,KG,2800.0000000000,0.0000000000,2016000.0000000000,201600.0000000000,2217600.0000000000,30박스(24kg), , 
20220328,금산포장,PE,PE28mm 2kgPE28M／M(백)2KG,6454.0000000000,KG,2516.6666666667,0.0000000000,16120600.0000000000,1612060.0000000000,17732660.0000000000,30박스, , 
20220329,강원농협연합포장재가공사업소,PP,PP12MPP12M／M12.5KG (황),5721.0000000000,KG,2447.1428571429,0.0000000000,11244400.0000000000,1124440.0000000000,12368840.0000000000,300롤, , 
20220330,광림포장기계,PP,PP12MPP12M／M12.5KG (황),10167.0000000000,KG,295278.0952380952,0.0000000000,27099600.0000000000,2709960.0000000000,29809560.0000000000,40롤, , 
20220331,경인팩,PE,PE28mm 2kgPE28M／M(백)2KG,6318.0000000000,KG,2037.6870748299,0.0000000000,13506730.0000000000,865580.0000000000,14372310.0000000000,64박스,광주천일포장, 
2022/03  계,,,,252036.04,,436968.9068165597,112825.96,550709078,29727304,580436382,,,
20220401,합동포장기계,PP,PP12MPP12M／M12.5KG (황),12061.0000000000,KG,3340.7665578231,0.0000000000,26869513.0000000000,2030415.0000000000,28899928.0000000000,40롤, , 
20220404,신광포장기계,PP,PP15MPP15MM*10KG(황색),7666.0000000000,KG,3718.7500000000,0.0000000000,16638500.0000000000,1663850.0000000000,18302350.0000000000,100롤(0.65T), , 
20220405,광림포장기계,PP,PP12MPP12M／M12.5KG (황),5482.0000000000,KG,6884.3750000000,0.0000000000,11408900.0000000000,1140890.0000000000,12549790.0000000000,120롤, , 
20220406,합동포장기계,PP,PP12MPP12M／M12.5KG (황),5252.0000000000,KG,34354.1666666667,0.0000000000,11739500.0000000000,1173950.0000000000,12913450.0000000000,220롤, , 
20220407,"주식회사 오비아이(OBI co.,Ltd.)",PE,PE28mm 2kgPE28M／M(백)2KG,34310.6000000000,KG,6098.2606492608,79577.3200000000,123503410.0000000000,887200.0000000000,124390610.0000000000,24박스, , 
20220408,(주)영화수출포장,PE,PE 결속끈PE#50 (백) 5500m 5KG,21742.0000000000,KG,2629.6258503402,0.0000000000,40999050.0000000000,542380.0000000000,41541430.0000000000,30박스, , 
20220409,동원팩,PE,PE28mm 2kgPE28M／M(백)2KG,7912.4400000000,KG,1159.0595652895,1711294.0000000000,22045337.0000000000,524950.0000000000,22570287.0000000000,35박스, , 
20220410,NORTH SHORE,PP,PP 12MM12MM 2743M 0.56MM Black (8x8),25855.6000000000,KG,3419.7923468979,87900.2400000000,107589893.0000000000,0.0000000000,107589893.0000000000,LD50906, ,VK-13122_1
20220411,경인팩,PE,PE28mm 2kgPE28M／M(백)2KG,16584.0000000000,KG,9213.7432467533,0.0000000000,31317890.0000000000,1157700.0000000000,32475590.0000000000,128박스, , 
20220412,보우팩,PP,PP12MPP12M／M12.5KG (황),9502.0000000000,KG,7262.7272727273,0.0000000000,20173800.0000000000,2017380.0000000000,22191180.0000000000,80롤, , 
20220413,신광포장기계,PP,PP12MPP12M／M10KG(황),23618.7000000000,KG,3942.3222717695,15568.3200000000,52721815.0000000000,1507095.0000000000,54228910.0000000000,50롤(0.65T), , 
20220414,(주)낙원포장,PP,PP6MMPP6M/M12.5KG(백),13312.0000000000,KG,23845.0000000000,0.0000000000,29133000.0000000000,2913300.0000000000,32046300.0000000000,640롤, , 
20220415,금산포장,PE,PE28mm 2kgPE28M／M(백)2KG,20528.0000000000,KG,10244.7368421053,0.0000000000,13033200.0000000000,1303320.0000000000,14336520.0000000000,30박스, , 
20220418,경인팩,PP,PP6MMPP6M／M10KG(백),5262.0000000000,KG,3021.6666666667,0.0000000000,12678450.0000000000,1267845.0000000000,13946295.0000000000,168롤, , 
20220419,삼원포장산업,PE,PE28mm 2kgPE28M／M(백)2KG,6531.0000000000,KG,2972.2222222222,0.0000000000,13563400.0000000000,1356340.0000000000,14919740.0000000000,20 Kg / 10 박스, , 
20220420,파워엠팩,PP,PP10.5MPP10.5M10KG(청),11624.0000000000,KG,1954.6938775510,0.0000000000,21290330.0000000000,227600.0000000000,21517930.0000000000,50롤,동아출판, 
20220421,한남포장기계,PP,PP12MPP12MM / 9.5KG(황),28524.6000000000,KG,7772.3195084485,50264.0000000000,85009594.0000000000,2282800.0000000000,87292394.0000000000,100롤,월드피에이디, 
20220422,동방포장기자재,PP,PP12MPP12M／M10KG(황),8799.0000000000,KG,14171.3553113553,0.0000000000,17321330.0000000000,1093860.0000000000,18415190.0000000000,200롤(0.65T),무지패드, 
20220423,POWERPAK,PP,PP 12MM12MMx1000Mx0.50MM Grey,20578.0000000000,KG,2101.3095811052,45127.4000000000,55795518.0000000000,0.0000000000,55795518.0000000000,4500, ,56765
20220425,삼보팩,PP,PP12MPP12M／M10KG(황),7906.0000000000,KG,2618.1818181818,0.0000000000,18245200.0000000000,1824520.0000000000,20069720.0000000000,100롤(0.8T), , 
20220426,(주)삼화인쇄,PP,PP12MPP12M／M10KG(백),8286.0000000000,KG,44584.4444444444,0.0000000000,17914600.0000000000,1791460.0000000000,19706060.0000000000,100롤(제책3층), , 
20220427,신대한판지(주),상품,밴딩기부품밴딩기 아치,16692.0600000000,ea,24781.1510598142,1670091.0000000000,40969458.0000000000,2455380.0000000000,43424838.0000000000, , , 
20220428,민건 이에이,PP,PP12MPP12M／M10KG(황),2499.0000000000,KG,8278.0000000000,0.0000000000,9176100.0000000000,917610.0000000000,10093710.0000000000,100롤(0.8T), , 
20220429,신광포장기계,PP,PP15MPP15M／M12KG (황색),30440.0000000000,KG,101907.1428571429,0.0000000000,46961050.0000000000,3865000.0000000000,50826050.0000000000,50롤(0.65T), , 
20220430,동원팩,PE,PE28mm 2kgPE28M／M(백)2KG,19010.3600000000,KG,2569.2867870117,51981.6800000000,71032545.0000000000,504700.0000000000,71537245.0000000000,30박스, , 
2022/04  계,,,,369978.36,,332845.1004035775,3711803.96,917131383,34449545,951580928,,,
20220502,천일포장,PP,PP6MMPP6M／M10KG(백),12851.0000000000,KG,9349.5464852608,0.0000000000,28071250.0000000000,1986600.0000000000,30057850.0000000000,256롤, , 
20220503,(주)태광피엔에스,상품,PP12MPP12M／M9KG(자동용인쇄밴드),11183.0000000000,KG,126566.6878306878,0.0000000000,21991792.0000000000,213588.0000000000,22205380.0000000000,36롤, , 
20220504,주식회사 되살림패키지,PP,PP12MPP12M／M10KG(백),8182.0000000000,KG,145050.8928571429,0.0000000000,20530750.0000000000,1552135.0000000000,22082885.0000000000,32롤(0.65T), , 
20220505,신광포장기계,PP,PP15MPP15M／M10KG(백색),44906.7000000000,KG,1564.4810492611,87784.7900000000,120385310.0000000000,927610.0000000000,121312920.0000000000,50롤(0.65T), , 
20220506,합동포장기계,PP,PP12MPP12M／M12.5KG (황),5220.0000000000,KG,2357.1428571429,0.0000000000,12092000.0000000000,1209200.0000000000,13301200.0000000000,200롤, , 
20220507,HIGHGATE DISTRIBUTION,PP,PP 12MM12MMx1000Mx0.55MM Blue,21295.4000000000,KG,2001.3559886500,44282.0500000000,55875090.0000000000,0.0000000000,55875090.0000000000,50005, ,93621
20220509,(주)태양지대,PE,"PE28mm, 6KGPE28M／M(백)6KG",3430.0000000000,KG,2683.3333333333,0.0000000000,8984000.0000000000,898400.0000000000,9882400.0000000000,20박스, , 
20220510,동원팩,PE,"PE28mm, 6KGPE28M／M(백)6KG",4109.0000000000,KG,8718.6666666667,0.0000000000,10825000.0000000000,1082500.0000000000,11907500.0000000000,20박스, , 
20220511,주식회사 대원포장기계,상품,PE28mm 2kgPE28M／M(백)2KG,7352.0000000000,KG,2860.0000000000,0.0000000000,19820800.0000000000,1982080.0000000000,21802880.0000000000,20박스(대구-대신화물착불), , 
20220512,경인팩,PE,"PE28mm, 6KGPE28M／M(백)6KG",6717.0000000000,KG,6875.3333333333,0.0000000000,17787600.0000000000,1778760.0000000000,19566360.0000000000,12박스,담양실업, 
20220513,신우교역,PP,PP12MPP12M／M10KG(황),14980.0000000000,KG,18196.7692063492,0.0000000000,18832390.0000000000,1048000.0000000000,19880390.0000000000,100롤(0.8T),한국스미더스, 
20220516,신대한판지(주),PP,PP9MMPP9M／M9.5KG(백색),127.0000000000,kg,17000.0000000000,0.0000000000,2159000.0000000000,215900.0000000000,2374900.0000000000,"100롤( @17,000/롤)", , 
20220517,주식회사 삼성종합포장,PE,PE28mm 2kgPE28M／M(백)2KG,5112.0000000000,KG,7627.1428571429,0.0000000000,13283100.0000000000,1328310.0000000000,14611410.0000000000,20박스,kic 박스, 
20220518,동원팩,PP,PP6MMPP6M／M10KG(백),11700.3000000000,KG,7106.7368594100,0.0000000000,27846280.0000000000,2001670.0000000000,29847950.0000000000,150롤, , 
20220519,신광포장기계,PP,PP15MPP15M／M10KG(투명),10025.0000000000,KG,8134.1666666667,0.0000000000,19500600.0000000000,644580.0000000000,20145180.0000000000,48롤,한국삼공익산공장, 
20220520,광림포장기계,PP,PP12MPP12mm*0.72T*2800m 12.5KG(투명),16737.6200000000,KG,1550.7418401803,31743.6000000000,44975393.0000000000,451500.0000000000,45426893.0000000000,40롤, , 
20220522,KOMERI,PP,15 x 100M 0.55T15x100M0.55T자색,6052.4400000000,KG,342.1142082849,1735044.0000000000,17308972.0000000000,0.0000000000,17308972.0000000000,4920501073173, ,PUS220224903
20220523,(주)낙원포장,PP,PP6MMPP6M/M12.5KG(백),8720.0000000000,KG,2675.0000000000,0.0000000000,20232000.0000000000,2023200.0000000000,22255200.0000000000,640롤, , 
20220524,강원농협연합포장재가공사업소,PP,PP12MPP12M／M12.5KG (황),30810.0000000000,KG,2190.0000000000,0.0000000000,48857000.0000000000,4885700.0000000000,53742700.0000000000,300롤, , 
20220525,보우팩,PP,PP6MMPP6M／M10KG(적),4404.0000000000,KG,2775.0000000000,0.0000000000,10789200.0000000000,1078920.0000000000,11868120.0000000000,100롤,파란밴딩, 
20220526,(주)아이마켓코리아,PP,PP18MM*21kg 삼성 recycle2300M두께0.80mm단중8.8g,8187.0000000000,KG,8274.4444444445,0.0000000000,19208830.0000000000,950030.0000000000,20158860.0000000000,255롤,SAMEX-CTV,3013407714
20220527,주신산업,상품,PE28mm 2kgPE28M／M(백)2KG,7271.0000000000,KG,3004.6666666667,0.0000000000,14570530.0000000000,486200.0000000000,15056730.0000000000,1박스,김지영, 
20220530,경인팩,PE,"PE28mm, 6KGPE28M／M(백)6KG",1585.0000000000,KG,13016.6666666667,0.0000000000,4143200.0000000000,414320.0000000000,4557520.0000000000,16박스,스카이세븐, 
20220531,주식회사 에이스팩,PP,스트레치필름(일반 핸드랩)25*500mm*300m,202.0000000000,롤,17866.2500000000,0.0000000000,1305500.0000000000,130550.0000000000,1436050.0000000000,25박스,미트맵, 
2022/05  계,,,,251159.46,,417787.1398172907,1898854.44,579375587,27289753,606665340,,,
20220601,파코팩(PACO PACK),상품,PE28mm 2kgPE28M／M(백)2KG,640.0000000000,KG,3050.0000000000,0.0000000000,1952000.0000000000,195200.0000000000,2147200.0000000000,32박스, , 
20220602,백암지관공업사,PP,PP12MPP12M／M10KG(황),10364.0000000000,KG,1885.8333333334,0.0000000000,18833800.0000000000,42000.0000000000,18875800.0000000000,20롤, , 
20220603,경인팩,PE,PE28mm 2kgPE28M／M(백)2KG,1541.0000000000,KG,15270.0000000000,0.0000000000,4342000.0000000000,434200.0000000000,4776200.0000000000,20박스,설악농장계란유통센터, 
20220607,경인두채영농조합법인,PP,PP12MPP12M／M10KG(황),7684.0000000000,KG,2530.0000000000,0.0000000000,18357700.0000000000,1835770.0000000000,20193470.0000000000,56롤(0.8T), , 
20220608,주식회사청아판지팩,PE,PE28mm 2kgPE28M／M(백)2KG,6690.0000000000,KG,5378.6666666667,0.0000000000,18559200.0000000000,1855920.0000000000,20415120.0000000000,8박스,kic박스/로젠택배착불, 
20220609,(주)낙원포장,PP,PP6MMPP6M／M10KG(황),5330.0000000000,KG,2275.9255555556,0.0000000000,11960000.0000000000,1196000.0000000000,13156000.0000000000,128롤, , 
20220610,삼원산업,PP,PP15MPP15MM*10KG(황색),6754.0000000000,KG,2162.3129251701,0.0000000000,13629430.0000000000,1006879.0000000000,14636309.0000000000,200롤(0.8T), , 
20220613,경인산업,PP,PP12MPP12M／M10KG(백),17776.0000000000,KG,1925.9207738095,0.0000000000,32446090.0000000000,598000.0000000000,33044090.0000000000,56롤(0.75T), , 
20220614,주신산업,PE,PE28mm 2kgPE28M／M(백)2KG,4959.0000000000,KG,6916.4285714286,0.0000000000,11080350.0000000000,1108035.0000000000,12188385.0000000000,2박스,김완기, 
20220615,서윤상사,PE,PE28mm 2kgPE28M／M(백)2KG,4776.0000000000,KG,21722.5000000000,0.0000000000,13517400.0000000000,1351740.0000000000,14869140.0000000000,24박스,제주도/유진, 
20220616,주)대성씨앤씨,상품,스트레치필름(일반 기계랩)20*500mm*1400m,1015.0000000000,박스,7988.4444444444,0.0000000000,4540120.0000000000,454012.0000000000,4994132.0000000000,50박스, , 
20220617,동원팩,PE,"PE28mm, 6KGPE28M／M(백)6KG",6018.0000000000,KG,2663.3333333333,0.0000000000,15513800.0000000000,1551380.0000000000,17065180.0000000000,20박스, , 
20220620,파워엠팩,PP,PP12MPP12M／M10KG(검정),2560.0000000000,KG,2125.0000000000,0.0000000000,5404000.0000000000,540400.0000000000,5944400.0000000000,200롤(0.75T), , 
20220621,경인팩,PE,PE28mm 2kgPE28M／M(백)2KG,6504.0000000000,KG,2707.6923076923,0.0000000000,15428800.0000000000,1542880.0000000000,16971680.0000000000,64박스, , 
20220622,주신산업,PP,PE28mm 2kgPE28M／M(백)2KG,17305.8400000000,KG,595.9763597322,33752.9000000000,43631893.0000000000,7040.0000000000,43638933.0000000000,1박스,최용진, 
20220623,(주)낙원포장,PP,PP6MMPP6M/M12.5KG(백),9307.0000000000,KG,2790.0000000000,0.0000000000,21942100.0000000000,2194210.0000000000,24136310.0000000000,640롤, , 
20220624,파워엠팩,PP,PP6MMPP6M／M10KG(백),28066.9000000000,KG,988.0688512154,57998.7800000000,79311015.0000000000,387200.0000000000,79698215.0000000000,100롤, , 
20220627,민건 이에이,PP,PP12MPP12M／M12.5KG (투명),2757.0000000000,KG,10528.1818181818,0.0000000000,6505250.0000000000,650525.0000000000,7155775.0000000000,50롤, , 
20220628,금산포장,PE,PE28mm 2kgPE28M／M(백)2KG,1842.0000000000,KG,3272.2222222222,0.0000000000,5720800.0000000000,572080.0000000000,6292880.0000000000,30박스, , 
20220629,파워엠팩,PP,PP12MPP12M／M10KG(백),1100.0000000000,KG,2250.0000000000,0.0000000000,2460000.0000000000,246000.0000000000,2706000.0000000000,60롤(0.8T),교원성수, 
20220630,(주)낙원포장,PE,PE28mm 2kgPE28M／M(백)2KG,80.0000000000,KG,3250.0000000000,0.0000000000,260000.0000000000,26000.0000000000,286000.0000000000,4박스,power, 
2022/06  계,,,,143069.74,,102276.5071627855,91751.68,345395748,17795471,363191219,,,
20220701,주)대성씨앤씨,상품,스트레치필름(기능 핸드랩)15*500mm*400m,34321.0000000000,롤,118199.4246031746,0.0000000000,37310650.0000000000,2933310.0000000000,40243960.0000000000,"40박스(박스당 38,400원)", , 
20220702,제이케이머티리얼즈(주)／순성공장,PP,PP18MPP18M／M10KG(황),1280.0000000000,KG,1960.0000000000,0.0000000000,2508800.0000000000,250880.0000000000,2759680.0000000000,128롤(원료1460원+500원), , 
20220704,주식회사 광림파워팩,PP,PP6MMPP6M／M10KG(백),6639.0000000000,KG,2626.4705882353,0.0000000000,16126700.0000000000,1612670.0000000000,17739370.0000000000,150롤(0.6~0.65T), , 
20220705,전주삼신산업,PE,PE28mm 2kgPE28M／M(백)2KG,7911.0000000000,KG,2159.0873015873,0.0000000000,17252570.0000000000,1211090.0000000000,18463660.0000000000,20박스,대신택배, 
20220706,합동포장기계,PP,PP12MPP12M／M12.5KG (황),5413.0000000000,KG,18175.5555555556,0.0000000000,12561600.0000000000,1256160.0000000000,13817760.0000000000,200롤, , 
20220707,주식회사 에이스팩,상품,스트레치필름(일반 기계랩)25*500mm*1400m,1750.0000000000,롤,17583.3333333333,0.0000000000,7486000.0000000000,748600.0000000000,8234600.0000000000,20박스,코미팜, 
20220708,신광포장기계,PP,PP15MPP15MM*10KG(황색),1662.0000000000,KG,18456.0000000000,0.0000000000,3562800.0000000000,356280.0000000000,3919080.0000000000,50롤(0.65T), , 
20220709,강원농협연합포장재가공사업소,PP,PP12MPP12M／M12.5KG (황),651.0000000000,KG,18376.6666666667,0.0000000000,1805000.0000000000,180500.0000000000,1985500.0000000000,20롤, , 
20220711,강원농협연합포장재가공사업소,PP,PP12MPP12M／M12.5KG (황),21465.6000000000,KG,12036.0337797619,41530.8400000000,62126020.0000000000,816500.0000000000,62942520.0000000000,280롤, , 
20220712,광림포장기계,PP,PP9MMPP9M／M10KG(황),8446.0000000000,KG,2532.1428571429,0.0000000000,20185400.0000000000,2018540.0000000000,22203940.0000000000,64롤(0.75T), , 
20220713,한남포장기계,PP,PP12MPP12MM / 9.5KG(황),3730.0000000000,KG,2100.0000000000,0.0000000000,7824000.0000000000,782400.0000000000,8606400.0000000000,100롤,월드피에이디, 
20220714,파워엠팩,PP,PP12MPP12M／M11KG(은회색),4521.0000000000,KG,9022.7272727273,0.0000000000,10727000.0000000000,1072700.0000000000,11799700.0000000000,50롤,다오, 
20220715,그린포장,PE,PE28mm 2kgPE28M／M(황)2KG,16691.0000000000,KG,6639.7959183674,0.0000000000,31480450.0000000000,298000.0000000000,31778450.0000000000,20박스, , 
20220718,경인팩,PP,PP6MMPP6M／M10KG(백),5928.0000000000,KG,3386.6666666667,0.0000000000,15094000.0000000000,1509400.0000000000,16603400.0000000000,280롤, , 
20220719,동원팩,PP,PP6MMPP6M／M10KG(백),5483.0000000000,KG,11292.0000000000,0.0000000000,12791800.0000000000,1279180.0000000000,14070980.0000000000,70롤, , 
20220720,JH글로벌,상품,랩핑기 보급형1500*3000,1752.0000000000, ,553971.4285714286,0.0000000000,8845400.0000000000,884540.0000000000,9729940.0000000000, , , 
20220721,오익플라스틱,PP,PP12MPP12M／M12.5KG (황),5135.0000000000,KG,3613.2804232804,0.0000000000,10022420.0000000000,199680.0000000000,10222100.0000000000,40롤, , 
20220722,대상산업,PE,"PE50mm, 6KGPE50M／M(백)6KG",12010.0000000000,KG,2313.1292517007,0.0000000000,23421910.0000000000,445680.0000000000,23867590.0000000000,10박스, , 
20220723,KOMERI,PP,15 x 100M 0.55T15x100M0.55T녹색,26029.8400000000,KG,547.7865464652,1961459.0400000000,78732915.0000000000,0.0000000000,78732915.0000000000,4920501073166, ,PUS220405901
20220725,동원팩,PP,PP6MMPP6M／M10KG(백),1690.0000000000,KG,8293.7500000000,0.0000000000,6882000.0000000000,688200.0000000000,7570200.0000000000,50롤, , 
20220726,다금마대,PP,마대,26674.5000000000,ea,1844.5448829914,44685.0500000000,70754280.0000000000,204160.0000000000,70958440.0000000000, , , 
20220727,신광포장기계,PP,PP15MPP15M／M10 (청색),4380.0000000000,KG,2310.0000000000,0.0000000000,9936500.0000000000,993650.0000000000,10930150.0000000000,50롤(0.65T), , 
20220728,(주)한제피앤에스,PP,"15 x 1,000M 1.0T H/D Black15 x 1,000M 1.0T H/D Black",8777.0000000000,KG,2175.2295855051,0.0000000000,18991000.0000000000,0.0000000000,18991000.0000000000,50.025, ,HJ22-OMN01
20220729,광림포장기계,PP,PP12MPP12M／M10KG(황),16395.0000000000,KG,18301.0714285714,0.0000000000,34674440.0000000000,446900.0000000000,35121340.0000000000,50롤(0.65T), , 
2022/07  계,,,,228734.94,,837916.1252331618,2047674.93,521103655,20189020,541292675,,,
20220801,(주)비와이패키지,PP,PP7MPP7M10KG백색,45295.2500000000,KG,2031.7250425786,96409.4600000000,140419824.0000000000,1522250.0000000000,141942074.0000000000,50롤(0.5T), , 
20220802,경인팩,PE,PE28mm 2kgPE28M／M(백)2KG,6715.0000000000,KG,2990.7692307692,0.0000000000,17891400.0000000000,1789140.0000000000,19680540.0000000000,96박스, , 
20220803,(주)남영판지,상품,자동결속기대만제,54350.6400000000,대,139658.1618101806,31933.3200000000,115835865.0000000000,925540.0000000000,116761405.0000000000, , , 
20220808,온누리유통,PE,PE28mm 2kgPE28M／M(백)2KG,80.0000000000,KG,3200.0000000000,0.0000000000,256000.0000000000,25600.0000000000,281600.0000000000,4박스,kic박스, 
20220809,천일포장,PP,PP6MMPP6M／M10KG(백),14573.0000000000,KG,6313.9285714286,0.0000000000,31885320.0000000000,971700.0000000000,32857020.0000000000,256롤, , 
20220810,광림포장기계,PP,PP15MPP15M／M10KG(적),6415.0000000000,KG,1780.0000000000,0.0000000000,9944250.0000000000,994425.0000000000,10938675.0000000000,45롤, , 
20220811,(주)건영기업,상품,반자동밴딩기,11328.0000000000,대,57477.7639751553,0.0000000000,27057350.0000000000,1759400.0000000000,28816750.0000000000,1대, , 
20220812,동원팩,PP,PP12MPP12M／M10KG(백),11862.0000000000,KG,4257.3095238095,0.0000000000,25113789.0000000000,113491.0000000000,25227280.0000000000,10롤(0.65T),성우세탁, 
20220814,POWERPAK,PP,PP 12MM12MMx1000Mx0.50MM Grey,21635.0000000000,KG,1215.8249312814,47932.4000000000,62431951.0000000000,0.0000000000,62431951.0000000000,4500, ,57892
20220815,동원팩,PE,PE28mm 2kgPE28M／M(황)2KG,200.0000000000,KG,2900.0000000000,0.0000000000,580000.0000000000,58000.0000000000,638000.0000000000,10박스, , 
20220816,광림포장기계,PP,PP9MMPP9M／M10KG(황),24405.3800000000,KG,1732.2539216474,1753725.0000000000,55541315.0000000000,1893120.0000000000,57434435.0000000000,88롤(0.75T), , 
20220817,(주)아이마켓코리아,PP,PP18MM*21kg 삼성 recycle2300M두께0.80mm단중8.8g,22982.0000000000,KG,46458.5714285714,0.0000000000,54074860.0000000000,3106750.0000000000,57181610.0000000000,521롤,SAMEX-CTV,3020927185
20220818,강원농협연합포장재가공사업소,PP,PP12MPP12M／M12.5KG (황),5741.0000000000,KG,10449.0000000000,0.0000000000,11788300.0000000000,1178830.0000000000,12967130.0000000000,400롤, , 
20220819,(주)아이마켓코리아,PP,PP18MM*21kg 삼성 recycle2300M두께0.80mm단중8.8g,23887.0000000000,KG,2251.7142856286,0.0000000000,50474720.0000000000,1020079.0000000000,51494799.0000000000,105롤,SAMEX-CTV,3021528394
20220822,신대한판지(주),PP,PP12MPP12M／M10KG(백),3284.0000000000,KG,20205.0000000000,0.0000000000,8403700.0000000000,840370.0000000000,9244070.0000000000,56롤(0.8T), , 
20220823,민건 이에이,PP,PP12MPP12M／M10KG(백),16558.2500000000,KG,7162.8008416390,17857.7800000000,44629861.0000000000,1066410.0000000000,45696271.0000000000,70롤(0.8T), , 
20220824,(주)남영판지,상품,자동결속기대만제,10112.0000000000,대,269696.8612131771,10000.8000000000,28631073.0000000000,1521200.0000000000,30152273.0000000000,60형, , 
20220825,경인팩,PE,PE28mm 2kgPE28M／M(백)2KG,21648.0000000000,KG,1895.9047618476,0.0000000000,47773620.0000000000,1611090.0000000000,49384710.0000000000,96박스, , 
20220826,전주삼신산업,PE,PE28mm 2kgPE28M／M(백)2KG,16109.0000000000,KG,1516.0849706952,21671.5300000000,38270288.0000000000,118000.0000000000,38388288.0000000000,20박스,대신택배, 
20220827,동원팩,PP,PP6MMPP6M／M10KG(백),1188.0000000000,KG,2616.6666666667,0.0000000000,3035800.0000000000,303580.0000000000,3339380.0000000000,50롤, , 
20220829,가골식품,PP,PP12MPP12M／M12.5KG (황),8546.0000000000,KG,2659.1387142857,0.0000000000,23014728.0000000000,2301471.0000000000,25316199.0000000000,20롤, , 
20220830,보우팩,PP,PP6MMPP6M／M10KG(백),500.0000000000,KG,2150.0000000000,0.0000000000,1075000.0000000000,107500.0000000000,1182500.0000000000,50롤,아벨농장, 
20220831,우선산업,PE,"PE50mm, 4.7KGPE50M／M(백)4.7KG",19315.4000000000,KG,1109.2703455612,16394.2200000000,46277891.0000000000,1323500.0000000000,47601391.0000000000,50박스,우선전용, 
2022/08  계,,,,346729.92,,591728.7502349231,1995924.51,844406905,24551446,868958351,,,
20220901,주식회사 대한종합포장,PP,PP5MMx7000Mx0.5T 백색,6477.0000000000,롤,8972.0833333333,0.0000000000,17383000.0000000000,1738300.0000000000,19121300.0000000000,30롤, , 
20220902,신광포장기계,PP,PP12MPP12MM／M10KG(황),15769.8800000000,KG,5704.6106176144,1784880.0000000000,40496519.0000000000,2328510.0000000000,42825029.0000000000,100롤(0.65T), , 
20220903,주)대성씨앤씨,상품,스트레치필름(일반 기계랩)20*500mm*1400m,50.0000000000,박스,39000.0000000000,0.0000000000,1950000.0000000000,195000.0000000000,2145000.0000000000,50박스, , 
20220904,ANDERSON WHOLESALE PACKAGING PTY LTD.,PP,PP 12MM12MMx1000Mx0.50MM Blue,20105.0000000000,KG,641.7207578646,45114.7000000000,60968005.0000000000,0.0000000000,60968005.0000000000,2012, ,00002528
20220905,"주식회사 오비아이(OBI co.,Ltd.)",PE,PE28mm 2kgPE28M／M(백)2KG,3920.0000000000,KG,2462.0000000000,0.0000000000,9878400.0000000000,987840.0000000000,10866240.0000000000,실제24박스/전표23박스, , 
20220906,삼원산업,PP,PP12MPP12M／M12KG(투명),3998.0000000000,KG,5010.3030300000,0.0000000000,10114891.0000000000,1011489.0000000000,11126380.0000000000,44롤, , 
20220907,주식회사 올에이치,상품,PE15MPE15M／M10KG(수축/투명),6510.0000000000,KG,2701.1428568000,0.0000000000,15864600.0000000000,659100.0000000000,16523700.0000000000,128롤/수축밴드, , 
20220908,에이원코리아,PP,PP12MPP12M／M12KG(황),27259.8000000000,KG,9826.3097555833,35860.0000000000,72298378.0000000000,509000.0000000000,72807378.0000000000,100롤, , 
20220913,한남포장기계,PE,PE28mm 2kgPE28M／M(백)2KG,4478.0000000000,KG,7421.4285714286,0.0000000000,11386150.0000000000,1138615.0000000000,12524765.0000000000,30박스,kic박스, 
20220914,대상산업,PE,PE28mm 2kgPE28M／M(백)2KG,10961.0000000000,KG,2430.2040811429,0.0000000000,23646000.0000000000,222840.0000000000,23868840.0000000000,10박스(24kg), , 
20220915,경인팩,PE,PE28mm 2kgPE28M／M(백)2KG,26678.8000000000,KG,3014.3331525000,28073.9200000000,81812434.0000000000,2216340.0000000000,84028774.0000000000,96박스, , 
20220916,석종수출포장,PP,PP7MPP7M10KG백색,8647.0000000000,KG,5513.6190474476,0.0000000000,19059540.0000000000,820400.0000000000,19879940.0000000000,50롤(0.5T), , 
20220918,CYKLOP PACKAGING SYSTEMS PTY LTD.,PP,PP 05MM05MM x 7000 x 0.50MM Blue,38262.2000000000,KG,893.9531186819,85625.3300000000,119378834.0000000000,0.0000000000,119378834.0000000000,01215045B, ,16640
20220919,(주)유경산업지대,PE,PE28mm 2kgPE28M／M(백)2KG,4190.0000000000,KG,2492.8571428571,0.0000000000,10443000.0000000000,1044300.0000000000,11487300.0000000000,20박스, , 
20220920,신대한판지(주),PP,PP12MPP12M／M10KG(검정),8639.0000000000,KG,2192.6530609796,0.0000000000,18277840.0000000000,242440.0000000000,18520280.0000000000,51롤, , 
20220921,민건 이에이,PP,PP12MPP12M／M10KG(백),13330.0000000000,KG,3710.0000000000,0.0000000000,29928000.0000000000,2992800.0000000000,32920800.0000000000,80롤(0.8T), , 
20220922,주식회사 광림파워팩,PP,PP12MPP12M／M10KG(황),6072.0000000000,KG,8681.8181818182,0.0000000000,16395000.0000000000,1639500.0000000000,18034500.0000000000,128롤, , 
20220923,한남포장기계,PE,PE28mm 2kgPE28M／M(청)2KG,1129.0000000000,KG,5771.4285714286,0.0000000000,3811000.0000000000,381100.0000000000,4192100.0000000000,10박스,유일화학, 
20220924,RLBUTTON,PP,"12 x 3,000M 0.63T12x3,000M0.63TBLUE",15249.7600000000,KG,4.1200792055,29373.4200000000,41357775.0000000000,0.0000000000,41357775.0000000000,B100300, ,527884 (CH)
20220926,동원팩,PP,PP6MMPP6M／M10KG(백),2171.0000000000,KG,23610.4395571429,0.0000000000,5449000.0000000000,544900.0000000000,5993900.0000000000,50롤, , 
20220927,강원농협연합포장재가공사업소,PP,PP12MPP12M／M12.5KG (황),8015.0000000000,KG,10890.7142857143,0.0000000000,16969220.0000000000,1696922.0000000000,18666142.0000000000,300롤, , 
20220928,제이케이머티리얼즈(주)／순성공장,상품,PET 16mm x 0.8T x 1200mPET 16mm x 0.8T x 1200m Embossed (반투명 녹색),3062.0000000000,롤,8887.5000000000,0.0000000000,8347800.0000000000,834780.0000000000,9182580.0000000000,20롤, , 
20220929,삼원산업,PP,PP15MPP15MM*10KG(황색),9976.0000000000,KG,6774.2857142857,0.0000000000,22394900.0000000000,2239490.0000000000,24634390.0000000000,50롤(0.8T), , 
20220930,경인두채영농조합법인,PP,PP12MPP12M／M10KG(황),8035.0000000000,KG,2330.5714284000,0.0000000000,17095800.0000000000,583500.0000000000,17679300.0000000000,56롤(0.8T), , 
2022/09  계,,,,252985.44,,168938.0963442285,2008927.37,674706086,24027166,698733252,,,
20221001,주식회사 대한종합포장,PP,PP5MMx7000Mx0.5T 백색,440.0000000000,롤,18075.0000000000,0.0000000000,1901500.0000000000,190150.0000000000,2091650.0000000000,30롤, , 
20221002,PARAMOUNT PAPER MERCHANTS PTY LTD.,PP,"12 x 3,000M 0.55T12 x 3,000M 0.55T 청색",14012.8400000000,KG,181.3093965241,29763.3600000000,42704467.0000000000,0.0000000000,42704467.0000000000,PS12X3S, ,128755
20221004,호성수출포장,상품,스트레치필름(일반 핸드랩 20)20*500mm*350m,6762.5000000000,롤,10070.8333333333,0.0000000000,15457475.0000000000,1545747.0000000000,17003222.0000000000,20박스, , 
20221005,주식회사 대한종합포장,상품,스트레치필름(일반 기계랩)20*500mm*1400m,1116.0000000000,박스,563592.8571428571,0.0000000000,8415000.0000000000,841500.0000000000,9256500.0000000000,30박스, , 
20221006,서울상사,PP,PP12MPP12M／M10KG(황),24502.0000000000,KG,4845.5328794512,0.0000000000,52927050.0000000000,1191023.0000000000,54118073.0000000000,50롤(0.8T), , 
20221007,파워엠팩,PP,PP10.5MPP10.5M10KG(청),14654.8000000000,KG,32273.1115324091,0.0000000000,31763750.0000000000,1251695.0000000000,33015445.0000000000,50롤,동아출판, 
20221008,한남포장기계,PP,PP12MPP12MM / 9.5KG(황),3030.0000000000,KG,2180.0000000000,0.0000000000,6492000.0000000000,649200.0000000000,7141200.0000000000,100롤,월드피에이디, 
20221011,보우팩,PP,PP6MMPP6M／M10KG(백),14928.6000000000,KG,2699.1304347826,0.0000000000,34746380.0000000000,3474638.0000000000,38221018.0000000000,300롤,파란밴딩, 
20221012,경인팩,PP,PP6MMPP6M／M10KG(백),12821.0200000000,KG,5984.4135832614,1948967.0000000000,36482766.0000000000,1732520.0000000000,38215286.0000000000,56롤,서신(주), 
20221013,온라인패키지(onlinepkg),PE,PE28mm 2kgPE28M／M(백)2KG,2149.0000000000,KG,12492.8571428571,0.0000000000,6966800.0000000000,696680.0000000000,7663480.0000000000,32박스, , 
20221014,우선산업,PE,"PE50mm, 4.7KGPE50M／M(백)4.7KG",19791.0000000000,KG,8907.8313027619,0.0000000000,42364910.0000000000,619880.0000000000,42984790.0000000000,50박스,우선전용, 
20221017,경인팩,PP,PP6MMPP6M／M10KG(백),3186.0000000000,KG,3546.6666666667,0.0000000000,7085400.0000000000,708540.0000000000,7793940.0000000000,280롤, , 
20221018,보우팩,PP,PP6MMPP6M／M10KG(황),8708.0000000000,KG,2467.1428570000,0.0000000000,18683160.0000000000,693660.0000000000,19376820.0000000000,250롤, , 
20221019,제일산업(주)안성공장,PE,PE 결속끈PE#50 (백) 5500m 5KG,2264.0000000000,KG,2491.6666666667,0.0000000000,5865900.0000000000,586590.0000000000,6452490.0000000000,"50박스 200롤(14,500원/롤)", , 
20221020,(주)삼화인쇄,PP,PP15MPP15MM*10KG(황색),9280.0000000000,KG,8156.5306120000,0.0000000000,20399640.0000000000,1028700.0000000000,21428340.0000000000,100롤(제책4층), , 
20221021,파코팩(PACO PACK),PE,PE28mm 2kgPE28M／M(백)2KG,20422.3000000000,KG,1870.8437461028,36108.2900000000,55719239.0000000000,402300.0000000000,56121539.0000000000,32박스, , 
20221024,한남포장기계,PP,PP12MPP12MM / 9.5KG(황),2610.0000000000,KG,18501.0000000000,0.0000000000,5369360.0000000000,536936.0000000000,5906296.0000000000,100롤,월드피에이디, 
20221025,주)대성씨앤씨,PP,PP12MPP12M／M10KG(황),1072.0000000000,KG,2750.0000000000,0.0000000000,2835200.0000000000,283520.0000000000,3118720.0000000000,50롤(0.8T),2층, 
20221026,경인팩,PE,PE28mm 2kgPE28M／M(백)2KG,14458.8000000000,KG,1678.8548287171,14342.4300000000,36759151.0000000000,1615625.0000000000,38374776.0000000000,96박스, , 
20221027,(주)낙원포장,PP,PP6MMPP6M/M12.5KG(백),10688.0000000000,KG,2045.8333333333,0.0000000000,22848800.0000000000,2284880.0000000000,25133680.0000000000,640롤, , 
20221028,제이케이머티리얼즈(주)／순성공장,PP,PP18MPP18M／M10KG(황),5350.0000000000,KG,2032.5000000000,0.0000000000,10879700.0000000000,1087970.0000000000,11967670.0000000000,129롤(원료1230원+500원), , 
20221029,동원팩,PP,PP6MMPP6M／M10KG(백),1000.0000000000,KG,2500.0000000000,0.0000000000,2500000.0000000000,250000.0000000000,2750000.0000000000,50롤, , 
20221031,(주)낙원포장,PP,PP6MMPP6M／M10KG(황),23430.0000000000,KG,1790.4884393040,32553.0000000000,54293473.0000000000,809100.0000000000,55102573.0000000000,150롤, , 
2022/10  계,,,,216676.86,,711134.4038980284,2061734.08,523461121,22480854,545941975,,,
20221101,동방포장기자재,PP,PP9MMPP9M／M10KG(황),5384.0000000000,KG,502237.5000000000,0.0000000000,18314000.0000000000,1831400.0000000000,20145400.0000000000,50롤(0.75T),발주 0.63T 들어와도 0.75T로 출고, 
20221102,삼원산업,PP,PP12MPP12M／M10KG(황),5581.0000000000,KG,7197.7777777778,0.0000000000,13347200.0000000000,1334720.0000000000,14681920.0000000000,100롤(0.85T), , 
20221103,진송팩,PE,PE28mm 2kgPE28M／M(백)2KG,17877.6000000000,KG,3171.0315513888,14884.0200000000,46860381.0000000000,1357450.0000000000,48217831.0000000000,60박스, , 
20221104,대상산업,PE,PE28mm 2kgPE28M／M(백)2KG,2671.0000000000,KG,8916.6666666667,0.0000000000,7655400.0000000000,765540.0000000000,8420940.0000000000,10박스(24kg), , 
20221107,합동포장기계,PP,PP12MPP12M／M12.5KG (황),19834.0000000000,KG,2676.7641988571,0.0000000000,40652960.0000000000,796320.0000000000,41449280.0000000000,150롤, , 
20221108,(주)태양지대,PP,"PE28mm, 6KGPE28M／M(백)6KG",17382.0000000000,KG,2464.3082310884,0.0000000000,39422520.0000000000,1857900.0000000000,41280420.0000000000,20박스, , 
20221109,성은지관산업,PP,PP12MPP12M／M10KG(황),36203.5200000000,KG,2716.4205009822,1639421.2000000000,86967340.0000000000,2806200.0000000000,89773540.0000000000,50롤(0.8T), , 
20221110,한남포장기계,PP,PP12MPP12MM / 9.5KG(황),6550.0000000000,KG,2150.0000000000,0.0000000000,13095000.0000000000,1309500.0000000000,14404500.0000000000,100롤,월드피에이디, 
20221111,동원팩,PE,PE28mm 2kgPE28M／M(백)2KG,6340.0000000000,KG,2333.8095236667,0.0000000000,13776550.0000000000,693175.0000000000,14469725.0000000000,20박스, , 
20221112,파워엠팩,PP,PP14MMPP14M／M 10KG (초록),2500.0000000000,KG,2033.3333333333,0.0000000000,5150000.0000000000,515000.0000000000,5665000.0000000000,100롤,청정원 순창, 
20221114,(주)영화수출포장,PE,PE 결속끈PE#50 (백) 5500m 5KG,18261.6000000000,KG,3104.3008448500,30839.9200000000,50981437.0000000000,983790.0000000000,51965227.0000000000,30박스, , 
20221115,(주)바오,PE,PE28mm 2kgPE28M／M(백)2KG,5516.5000000000,KG,14687.5000000000,0.0000000000,14309875.0000000000,1430987.0000000000,15740862.0000000000,2박스, , 
20221116,강원농협연합포장재가공사업소,PP,PP12MPP12M／M12.5KG (황),6251.0000000000,KG,8575.7142857143,0.0000000000,13571000.0000000000,1357100.0000000000,14928100.0000000000,300롤, , 
20221117,주식회사 광림파워팩,PP,PP9MMPP9M／M10KG(황),8237.0000000000,KG,5085.9183672857,0.0000000000,19451600.0000000000,1569800.0000000000,21021400.0000000000,64롤(0.75T), , 
20221118,삼보팩,PP,PP12MPP12M／M10KG(황),16997.2000000000,KG,1980.9800125079,29687.1200000000,50688562.0000000000,365880.0000000000,51054442.0000000000,100롤(0.8T), , 
20221121,금산포장,PE,PE28mm 2kgPE28M／M(백)2KG,11067.0000000000,KG,2623.5294114118,0.0000000000,26405940.0000000000,1916370.0000000000,28322310.0000000000,30박스, , 
20221122,주식회사 에이스팩,상품,스트레치필름(일반 기계랩)25*500mm*1400m,5811.0000000000,롤,9191.6666666667,0.0000000000,17366400.0000000000,1736640.0000000000,19103040.0000000000,40박스,코미팜, 
20221123,(주)대일상사 (전주),PE,PE28mm 2kgPE28M／M(백)2KG,1380.0000000000,KG,2516.6666666667,0.0000000000,3009000.0000000000,300900.0000000000,3309900.0000000000,4박스,로젠택배 착불, 
20221124,제이케이머티리얼즈(주)／순성공장,PP,PP18MPP18M／M10KG(황),1842.0000000000,KG,23715.0000000000,0.0000000000,3498200.0000000000,349820.0000000000,3848020.0000000000,128롤(원료1230원+500원), , 
20221125,에이원코리아,PP,PP12MPP12M／M12KG(황),4123.0000000000,KG,7096.1428568000,0.0000000000,8918640.0000000000,432600.0000000000,9351240.0000000000,100롤, , 
20221127,NORTH SHORE,PP,"9 x 3,258M 0.61T White (8x8)9 x 3,258M 0.61T White",38109.3600000000,KG,962.5621564056,83502.4700000000,111325493.0000000000,0.0000000000,111325493.0000000000,NSM738W, ,VK-221007_2
20221128,(주)낙원포장,PP,PP6MMPP6M／M10KG(녹),500.0000000000,KG,2100.0000000000,0.0000000000,1050000.0000000000,105000.0000000000,1155000.0000000000,50롤, , 
20221129,(주)아이마켓코리아,PP,PP18MM*21kg 삼성 recycle2300M두께0.80mm단중8.8g,4098.0000000000,KG,9740.9890109231,0.0000000000,9202800.0000000000,500760.0000000000,9703560.0000000000,95롤,SESK(VD),SESK(VD)
20221130,우선산업,PE,"PE50mm, 4.7KGPE50M／M(백)4.7KG",3310.0000000000,KG,8591.6666666667,0.0000000000,9921000.0000000000,992100.0000000000,10913100.0000000000,50박스,우선전용, 
2022/11  계,,,,245826.78,,635870.2487296595,1798334.73,624941298,25308952,650250250,,,
20221201,경인팩,PE,PE28mm 2kgPE28M／M(백)2KG,17635.0000000000,KG,109365.3061222857,0.0000000000,47261360.0000000000,2712440.0000000000,49973800.0000000000,35박스(24kg),대구한국포장, 
20221202,제일산업(주)안성공장,PP,PE 결속끈PE#50 (백) 5500m 5KG,10574.0000000000,KG,6737.3214282500,0.0000000000,25939360.0000000000,867280.0000000000,26806640.0000000000,"50박스 200롤(14,500원/롤)", , 
20221203,동원팩,PP,PP12MPP12M／M10KG(황),450.0000000000,KG,2425.0000000000,0.0000000000,1240000.0000000000,124000.0000000000,1364000.0000000000,5롤(0.8T), , 
20221205,경인팩,PE,PE28mm 2kgPE28M／M(백)2KG,6344.0000000000,KG,5660.0000000000,0.0000000000,16904200.0000000000,1690420.0000000000,18594620.0000000000,96박스, , 
20221206,합동포장기계,PP,PP12MPP12M／M12.5KG (황),6890.0000000000,KG,8981.8181818182,0.0000000000,15126000.0000000000,1512600.0000000000,16638600.0000000000,150롤, , 
20221207,보우팩,PP,PP9MMPP9M／M10KG(황),17253.0000000000,KG,9596.6666666667,0.0000000000,37789500.0000000000,3778950.0000000000,41568450.0000000000,3롤, , 
20221208,신한포장기계(주),PE,PE28mm 2kgPE28M／M(백)2KG,13683.7200000000,KG,1523.1454894637,1715082.0000000000,33211872.0000000000,867600.0000000000,34079472.0000000000,50박스, , 
20221209,(주)디알젬 (구미공장지점),상품,피피클립19*28(2KG-삼성),20057.0000000000,ea,2052.7571426000,0.0000000000,21751970.0000000000,444125.0000000000,22196095.0000000000,"10,000개", , 
20221212,주식회사 동원피앤아이,PE,PE 결속끈PE#50 (백) 5500m 5KG,7689.0000000000,KG,24022.1428571429,0.0000000000,7930900.0000000000,793090.0000000000,8723990.0000000000,60박스, , 
20221213,동원팩,PP,PP6MMPP6M／M10KG(백),10269.4000000000,KG,13265.0219845027,0.0000000000,23027620.0000000000,1304380.0000000000,24332000.0000000000,50롤, , 
20221214,한남포장기계,PE,PE28mm 2kgPE28M／M(백)2KG,9961.0000000000,KG,2483.9682537778,0.0000000000,23011310.0000000000,1016075.0000000000,24027385.0000000000,30박스,kic박스, 
20221215,민건 이에이,PP,PP12MPP12M／M10KG(백),11971.6400000000,KG,4111.0047787780,13641.9200000000,28050809.0000000000,295200.0000000000,28346009.0000000000,110롤(0.8T), , 
20221216,경인팩,PP,PP6MMPP6M／M10KG(백),19787.0000000000,KG,2448.5949504125,16316.8000000000,45851296.0000000000,1340650.0000000000,47191946.0000000000,336롤, , 
20221219,광림포장기계,PP,PP15MPP15M／M13KG(황),4660.0000000000,KG,2230.0000000000,0.0000000000,10633000.0000000000,1063300.0000000000,11696300.0000000000,80롤, , 
20221220,합동포장기계,PP,PP15MPP15M／M10 (청색),6006.5000000000,KG,5541.0526315789,0.0000000000,13835775.0000000000,1383577.0000000000,15219352.0000000000,10롤(0.65T), , 
20221221,주식회사 광림파워팩,PP,PP9MMPP9MMx2700Mx0.6T 9.2kg,8960.4000000000,kg,2604.2857142857,0.0000000000,19816320.0000000000,1981632.0000000000,21797952.0000000000,192롤(0.6T),3.1g, 
20221222,우기케미칼,PE,PE28mm 2kgPE28M／M(백)2KG,1360.0000000000,KG,2933.3333333333,0.0000000000,3976000.0000000000,397600.0000000000,4373600.0000000000,20박스,kic박스/대신화물착불, 
20221223,신광포장기계,PP,PP15MPP15MM*10KG(황색),42667.2500000000,KG,915.9921806850,67151.0900000000,91843506.0000000000,615200.0000000000,92458706.0000000000,50롤(0.65T), , 
20221226,(주)아이마켓코리아,PP,"삼성 코드: 6922-00001(황색) PP18MMx 2300M 포장중량 21Kg, 1롤/1pcs 포장,",17187.0000000000,KG,2601.0204078571,0.0000000000,36348560.0000000000,428840.0000000000,36777400.0000000000,100롤,SAMEX-CTV,3029505502
20221227,신대한판지(주),PP,PP12MPP12M／M10KG(백),640.0000000000,KG,1840.0000000000,0.0000000000,1177600.0000000000,117760.0000000000,1295360.0000000000,64롤(0.8T), , 
20221228,세움패키지(SEUMPKG),PP,PP6MMPP6M／M10KG(백),1821.0000000000,KG,8368.7500000000,0.0000000000,4760000.0000000000,476000.0000000000,5236000.0000000000,50롤, , 
20221229,동원팩,PP,PP6MMPP6M／M10KG(백),18952.0000000000,KG,10952.1280000000,27601.9200000000,49325575.0000000000,1431530.0000000000,50757105.0000000000,50롤, , 
20221230,주신산업,PE,PE28mm 2kgPE28M／M(백)2KG,3087.0000000000,KG,2643.5714280000,0.0000000000,6534000.0000000000,13080.0000000000,6547080.0000000000,2박스/나라유통,나라유통, 
2022/12  계,,,,257905.91,,233302.8815514382,1839793.73,565346533,24655329,590001862,,,
20230102,(주)남영판지,상품,반자동밴딩기파렛트 밴딩기,25495.8000000000,대,108614.8640118810,31460.0000000000,67902658.0000000000,2803340.0000000000,70705998.0000000000, , , 
20230103,서울상사,PP,PP12MPP12M／M10KG(황),2512.0000000000,KG,16017.1428571429,0.0000000000,5638800.0000000000,563880.0000000000,6202680.0000000000,100롤(0.8T), , 
20230104,경인산업,PP,PP12MPP12M／M10KG(백),4487.0000000000,KG,14145.0000000000,0.0000000000,11369000.0000000000,1136900.0000000000,12505900.0000000000,56롤(0.75T), , 
20230105,주식회사 광림파워팩,PP,PP9MMPP9MMx2700Mx0.6T 9.2kg,7377.4000000000,kg,11472.6666666667,0.0000000000,17615920.0000000000,1761592.0000000000,19377512.0000000000,192롤(0.6T),3.1g, 
20230106,합동포장기계,PP,PP12MPP12M／M12.5KG (황),10834.0000000000,KG,6475.9663863529,0.0000000000,23598320.0000000000,1269080.0000000000,24867400.0000000000,170롤, , 
20230109,경인팩,PP,PP6MMPP6M／M10KG(백),32164.0000000000,KG,3712.2689074118,0.0000000000,38889680.0000000000,3456200.0000000000,42345880.0000000000,224롤, , 
20230110,(주)낙원포장,PP,PP12MPP12M／M10KG(황),10803.0000000000,KG,10475.8730157778,0.0000000000,24121270.0000000000,1321375.0000000000,25442645.0000000000,200롤(0.8T), , 
20230111,동원팩,PE,"PE28mm, 6KGPE28M／M(백)6KG",3916.0000000000,KG,11938.6666666667,0.0000000000,9907000.0000000000,990700.0000000000,10897700.0000000000,25박스, , 
20230112,제일산업(주)안성공장,PE,PE 결속끈PE#50 (백) 5500m 5KG,14001.5000000000,KG,2073.1113418182,13342.4500000000,31512232.0000000000,1034840.0000000000,32547072.0000000000,"75박스 300롤(14,500원/롤)", , 
20230113,광림포장기계,PP,PP12MPP12M／M12.5KG (황),12192.0000000000,KG,8590.1904757333,0.0000000000,26031340.0000000000,642430.0000000000,26673770.0000000000,100롤, , 
20230116,경인팩,PP,PP6MMPP6M／M10KG(백),8445.0000000000,KG,16824.4952266667,0.0000000000,23333360.0000000000,2333336.0000000000,25666696.0000000000,224롤, , 
20230117,주식회사 삼우텍,PE,PP18MMx 15kg 삼성1650M두께0.80mm단중8.56g,3039.0000000000,KG,2777.3392750000,0.0000000000,6361764.0000000000,636176.0000000000,6997940.0000000000,10롤, , 
20230118,(주)삼신,PE,"PE28mm, 6KGPE28M／M(백)6KG",16008.0000000000,KG,3956.9924811579,0.0000000000,37160760.0000000000,2519340.0000000000,39680100.0000000000,4박스, , 
20230119,민건 이에이,PP,PP12MPP12M／M10KG(백),1970.0000000000,KG,2667.5000000000,0.0000000000,4569400.0000000000,456940.0000000000,5026340.0000000000,112롤(0.8T), , 
20230120,(주)낙원포장,PP,PP12MPP12M／M10KG(황),13143.6400000000,KG,1305.3581617192,16167.4800000000,29677485.0000000000,625000.0000000000,30302485.0000000000,200롤(0.8T), , 
20230125,(주)삼화인쇄,PP,PP10.5MPP10.5M10KG(청),1151.0000000000,KG,18533.3333333333,0.0000000000,6619400.0000000000,661940.0000000000,7281340.0000000000,100롤(제책4층), , 
20230126,동서포장종합상사,PE,PE28mm 2kgPE28M／M(백)2KG,10177.0000000000,KG,2384.7619043333,0.0000000000,21697920.0000000000,240000.0000000000,21937920.0000000000,10박스,kic박스(로젠택배착불), 
20230127,(주)아이마켓코리아,PP,PP18MM*21kg 삼성 recycle2300M두께0.80mm단중8.8g Clear,9639.0000000000,KG,2102.8571420000,0.0000000000,20269440.0000000000,0.0000000000,20269440.0000000000,5롤,SIEL(C)-TV,3032095198
20230128,동원팩,PP,PP6MMPP6M／M10KG(백),1300.0000000000,KG,2200.0000000000,0.0000000000,2977000.0000000000,297700.0000000000,3274700.0000000000,50롤,색상불량, 
20230130,대상산업,PE,"PE50mm, 6KGPE50M／M(백)6KG",11957.0000000000,KG,2304.4416185333,0.0000000000,26174462.0000000000,661158.0000000000,26835620.0000000000,25박스, , 
20230131,신한포장기계(주),PE,PE28mm 2kgPE28M／M(백)2KG,11850.0000000000,KG,6222.9870129091,0.0000000000,25496400.0000000000,783240.0000000000,26279640.0000000000,50박스, , 
2023/01  계,,,,212462.34,,254795.8164851041,60969.93,460923611,24195167,485118778,,,
20230201,보우팩,PP,PP6MMPP6M／M10KG(백),9429.0000000000,KG,5293.3333333333,0.0000000000,20451000.0000000000,2045100.0000000000,22496100.0000000000,100롤,파란밴딩, 
20230202,경은종합상사,PE,PE28mm 2kgPE28M／M(백)2KG,51612.5400000000,KG,1573.6141113515,4061861.0000000000,115656398.0000000000,1201800.0000000000,116858198.0000000000,10박스,KIC박스, 
20230203,피앤비,PP,PP12MPP12M／M10KG(백),6988.0000000000,KG,2887.2727272727,0.0000000000,17650400.0000000000,1765040.0000000000,19415440.0000000000,50롤(0.8T), , 
20230204,ANDERSON WHOLESALE PACKAGING PTY LTD.,PP,PP 12MM12MMx1000Mx0.50MM Blue,62054.1000000000,KG,191.4530310570,110285.6100000000,134471244.0000000000,0.0000000000,134471244.0000000000,2012, ,00002681
20230206,호성수출포장,상품,스트레치필름(일반 핸드랩 20)20*500mm*350m,14336.4000000000,롤,2200.9742287615,16948.6100000000,34457174.0000000000,597400.0000000000,35054574.0000000000,20박스, , 
20230207,신한포장기계(주),PE,PE28mm 2kgPE28M／M(백)2KG,18385.0000000000,KG,2101.6280710000,11203.9200000000,41502580.0000000000,615225.0000000000,42117805.0000000000,50박스, , 
20230208,합동포장기계,PP,PP12MPP12M／M12.5KG (황),7666.0000000000,KG,4989.3333333333,0.0000000000,19979000.0000000000,1997900.0000000000,21976900.0000000000,90롤, , 
20230209,한길포장기계,PP,PP12MPP12M／M10KG(백),9300.8000000000,KG,2587.4958881250,0.0000000000,20677500.0000000000,1419300.0000000000,22096800.0000000000,72롤(0.75T), , 
20230210,대상산업,PE,"PE28mm, 6KGPE28M／M(백)6KG",4742.0000000000,KG,2663.1428568000,0.0000000000,10681400.0000000000,361580.0000000000,11042980.0000000000,20박스, , 
20230213,(주)낙원포장,PP,PP6MMPP6M/M12.5KG(백),13788.0000000000,KG,4894.4444444444,0.0000000000,30807300.0000000000,3080730.0000000000,33888030.0000000000,640롤, , 
20230214,진흥산업,PP,PP12MPP12M／M10KG(백),4202.0000000000,KG,2713.6363636364,0.0000000000,9423000.0000000000,942300.0000000000,10365300.0000000000,10롤(0.8T), , 
20230215,보우팩,PP,PP6MMPP6M／M10KG(백),5249.0000000000,KG,2491.6666666667,0.0000000000,12134900.0000000000,1213490.0000000000,13348390.0000000000,200롤,파란밴딩, 
20230216,(주)한국유니콤,PP,PP15MPP15MM*10KG(황색),33658.7000000000,KG,4363.4884631172,42523.4400000000,74365346.0000000000,1241375.0000000000,75606721.0000000000,50롤(0.75T), , 
20230217,진송팩,PP,PP6MMPP6M／M10KG(백),10515.0000000000,KG,2286.4285710000,0.0000000000,22471700.0000000000,282050.0000000000,22753750.0000000000,64롤/김포계란알마니, , 
20230218,동원팩,PP,PP6MMPP6M／M10KG(백),1100.0000000000,KG,2675.0000000000,0.0000000000,2785000.0000000000,278500.0000000000,3063500.0000000000,50롤, , 
20230220,우선산업,PE,"PE50mm, 4.7KGPE50M／M(백)4.7KG",7174.0000000000,KG,2514.0000000000,0.0000000000,17969700.0000000000,1796970.0000000000,19766670.0000000000,50박스,우선전용, 
20230221,경인팩,PE,"PE28mm, 6KGPE28M／M(백)6KG",997.0000000000,KG,6244.4444444444,0.0000000000,2871600.0000000000,287160.0000000000,3158760.0000000000,8박스/경일농장, , 
20230222,제이케이머티리얼즈(주)／순성공장,PP,PP18MPP18M／M10KG(황),5080.0000000000,KG,2110.0000000000,0.0000000000,11232800.0000000000,1123280.0000000000,12356080.0000000000,128롤(원료1260원+500원), , 
20230223,주식회사 고양물산,PP,마대,6064.0000000000,ea,2151.7142852000,0.0000000000,12832340.0000000000,183650.0000000000,13015990.0000000000,275장, , 
20230224,대상산업,PE,"PE50mm, 6KGPE50M／M(백)6KG",7624.0000000000,KG,2394.0816322857,0.0000000000,16509040.0000000000,573400.0000000000,17082440.0000000000,20박스, , 
20230225,동원팩,PP,PP6MMPP6M／M10KG(백),1260.0000000000,KG,2687.5000000000,0.0000000000,3256000.0000000000,325600.0000000000,3581600.0000000000,50롤, , 
20230227,동방포장기자재,PP,PP12MPP12M／M10KG(황),14075.0000000000,KG,2781.0822507706,0.0000000000,30821980.0000000000,632100.0000000000,31454080.0000000000,120롤(0.65T),무지패드, 
20230228,경인산업,PP,PP12MPP12M／M10KG(백),6227.0000000000,KG,4931.2087910769,0.0000000000,14988240.0000000000,862920.0000000000,15851160.0000000000,56롤(0.75T), , 
2023/02  계,,,,301527.54,,69726.9434936766,4242822.58,677995642,22826870,700822512,,,
20230301,신광포장기계,PP,PP12MPP12M／M10KG(황),3470.0000000000,KG,2581.2500000000,0.0000000000,8915000.0000000000,891500.0000000000,9806500.0000000000,50롤(0.65T), , 
20230302,주식회사 대한종합포장,PP,PP5MMx7000Mx0.5T 백색,28162.5000000000,롤,13498.1719727890,32774.0400000000,62036113.0000000000,1880060.0000000000,63916173.0000000000,30롤, , 
20230303,대상산업,PP,PP12MPP12M／M12.5KG (황),490.0000000000,KG,12700.0000000000,0.0000000000,2602000.0000000000,260200.0000000000,2862200.0000000000,20롤, , 
20230306,한길포장기계,PP,PP12MPP12M／M10KG(황),6767.0000000000,KG,4438.8235294118,0.0000000000,17493800.0000000000,1749380.0000000000,19243180.0000000000,72롤(0.75T), , 
20230307,주식회사 광림파워팩,PP,PP9MMPP9M／M10KG(황),11088.0000000000,KG,1956.4709302325,15050.0000000000,27419035.0000000000,790370.0000000000,28209405.0000000000,128롤(0.75T), , 
20230308,(주)금성칼라팩,PP,PP7MPP7M10KG백색,47545.6000000000,KG,1760.3291644125,30350.0600000000,100981824.0000000000,1882595.0000000000,102864419.0000000000,128롤, , 
20230310,(주)낙원포장,PP,PP6MMPP6M／M10KG(황),17211.0000000000,KG,2264.2857138571,0.0000000000,36779160.0000000000,1686300.0000000000,38465460.0000000000,400롤, , 
20230311,POWERPAK,PP,PP 12MM12MMx1000Mx0.50MM Grey,8032.0000000000,KG,151.4328355000,14877.5000000000,19633836.0000000000,0.0000000000,19633836.0000000000,4500, ,61906
20230313,경인팩,PP,PP6MMPP6M／M10KG(백),9576.0000000000,KG,2245.8571426000,0.0000000000,9672480.0000000000,578640.0000000000,10251120.0000000000,168롤, , 
20230314,보우팩,PP,PP6MMPP6M／M10KG(백),4676.0000000000,KG,-25492.3076923077,0.0000000000,10229400.0000000000,1022940.0000000000,11252340.0000000000,300롤,파란밴딩, 
20230315,경인팩,PP,PP6MMPP6M／M10KG(백),6766.0000000000,KG,3240.4081631429,0.0000000000,14498560.0000000000,650560.0000000000,15149120.0000000000,224롤, , 
20230316,한길포장기계,PP,PP12MPP12M／M10KG(황),26371.0000000000,KG,8121.1365079360,0.0000000000,56189812.0000000000,1346170.0000000000,57535982.0000000000,72롤(0.65T), , 
20230317,신광포장기계,PP,PP12MPP12M／M10KG(황),432.0000000000,KG,2016.6666666667,0.0000000000,827600.0000000000,82760.0000000000,910360.0000000000,15롤(0.65T), , 
20230320,전주삼신산업,PP,PP12MPP12M／M10KG(황),2298.0000000000,KG,2391.6666666667,0.0000000000,5358300.0000000000,535830.0000000000,5894130.0000000000,10롤(0.65T),대신택배, 
20230321,주식회사 삼성종합포장,PP,PP6MMPP6M／M10KG(백),13697.0000000000,KG,2784.9107141250,0.0000000000,30322080.0000000000,2599440.0000000000,32921520.0000000000,10롤, , 
20230322,(주)더담패키지,PP,PP7MPP7M10KG백색,2535.0000000000,KG,2600.0000000000,0.0000000000,6449000.0000000000,644900.0000000000,7093900.0000000000,50롤(0.5T), , 
20230323,서울상사,PP,PP12MPP12M／M10KG(황),21317.0000000000,KG,1730.7816006529,32166.0000000000,48130178.0000000000,608600.0000000000,48738778.0000000000,150롤(0.8T), , 
20230324,제이케이머티리얼즈(주)／순성공장,PP,PP18MPP18M／M10KG(황),12918.1800000000,KG,4760.1541657626,1780373.0000000000,32516809.0000000000,1499420.0000000000,34016229.0000000000,128롤(원료1260원+500원), , 
20230327,경인팩,PE,PE28mm 2kgPE28M／M(백)2KG,5805.0000000000,KG,3096.6666666667,0.0000000000,13598800.0000000000,1359880.0000000000,14958680.0000000000,64박스, , 
20230328,파워엠팩,PP,PP6MMPP6M／M10KG(황),3620.0000000000,KG,6621.4285714286,0.0000000000,9136500.0000000000,913650.0000000000,10050150.0000000000,53롤/다한영농, , 
20230329,강원농협연합포장재가공사업소,PP,PP12MPP12M／M12.5KG (황),7497.0000000000,KG,29483.0320000000,0.0000000000,32971958.0000000000,3297194.0000000000,36269152.0000000000,300롤, , 
20230330,동원팩,PP,PP6MMPP6M／M10KG(백),24920.2000000000,KG,1534.1157445059,28214.0400000000,55073502.0000000000,1841500.0000000000,56915002.0000000000,100롤, , 
20230331,(주)탐스텍,PP,"12 x 3,000M 0.60T12x3,000M0.60TBLUE",4492.4000000000,KG,2063.0659535080,0.0000000000,9175320.0000000000,355740.0000000000,9531060.0000000000, , ,TT-230317A
2023/03  계,,,,269686.88,,86548.3470175572,1933804.64,610011067,26477629,636488696,,,
20230401,합동포장기계,PP,PP12MPP12M／M12.5KG (황),3385.0000000000,KG,2300.0000000000,0.0000000000,7670000.0000000000,767000.0000000000,8437000.0000000000,170롤, , 
20230403,(주)한주,PP,PP18MM*21kg 삼성 recycle2300M두께0.80mm단중8.8g Clear,30769.0000000000,KG,2229.4666664373,0.0000000000,63869122.0000000000,5565536.0000000000,69434658.0000000000,808롤,SAMEX, 
20230404,제일산업(주)안성공장,PE,PE 결속끈PE#50 (백) 5500m 5KG,5087.0000000000,KG,2375.0000000000,0.0000000000,11735700.0000000000,1173570.0000000000,12909270.0000000000,"50박스 200롤(14,500원/롤)", , 
20230405,보우팩,PP,PP6MMPP6M／M10KG(백),3649.0000000000,KG,13558.3333333333,0.0000000000,10196700.0000000000,1019670.0000000000,11216370.0000000000,300롤,파란밴딩, 
20230406,주식회사 에이스팩,PP,PP15MPP15MM*10KG(황색),1676.0000000000,KG,8350.0000000000,0.0000000000,3876000.0000000000,387600.0000000000,4263600.0000000000,20롤(0.8T)/코미팜,코미팜, 
20230407,삼원산업,PP,PP12MPP12M／M12KG(황),2368.0000000000,KG,2570.0000000000,0.0000000000,4655200.0000000000,465520.0000000000,5120720.0000000000,100롤(0.75T), , 
20230408,TIGERPAK PACKAGING,PP,"12 x 2,800M 0.55T12 x 2,800M 0.55T 검정",39606.2000000000,KG,151.3099589130,64265.3200000000,84746677.0000000000,0.0000000000,84746677.0000000000,4530, ,61423
20230410,주식회사 광림파워팩,PP,PP12MPP12M／M10KG(황),7939.0000000000,KG,7372.2222222222,0.0000000000,18216100.0000000000,1821610.0000000000,20037710.0000000000,64롤, , 
20230411,경인팩,PE,PE28mm 2kgPE28M／M(백)2KG,9355.0000000000,KG,12076.0000000000,0.0000000000,22704200.0000000000,2270420.0000000000,24974620.0000000000,96박스, , 
20230412,JH글로벌,PP,PP15MPP15M／M11.5KG (황색),4030.0000000000,KG,2233.3333333333,0.0000000000,7950500.0000000000,795050.0000000000,8745550.0000000000,300롤, , 
20230413,파워엠팩,PP,PP14MMPP14M／M 10KG (백색),10132.0000000000,KG,2655.7142857143,0.0000000000,23994600.0000000000,2399460.0000000000,26394060.0000000000,50롤/청정원 거창, , 
20230414,(주)한주,PP,PP18MM*21kg 삼성 recycle2300M두께0.80mm단중8.8g Clear,24334.0000000000,KG,6885.9056687289,0.0000000000,49661404.0000000000,4595978.0000000000,54257382.0000000000,556롤,SAMEX, 
20230417,동원팩,PP,PP6MMPP6M／M10KG(백),2326.0000000000,KG,2853.5714285714,0.0000000000,5349200.0000000000,534920.0000000000,5884120.0000000000,50롤, , 
20230418,광림포장기계,PP,PP9MMPP9M／M10KG(황),10389.0000000000,KG,32495.5102040000,0.0000000000,23951290.0000000000,1582585.0000000000,25533875.0000000000,128롤(0.75T), , 
20230419,(주)영화수출포장,PE,PE 결속끈PE#50 (백) 5500m 5KG,2601.0000000000,KG,12764.2857142857,0.0000000000,6361000.0000000000,636100.0000000000,6997100.0000000000,30박스, , 
20230420,한남포장기계,PP,PP12MPP12MM / 9.5KG(황),20539.9600000000,KG,1172.9647029167,33086.2000000000,46402280.0000000000,276820.0000000000,46679100.0000000000,100롤/일산,월드피에이디, 
20230421,유일,PE,PE28mm 2kgPE28M／M(백)2KG,1864.0000000000,KG,2313.2142855000,0.0000000000,4437640.0000000000,426100.0000000000,4863740.0000000000,32박스,무지박스, 
20230422,동원팩,PP,PP6MMPP6M／M10KG(백),7316.1200000000,KG,616.0758101268,1841344.0000000000,20325940.0000000000,210400.0000000000,20536340.0000000000,108롤,색상불량, 
20230423,ABL,상품,STEEL 19MMx0.56x16KG ZINC COATED MINI RIBBONSTEEL 19MMx0.56x16KG ZINC COATED MINI RIBBON,13305.0000000000,KG,1.6261383400,19955.1900000000,26492510.0000000000,0.0000000000,26492510.0000000000, , ,039929
20230424,제일포장(김해),PE,PE28mm 2kgPE28M／M(녹)2KG,4807.0000000000,KG,2577.7922076364,0.0000000000,12171920.0000000000,1053800.0000000000,13225720.0000000000,16박스, , 
20230425,동원팩,PP,PP6MMPP6M／M10KG(백),14696.0000000000,KG,2552.9670327692,0.0000000000,32484140.0000000000,1663070.0000000000,34147210.0000000000,50롤, , 
20230426,(주)태양지대,PE,"PE28mm, 6KGPE28M／M(백)6KG",5358.1200000000,KG,2144.5392720167,10606.3200000000,16085806.0000000000,194440.0000000000,16280246.0000000000,20박스, , 
20230427,우선산업,PE,"PE50mm, 4.7KGPE50M／M(백)4.7KG",12733.0000000000,KG,12763.3333333333,0.0000000000,27222800.0000000000,2722280.0000000000,29945080.0000000000,50박스,우선전용, 
20230428,주식회사 광림파워팩,PP,PP15MPP15MM*10KG(황색),20255.4000000000,KG,1487.7351496683,15102.0900000000,43500070.0000000000,1915790.0000000000,45415860.0000000000,50롤.3롤반품(솔표식품인쇄밴드), , 
2023/04  계,,,,258520.8,,136500.9007478468,1984359.12,574060799,32477719,606538518,,,
20230501,경인팩,PP,PP6MMPP6M／M10KG(백),2610.0000000000,KG,2130.0000000000,0.0000000000,5559300.0000000000,555930.0000000000,6115230.0000000000,261롤(0.65T)/대구한국포장, , 
20230502,동원팩,PP,PP6MMPP6M／M10KG(백),7810.0000000000,KG,2545.0000000000,0.0000000000,17937500.0000000000,1793750.0000000000,19731250.0000000000,50롤, , 
20230503,경인산업,PP,PP12MPP12M／M10KG(황),5680.0000000000,KG,2291.9642855000,0.0000000000,12662240.0000000000,806960.0000000000,13469200.0000000000,56롤(0.75T), , 
20230504,(주)비와이패키지,PP,PP7MPP7M10KG백색,3446.0000000000,KG,14087.5000000000,0.0000000000,9266000.0000000000,926600.0000000000,10192600.0000000000,50롤(0.5T), , 
20230505,ANDERSON WHOLESALE PACKAGING PTY LTD.,PP,PP 12MM12MMx1000Mx0.50MM Blue,19560.9000000000,KG,101.4144188871,32894.6500000000,44049225.0000000000,0.0000000000,44049225.0000000000,2012, ,00002792
20230508,한남포장기계,PP,PP12MPP12MM / 9.5KG(황),4232.0000000000,KG,10458.0000000000,0.0000000000,9547800.0000000000,954780.0000000000,10502580.0000000000,100롤/일산,월드피에이디, 
20230509,한길포장기계,PP,PP12MPP12M／M10KG(황),7965.5000000000,KG,5162.7777777778,0.0000000000,17886850.0000000000,1788685.0000000000,19675535.0000000000,72롤(0.65T), , 
20230510,"주식회사 오비아이(OBI co.,Ltd.)",PE,PE28mm 2kgPE28M／M(백)2KG,2249.0000000000,KG,19020.0000000000,0.0000000000,5581800.0000000000,558180.0000000000,6139980.0000000000,24박스, , 
20230511,파워엠팩,PP,PP14MMPP14M／M 10KG (초록),2400.0000000000,KG,2100.0000000000,0.0000000000,5040000.0000000000,504000.0000000000,5544000.0000000000,50롤/거창, , 
20230512,대흥수출포장,PE,PE28mm 2kgPE28M／M(백)2KG,25264.0000000000,KG,5839.2605654168,35175.7400000000,56799689.0000000000,722180.0000000000,57521869.0000000000,3박스, , 
20230515,동원팩,PE,"PE28mm, 6KGPE28M／M(백)6KG",9385.0000000000,KG,10410.1098900769,0.0000000000,21833100.0000000000,1984590.0000000000,23817690.0000000000,20박스, , 
20230516,(주)삼신,PE,PE28mm 2kgPE28M／M(백)2KG,2100.0000000000,KG,23516.6666666667,0.0000000000,8890000.0000000000,889000.0000000000,9779000.0000000000,100박스, , 
20230518,주식회사 광림파워팩,PP,PP15MPP15M／M10KG(적),25623.8000000000,KG,25759.2598153846,0.0000000000,53533452.0000000000,1080534.0000000000,54613986.0000000000,48롤/밝은빨강, , 
20230519,동원팩,PP,PP6MMPP6M／M10KG(청),2583.0000000000,KG,2278.7301584444,0.0000000000,6116480.0000000000,598400.0000000000,6714880.0000000000,52롤, , 
20230520,동원팩,PP,PP6MMPP6M／M10KG(백),900.0000000000,KG,2075.0000000000,0.0000000000,1920000.0000000000,192000.0000000000,2112000.0000000000,80롤, , 
20230521,KOMERI,PP,15 x 100M 0.55T15x100M0.55T녹색,14802.0200000000,KG,273.8261632211,1824568.6600000000,38721179.0000000000,0.0000000000,38721179.0000000000,4920501073166, ,PUS230224923
20230522,서흥포장 주식회사,상품,스트레치필름(특수기능형)15*500*400,16100.0000000000,롤,6674.7904761333,0.0000000000,14939720.0000000000,1176020.0000000000,16115740.0000000000,10박스, , 
20230523,(주)건영기업,PP,PP15MPP15M／M10 (청색),3882.0000000000,KG,223588.8888888889,0.0000000000,10674500.0000000000,1067450.0000000000,11741950.0000000000,30롤(0.65T), , 
20230524,주식회사 에이스팩,상품,스트레치필름(일반 핸드랩)25*500mm*300m,21865.0000000000,롤,2855.2403133846,32399.9500000000,46462594.0000000000,397330.0000000000,46859924.0000000000,5박스/코미팜,코미팜, 
20230525,신우교역,PP,PP12MPP12M／M10KG(황),3881.0000000000,KG,2717.0000000000,0.0000000000,9216000.0000000000,921600.0000000000,10137600.0000000000,100롤(0.65T)/대복식품,대복식품, 
20230526,파워엠팩,PP,PP6MMPP6M／M10KG(황),12835.0000000000,KG,23114.6153846154,0.0000000000,22140000.0000000000,2214000.0000000000,24354000.0000000000,600롤/영림유통, , 
20230530,금산포장,PE,PE28mm 2kgPE28M／M(백)2KG,3314.0000000000,KG,5655.8571426000,0.0000000000,9921740.0000000000,709550.0000000000,10631290.0000000000,33박스, , 
20230531,파워엠팩,PP,PP14MMPP14M／M 10KG (청색),4166.0000000000,KG,11863.0000000000,0.0000000000,9198200.0000000000,919820.0000000000,10118020.0000000000,70롤/청정원 순창, , 
2023/05  계,,,,202654.22,,404518.9019469976,1925039,437897369,20761359,458658728,,,
20230601,한남포장기계,PP,PP12MPP12MM / 9.5KG(황),8926.5000000000,KG,-2421.4285714286,0.0000000000,20660600.0000000000,2066060.0000000000,22726660.0000000000,50롤, , 
20230602,경인팩,PP,PP6MMPP6M／M10KG(백),6163.0000000000,KG,11198.6813186154,0.0000000000,15658800.0000000000,1521720.0000000000,17180520.0000000000,256롤(0.65T)/대구한국포장, , 
20230605,경인팩,PE,PE28mm 2kgPE28M／M(백)2KG,10004.0000000000,KG,10497.2682000000,0.0000000000,24424860.0000000000,1462020.0000000000,25886880.0000000000,96박스, , 
20230606,동원팩,PE,"PE28mm, 6KGPE28M／M(백)6KG",580.0000000000,KG,2875.0000000000,0.0000000000,1658000.0000000000,165800.0000000000,1823800.0000000000,20박스, , 
20230607,경인팩,PE,PE28mm 2kgPE28M／M(백)2KG,22986.4000000000,KG,15369.7001766786,14779.7400000000,52235733.0000000000,3289940.0000000000,55525673.0000000000,64박스/광주천일포장, , 
20230608,(주)대일상사 (전주),PE,PE28mm 2kgPE28M／M(백)2KG,4639.0000000000,KG,4357.6470588235,0.0000000000,11381600.0000000000,1138160.0000000000,12519760.0000000000,4박스,로젠택배 착불, 
20230609,주식회사 동원피앤아이,PP,PE 결속끈PE#50 (백) 5500m 5KG,7810.0000000000,KG,4761.1355308059,0.0000000000,19778820.0000000000,989480.0000000000,20768300.0000000000,50박스, , 
20230612,보우팩,상품,PP6MMPP6M／M10KG(적),4752.0000000000,KG,21287.3684210526,0.0000000000,13022100.0000000000,1302210.0000000000,14324310.0000000000,100롤,파란밴딩, 
20230613,호성수출포장,PE,PE28mm 2kgPE28M／M(백)2KG,4851.0000000000,KG,3800.1428568000,0.0000000000,12215480.0000000000,921260.0000000000,13136740.0000000000,20박스, , 
20230614,광림포장기계,PP,PP9MMPP9M／M10KG(황),4668.0000000000,KG,9829.2307692308,0.0000000000,10012200.0000000000,1001220.0000000000,11013420.0000000000,64롤(0.75T), , 
20230615,강원농협연합포장재가공사업소,PP,PP12MPP12M／M12.5KG (황),8714.0000000000,KG,5742.5000000000,0.0000000000,19538900.0000000000,1953890.0000000000,21492790.0000000000,300롤, , 
20230616,유일,PE,PE28mm 2kgPE28M／M(백)2KG,31700.0000000000,KG,2599.8614715491,0.0000000000,65695872.0000000000,481800.0000000000,66177672.0000000000,56박스,무지박스, 
20230618,POWERPAK,PP,"15 x 1,000M 0.50T Grey15x1,000M0.50T회색",9021.0000000000,KG,141.3464747400,16292.0000000000,20855389.0000000000,0.0000000000,20855389.0000000000,4501, ,63322
20230619,민건 이에이,PP,PP12MPP12M／M10KG(백),7824.0000000000,KG,8036.1111111111,0.0000000000,18569900.0000000000,1856990.0000000000,20426890.0000000000,112롤(0.8T), , 
20230620,(주)스피드랩코리아,PP,PP6MMPP6M／M10KG(백),4126.0000000000,KG,2102.1428565000,0.0000000000,8674560.0000000000,134400.0000000000,8808960.0000000000,64롤, , 
20230621,합동포장기계,PP,PP12MPP12M／M12.5KG (황),5526.0000000000,KG,2445.8333333333,0.0000000000,12766600.0000000000,1276660.0000000000,14043260.0000000000,60롤, , 
20230622,금산포장,상품,PP15MPP15M／M10KG(백색),2543.2000000000,KG,2570.0000000000,0.0000000000,6871720.0000000000,687172.0000000000,7558892.0000000000,"50롤 ""DHF OFFICE FURNITURE SYSTEM"" 청색인쇄/0.65t", , 
20230623,금산포장,PE,"PE28mm, 6KGPE28M／M(백)6KG",5180.0000000000,KG,2666.1428568000,0.0000000000,11805520.0000000000,443080.0000000000,12248600.0000000000,3박스, , 
20230626,한남포장기계,PP,PP12MPP12MM / 9.5KG(황),9042.2000000000,KG,1851.5181561000,0.0000000000,18620220.0000000000,686100.0000000000,19306320.0000000000,100롤/일산,월드피에이디, 
20230627,우정사업본부,PE,PE28mm 2kg결속기끈1호,6421.0000000000,KG,2308.9702375595,0.0000000000,13720041.0000000000,56819.0000000000,13776860.0000000000,80롤, , 
20230628,제이케이머티리얼즈(주)／순성공장,PP,PP18MPP18M／M10KG(황),21188.2400000000,KG,6852.2244859880,27974.3800000000,46848713.0000000000,1039530.0000000000,47888243.0000000000,128롤(원료1260원+500원), , 
20230629,전주삼신산업,PP,PP6MMPP6M／M10KG(백),1750.0000000000,KG,2512.5000000000,0.0000000000,3957500.0000000000,395750.0000000000,4353250.0000000000,10롤,대신택배, 
20230630,경인팩,PE,PE28mm 2kgPE28M／M(백)2KG,19715.0600000000,KG,1993.4451040500,31018.4000000000,53772906.0000000000,1305195.0000000000,55078101.0000000000,96박스, , 
2023/06  계,,,,208130.6,,123377.3418483092,90064.52,482746034,24175256,506921290,,,
20230701,JH글로벌,상품,측면형 밴딩기W1000 * H1650,2.0000000000,대,2100000.0000000000,0.0000000000,4200000.0000000000,420000.0000000000,4620000.0000000000, , , 
20230703,(주)한주,PP,PP18MM*21kg 삼성 recycle2300M두께0.80mm단중8.8g Clear,53744.0000000000,KG,2482.2539682533,0.0000000000,110463424.0000000000,2500720.0000000000,112964144.0000000000,800롤/6.27작업,SAMEX, 
20230704,보우팩,PP,PP6MMPP6M／M10KG(백),8994.0000000000,KG,2461.6666666667,0.0000000000,18990800.0000000000,1899080.0000000000,20889880.0000000000,300롤,파란밴딩, 
20230705,주)대성씨앤씨,PP,PP12MPP12M／M10KG(황),1570.0000000000,KG,6387.5000000000,0.0000000000,5235000.0000000000,523500.0000000000,5758500.0000000000,50롤(0.8T)/2공장, , 
20230706,서흥포장 주식회사,PP,PP7MPP7M10KG백색,1040.0000000000,KG,3985.0000000000,0.0000000000,2654600.0000000000,265460.0000000000,2920060.0000000000,30롤(0.55T), , 
20230707,(주)한주,PP,PP18MM*21kg 삼성 recycle2300M두께0.80mm단중8.8g Clear,69514.2000000000,KG,1577.2719512013,63260.8400000000,147069534.0000000000,667090.0000000000,147736624.0000000000,800롤/7.7작업,SAMEX, 
20230710,(주)낙원포장,PP,PP6MMPP6M／M10KG(청),7173.0000000000,KG,2605.8823529412,0.0000000000,15058400.0000000000,1505840.0000000000,16564240.0000000000,64롤, , 
20230711,삼보팩,PP,PP12MPP12M／M10KG(황),5647.0000000000,KG,7511.5384615385,0.0000000000,13820000.0000000000,1382000.0000000000,15202000.0000000000,30롤(0.8T), , 
20230712,강원농협연합포장재가공사업소,상품,밴딩기부품텐션조,11221.0000000000,ea,24758.3673465714,0.0000000000,24311040.0000000000,404160.0000000000,24715200.0000000000, , , 
20230713,(주)낙원포장,PP,PP6MMPP6M/M12.5KG(백),19698.5200000000,KG,8626.2389210033,1932474.0000000000,48292936.0000000000,2694060.0000000000,50986996.0000000000,640롤, , 
20230714,경인팩,PE,PE28mm 2kgPE28M／M(백)2KG,5349.0000000000,KG,10730.4761903333,0.0000000000,13083880.0000000000,1074340.0000000000,14158220.0000000000,32박스, , 
20230716,NORTH SHORE,PP,PP 12MM 2088M 0.79MM WHITE12mm 2088m 0.79mm White,7272.6000000000,KG,881.4737605580,17671.2800000000,22552087.0000000000,0.0000000000,22552087.0000000000,HD50726W, ,NSS_0503
20230717,경인팩,PE,PE28mm 2kgPE28M／M(백)2KG,8158.0000000000,KG,2612.8571428571,0.0000000000,18652800.0000000000,1865280.0000000000,20518080.0000000000,64박스, , 
20230718,(주)삼화인쇄,PP,PP10.5MPP10.5M10KG투명,16802.2000000000,KG,1807.2302128606,12974.5400000000,39497627.0000000000,1657340.0000000000,41154967.0000000000,50롤(지하1층), , 
20230719,삼원산업,PP,PP12MPP12M／M10KG(황),7006.0000000000,KG,10413.6000000000,0.0000000000,15143200.0000000000,1514320.0000000000,16657520.0000000000,100롤(0.85T), , 
20230720,강원농협연합포장재가공사업소,PP,PP12MPP12M／M12.5KG (황),6071.5000000000,KG,6123.3333333333,0.0000000000,12731900.0000000000,1273190.0000000000,14005090.0000000000,300롤, , 
20230721,(주)한주,PP,PP18MM*21kg 삼성 recycle2300M두께0.80mm단중8.8g Clear,42898.0000000000,KG,12314.8707482971,0.0000000000,86725024.0000000000,126880.0000000000,86851904.0000000000,800롤/7.21작업,SAMEX, 
20230723,NZ SAFETY BLACKWOODS,PP,"12 x 3,000M 0.60T12x3,000M0.60TBLUE",7101.8400000000,KG,1.8916369080,13150.3000000000,16645649.0000000000,0.0000000000,16645649.0000000000,3003535, ,K465209
20230724,수원우체국,PE,PE28mm 2kgPE28M／M(백)2KG,1455.0000000000,KG,16134.0816322857,0.0000000000,3451080.0000000000,199380.0000000000,3650460.0000000000,10박스, , 
20230725,주식회사 광림파워팩,PP,PP9MMPP9M／M10KG(투명),4970.0000000000,KG,11473.0000000000,0.0000000000,11215600.0000000000,1121560.0000000000,12337160.0000000000,64롤(0.75T), , 
20230726,한남포장기계,PP,PP12MPP12MM / 9.5KG(황),25107.2000000000,KG,1700.7635851425,33894.4500000000,55125322.0000000000,972950.0000000000,56098272.0000000000,69롤/일산,월드피에이디, 
20230727,민건 이에이,PP,PP12MPP12M／M10KG(백),9470.0000000000,KG,9251.6666666667,0.0000000000,22623100.0000000000,2262310.0000000000,24885410.0000000000,100롤(0.8T), , 
20230728,(주)한주,PP,PP18MM*21kg 삼성 recycle2300M두께0.80mm단중8.8g Clear,22868.0000000000,KG,2257.4095238080,0.0000000000,46863112.0000000000,413500.0000000000,47276612.0000000000,800롤/7.28작업,SAMEX,HJ23-009
20230731,주신산업,PE,PE28mm 2kgPE28M／M(백)2KG,42.0000000000,KG,3687.5000000000,0.0000000000,127800.0000000000,12780.0000000000,140580.0000000000,1박스/김지영, , 
2023/07  계,,,,343175.06,,2249785.874101226,2073425.41,754533915,24755740,779289655,,,
20230801,합동포장기계,PP,PP12MPP12M／M12.5KG (황),20962.0000000000,KG,2318.0219779231,0.0000000000,46183900.0000000000,2741590.0000000000,48925490.0000000000,170롤, , 
20230802,(주)한주,PP,PP18MM*21kg 삼성 recycle2300M두께0.80mm단중8.8g Clear,51010.0000000000,KG,2305.1666665050,0.0000000000,105077064.0000000000,1635300.0000000000,106712364.0000000000,800롤/8.2작업,SAMEX, 
20230803,CYKLOP PACKAGING SYSTEMS PTY LTD.,PP,"12 x 3,000M 0.65T12x3,000M0.65T CLEAR",16526.0000000000,KG,1.6511324000,27171.6400000000,35132930.0000000000,0.0000000000,35132930.0000000000,0123P12DSC, ,17088
20230805,동원팩,PP,PP6MMPP6M／M10KG(백),270.0000000000,KG,2150.0000000000,0.0000000000,580500.0000000000,58050.0000000000,638550.0000000000,30롤, , 
20230807,KAUSAR INDUSTRIES DBA A&R BOX AND PACKAGING,PP,PP 12MM12MM 2195M 0.79MM Black (16x6),2735.0000000000,KG,1.5374525444,4114.2400000000,5364557.0000000000,0.0000000000,5364557.0000000000, , ,AR91723
20230808,호성수출포장,상품,스트레치필름(일반 핸드랩 20)20*500mm*350m,5570.0000000000,롤,5250.7692307692,0.0000000000,14906800.0000000000,1490680.0000000000,16397480.0000000000,30박스, , 
20230809,주)대성씨앤씨,PP,PP7MPP7M10KG백색,9099.0000000000,KG,2161.7142852000,0.0000000000,19280640.0000000000,254400.0000000000,19535040.0000000000,50롤(0.5T)(1공장), , 
20230810,경인두채영농조합법인,PP,PP12MPP12M／M10KG(황),2923.0000000000,KG,5635.0000000000,0.0000000000,7177400.0000000000,717740.0000000000,7895140.0000000000,56롤(0.8T), , 
20230811,(주)한주,PP,PP15MM*17.5kg 삼성 recycle2194M두께1.0mm단중7.6g Clear,20323.0000000000,KG,2343.5790476180,0.0000000000,40410362.0000000000,225725.0000000000,40636087.0000000000,500롤/8.11작업,SAMEX, 
20230814,신광포장기계,PP,PP15MPP15M／M10KG(백색),17491.0000000000,KG,2565.3061221429,0.0000000000,37781380.0000000000,894490.0000000000,38675870.0000000000,56롤(0.65T), , 
20230815,동원팩,PP,PP6MMPP6M／M10KG(백),1105.0000000000,KG,2366.6666666667,0.0000000000,2705500.0000000000,270550.0000000000,2976050.0000000000,50롤, , 
20230816,(주)낙원포장,PP,PP6MMPP6M/M12.5KG(백),19299.0000000000,KG,4608.8235294118,0.0000000000,44317400.0000000000,4431740.0000000000,48749140.0000000000,640롤, , 
20230817,광림포장기계,PP,PP12MPP12M／M10KG(황),10743.0000000000,KG,8336.6666666667,0.0000000000,24056500.0000000000,2405650.0000000000,26462150.0000000000,128롤, , 
20230818,보우팩,PP,PP6MMPP6M／M10KG(백),11086.8400000000,KG,1002.4898813978,12776.1200000000,25365642.0000000000,822520.0000000000,26188162.0000000000,200롤,파란밴딩, 
20230819,(주)아이마켓코리아,PP,PP18MM*21kg 삼성 recycle2300M두께0.80mm단중8.8g Clear,7812.0000000000,KG,2102.8571420000,0.0000000000,16427520.0000000000,0.0000000000,16427520.0000000000,5롤,SSAP,3046864226
20230821,파워엠팩,PP,PP10.5MPP10.5M10KG투명,9945.0000000000,KG,6746.5826328515,0.0000000000,22976560.0000000000,695430.0000000000,23671990.0000000000,100롤, , 
20230822,한길포장기계,PP,PP15MPP15MM*10KG(황색),6759.0000000000,KG,8722.5892855000,0.0000000000,14656540.0000000000,675190.0000000000,15331730.0000000000,64롤(0.75T), , 
20230823,주식회사 두손포장,PE,PE28mm 2kgPE28M／M(백)2KG,578.0000000000,KG,3040.9090909091,0.0000000000,1443600.0000000000,144360.0000000000,1587960.0000000000,5박스, , 
20230824,한남포장기계,PE,PE28mm 2kgPE28M／M(백)2KG,9541.2000000000,KG,2927.1428571429,0.0000000000,21682460.0000000000,2168246.0000000000,23850706.0000000000,50박스,kic박스, 
20230825,(주)한주,PP,PP18MM*21kg 삼성 recycle2300M두께0.80mm단중8.8g Clear,25304.0000000000,KG,12236.7312923943,0.0000000000,53603032.0000000000,1034500.0000000000,54637532.0000000000,1008롤/8.25작업,SAMEX, 
20230828,한남포장기계,PP,PP6MMPP6M／M10KG(백),3023.0000000000,KG,12092.3076923077,0.0000000000,8236200.0000000000,823620.0000000000,9059820.0000000000,30롤, , 
20230829,대성포장기계,PE,"PE28mm, 6KGPE28M／M(백)6KG",5403.5000000000,KG,3051.9733424615,0.0000000000,11807400.0000000000,187140.0000000000,11994540.0000000000,1박스(4롤), , 
20230830,제일산업(주)안성공장,PE,PE 결속끈PE#50 (백) 5500m 5KG,3831.5000000000,KG,12313.0000000000,0.0000000000,9662175.0000000000,966217.0000000000,10628392.0000000000,"75박스 300롤(14,500원/롤)", , 
20230831,우선산업,PE,"PE50mm, 4.7KGPE50M／M(백)4.7KG",5703.0000000000,KG,2827.7777777778,0.0000000000,13422150.0000000000,1342215.0000000000,14764365.0000000000,50박스,우선전용, 
2023/08  계,,,,267043.04,,107109.2637725904,44062,582258212,23985353,606243565,,,
20230901,합동포장기계,PP,PP12MPP12M／M12.5KG (황),18504.0000000000,KG,3462.6923076923,0.0000000000,41822000.0000000000,4182200.0000000000,46004200.0000000000,150롤, , 
20230902,동원팩,PP,PP9MMPP9M／M10KG(투명),780.0000000000,KG,2300.0000000000,0.0000000000,1978000.0000000000,197800.0000000000,2175800.0000000000,20롤, , 
20230904,보우팩,PP,PP6MMPP6M／M10KG(백),9640.0000000000,KG,7499.9999997143,0.0000000000,22418770.0000000000,1239445.0000000000,23658215.0000000000,200롤,파란밴딩, 
20230905,주신산업,PP,PP12MPP12M／M10KG(황),29099.6000000000,KG,759.5458700903,44271.9400000000,71915969.0000000000,467600.0000000000,72383569.0000000000,72롤(0.75T), , 
20230906,한국포장기계,PP,PP6MMPP6M／M10KG(백),26121.6000000000,KG,1550.5613259833,28458.3600000000,57125206.0000000000,1943780.0000000000,59068986.0000000000,256롤(0.65T), , 
20230907,태광오토팩,PE,PE28mm 2kgPE28M／M(백)2KG,4697.0000000000,KG,2600.0000000000,0.0000000000,11578950.0000000000,1157895.0000000000,12736845.0000000000,32박스, , 
20230908,(주)한주,PP,PP18MM*21kg 삼성 recycle2300M두께0.80mm단중8.8g Clear,35912.6000000000,KG,2092.5850319890,14648.2600000000,75097932.0000000000,631310.0000000000,75729242.0000000000,500롤/9.8작업,SAMEX, 
20230909,에이원코리아,PP,PP12MPP12M／M12KG(황),1343.0000000000,KG,25975.0000000000,0.0000000000,2570800.0000000000,257080.0000000000,2827880.0000000000,112롤(0.8T), , 
20230910,KOMERI,PP,15 x 100M 0.55T15x100M0.55T녹색,30199.0400000000,KG,177.9869691457,4197789.8600000000,75012229.0000000000,0.0000000000,75012229.0000000000,4920501073166, ,PUS230613905
20230911,주식회사 대한종합포장,상품,스트레치필름(일반 기계랩)20*500mm*1400m,3315.0000000000,박스,11260.0000000000,0.0000000000,10704000.0000000000,1070400.0000000000,11774400.0000000000,50박스, , 
20230912,(주)남영판지,상품,자동밴딩기(220v/3ph)W1650 H600,3525.4000000000,대,320317.7576704545,2860.7200000000,14761623.0000000000,1095000.0000000000,15856623.0000000000, , , 
20230913,동원팩,PP,PP6MMPP6M／M10KG(백),6097.0000000000,KG,2672.7272727273,0.0000000000,13871000.0000000000,1387100.0000000000,15258100.0000000000,50롤, , 
20230914,경인팩,PE,PE28mm 2kgPE28M／M(백)2KG,28448.5000000000,KG,1576.0460855947,32270.5000000000,62954969.0000000000,2010620.0000000000,64965589.0000000000,96박스, , 
20230915,주식회사 삼우텍,PP,PP18MMx 15kg 삼성1650M두께0.80mm단중8.56g,4688.0000000000,KG,2650.8571426000,0.0000000000,10228680.0000000000,369300.0000000000,10597980.0000000000,10롤, , 
20230918,피앤비,PP,PP7MPP7M10KG백색,9074.0000000000,KG,16246.3157894737,0.0000000000,16621700.0000000000,1662170.0000000000,18283870.0000000000,50롤, , 
20230919,"주식회사 오비아이(OBI co.,Ltd.)",PE,PE28mm 2kgPE28M／M(백)2KG,1980.0000000000,KG,2510.0000000000,0.0000000000,5061000.0000000000,506100.0000000000,5567100.0000000000,24박스, , 
20230920,경인팩,PP,PP6MMPP6M／M10KG(백),1282.0000000000,KG,21746.0000000000,0.0000000000,3289800.0000000000,328980.0000000000,3618780.0000000000,56롤/제일양계농장, , 
20230921,진송팩,PE,PE28mm 2kgPE28M／M(백)2KG,10231.0000000000,KG,60103.4453780000,0.0000000000,25154200.0000000000,1433500.0000000000,26587700.0000000000,50박스, , 
20230922,대왕프린팅,PP,PP12MPP12M／M12.5KG (황),4565.0000000000,KG,9147.7777777778,0.0000000000,12722000.0000000000,1272200.0000000000,13994200.0000000000,100롤, , 
20230925,(주)영화수출포장,PP,PP6MMPP6M／M10KG(백),18595.5000000000,KG,2224.7857142000,0.0000000000,37234770.0000000000,2743125.0000000000,39977895.0000000000,10롤, , 
20230926,진송팩,PE,PE28mm 2kgPE28M／M(청)2KG,8646.0000000000,KG,2326.4285710000,0.0000000000,18678560.0000000000,251600.0000000000,18930160.0000000000,20박스/토빅스, , 
20230927,광림포장기계,PP,PP12MPP12mm*0.72T*2800m 12.5KG(투명),1817.0000000000,KG,14262.5000000000,0.0000000000,4025600.0000000000,402560.0000000000,4428160.0000000000,80롤, , 
20230928,ROUNDBOX P.C. PACKAGING MATERIAL,PP,PP 05MM05MM x 7000 x 0.45MM White,25866.6000000000,KG,302.6739273490,45412.7800000000,63646239.0000000000,0.0000000000,63646239.0000000000, , ,ROUND230817
2023/09  계,,,,284427.84,,513765.6868337919,4365712.42,658473997,24609765,683083762,,,
20231002,ROUNDBOX P.C. PACKAGING MATERIAL,PP,PP 05MM05MM x 7000 x 0.45MM White,1411.2000000000,KG,1.6397959000,2314.0800000000,3289973.0000000000,0.0000000000,3289973.0000000000, , ,ROUND230817_1
20231004,금산포장,PE,PE28mm 2kgPE28M／M(백)2KG,3470.0000000000,KG,2557.1428571429,0.0000000000,8425000.0000000000,842500.0000000000,9267500.0000000000,30박스, , 
20231005,주식회사 에이스팩,상품,스트레치필름(일반 기계랩)25*500mm*1400m,15912.8000000000,롤,6432.0392156500,0.0000000000,37736490.0000000000,3232185.0000000000,40968675.0000000000,20박스/코미팜, , 
20231006,합동포장기계,PP,PP12MPP12M／M12.5KG (황),6822.0000000000,KG,2543.1428569651,0.0000000000,14965750.0000000000,1192400.0000000000,16158150.0000000000,150롤, , 
20231010,한길포장기계,PP,PP12MPP12M／M10KG(황),25242.0000000000,KG,2443.3333333333,0.0000000000,53091800.0000000000,5309180.0000000000,58400980.0000000000,128롤(0.75T), , 
20231011,신광포장기계,PP,PP15MPP15MM*10KG(청색),7364.0000000000,KG,3552.5000000000,0.0000000000,16218200.0000000000,1621820.0000000000,17840020.0000000000,20롤(0.65T), , 
20231012,경인산업,PE,PE28mm 2kgPE28M／M(백)2KG,6713.0000000000,KG,6460.7142857143,0.0000000000,17882600.0000000000,1788260.0000000000,19670860.0000000000,20박스, , 
20231013,우선산업,PE,"PE50mm, 4.7KGPE50M／M(백)4.7KG",1140.0000000000,KG,2850.0000000000,0.0000000000,3175000.0000000000,317500.0000000000,3492500.0000000000,50박스,우선전용, 
20231014,동원팩,PP,PP9MMPP9M／M10KG(투명),300.0000000000,KG,2050.0000000000,0.0000000000,615000.0000000000,61500.0000000000,676500.0000000000,30롤, , 
20231016,광현페이퍼,PE,PE28mm 2kgPE28M／M(적)2KG,6449.0000000000,KG,7801.8518518519,0.0000000000,15015000.0000000000,1501500.0000000000,16516500.0000000000,20박스,"외부박스(대경단가@2,900/Kg)", 
20231017,경인팩,PE,PE28mm 2kgPE28M／M(백)2KG,5418.0000000000,KG,2166.5986394286,0.0000000000,11800660.0000000000,619280.0000000000,12419940.0000000000,64박스, , 
20231018,(주)더담패키지,PP,PP7MPP7M10KG백색,3128.0000000000,KG,8122.7272727273,0.0000000000,9701000.0000000000,970100.0000000000,10671100.0000000000,50롤(0.5T), , 
20231019,현대테크,PP,PP12MPP12M／M10KG(황),4543.0000000000,KG,2928.0000000000,0.0000000000,10158000.0000000000,1015800.0000000000,11173800.0000000000,3롤(0.75T), , 
20231020,주식회사 동원피앤아이,PE,"PE50mm, 4.7KGPE50M／M(황)4.7KG",7104.0000000000,KG,2301.5338357778,0.0000000000,15405520.0000000000,1012840.0000000000,16418360.0000000000,20박스, , 
20231021,ANDERSON WHOLESALE PACKAGING PTY LTD.,PP,PP 12MM12MMx1000Mx0.50MM Blue,19745.8000000000,KG,165.6497883714,31639.3800000000,42953622.0000000000,0.0000000000,42953622.0000000000,2012, ,00003052
20231023,경인산업,PP,PP12MPP12M／M10KG(백),12714.0000000000,KG,13880.8524052471,18955.0000000000,35887720.0000000000,1020180.0000000000,36907900.0000000000,56롤(0.75T), , 
20231024,동방포장기자재,PP,PP12MPP12M／M10KG(황),2952.0000000000,KG,7975.0000000000,0.0000000000,7848800.0000000000,784880.0000000000,8633680.0000000000,200롤(0.65T), , 
20231025,(주)한국유니콤,PP,PP15MPP15MM*10KG(황색),10949.1000000000,KG,2650.2544555071,0.0000000000,23991150.0000000000,896955.0000000000,24888105.0000000000,50롤(0.75T), , 
20231026,호성수출포장,상품,스트레치필름(일반 핸드랩 20)20*500mm*350m,6496.0000000000,롤,6956.6666666667,0.0000000000,14639200.0000000000,1463920.0000000000,16103120.0000000000,20박스, , 
20231027,경인팩,PE,"PE28mm, 6KGPE28M／M(백)6KG",9199.2000000000,KG,1172.1511968671,14425.6200000000,22318408.0000000000,274140.0000000000,22592548.0000000000,24박스/제주런드리, , 
20231028,다금마대,PP,마대,257.0000000000,ea,2300.0000000000,0.0000000000,591100.0000000000,59110.0000000000,650210.0000000000,257장, , 
20231030,동원팩,PE,PE28mm 2kgPE28M／M(백)2KG,19930.5600000000,KG,1673.9157373175,29155.7600000000,50604024.0000000000,314900.0000000000,50918924.0000000000,31박스, , 
20231031,신우교역,PP,PP12MPP12M／M10KG(황),1657.0000000000,KG,19791.2500000000,0.0000000000,5006800.0000000000,500680.0000000000,5507480.0000000000,100롤(0.8T)/한국스미더스, , 
2023/10  계,,,,178917.66,,108776.9641944681,96489.84,421320817,24799630,446120447,,,
20231101,한국포장기계,PE,PE28mm 2kgPE28M／M(백)2KG,28230.0000000000,KG,5512.2100122051,0.0000000000,62223120.0000000000,5292790.0000000000,67515910.0000000000,35박스(24kg), , 
20231102,신광포장기계,PP,PP12MPP12M／M10KG(황),33811.8000000000,KG,4020.9479435275,49069.4400000000,74341923.0000000000,775960.0000000000,75117883.0000000000,56롤(0.65T), , 
20231103,파코팩(PACO PACK),PE,PE 결속끈PE#50 (백) 5500m 5KG,5649.5000000000,KG,7926.0000000000,0.0000000000,13227175.0000000000,1322717.0000000000,14549892.0000000000,50박스, , 
20231104,KOMERI,PP,15 x 100M 0.55T15x100M0.55T녹색,23891.5600000000,KG,266.6625268218,4038394.2700000000,56595034.0000000000,0.0000000000,56595034.0000000000,4920501073166, ,PUS230807914
20231105,동원팩,PE,"PE28mm, 6KGPE28M／M(백)6KG",1260.0000000000,KG,2425.0000000000,0.0000000000,3336000.0000000000,333600.0000000000,3669600.0000000000,40박스, , 
20231106,동서포장종합상사,PE,PE28mm 2kgPE28M／M(백)2KG,489.0000000000,KG,42770.0000000000,0.0000000000,2574500.0000000000,257450.0000000000,2831950.0000000000,7박스,kic박스(로젠택배착불), 
20231107,파워엠팩,PP,PP12MPP12M／M10KG(청),8723.0000000000,KG,9078.6666666667,0.0000000000,21126200.0000000000,2112620.0000000000,23238820.0000000000,100롤(0.75T), , 
20231108,동방포장기자재,PP,PP12MPP12M／M12KG(적색),10751.8000000000,KG,6126.2057255000,0.0000000000,22067200.0000000000,683264.0000000000,22750464.0000000000,81롤, , 
20231109,(주)한주,PP,PP18MM*21kg 삼성 recycle2300M두께0.80mm단중8.8g Clear,12446.0000000000,KG,9015.6063466667,0.0000000000,27988348.0000000000,2010910.0000000000,29999258.0000000000,120롤/성주납품,SAMEX, 
20231110,(주)영은바인딩,PP,PP15MPP15MM*10KG(황색),3562.0000000000,KG,8785.0000000000,0.0000000000,9840800.0000000000,984080.0000000000,10824880.0000000000,50롤(0.8T), , 
20231113,파워엠팩,PP,PP6MMPP6M／M10KG(백),5686.0000000000,KG,2655.3061224286,0.0000000000,11163050.0000000000,328900.0000000000,11491950.0000000000,50롤, , 
20231114,(주)스피드랩코리아,PP,PP6MMPP6M／M10KG(백),32599.1600000000,KG,2371.4428619608,55162.1400000000,94873961.0000000000,2191100.0000000000,97065061.0000000000,64롤, , 
20231115,합동포장기계,PP,PP12MPP12M／M10KG(황),2351.0000000000,KG,12380.8095238000,0.0000000000,5547590.0000000000,251320.0000000000,5798910.0000000000,30롤(0.75T), , 
20231116,보우팩,PP,PP6MMPP6M／M10KG(백),6500.0000000000,KG,3394.4444444444,0.0000000000,14580000.0000000000,1458000.0000000000,16038000.0000000000,200롤, , 
20231117,신광포장기계,PP,PP12MPP12M／M10KG(황),8716.0000000000,KG,2335.9416202857,13830.0000000000,23426137.0000000000,539320.0000000000,23965457.0000000000,5롤(0.65T), , 
20231120,주)대성씨앤씨,상품,스트레치필름(일반 기계랩)20*500mm*1400m,8257.0000000000,박스,7299.7198879412,0.0000000000,19211200.0000000000,1245103.0000000000,20456303.0000000000,50박스(1공장), , 
20231121,진송팩,PE,PE28mm 2kgPE28M／M(백)2KG,3401.0000000000,KG,2625.0000000000,0.0000000000,7883650.0000000000,788365.0000000000,8672015.0000000000,51박스, , 
20231122,동원팩,PP,PP6MMPP6M／M10KG(백),7183.0000000000,KG,10013.9285714167,0.0000000000,14225600.0000000000,500720.0000000000,14726320.0000000000,50롤, , 
20231123,서울상사,PP,PP12MPP12M／M10KG(황),22223.0000000000,KG,2194.4489714286,0.0000000000,39027434.0000000000,244000.0000000000,39271434.0000000000,50롤(0.8T), , 
20231124,경인팩,PE,PE28mm 2kgPE28M／M(백)2KG,38665.9000000000,KG,1751.1470587285,36596.3200000000,87226410.0000000000,1534510.0000000000,88760920.0000000000,96박스, , 
20231127,경인팩,PP,PP6MMPP6M／M10KG(백),3829.0000000000,KG,9127.4149659286,0.0000000000,7419190.0000000000,170300.0000000000,7589490.0000000000,56롤/서신, , 
20231128,전주삼신산업,PP,PP12MPP12M／M10KG(황),4395.0000000000,KG,12787.0833333333,0.0000000000,12040750.0000000000,1204075.0000000000,13244825.0000000000,10롤(0.65T),대신택배, 
20231129,제이케이머티리얼즈(주)／순성공장,PP,PP18MPP18M／M10KG(황),14024.0000000000,KG,2576.6666666667,0.0000000000,27507800.0000000000,2750780.0000000000,30258580.0000000000,128롤(원료1170원+500원), , 
20231130,파워엠팩,PP,PP10.5MPP10.5M10KG투명,1762.0000000000,KG,3406.6666666667,0.0000000000,3723200.0000000000,372320.0000000000,4095520.0000000000,100롤, , 
2023/11  계,,,,288406.72,,170846.3199164176,4193052.17,661176272,27352204,688528476,,,
20231201,한국포장기계,PE,PE28mm 2kgPE28M／M(백)2KG,33106.0000000000,KG,2294.7092950952,0.0000000000,65667260.0000000000,2641700.0000000000,68308960.0000000000,105박스(24kg), , 
20231204,합동포장기계,PP,PP12MPP12M／M12.5KG (황),24405.2000000000,KG,1702.1992861648,26505.0100000000,54426567.0000000000,1160280.0000000000,55586847.0000000000,150롤, , 
20231205,한남포장기계,PP,PP12MPP12MM / 9.5KG(황),7817.0000000000,KG,3257.6923076923,0.0000000000,16779900.0000000000,1677990.0000000000,18457890.0000000000,100롤/일산,월드피에이디, 
20231206,우선산업,PE,"PE50mm, 4.7KGPE50M／M(백)4.7KG",6596.0000000000,KG,7421.8750000000,0.0000000000,20139650.0000000000,2013965.0000000000,22153615.0000000000,50박스,우선전용, 
20231207,신광포장기계,PP,PP15MPP15MM*10KG(황색),10548.0000000000,KG,4854.1496598571,0.0000000000,22785250.0000000000,1337480.0000000000,24122730.0000000000,56롤(0.65T), , 
20231208,신한포장기계(주),PE,PE28mm 2kgPE28M／M(백)2KG,5260.0000000000,KG,7548.5714285714,0.0000000000,12533400.0000000000,1253340.0000000000,13786740.0000000000,50박스, , 
20231209,"ARK ENGINEERING AND MANUFACTURING, INC",상품,12 x 2438M 0.60T Pine Pro-Bale 406 core Orange Black printed12 x 2438M 0.60T Pine Pro-Bale 406 core Orange Black printed,4437.6000000000,KG,546.0633059625,11612.8000000000,15360250.0000000000,0.0000000000,15360250.0000000000, , ,ARK0002
20231211,삼보팩,PP,PP12MPP12M／M10KG(황),1270.0000000000,KG,10800.0000000000,0.0000000000,5589000.0000000000,558900.0000000000,6147900.0000000000,100롤(0.8T), , 
20231212,에이원코리아,PP,PP12MPP12M／M12KG(황),12053.0000000000,KG,5981.4583333125,0.0000000000,24828310.0000000000,1941250.0000000000,26769560.0000000000,100롤(0.8T), , 
20231213,주식회사현진솔루션,PP,도전성밴드15mm*6.2kg,16495.2000000000,Roll,3578.8745484227,13459.3200000000,37523227.0000000000,1981480.0000000000,39504707.0000000000,63롤, , 
20231214,경인팩,PE,PE28mm 2kgPE28M／M(백)2KG,29113.5000000000,KG,6420.0550355447,33967.4000000000,65427082.0000000000,2070900.0000000000,67497982.0000000000,64박스, , 
20231215,삼원산업,PP,PP12MPP12M／M12KG(황),3263.0000000000,KG,2468.7500000000,0.0000000000,6315200.0000000000,631520.0000000000,6946720.0000000000,100롤(0.75T), , 
20231218,파워엠팩,PP,PP6MMPP6M／M10KG(백),8990.5000000000,KG,8527.9818593810,0.0000000000,20129050.0000000000,1379830.0000000000,21508880.0000000000,160롤, , 
20231219,(주)금성칼라팩,PP,PP7MPP7M10KG백색,7280.5000000000,KG,2542.8571428571,0.0000000000,16177800.0000000000,1617780.0000000000,17795580.0000000000,128롤, , 
20231220,경인팩,상품,스트레치필름(일반 핸드랩)15*500mm*400m,2301.0000000000,박스,5274.5454545455,0.0000000000,5809600.0000000000,580960.0000000000,6390560.0000000000,40박스/스피드제품, , 
20231221,진송팩,PE,PE28mm 2kgPE28M／M(청)2KG,3539.0000000000,KG,496925.0000000000,0.0000000000,10448800.0000000000,1044880.0000000000,11493680.0000000000,20박스/토빅스, , 
20231222,제일산업(주)안성공장,PE,PE 결속끈PE#50 (백) 5500m 5KG,20840.0000000000,KG,2484.0285676000,0.0000000000,37625430.0000000000,316200.0000000000,37941630.0000000000,"50박스 200롤(14,500원/롤)", , 
20231223,ALINE PTY LTD,PP,"12 x 3,000M 0.65T12x3,000M0.65T BLUE",22549.0000000000,KG,213.9994147763,39333.7400000000,51283329.0000000000,0.0000000000,51283329.0000000000, , ,72590
20231226,주)대성씨앤씨,상품,스트레치필름(일반 기계랩)20*500mm*1400m,10219.0000000000,박스,9738.0112044706,0.0000000000,22798310.0000000000,1315740.0000000000,24114050.0000000000,50박스(1공장), , 
20231227,제이케이머티리얼즈(주)／순성공장,PP,PP18MPP18M／M10KG(황),7173.0000000000,KG,11585.6250000000,0.0000000000,16717300.0000000000,1671730.0000000000,18389030.0000000000,128롤(원료1170원+500원), , 
20231228,민건 이에이,PP,PP12MPP12M／M10KG(백),2989.0000000000,KG,6391.4285714286,0.0000000000,9707500.0000000000,970750.0000000000,10678250.0000000000,112롤(0.8T), , 
20231229,피앤비,PP,PP12MPP12M／M10KG(백),23651.0000000000,KG,1659.8593651221,33174.7200000000,55621483.0000000000,1284600.0000000000,56906083.0000000000,50롤(0.8T), , 
20231230,동원팩,PP,PP9MMPP9M／M10KG(투명),6584.0400000000,KG,647.8939919450,2021344.0000000000,19057498.0000000000,60950.0000000000,19118448.0000000000,19롤, , 
2023/12  계,,,,270480.54,,602865.6287727494,2179396.99,612751196,27512225,640263421,,,
20240101,WESFARMERS INDUSTRIAL AND SAFE,PP,"12 x 3,000M 0.60T12x3,000M0.60TBLUE",4751.8000000000,KG,1.8049015475,8793.9600000000,11338932.0000000000,0.0000000000,11338932.0000000000,00036465, ,"SZL17911ST/ETD:JAN.01,24"
20240102,(주)한주,PP,PP18MM*21kg 삼성 recycle2300M두께0.80mm단중8.8g Clear,43949.0000000000,KG,12864.4901580000,0.0000000000,87116674.0000000000,5125720.0000000000,92242394.0000000000,858롤/12.29 출고,SAMEX, 
20240103,천일포장산업,PP,PP6MMPP6M／M10KG(백),48755.8000000000,KG,1534.0778633898,64041.1200000000,103572256.0000000000,1256640.0000000000,104828896.0000000000,192롤(0.65T), , 
20240104,(주)영화수출포장,PE,PE 결속끈PE#50 (백) 5500m 5KG,10101.0000000000,KG,7115.7894736842,0.0000000000,24595000.0000000000,2459500.0000000000,27054500.0000000000,30박스, , 
20240105,(주)디앤푸드,상품,스트레치필름(일반 기계랩)20*500mm*1400m,7433.0000000000,박스,5654.7278911429,0.0000000000,17909990.0000000000,949820.0000000000,18859810.0000000000,50박스, , 
20240108,광림포장기계,PP,PP9MMPP9M／M10KG(황),1344.0000000000,KG,2333.3333333333,0.0000000000,3168400.0000000000,316840.0000000000,3485240.0000000000,64롤, , 
20240109,주)대성씨앤씨,PP,PP7MPP7M10KG백색,15723.0000000000,KG,8032.3883643991,21141.8700000000,32051330.0000000000,425400.0000000000,32476730.0000000000,50롤(0.5T)(1공장), , 
20240110,서울상사,PP,PP9MMPP9M／M10KG(황),3436.0000000000,KG,2000.0000000000,0.0000000000,7889600.0000000000,788960.0000000000,8678560.0000000000,50롤(0.75T), , 
20240111,경인팩,PE,PE28mm 2kgPE28M／M(백)2KG,2556.0000000000,KG,2768.1818181818,0.0000000000,4621100.0000000000,462110.0000000000,5083210.0000000000,10박스/충북종합철물, , 
20240112,주신산업,PE,PE28mm 2kgPE28M／M(백)2KG,21.0000000000,KG,3725.0000000000,0.0000000000,65400.0000000000,6540.0000000000,71940.0000000000,1박스/백윤호, , 
20240113,ELORABI TRADING & AGENCIES,PP,PP 05MM05MM x 7000 x 0.45MM White,17641.0000000000,KG,3300.8928571400,38100.0000000000,50139600.0000000000,0.0000000000,50139600.0000000000, , ,ELO0002
20240115,한국포장기계,PP,PP6MMPP6M／M10KG(백),11412.0000000000,KG,6320.3105590000,0.0000000000,25632230.0000000000,1706680.0000000000,27338910.0000000000,64롤(0.65T), , 
20240116,경인팩,PE,PE28mm 2kgPE28M／M(백)2KG,8256.5000000000,KG,3233.0000000000,0.0000000000,20163575.0000000000,2016357.0000000000,22179932.0000000000,96박스, , 
20240117,합동포장기계,PP,PP12MPP12M／M10KG(황),2687.0000000000,KG,8336.3636363636,0.0000000000,6562000.0000000000,656200.0000000000,7218200.0000000000,20롤(0.75T), , 
20240118,동원팩,PP,PP6MMPP6M／M10KG(백),7130.0000000000,KG,12152.5490195625,0.0000000000,15449500.0000000000,868120.0000000000,16317620.0000000000,50롤, , 
20240119,박스컴퍼니(주),PP,PP7MPP7M10KG백색,8275.0000000000,KG,7509.0873015833,0.0000000000,17025130.0000000000,884380.0000000000,17909510.0000000000,56롤, , 
20240120,동원팩,PP,PP6MMPP6M／M10KG(백),35005.2000000000,KG,385.4879651916,54437.0000000000,75231228.0000000000,215500.0000000000,75446728.0000000000,50롤, , 
20240122,한남포장기계,PP,PP12MPP12MM / 9.5KG(황),55597.4000000000,KG,2712.7194732674,82969.0000000000,130125067.0000000000,1923700.0000000000,132048767.0000000000,100롤/일산,월드피에이디, 
20240123,주식회사 광림파워팩,PP,PP9MMPP9MMx9.2kg 황,3344.8000000000,kg,2443.7500000000,0.0000000000,7848640.0000000000,784864.0000000000,8633504.0000000000,64롤, , 
20240124,(주)낙원포장,PP,PP6MMPP6M/M12.5KG(백),8440.0000000000,KG,2600.0000000000,0.0000000000,17294000.0000000000,1729400.0000000000,19023400.0000000000,640롤, , 
20240125,서윤상사,PE,PE28mm 2kgPE28M／M(백)2KG,1111.0000000000,KG,30733.3333333333,0.0000000000,4057000.0000000000,405700.0000000000,4462700.0000000000,24박스,제주도, 
20240126,(주)한주,PP,PP15MM*17.5kg 삼성 recycle2194M두께1.0mm단중7.6g Clear,33826.0000000000,KG,6831.8670403844,10949.5200000000,68820073.0000000000,1975240.0000000000,70795313.0000000000,672롤/1.26 출고,SAMEX, 
20240129,주식회사 대원포장기계,PE,PE28mm 2kgPE28M／M(백)2KG,6586.0000000000,KG,2376.0119047500,0.0000000000,13977260.0000000000,683300.0000000000,14660560.0000000000,20박스(대구-대신화물착불), , 
20240130,민건 이에이,PP,PP12MPP12M／M10KG(백),8177.0000000000,KG,5795.2380952222,0.0000000000,17835370.0000000000,796400.0000000000,18631770.0000000000,105롤(0.8T), , 
20240131,(주)낙원포장,PP,PP15MPP15MM*10KG(황색),11232.0000000000,KG,13073.3173062500,0.0000000000,25243400.0000000000,2524340.0000000000,27767740.0000000000,100롤(0.8T), , 
2024/01  계,,,,356791.5,,153833.7222957269,280432.47,787732755,28961711,816694466,,,
20240201,천일포장산업,PP,PP6MMPP6M／M10KG(백),12188.5000000000,KG,6105.2000000000,0.0000000000,28478475.0000000000,2847847.0000000000,31326322.0000000000,192롤(0.65T), , 
20240202,(주)한주,PP,"삼성 코드: 6922-00001(황색) PP18MMx 2300M 포장중량 21Kg, 1롤/1pcs 포장,",28134.8000000000,KG,10782.0056000000,0.0000000000,50576084.0000000000,1380626.0000000000,51956710.0000000000,336롤/2.02 출고,SAMEX, 
20240203,RLBUTTON,PP,PP 12MM12MMx1000Mx0.55MM Blue,31298.4000000000,KG,3.3508947413,52483.5100000000,69934276.0000000000,0.0000000000,69934276.0000000000,B100250, ,541517(AK)
20240205,유일,PE,PE28mm 2kgPE28M／M(백)2KG,12494.0000000000,KG,2354.7278911429,0.0000000000,25129260.0000000000,953480.0000000000,26082740.0000000000,32박스,power박스, 
20240206,합동포장기계,PP,PP12MPP12M／M12.5KG (황),10103.0000000000,KG,10846.7787114706,0.0000000000,21205750.0000000000,1294760.0000000000,22500510.0000000000,130롤, , 
20240207,제이케이머티리얼즈(주)/순성공장,상품,PET 16MMPET 16mm x 0.8T x 1200m Embossed (반투명 녹색),1140.0000000000,롤,14400.0000000000,0.0000000000,3512000.0000000000,351200.0000000000,3863200.0000000000,20롤, , 
20240208,진송팩,PE,PE28mm 2kgPE28M／M(백)2KG,30552.0000000000,KG,2365.4421768571,0.0000000000,56867800.0000000000,309380.0000000000,57177180.0000000000,20박스, , 
20240209,ANDERSON WHOLESALE PACKAGING PTY LTD.,PP,PP 12MM12MMx1000Mx0.50MM Blue,20215.4000000000,KG,301.3366415870,32975.5600000000,43702509.0000000000,0.0000000000,43702509.0000000000,2012, ,3680
20240213,전주삼신산업,PP,PP7MPP7M10KG백색,2400.0000000000,KG,2375.0000000000,0.0000000000,5807000.0000000000,580700.0000000000,6387700.0000000000,20롤, , 
20240214,(주)인스트아이앤씨,PE,PE28mm 2kgPE28M／M(백)2KG,5244.0000000000,KG,10479.7278911429,0.0000000000,11985290.0000000000,395760.0000000000,12381050.0000000000,2박스/대양팩,로젠택배, 
20240215,주식회사 동원피앤아이,PE,PE 결속끈PE#50 (백) 5500m 5KG,3481.8000000000,KG,3000.0000000000,0.0000000000,9397640.0000000000,939764.0000000000,10337404.0000000000,60박스, , 
20240216,(주)한주,PP,PP15MM*17.5kg 삼성 recycle2194M두께1.0mm단중7.6g Clear,29277.0000000000,KG,10000.2352370000,0.0000000000,54743772.0000000000,1855350.0000000000,56599122.0000000000,384롤/2.16 출고,SAMEX, 
20240219,한국포장기계,PP,PP6MMPP6M／M10KG(백),21147.0000000000,KG,8837.8730158667,0.0000000000,45340500.0000000000,2613550.0000000000,47954050.0000000000,128롤(0.65T), , 
20240220,한남포장기계,PP,PP12MPP12MM / 9.5KG(황),8249.0000000000,KG,2590.8095238000,0.0000000000,17192150.0000000000,739760.0000000000,17931910.0000000000,100롤/일산,월드피에이디, 
20240221,신화티에스,PP,PP15MPP15MM*10KG(황색),3109.0000000000,KG,2990.0000000000,0.0000000000,7811700.0000000000,781170.0000000000,8592870.0000000000,50롤(0.8T),방문출고, 
20240222,주식회사 에이스팩,상품,스트레치필름(일반 기계랩)25*500mm*1400m,249.0000000000,롤,23950.0000000000,0.0000000000,5557000.0000000000,555700.0000000000,6112700.0000000000,40박스/코미팜, , 
20240223,(주)치악포장,PP,PP12MPP12M／M12.5KG (황),7934.6000000000,KG,8662.6666666667,0.0000000000,17310380.0000000000,1731038.0000000000,19041418.0000000000,"80롤/롤당27,000원", , 
20240225,KOMERI,PP,15 x 100M 0.55T15x100M0.55T녹색,14112.0000000000,KG,341.8704345994,4133232.0000000000,36559677.0000000000,0.0000000000,36559677.0000000000,4920501073166, ,PUS231124901
20240226,파워엠팩,PP,PP10.5MPP10.5M10KG(청),12114.0000000000,KG,19113.1216931111,0.0000000000,22781600.0000000000,357660.0000000000,23139260.0000000000,49롤(0.75T), , 
20240227,태광오토팩,PE,PE28mm 2kgPE28M／M(백)2KG,1611.0000000000,KG,3116.6666666667,0.0000000000,4486100.0000000000,448610.0000000000,4934710.0000000000,22박스, , 
20240228,제일산업(주)안성공장,PE,PE 결속끈PE#50 (백) 5500m 5KG,6461.0000000000,KG,2791.2500000000,0.0000000000,15672800.0000000000,1567280.0000000000,17240080.0000000000,"75박스 300롤(14,500원/롤)", , 
20240229,(주)낙원포장,PP,PP6MMPP6M/M12.5KG(백),13407.0000000000,KG,1993.0158730000,0.0000000000,26095070.0000000000,1737600.0000000000,27832670.0000000000,640롤, , 
2024/02  계,,,,274922.5,,147401.0789176524,4218691.07,580146833,21441235,601588068,,,
20240301,동방포장기자재,PP,PP12MPP12M／M10KG(황),5520.0000000000,KG,2333.3333333333,0.0000000000,12428000.0000000000,1242800.0000000000,13670800.0000000000,200롤(0.65T), , 
20240304,한길포장기계,PP,PP12MPP12M／M10KG(황),37208.8000000000,KG,11100.0038218117,29572.4000000000,92170319.0000000000,3435780.0000000000,95606099.0000000000,64롤(0.75T), , 
20240305,주식회사 대원포장기계,PE,PE28mm 2kgPE28M／M(백)2KG,10124.0000000000,KG,11122.5850340000,0.0000000000,22070980.0000000000,755200.0000000000,22826180.0000000000,20박스(대구-대신화물착불), , 
20240306,우선산업,PE,"PE50mm, 4.7KGPE50M／M(백)4.7KG",1815.0000000000,KG,7390.0000000000,0.0000000000,5159300.0000000000,515930.0000000000,5675230.0000000000,50박스,우선전용, 
20240307,한국포장기계,PE,PE28mm 2kgPE28M／M(백)2KG,6904.0000000000,KG,2695.4545454545,0.0000000000,17914500.0000000000,1791450.0000000000,19705950.0000000000,105박스(24kg), , 
20240308,파워엠팩,PP,PP6MMPP6M／M10KG(백),7204.0000000000,KG,1911.9047618750,0.0000000000,13610240.0000000000,347000.0000000000,13957240.0000000000,100롤, , 
20240310,POWERPAK,PP,PP 12MM12MMx1000Mx0.50MM Grey,20506.6000000000,KG,215.6322921857,33656.4800000000,44749655.0000000000,0.0000000000,44749655.0000000000,4500, ,68705
20240311,(주)한주,PP,PP15MM*17.5kg 삼성 recycle2194M두께1.0mm단중7.6g Clear,34485.5000000000,KG,2205.3728906154,0.0000000000,64639151.0000000000,1157437.0000000000,65796588.0000000000,768롤/3.11작업, , 
20240312,한국포장기계,PP,PP6MMPP6M／M10KG(백),17641.0000000000,KG,5967.6062242170,24134.9600000000,54223961.0000000000,-510360.0000000000,53713601.0000000000,128롤(0.65T), , 
20240313,(주)한주,PP,PP15MM*17.5kg 삼성 recycle2194M두께1.0mm단중7.6g Clear,5894.5000000000,KG,6252.3136493333,0.0000000000,12525466.0000000000,1053125.0000000000,13578591.0000000000,8롤/3.13 성주로발송,SAMEX, 
20240314,서해유통,PP,PP12MPP12M／M10KG(황),28534.8000000000,KG,2075.9568265446,40775.5000000000,63434076.0000000000,990400.0000000000,64424476.0000000000,10롤(0.8T), , 
20240315,경인팩,PE,PE28mm 2kgPE28M／M(백)2KG,3028.0000000000,KG,2662.5000000000,0.0000000000,8159600.0000000000,815960.0000000000,8975560.0000000000,64박스, , 
20240318,동원팩,PP,PP6MMPP6M／M10KG(백),1522.0000000000,KG,510088.8888888889,0.0000000000,8003000.0000000000,800300.0000000000,8803300.0000000000,40롤/강릉 왕도매유통, , 
20240319,민건 이에이,PP,PP12MPP12M／M10KG(백),3513.0000000000,KG,10972.5000000000,0.0000000000,8452200.0000000000,845220.0000000000,9297420.0000000000,112롤(0.85T), , 
20240320,진송팩,PE,PE28mm 2kgPE28M／M(백)2KG,13760.0000000000,KG,8713.5119047500,0.0000000000,28211500.0000000000,900650.0000000000,29112150.0000000000,60박스, , 
20240321,한남포장기계,PP,PP12MPP12MM / 9.5KG(황),2655.0000000000,KG,21031.5384615385,0.0000000000,8563000.0000000000,856300.0000000000,9419300.0000000000,100롤/일산,월드피에이디, 
20240322,파워엠팩,PP,PP6MMPP6M／M10KG(백),10498.7000000000,KG,2175.4012041333,0.0000000000,21604100.0000000000,1094498.0000000000,22698598.0000000000,50롤, , 
20240325,동원팩,PP,PP6MMPP6M／M10KG(백),11516.0000000000,KG,6301.3492063333,0.0000000000,22995000.0000000000,379000.0000000000,23374000.0000000000,50롤, , 
20240326,삼원산업,PP,PP12MPP12M／M12KG(황),16854.0000000000,KG,3846.6666666667,0.0000000000,33850150.0000000000,3385015.0000000000,37235165.0000000000,100롤(0.75T), , 
20240327,(주)영화수출포장,PE,PE 결속끈PE#50 (백) 5500m 5KG,2500.0000000000,KG,2237.5000000000,0.0000000000,5330000.0000000000,533000.0000000000,5863000.0000000000,30박스, , 
20240328,파워엠팩,PP,PP10.5MPP10.5M10KG투명,28271.2000000000,KG,1410.7966535000,27032.1600000000,59313880.0000000000,757000.0000000000,60070880.0000000000,100롤, , 
20240329,전주삼신산업,PP,PP6MMPP6M／M10KG(백),12182.0400000000,KG,6858.4525686500,14281.3000000000,27989354.0000000000,875530.0000000000,28864884.0000000000,20롤, , 
2024/03  계,,,,282138.14,,629569.2689338312,169452.8,635397432,22021235,657418667,,,
20240401,한국포장기계,PP,PP6MMPP6M／M10KG(백),14465.0000000000,KG,4415.6250000000,0.0000000000,35498000.0000000000,3549800.0000000000,39047800.0000000000,320롤(0.65T), , 
20240402,경인팩,PE,PE28mm 2kgPE28M／M(백)2KG,12459.0000000000,KG,2931.8518518519,0.0000000000,28443200.0000000000,2844320.0000000000,31287520.0000000000,64박스, , 
20240403,대상산업,PE,"PE50mm, 6KGPE50M／M(백)6KG",5047.0000000000,KG,9768.0158730000,0.0000000000,10454500.0000000000,561483.0000000000,11015983.0000000000,14박스, , 
20240404,주식회사 동원피앤아이,PE,PE 결속끈PE#50 (백) 5500m 5KG,3429.0000000000,KG,8695.4545454545,0.0000000000,9857200.0000000000,985720.0000000000,10842920.0000000000,61박스, , 
20240405,(주)낙원포장,PP,PP6MMPP6M/M12.5KG(백),8774.0000000000,KG,11372.2222222222,0.0000000000,19890200.0000000000,1989020.0000000000,21879220.0000000000,576롤, , 
20240406,NORTH SHORE,PP,PP19M HD Black (CORE 8X8)PP19MM*1219M 0.9T Black,7249.2000000000,KG,1451.3315409250,18623.6000000000,25082264.0000000000,0.0000000000,25082264.0000000000,HD75458, ,NSS_230224
20240408,주식회사 광림파워팩,PP,PP9MMPP9M／M10KG(투명),3507.0000000000,KG,6070.8333333333,0.0000000000,7469400.0000000000,746940.0000000000,8216340.0000000000,32롤(0.75T), , 
20240409,주)대성씨앤씨,PP,PP12MPP12M／M10KG(백),6094.0000000000,KG,6226.8421052632,0.0000000000,16358500.0000000000,1635850.0000000000,17994350.0000000000,50롤(0.8T)/1공장, , 
20240410,대상산업,PE,PE28mm 2kgPE28M／M(백)2KG,600.0000000000,KG,2850.0000000000,0.0000000000,1710000.0000000000,171000.0000000000,1881000.0000000000,20박스(24k), , 
20240411,한남포장기계,PP,PP12MPP12MM / 9.5KG(황),46263.3200000000,KG,2388.4221105591,58929.7200000000,100907782.0000000000,634600.0000000000,101542382.0000000000,100롤/일산,월드피에이디, 
20240412,(주)한주,PP,PP15MM*17.5kg 삼성 recycle2194M두께1.0mm단중7.6g Clear,28318.0000000000,KG,2241.9259437500,0.0000000000,57637520.0000000000,232900.0000000000,57870420.0000000000,600롤/4.12 성주로발송,SAMEX, 
20240415,파워엠팩,PP,PP9M/MPP9M/M*12KG(은회색),2317.0000000000,KG,21783.3333333333,0.0000000000,4890250.0000000000,489025.0000000000,5379275.0000000000,64롤/다오, , 
20240416,경인팩,상품,스트레치필름(일반 핸드랩)15*500mm*400m,10240.6000000000,박스,18554.2175066154,0.0000000000,26949200.0000000000,1475000.0000000000,28424200.0000000000,96박스, , 
20240417,호성수출포장,상품,스트레치필름(일반 핸드랩 20)20*500mm*350m,8097.0000000000,롤,2789.7069596923,0.0000000000,18059050.0000000000,1018500.0000000000,19077550.0000000000,20박스, , 
20240418,강원농협연합포장재가공사업소,PP,PP12MPP12M／M12.5KG (황),4392.0000000000,KG,14610.0000000000,0.0000000000,8882300.0000000000,888230.0000000000,9770530.0000000000,300롤, , 
20240419,(주)아이마켓코리아,PP,PP18MM*21kg 삼성 recycle2300M두께0.80mm단중8.8g Clear,20046.0000000000,KG,1576.5771829931,30626.0000000000,50551083.0000000000,238240.0000000000,50789323.0000000000,97롤,SEEG,3062391616
20240422,고림포장주식회사,PP,PP7MPP7M10KG백색,19136.5600000000,KG,2576.8790366000,0.0000000000,44597325.0000000000,951887.0000000000,45549212.0000000000,23롤(0.5T), , 
20240423,(주)낙원포장,PP,PP10MPP10M／M10KG(백색),3143.0000000000,KG,8057.5000000000,0.0000000000,6865800.0000000000,686580.0000000000,7552380.0000000000,100롤(0.8T), , 
20240424,우선산업,PE,"PE50mm, 4.7KGPE50M／M(백)4.7KG",12012.0000000000,KG,7563.0781972222,0.0000000000,24652735.0000000000,1116155.0000000000,25768890.0000000000,50박스,우선전용, 
20240425,경인산업,PP,PP12MPP12M／M10KG(황),14280.0000000000,KG,7621.7664830976,15012.5000000000,34001125.0000000000,1343400.0000000000,35344525.0000000000,56롤(0.75T), , 
20240426,주식회사 삼성프린팅솔루션,PP,PP12MPP12M／M10KG(황),3129.0000000000,KG,7667.5000000000,0.0000000000,12190600.0000000000,1219060.0000000000,13409660.0000000000,100롤(0.65T), , 
20240429,신화티에스,PP,PP15MPP15MM*10KG(황색),21567.2000000000,KG,1087.4245555413,27688.4400000000,46395774.0000000000,829925.0000000000,47225699.0000000000,50롤(0.8T), , 
20240430,하영종합상사,PE,PE28mm 2kgPE28M／M(백)2KG,2668.0000000000,KG,24157.5000000000,0.0000000000,6610600.0000000000,661060.0000000000,7271660.0000000000,5박스,로젠택배, 
2024/04  계,,,,257233.88,,176458.0077814544,150880.26,597954408,24268695,622223103,,,
20240501,합동포장기계,PE,PE28mm 2kgPE28M／M(백)2KG,3460.0000000000,KG,2333.3333333333,0.0000000000,7536000.0000000000,753600.0000000000,8289600.0000000000,20박스,kic박스, 
20240502,한길포장기계,PP,PP12MPP12M／M10KG(백),18745.0000000000,KG,8467.2727272727,0.0000000000,42274000.0000000000,4227400.0000000000,46501400.0000000000,128롤(0.75T), , 
20240503,주식회사 에이스팩,상품,스트레치필름(일반 기계랩)18*500mm*2000m,34472.5800000000,박스,3986.8535350846,49050.1600000000,82105045.0000000000,365800.0000000000,82470845.0000000000,20박스/코라이징에프앤비, , 
20240504,KOMERI,PP,15 x 100M 0.55T15x100M0.55T녹색,13756.1400000000,KG,341.8704345994,4094313.0000000000,36845541.0000000000,0.0000000000,36845541.0000000000,4920501073166, ,PUS240216912
20240507,합동포장기계,PP,PP12MPP12M／M12.5KG (황),5781.0000000000,KG,2444.6666666667,0.0000000000,13274300.0000000000,1327430.0000000000,14601730.0000000000,160롤(0.75T), , 
20240508,(주)삼신,PE,PE28mm 2kgPE28M／M(백)2KG,9535.1600000000,KG,4295.1407459286,0.0000000000,21699880.0000000000,1495720.0000000000,23195600.0000000000,100박스, , 
20240509,제이케이머티리얼즈(주)/순성공장,상품,PET 16MMPET 16mm x 0.8T x 1200m Embossed (반투명 녹색),9998.6200000000,롤,9765.8045976667,0.0000000000,23548790.0000000000,1672974.0000000000,25221764.0000000000,20롤, , 
20240510,(주)스피드랩코리아,PP,PP6MMPP6M／M10KG(백),32788.5600000000,KG,2250.9067157157,41409.6200000000,86060123.0000000000,1844215.0000000000,87904338.0000000000,64롤, , 
20240513,신광포장기계,PP,PP15MPP15MM*10KG(황색),1624.0000000000,KG,44688.3333333333,0.0000000000,4242600.0000000000,424260.0000000000,4666860.0000000000,48롤(0.65T)/해성식품, , 
20240514,주식회사 광림파워팩,PP,PP9MMPP9M／M10KG(황),8403.3600000000,KG,2427.9844006250,0.0000000000,16957660.0000000000,784460.0000000000,17742120.0000000000,128롤, , 
20240516,주식회사 동원피앤아이,PE,PE 결속끈PE#50 (백) 5500m 5KG,16207.3800000000,KG,3961.9076176087,0.0000000000,39494900.0000000000,2467439.0000000000,41962339.0000000000,30박스, , 
20240517,신광포장기계,PE,PE28mm 2kgPE28M／M(백)2KG,16909.1600000000,KG,2146.3204706667,0.0000000000,31795710.0000000000,266000.0000000000,32061710.0000000000,10박스, , 
20240520,경인팩,PE,PE28mm 2kgPE28M／M(백)2KG,5695.3400000000,KG,3044.6305418571,0.0000000000,14470280.0000000000,1287500.0000000000,15757780.0000000000,96박스, , 
20240521,주)대성씨앤씨,PP,PP12MPP12M／M10KG(황),3960.0000000000,KG,2495.0000000000,0.0000000000,9157400.0000000000,915740.0000000000,10073140.0000000000,50롤(0.8T)/2공장, , 
20240522,대상산업,PE,PE28mm 2kgPE28M／M(백)2KG,2500.0000000000,KG,2333.3333333333,0.0000000000,5615000.0000000000,561500.0000000000,6176500.0000000000,20박스(24k), , 
20240523,신우교역,PP,PP12MPP12M／M10KG(황),35329.6000000000,KG,2426.3772577500,0.0000000000,75025390.0000000000,236540.0000000000,75261930.0000000000,100롤(0.8T)/한국스미더스, , 
20240524,동원팩,PP,PP6MMPP6M／M10KG(백),22539.6600000000,KG,2319.5933365963,29155.7600000000,59231635.0000000000,1115940.0000000000,60347575.0000000000,50롤, , 
20240527,(주)낙원포장,PP,PP6MMPP6M/M12.5KG(백),27263.3600000000,KG,4841.4731316276,40110.3400000000,65375965.0000000000,1042480.0000000000,66418445.0000000000,100롤, , 
20240528,대상산업,PE,PE28mm 2kgPE28M／M(백)2KG,3542.0000000000,KG,2661.1111111111,0.0000000000,9656350.0000000000,965635.0000000000,10621985.0000000000,20박스(24k), , 
20240529,경인두채영농조합법인,PP,PP12MPP12M／M10KG(황),5252.9600000000,KG,10152.9033250625,0.0000000000,10966200.0000000000,390520.0000000000,11356720.0000000000,56롤(0.8T), , 
20240530,경인팩,PP,PP6MMPP6M／M10KG(백),4651.0000000000,KG,19219.4117647059,0.0000000000,11826600.0000000000,1182660.0000000000,13009260.0000000000,224롤, , 
20240531,주식회사 광림파워팩,PP,PP9MMPP9M／M10KG(황),7407.6000000000,KG,2066.6666666667,0.0000000000,15342580.0000000000,1534258.0000000000,16876838.0000000000,128롤, , 
2024/05  계,,,,289822.48,,138670.8950472119,4254038.88,682501949,24862071,707364020,,,
20240601,파코팩(PACO PACK),PE,PE 결속끈PE#50 (백) 5500m 5KG,7254.0000000000,KG,3981.1111111111,0.0000000000,17535600.0000000000,1753560.0000000000,19289160.0000000000,25박스, , 
20240603,천일포장산업,PP,PP6MMPP6M／M10KG(백),10139.0000000000,KG,2591.6666666667,0.0000000000,24285300.0000000000,2428530.0000000000,26713830.0000000000,256롤(0.65T), , 
20240604,삼보팩,PP,PP12MPP12M／M10KG(황),9601.4000000000,KG,4927.0164046471,0.0000000000,21430560.0000000000,964560.0000000000,22395120.0000000000,56롤(0.8T), , 
20240605,백암지관공업사,PP,PP12MPP12M／M11KG(청),1253.4000000000,KG,10833.9595956667,1227.6000000000,17095617.0000000000,1541000.0000000000,18636617.0000000000,10롤, , 
20240606,(주)낙원포장,PP,PP6MMPP6M/M12.5KG(백),13144.9000000000,KG,2378.4482758000,0.0000000000,28276800.0000000000,2092600.0000000000,30369400.0000000000,640롤, , 
20240607,피앤비,PP,PP7MPP7M10KG백색,19361.8000000000,KG,10583.7256557217,14918.0000000000,43586567.0000000000,2301130.0000000000,45887697.0000000000,50롤, , 
20240610,경인산업,PP,PP12MPP12M／M10KG(백),4341.0000000000,KG,5259.3750000000,0.0000000000,10422000.0000000000,1042200.0000000000,11464200.0000000000,56롤(0.75T), , 
20240611,제일포장(김해),PE,PE28mm 2kgPE28M／M(백)2KG,3799.7000000000,KG,7477.2030651111,0.0000000000,10927400.0000000000,1077100.0000000000,12004500.0000000000,54박스, , 
20240612,파워엠팩,PP,PP12MPP12M／M10KG(백),4076.0000000000,KG,5225.0000000000,0.0000000000,9807400.0000000000,980740.0000000000,10788140.0000000000,50롤(0.8T), , 
20240613,주식회사 광림파워팩,PP,PP12MPP12M／M12.5KG (황),6045.0000000000,KG,10920.6250000000,0.0000000000,13836200.0000000000,1383620.0000000000,15219820.0000000000,40롤, , 
20240614,동원팩,PE,"PE28mm, 6KGPE28M／M(백)6KG",13068.6400000000,KG,5960.1394833091,1722646.0000000000,31396564.0000000000,1636510.0000000000,33033074.0000000000,24박스, , 
20240615,에이원코리아,PP,PP12MPP12M／M12KG(황),1199.0000000000,KG,25975.0000000000,0.0000000000,2290000.0000000000,229000.0000000000,2519000.0000000000,100롤(0.8T), , 
20240616,CYKLOP PACKAGING SYSTEMS PTY LTD.,PP,PP 05MM05MM x 7000 x 0.50MM White,16592.2000000000,KG,1.6546374029,26694.9600000000,36598790.0000000000,0.0000000000,36598790.0000000000,01215045SD, ,17438
20240617,경인산업,PP,PP12MPP12M／M10KG(백),2102.0000000000,KG,13316.6666666667,0.0000000000,5122400.0000000000,512240.0000000000,5634640.0000000000,56롤(0.75T), , 
20240618,(주)아이마켓코리아,PP,PP18MM*21kg 삼성 recycle2300M두께0.80mm단중8.8g Clear,680.8600000000,KG,1957.9926107500,0.0000000000,1444860.0000000000,0.0000000000,1444860.0000000000,6롤,SSAP,3064103094
20240619,동원팩,PE,PE28mm 2kgPE28M／M(백)2KG,2988.5000000000,KG,7128.5714285714,0.0000000000,7361375.0000000000,736137.0000000000,8097512.0000000000,30박스, , 
20240620,신대한판지(주),PP,PP9MMPP9M／M9.5KG(백색),838.0000000000,kg,6075.0000000000,0.0000000000,2800500.0000000000,280050.0000000000,3080550.0000000000,"63롤( @17,000/롤)", , 
20240621,진송팩,PP,PE28mm 2kgPE28M／M(백)2KG,5293.9000000000,KG,2197.8907299091,0.0000000000,12279540.0000000000,677840.0000000000,12957380.0000000000,50박스, , 
20240624,태광오토팩,PP,PP7MPP7M10KG백색,3093.0000000000,KG,3486.6666666667,0.0000000000,7200400.0000000000,720040.0000000000,7920440.0000000000,50롤, , 
20240625,신광포장기계,PP,PP15MPP15M／M10KG(백색),2046.0000000000,KG,6794.4444444444,0.0000000000,5453250.0000000000,545325.0000000000,5998575.0000000000,30롤(0.65T), , 
20240626,민건 이에이,PP,PP12MPP12M／M10KG(백),15337.7600000000,KG,12262.4827586000,0.0000000000,35605920.0000000000,3560591.0000000000,39166511.0000000000,50롤(0.85T), , 
20240627,주)대성씨앤씨,상품,스트레치필름(기능 핸드랩)15*500mm*400m,6427.0000000000,롤,2835.1948051818,0.0000000000,13650470.0000000000,531550.0000000000,14182020.0000000000,"30박스(박스당 32,800원)/2공장", , 
20240628,(주)낙원포장,PP,PP6MMPP6M/M12.5KG(백),8916.0000000000,KG,2358.1818181818,0.0000000000,15635600.0000000000,1563560.0000000000,17199160.0000000000,100롤, , 
20240630,천일포장산업,PP,PP6MMPP6M／M10KG(백),3200.0000000000,KG,2525.0000000000,0.0000000000,7360000.0000000000,736000.0000000000,8096000.0000000000,256롤(0.65T), , 
2024/06  계,,,,160799.06,,157053.0168244083,1765486.56,381403113,27293883,408696996,,,
20240701,한국포장기계,PP,PP6MMPP6M／M10KG(백),11411.0000000000,KG,2681.2500000000,0.0000000000,27165600.0000000000,2716560.0000000000,29882160.0000000000,128롤(0.65T), , 
20240702,합동포장기계,PP,PP12MPP12M／M12.5KG (황),7843.0000000000,KG,5166.6666666667,0.0000000000,17763900.0000000000,1776390.0000000000,19540290.0000000000,120롤(0.75T), , 
20240703,주식회사 대원포장기계,PE,PE28mm 2kgPE28M／M(백)2KG,31852.0000000000,KG,4274.6733586528,64289.2000000000,103018715.0000000000,1382388.0000000000,104401103.0000000000,20박스(대구-대신화물착불), , 
20240704,호성수출포장,상품,스트레치필름(일반 핸드랩 20)20*500mm*350m,45736.3500000000,롤,144306.2118539027,69114.5400000000,104689655.0000000000,1010200.0000000000,105699855.0000000000,20박스, , 
20240705,경은종합상사,PE,PE28mm 2kgPE28M／M(백)2KG,10682.1400000000,KG,2274.8702791000,0.0000000000,23142290.0000000000,1775500.0000000000,24917790.0000000000,10박스,KIC박스, 
20240706,WESFARMERS INDUSTRIAL AND SAFE,PP,"12 x 3,000M 0.60T12x3,000M0.60TBLUE",5202.0000000000,KG,1.7850300300,9144.7000000000,12637060.0000000000,0.0000000000,12637060.0000000000,00036465, ,"SZN35572ST / ETD:JUL.06,24"
20240708,박스컴퍼니(주),PP,PP12MPP12M／M10KG(백),5786.5400000000,KG,2353.1171318333,0.0000000000,12050610.0000000000,443600.0000000000,12494210.0000000000,50롤(0.8T), , 
20240709,신한포장기계(주),PE,PE28mm 2kgPE28M／M(백)2KG,7074.0000000000,KG,9186.5000000000,0.0000000000,17278800.0000000000,1727880.0000000000,19006680.0000000000,50박스, , 
20240710,신광포장기계,PP,PP12MPP12M／M10KG(황),37258.8000000000,KG,1673.3667418640,22507.0800000000,74498684.0000000000,806360.0000000000,75305044.0000000000,56롤(0.65T), , 
20240711,동원팩,PE,"PE28mm, 6KGPE28M／M(백)6KG",9157.2800000000,KG,9373.7621573462,0.0000000000,23181450.0000000000,1614460.0000000000,24795910.0000000000,34박스, , 
20240712,신광포장기계,PP,PP15MPP15M／M10KG(백색),1926.0000000000,KG,6164.2857142857,0.0000000000,4260000.0000000000,426000.0000000000,4686000.0000000000,30롤(0.65T), , 
20240715,동원팩,PP,PP6MMPP6M／M10KG(백),20730.0000000000,KG,16834.3722943636,0.0000000000,39294880.0000000000,595500.0000000000,39890380.0000000000,50롤, , 
20240716,(주)태광피엔에스,PP,PP12MPP12M／M9KG(자동용인쇄밴드),17778.2000000000,KG,6776.1591281818,0.0000000000,34751940.0000000000,249260.0000000000,35001200.0000000000,36롤, , 
20240717,강원농협연합포장재가공사업소,PP,PP12MPP12M／M12.5KG (황),4350.0000000000,KG,2556.6666666667,0.0000000000,9097500.0000000000,909750.0000000000,10007250.0000000000,300롤, , 
20240718,주식회사 대한종합포장,상품,스트레치필름(기능 기계랩)15*500mm*1700m,1328.1200000000,롤,7972.7060754000,0.0000000000,3538830.0000000000,68200.0000000000,3607030.0000000000,22박스, , 
20240719,주식회사 광림파워팩,상품,PP15MPP15MM*10KG(황색),28079.0000000000,KG,12593.8359788333,0.0000000000,55031880.0000000000,1631460.0000000000,56663340.0000000000,50롤(솔표식품인쇄밴드), , 
20240722,전주삼신산업,PP,PP6MMPP6M／M10KG(백),12589.0000000000,KG,7018.0952380909,0.0000000000,24703350.0000000000,530630.0000000000,25233980.0000000000,10롤, , 
20240723,천일포장산업,PP,PP6MMPP6M／M10KG(백),8809.0000000000,KG,9077.1428571429,0.0000000000,21471600.0000000000,2147160.0000000000,23618760.0000000000,320롤(0.65T), , 
20240724,동방포장기자재,PP,PP12MPP12M／M10KG(황),7350.3400000000,KG,2147.4518584545,0.0000000000,15160990.0000000000,855056.0000000000,16016046.0000000000,200롤(0.65T), , 
20240725,서울상사,PP,PP12MPP12M／M10KG(황),23588.0000000000,KG,2078.6309523750,0.0000000000,43684280.0000000000,496700.0000000000,44180980.0000000000,100롤(0.8T), , 
20240726,진송팩,PE,PE28mm 2kgPE28M／M(백)2KG,1618.0000000000,KG,10557.1428571429,0.0000000000,4063700.0000000000,406370.0000000000,4470070.0000000000,50박스, , 
20240729,전주삼신산업,PE,"PE28mm, 6KGPE28M／M(백)6KG",24864.4000000000,KG,12224.8015067647,0.0000000000,47870740.0000000000,704620.0000000000,48575360.0000000000,24박스, , 
20240730,금산포장,PE,PE28mm 2kgPE28M／M(백)2KG,24473.0000000000,KG,11722.0050125263,0.0000000000,46875330.0000000000,873420.0000000000,47748750.0000000000,30박스, , 
20240731,민건 이에이,PP,PP12MPP12M／M10KG(백),3536.0000000000,KG,7499.7619047500,0.0000000000,7139260.0000000000,383600.0000000000,7522860.0000000000,100롤(0.85T), , 
2024/07  계,,,,353022.17,,296515.261264374,165055.52,772371044,23531064,795902108,,,
20240801,한국포장기계,PP,PP6MMPP6M／M10KG(백),13245.0000000000,KG,5786.1111111111,0.0000000000,33307000.0000000000,3330700.0000000000,36637700.0000000000,256롤(0.65T),실출고7/16, 
20240802,(주)낙원포장,PE,PP6MMPP6M/M12.5KG(백),20879.2600000000,KG,4311.7786760000,0.0000000000,41785900.0000000000,2106362.0000000000,43892262.0000000000,100롤, , 
20240803,OMNI GROUP,PP,PP19M HD WhitePP19MM*1000M*0.95 White,30103.4400000000,KG,189.1217187431,53520.1800000000,73103212.0000000000,0.0000000000,73103212.0000000000,50031, ,99427
20240804,KOMERI,PP,15 x 100M 0.55T15x100M0.55T녹색,13924.4400000000,KG,335.2139950219,3931498.0000000000,36000727.0000000000,0.0000000000,36000727.0000000000,4920501073166, ,PUS240515911
20240805,승일제대 주식회사,PE,PE28mm 2kgPE28M／M(백)2KG,1037.0000000000,KG,6090.0000000000,0.0000000000,3286600.0000000000,328660.0000000000,3615260.0000000000,2박스, , 
20240806,한길포장기계,PP,PP12MPP12M／M10KG(황),3564.0000000000,KG,19190.0000000000,0.0000000000,9121200.0000000000,912120.0000000000,10033320.0000000000,64롤(0.75T), , 
20240807,한국포장기계,PP,PP6MMPP6M／M10KG(백),9801.0000000000,KG,10794.6153846154,0.0000000000,23702500.0000000000,2370250.0000000000,26072750.0000000000,256롤(0.65T), , 
20240808,주식회사 에이스팩,상품,스트레치필름(일반 기계랩)18*500mm*2000m,13158.8000000000,박스,5061.3132196833,14291.7000000000,31063775.0000000000,1137410.0000000000,32201185.0000000000,15박스/코라이징에프앤비, , 
20240809,호성수출포장,PE,PE28mm 2kgPE28M／M(백)2KG,6892.3400000000,KG,-6061.0737092222,0.0000000000,16226570.0000000000,846890.0000000000,17073460.0000000000,20박스, , 
20240812,주식회사 광림파워팩,PP,PP12MPP12M／M10KG(황),17690.0200000000,KG,6967.5318144375,0.0000000000,36961610.0000000000,2123490.0000000000,39085100.0000000000,64롤, , 
20240814,동원팩,PP,PP6MMPP6M／M10KG(백),7780.0000000000,KG,1001.0500000000,11900.0000000000,18749570.0000000000,244300.0000000000,18993870.0000000000,50롤, , 
20240819,신한포장기계(주),PE,PE28mm 2kgPE28M／M(백)2KG,4315.0000000000,KG,15584.2857142857,0.0000000000,10382200.0000000000,1038220.0000000000,11420420.0000000000,50박스, , 
20240820,전주삼신산업,PP,PP15MPP15MM*10KG(황색),11265.6400000000,KG,9468.1223316500,0.0000000000,23195930.0000000000,966480.0000000000,24162410.0000000000,56롤(0.65T)/삼복푸드,대신택배, 
20240821,서울상사,PP,PP12MPP12M／M10KG(황),8403.8000000000,KG,20816.9102353333,0.0000000000,22386110.0000000000,967700.0000000000,23353810.0000000000,50롤(0.8T), , 
20240822,제이케이머티리얼즈(주)/순성공장,PP,PP18MPP18M／M10KG(황),12126.0000000000,KG,6517.0608465556,0.0000000000,15939510.0000000000,1570905.0000000000,17510415.0000000000,128롤(원료1270원+500원), , 
20240823,주식회사 올에이치,PP,PE15MPP15M／M10KG(투명),22610.0800000000,KG,5215.0041050625,0.0000000000,44055250.0000000000,1030160.0000000000,45085410.0000000000,128롤/수축밴드,청주납품, 
20240824,ANDERSON WHOLESALE PACKAGING PTY LTD.,PP,PP 12MM12MMx1000Mx0.50MM Blue,20620.8000000000,KG,423.6409204288,35927.5800000000,47995654.0000000000,0.0000000000,47995654.0000000000,2012, ,3992
20240826,파워엠팩,상품,패드410(STRONG)패드 410*200,47071.8000000000, ,1657.3492249927,81459.8400000000,95746701.0000000000,891680.0000000000,96638381.0000000000,실제10200장, , 
20240827,합동포장기계,PP,PP12MPP12M／M12.5KG (황),7038.4800000000,KG,2321.7344006250,0.0000000000,15447670.0000000000,736800.0000000000,16184470.0000000000,40롤(0.75T), , 
20240828,(주)낙원포장,PP,PP6MMPP6M/M12.5KG(백),14279.6000000000,KG,1980.0980391250,0.0000000000,28502480.0000000000,2444150.0000000000,30946630.0000000000,384롤, , 
20240829,민건 이에이,PP,PP12MPP12M／M10KG(백),7441.0600000000,KG,103212.7586206667,0.0000000000,21754520.0000000000,1208900.0000000000,22963420.0000000000,100롤(0.85T), , 
20240830,주식회사 광림파워팩,PP,PP9MMPP9M／M10KG(투명),22163.0000000000,KG,1327.5384703823,28140.4800000000,46777482.0000000000,920150.0000000000,47697632.0000000000,64롤(0.75T), , 
2024/08  계,,,,315410.56,,222190.1651194977,4156737.78,695492171,25175327,720667498,,,
20240902,합동포장기계,PP,PP12MPP12M／M12.5KG (황),24657.6800000000,KG,4563.3646230107,1844870.0000000000,62480206.0000000000,3838100.0000000000,66318306.0000000000,40롤(0.75T), , 
20240903,천일포장산업,PP,PP6MMPP6M／M10KG(백),11005.7200000000,KG,14830.9407498333,0.0000000000,26659100.0000000000,2077340.0000000000,28736440.0000000000,256롤(0.65T), , 
20240904,합동포장기계,PP,PP12MPP12M／M12.5KG (황),7264.0000000000,KG,10828.6031746000,0.0000000000,17634360.0000000000,1394700.0000000000,19029060.0000000000,120롤(0.75T), , 
20240905,파코팩(PACO PACK),PE,"PE50mm, 5KGPE50M／M(황)5KG",2124.0000000000,KG,50055.5555555556,0.0000000000,6041800.0000000000,604180.0000000000,6645980.0000000000,65박스, , 
20240906,진송팩,PE,PE28mm 2kgPE28M／M(백)2KG,23638.7600000000,KG,2534.0853858000,0.0000000000,46070420.0000000000,598740.0000000000,46669160.0000000000,50박스, , 
20240909,신광포장기계,PP,PP11MM*14KG삼성경량밴드2300m*두께0.84mm단중5.8g GRS,2443.0800000000,KG,2753.7500000000,0.0000000000,5455896.0000000000,545589.0000000000,6001485.0000000000,12롤(B품), , 
20240910,그린포장,PE,PE28mm 2kgPE28M／M(백)2KG,1715.0000000000,KG,49078.5714285714,0.0000000000,10159800.0000000000,1015980.0000000000,11175780.0000000000,10박스, , 
20240911,(주)낙원포장,PP,PP6MMPP6M/M12.5KG(백),2494.0000000000,KG,2691.6666666667,0.0000000000,5630800.0000000000,563080.0000000000,6193880.0000000000,100롤, , 
20240912,경인산업,PP,PP12MPP12M／M10KG(백),4569.6800000000,KG,5744.2236816667,0.0000000000,11098280.0000000000,281000.0000000000,11379280.0000000000,56롤(0.75T), , 
20240913,(주)한주,PP,PP15MM*17.5kg 삼성 recycle2194M두께1.0mm단중7.6g Clear,9394.0000000000,KG,6346.6704759000,0.0000000000,18529140.0000000000,823500.0000000000,19352640.0000000000,240롤/9.13 성주로발송,SAMEX, 
20240919,경인팩,PP,PP6MMPP6M／M10KG(백),32674.4600000000,KG,1372.7373079099,43431.0900000000,76184539.0000000000,1565640.0000000000,77750179.0000000000,336롤, , 
20240920,유일포장기계,PP,PP5MMx7000Mx0.5T 백색,1787.0000000000,롤,16905.5555555556,0.0000000000,7424000.0000000000,742400.0000000000,8166400.0000000000,56롤, , 
20240921,태광오토팩,PP,PP7MPP7M10KG백색,500.0000000000,KG,2000.0000000000,0.0000000000,1000000.0000000000,100000.0000000000,1100000.0000000000,50롤, , 
20240923,주식회사 동원피앤아이,PE,PE 결속끈PE#50 (백) 5500m 5KG,7829.0000000000,KG,10277.7777777778,0.0000000000,20176300.0000000000,2017630.0000000000,22193930.0000000000,30박스, , 
20240924,호성수출포장,상품,스트레치필름(일반 핸드랩 20)20*500mm*350m,12044.5400000000,롤,5179.3343436923,0.0000000000,31024460.0000000000,1032170.0000000000,32056630.0000000000,20박스, , 
20240925,주식회사 광림파워팩,PP,PP15MPP15MM*10KG(황색),6152.0000000000,KG,2657.1428571429,0.0000000000,14253300.0000000000,1425330.0000000000,15678630.0000000000,128롤, , 
20240926,오익플라스틱,PP,PP12MPP12M／M12.5KG (황),2971.0000000000,KG,2783.3333333333,0.0000000000,7328400.0000000000,732840.0000000000,8061240.0000000000,40롤, , 
20240927,동원팩,PE,PE28mm 2kgPE28M／M(백)2KG,3141.0000000000,KG,7161.2500000000,0.0000000000,8041000.0000000000,804100.0000000000,8845100.0000000000,25박스, , 
20240930,동방포장기자재,PP,PP15MPP15MM*10KG(황색),6119.0000000000,KG,502.6833911395,1743320.0000000000,16214667.0000000000,9750.0000000000,16224417.0000000000,5롤(0.65T), , 
2024/09  계,,,,162523.92,,198267.2463081557,3631621.09,391406468,20172069,411578537,,,
20241001,신광포장기계,PP,PP12MPP12M／M10KG(황),11032.0000000000,KG,3752.9411764706,0.0000000000,27083200.0000000000,2708320.0000000000,29791520.0000000000,20롤(0.65T), , 
20241002,경인팩,PP,PP6MMPP6M／M10KG(백),4436.5000000000,KG,9754.5454545455,0.0000000000,10436175.0000000000,1043617.0000000000,11479792.0000000000,56롤/유성농장(한알), , 
20241004,동원팩,PP,PP6MMPP6M／M10KG(백),4199.1400000000,KG,3725.2583048462,0.0000000000,8657290.0000000000,255700.0000000000,8912990.0000000000,50롤, , 
20241005,제이케이머티리얼즈(주)/순성공장,PP,PP18MPP18M／M10KG(황),1969.0000000000,KG,17893.3333333333,0.0000000000,3622100.0000000000,362210.0000000000,3984310.0000000000,77롤(원료1230원+500원), , 
20241007,강원농협연합포장재가공사업소,PP,PP12MPP12M／M12.5KG (황),16983.0000000000,KG,17463.2258064516,0.0000000000,49426500.0000000000,4942650.0000000000,54369150.0000000000,300롤, , 
20241008,신우교역,PP,PP12MPP12M／M10KG(황),15213.6400000000,KG,3791.4519388462,0.0000000000,37684190.0000000000,3118600.0000000000,40802790.0000000000,100롤(0.8T)/한국스미더스, , 
20241010,(주)베스테크,PP,도전성밴드7.7mm*900m,5850.0000000000,Roll,5415.0000000000,0.0000000000,21468000.0000000000,2146800.0000000000,23614800.0000000000,48박스, , 
20241011,동원팩,PP,PP6MMPP6M／M10KG(백),9923.0000000000,KG,2398.6190476000,0.0000000000,19735110.0000000000,855780.0000000000,20590890.0000000000,50롤, , 
20241014,한국포장기계,PP,PP6MMPP6M／M10KG(백),43245.8000000000,KG,3052.0820035354,65505.4200000000,102149608.0000000000,1380900.0000000000,103530508.0000000000,128롤, , 
20241015,(주)한주,PP,PP15MM*17.5kg 삼성 recycle2194M두께1.0mm단중7.6g Clear,11884.6400000000,KG,196944.4086393846,0.0000000000,30186968.0000000000,1700120.0000000000,31887088.0000000000,232롤/10.15 성주로발송,SAMEX, 
20241016,동남물산,PE,PE28mm 2kgPE28M／M(백)2KG,42940.1000000000,KG,1845.0167669604,51410.9000000000,102209707.0000000000,2650560.0000000000,104860267.0000000000,20박스, , 
20241017,(주)베스테크,PP,도전성밴드7.7mm*900m,2215.0800000000,Roll,10440.0000000000,0.0000000000,14753096.0000000000,1475309.0000000000,16228405.0000000000,41박스, , 
20241018,주식회사 동원피앤아이,PE,"PE50mm, 4.7KGPE50M／M(황)4.7KG",26815.3200000000,KG,2209.9478411765,0.0000000000,52188260.0000000000,841880.0000000000,53030140.0000000000,30박스, , 
20241019,동원팩,PE,PE28mm 2kgPE28M／M(백)2KG,480.0000000000,KG,2850.0000000000,0.0000000000,1368000.0000000000,136800.0000000000,1504800.0000000000,24박스, , 
20241021,주식회사 광림파워팩,PP,PP9MMPP9MMx9.2kg 황,2788.6000000000,kg,2781.2500000000,0.0000000000,6121480.0000000000,612148.0000000000,6733628.0000000000,128롤, , 
20241022,광현페이퍼,PE,PE28mm 2kgPE28M／M(적)2KG,16570.5000000000,KG,4100.3879369125,11351.8000000000,40209606.0000000000,1808200.0000000000,42017806.0000000000,15박스,"외부박스(대경단가@2,900/Kg)", 
20241023,한남포장기계,PP,PP12MPP12MM / 9.5KG(황),4623.1800000000,KG,2301.9329110000,0.0000000000,10949590.0000000000,452960.0000000000,11402550.0000000000,50롤, , 
20241024,민건 이에이,PP,PP12MPP12M／M10KG(백),4060.0000000000,KG,2537.7777777778,0.0000000000,10162000.0000000000,1016200.0000000000,11178200.0000000000,100롤(0.85T), , 
20241025,동원팩,PE,PE28mm 2kgPE28M／M(백)2KG,17466.1400000000,KG,2144.1990946757,25268.2400000000,50488065.0000000000,114700.0000000000,50602765.0000000000,5박스/충주오알농장, , 
20241028,신한포장기계(주),PE,PE28mm 2kgPE28M／M(백)2KG,4716.0000000000,KG,16203.8461538462,0.0000000000,12661800.0000000000,1266180.0000000000,13927980.0000000000,50박스, , 
20241029,피앤비,상품,자동밴딩기W850 H600 (3상),11506.3800000000,대,93519.1565172643,1795540.0000000000,29898681.0000000000,463640.0000000000,30362321.0000000000, , , 
20241030,주신산업,PP,PP12MPP12M／M10KG(황),101740.0000000000,KG,2203.0000000000,0.0000000000,6020000.0000000000,602000.0000000000,6622000.0000000000,72롤(0.8T)/용차, , 
20241031,진송팩,PE,PE28mm 2kgPE28M／M(백)2KG,13871.9600000000,KG,3974.1940338333,0.0000000000,27244900.0000000000,364000.0000000000,27608900.0000000000,60박스, , 
2024/10  계,,,,374529.98,,411301.5747384601,1949076.36,674724326,30319274,705043600,,,
20241101,합동포장기계,PP,PP12MPP12M／M12.5KG (황),8797.0000000000,KG,2396.5000000000,0.0000000000,19344300.0000000000,1934430.0000000000,21278730.0000000000,220롤(0.75T), , 
20241104,천일포장산업,PP,PP6MMPP6M／M10KG(백),4896.0000000000,KG,19348.3333333333,0.0000000000,11704400.0000000000,1170440.0000000000,12874840.0000000000,192롤(0.65T), , 
20241105,(주)베스테크,PP,도전성밴드7.7mm*900m,5782.0000000000,Roll,4016.2500000000,0.0000000000,20719800.0000000000,2071980.0000000000,22791780.0000000000,40박스, , 
20241106,한국포장기계,PP,PP6MMPP6M／M10KG(백),8057.0000000000,KG,12264.4444444444,0.0000000000,17281600.0000000000,1728160.0000000000,19009760.0000000000,240롤, , 
20241107,경인팩,PE,PE28mm 2kgPE28M／M(백)2KG,7494.0000000000,KG,3014.2857142857,0.0000000000,17466600.0000000000,1746660.0000000000,19213260.0000000000,64박스, , 
20241108,(주)태양지대,PP,"PE28mm, 6KGPE28M／M(백)6KG",2190.0000000000,KG,6593.7500000000,0.0000000000,7005000.0000000000,700500.0000000000,7705500.0000000000,20박스, , 
20241111,(주)낙원포장,PP,PP10.5MPP10.5M10KG투명,4436.0000000000,KG,2837.1428571429,0.0000000000,9943400.0000000000,994340.0000000000,10937740.0000000000,50롤(0.75T), , 
20241112,경인산업,PP,PP12MPP12M／M10KG(백),10115.7400000000,KG,2282.9893699474,0.0000000000,22567910.0000000000,1434403.0000000000,24002313.0000000000,56롤(0.75T), , 
20241113,호성수출포장,상품,스트레치필름(일반 핸드랩 20)20*500mm*350m,2093.0000000000,롤,12100.0000000000,0.0000000000,5649200.0000000000,564920.0000000000,6214120.0000000000,20박스, , 
20241114,강원농협연합포장재가공사업소,PP,PP12MPP12M／M12.5KG (황),30829.9200000000,KG,1510.3482305604,34395.3000000000,73224155.0000000000,1695250.0000000000,74919405.0000000000,300롤, , 
20241115,경인산업,PE,PP7MPP7M10KG백색,20018.9400000000,KG,1944.8160919000,0.0000000000,37108200.0000000000,156400.0000000000,37264600.0000000000,64롤, , 
20241118,주)대성씨앤씨,PP,PP12MPP12M／M10KG(황),3335.5000000000,KG,6603.5714285714,0.0000000000,11157000.0000000000,1115700.0000000000,12272700.0000000000,56롤(0.8T)/2공장, , 
20241119,제이케이머티리얼즈(주)/순성공장,PP,PP18MPP18M／M10KG(황),19966.9400000000,KG,68277.3125341667,0.0000000000,44409565.0000000000,1778615.0000000000,46188180.0000000000,128롤(원료1220원+500원), , 
20241120,(주)베스테크,PP,도전성밴드7.7mm*900m,7057.0000000000,Roll,8900.9678353529,0.0000000000,23340715.0000000000,1892057.0000000000,25232772.0000000000,32박스, , 
20241121,에이원코리아,PP,PP12MPP12M／M12KG(황),1849.1200000000,KG,11430.0000000000,0.0000000000,3398144.0000000000,339814.0000000000,3737958.0000000000,100롤(0.8T), , 
20241122,민건 이에이,PP,PP12MPP12M／M10KG(백),29905.4000000000,KG,3987.3696306306,60933.4800000000,93952097.0000000000,876100.0000000000,94828197.0000000000,100롤(0.85T), , 
20241125,신광포장기계,PP,PP18MPP18M／M10KG 황색인쇄밴드,18894.2000000000,KG,4070.5041343120,27000.6900000000,48887222.0000000000,927100.0000000000,49814322.0000000000,56롤/삼종기업, , 
20241126,(주)낙원포장,PP,PP10.5MPP10.5M10KG(청),16789.5600000000,KG,1747.6043800771,29155.7600000000,46954864.0000000000,588200.0000000000,47543064.0000000000,50롤, , 
20241127,삼원산업,PP,PP12MPP12M／M12KG(투명),6059.3000000000,KG,15945.9240295333,0.0000000000,12298849.0000000000,643500.0000000000,12942349.0000000000,50롤, , 
20241128,세움패키지(SEUMPKG),PP,PP6MMPP6M／M10KG(백),5172.1800000000,KG,5944.5402298333,0.0000000000,11872760.0000000000,477220.0000000000,12349980.0000000000,10롤, , 
20241129,대전인재사,상품,스트레치필름(일반 핸드랩 20)20*500mm*350m,24870.5800000000,박스,7669.0956681225,34778.8800000000,60517303.0000000000,424180.0000000000,60941483.0000000000,64박스, , 
2024/11  계,,,,238609.38,,202885.7499122139,186264.11,598803084,23259969,622063053,,,
20241202,천일포장산업,PP,PP6MMPP6M／M10KG(백),14360.0000000000,KG,6121.5151515152,0.0000000000,31117200.0000000000,3111720.0000000000,34228920.0000000000,256롤(0.65T),실출고 11/20, 
20241203,신광포장기계,PP,PP15MPP15MM*10KG(황색),6251.1000000000,KG,2546.3019000000,0.0000000000,13514640.0000000000,636900.0000000000,14151540.0000000000,48롤(0.65T), , 
20241204,(주)영화수출포장,PE,PE 결속끈PE#50 (백) 5500m 5KG,1900.0000000000,KG,2850.0000000000,0.0000000000,5440000.0000000000,544000.0000000000,5984000.0000000000,30박스, , 
20241205,대상산업,PP,PP6MMPP6M／M10KG(황),39808.0400000000,KG,13821.1096706842,0.0000000000,75029740.0000000000,555525.0000000000,75585265.0000000000,10롤, , 
20241206,서울상사,PP,PP12MPP12M／M10KG(황),10581.0000000000,KG,8314.4482758000,0.0000000000,23653500.0000000000,1270550.0000000000,24924050.0000000000,100롤(0.8T), , 
20241209,(주)낙원포장,PP,PP6MMPP6M/M12.5KG(백),10576.0000000000,KG,5238.6666666667,0.0000000000,25373000.0000000000,2537300.0000000000,27910300.0000000000,100롤, , 
20241210,대상산업,PE,PE28mm 2kgPE28M／M(백)2KG,17367.7000000000,KG,8674.1621705714,0.0000000000,36900500.0000000000,3089980.0000000000,39990480.0000000000,20박스(24k), , 
20241211,진송팩,PE,PE28mm 2kgPE28M／M(백)2KG,3559.0000000000,KG,3026.9230769231,0.0000000000,9550700.0000000000,955070.0000000000,10505770.0000000000,60박스, , 
20241212,주식회사 광림파워팩,PP,PP12MPP12M／M10KG(황),12111.0400000000,KG,9466.3237306364,11936.0800000000,29543304.0000000000,1245800.0000000000,30789104.0000000000,128롤, , 
20241213,동방포장기자재,PP,PP12MPP12M／M12KG(적색),5692.6600000000,KG,2577.2188012500,0.0000000000,13334210.0000000000,519980.0000000000,13854190.0000000000,100롤, , 
20241215,WESTSIDE PACKAGING SYSTEMS AUSTRALIA,PP,"12 x 3,000M 0.65T White w/Black dba DISC BRAKES AUSTRALIA printed12 x 3,000M 0.65T White w/Black dba DISC BRAKES AUSTRALIA printed",16577.6000000000,KG,26.6857690222,42104.9800000000,38385005.0000000000,0.0000000000,38385005.0000000000,101A, ,PO-2025-00669
20241216,진송팩,PE,PE28mm 2kgPE28M／M(청)2KG,7430.0000000000,KG,4236.8750000000,0.0000000000,17794000.0000000000,1779400.0000000000,19573400.0000000000,20박스/토빅스, , 
20241217,(주)베스테크,PP,도전성밴드7.7mm*900m,14023.0800000000,Roll,20191.5102902300,13936.2100000000,35376587.0000000000,707560.0000000000,36084147.0000000000,16박스, , 
20241218,신광포장기계,PP,PP18MPP18M／M10KG 황색인쇄밴드,12452.0000000000,KG,2163.8095238000,0.0000000000,25106120.0000000000,1542680.0000000000,26648800.0000000000,112롤/삼종기업, , 
20241219,유일,PE,PE28mm 2kgPE28M／M(백)2KG,5328.0000000000,KG,2502.1428571429,0.0000000000,12451200.0000000000,1245120.0000000000,13696320.0000000000,32박스,무지박스, 
20241220,동남물산,PE,PE28mm 2kgPE28M／M(백)2KG,11041.4000000000,KG,2259.4843750000,13205.5000000000,27279893.0000000000,813588.0000000000,28093481.0000000000,20박스, , 
20241223,(주)낙원포장,PP,PP6MMPP6M/M12.5KG(백),7074.8000000000,KG,8635.7635467333,0.0000000000,15278500.0000000000,821060.0000000000,16099560.0000000000,150롤, , 
20241224,"주식회사 오비아이(OBI co.,Ltd.)",PE,PE28mm 2kgPE28M／M(백)2KG,9101.2600000000,KG,6778.3993716957,0.0000000000,20943090.0000000000,1399410.0000000000,22342500.0000000000,10박스, , 
20241226,동양프린팅,PE,PE28mm 2kgPE28M／M(백)2KG,5472.8000000000,KG,2649.3534482500,0.0000000000,13361200.0000000000,491560.0000000000,13852760.0000000000,1박스,로젠택배, 
20241227,민건 이에이,PP,PP12MPP12M／M10KG(백),4881.6200000000,KG,2257.8806004286,0.0000000000,11433520.0000000000,901300.0000000000,12334820.0000000000,100롤(0.8T), , 
20241228,동원팩,PP,PE28mm 2kgPE28M／M(황)2KG,8295.8000000000,KG,712.9596983431,13929.8200000000,23358933.0000000000,298100.0000000000,23657033.0000000000,5박스, , 
20241230,주식회사 광림파워팩,PP,PP6MMPP6M／M10KG(백),9574.4000000000,KG,7006.5970588235,9753.8400000000,24163935.0000000000,978580.0000000000,25142515.0000000000,150롤(0.65T), , 
20241231,경인산업,PP,PP12MPP12M／M10KG(백),841.0000000000,KG,2980.0000000000,0.0000000000,1930400.0000000000,193040.0000000000,2123440.0000000000,56롤(0.75T), , 
2024/12  계,,,,234300.3,,125038.1309835163,104866.43,530319177,25638223,555957400,,,
20250102,주식회사 대한종합포장,상품,스트레치필름(일반 기계랩)20*500mm*1400m,13089.5600000000,박스,13731.1911077179,0.0000000000,34994610.0000000000,2697290.0000000000,37691900.0000000000,30박스,실출고12/23, 
20250103,"주식회사 오비아이(OBI co.,Ltd.)",PP,PP8MPP8M／M10KG(백),21595.0000000000,KG,2264.4027976186,23604.0000000000,51737753.0000000000,1708000.0000000000,53445753.0000000000,3롤, , 
20250106,신광포장기계,PP,PP15MPP15MM*10KG(황색),13743.8800000000,KG,3073.0379050634,1815582.0000000000,37524561.0000000000,2061060.0000000000,39585621.0000000000,56롤(0.65T), , 
20250107,합동포장기계,PE,PE28mm 2kgPE28M／M(백)2KG,7406.4000000000,KG,4104.5476580952,0.0000000000,18356860.0000000000,1235340.0000000000,19592200.0000000000,50박스,kic박스, 
20250108,(주)베스테크,PP,도전성밴드7.7mm*900m,3880.0000000000,Roll,6192.8571428571,0.0000000000,24847000.0000000000,2484700.0000000000,27331700.0000000000,104박스, , 
20250109,신광포장기계,PE,PE28mm 2kgPE28M／M(백)2KG,23588.0000000000,KG,11951.6137566111,0.0000000000,46295300.0000000000,942170.0000000000,47237470.0000000000,25박스, , 
20250110,서흥포장 주식회사,PP,PP12MPP12M／M10KG(황),23422.0000000000,KG,2904.1269841111,0.0000000000,44320120.0000000000,468100.0000000000,44788220.0000000000,10롤(0.8T), , 
20250111,태광오토팩,PP,PP8MPP8M／M9KG(백),1090.0000000000,KG,2425.0000000000,0.0000000000,2724000.0000000000,272400.0000000000,2996400.0000000000,50롤(0.5T), , 
20250113,한국포장기계,PP,PP6MMPP6M／M10KG(백),15186.1600000000,KG,4737.3899089091,0.0000000000,36101350.0000000000,2821120.0000000000,38922470.0000000000,192롤, , 
20250114,진송팩,PE,PE28mm 2kgPE28M／M(백)2KG,8349.6400000000,KG,6901.5086206250,0.0000000000,19600480.0000000000,1190560.0000000000,20791040.0000000000,60박스, , 
20250115,연화수출포장,PP,PP15MPP15M／M10KG(투명),5426.0000000000,KG,11606.2500000000,0.0000000000,13038500.0000000000,1303850.0000000000,14342350.0000000000,25롤, , 
20250116,(주)낙원포장,PP,PP6MMPP6M/M12.5KG(백),25616.6600000000,KG,9105.4905308667,0.0000000000,56458030.0000000000,1935420.0000000000,58393450.0000000000,512롤, , 
20250117,피앤비,PP,PP7MPP7M10KG백색,2286.0000000000,KG,3874.5454545455,0.0000000000,5950800.0000000000,595080.0000000000,6545880.0000000000,23롤, , 
20250118,동원팩,PE,PE28mm 2kgPE28M／M(백)2KG,76546.3000000000,KG,383.1100856760,132176.6400000000,193417356.0000000000,114000.0000000000,193531356.0000000000,20박스, , 
20250119,KOMERI,PP,15 x 100M 0.55T15x100M0.55T녹색,13978.4400000000,KG,341.8704345994,4177228.0000000000,39151069.0000000000,0.0000000000,39151069.0000000000,4920501073166, ,PUS241022902
20250120,(주)한국유니콤,PE,PE28mm 2kgPE28M／M(백)2KG,3121.0000000000,KG,7725.0000000000,0.0000000000,7523000.0000000000,752300.0000000000,8275300.0000000000,10박스(무지박스), , 
20250121,주식회사 동원피앤아이,PE,PE 결속끈PE#50 (백) 5500m 5KG,14914.8600000000,KG,2435.8779595484,0.0000000000,35581520.0000000000,1596160.0000000000,37177680.0000000000,100박스/무지박스, , 
20250122,동원팩,PP,PP6MMPP6M／M10KG(백),3071.0000000000,KG,6866.9230769231,0.0000000000,6841200.0000000000,684120.0000000000,7525320.0000000000,15롤/대명계란, , 
20250123,동원팩,PE,"PE28mm, 6KGPE28M／M(백)6KG",3724.0000000000,KG,2467.5000000000,0.0000000000,9151800.0000000000,915180.0000000000,10066980.0000000000,35박스, , 
20250124,서울상사,PP,PP9MMPP9M／M10KG(황),2773.4600000000,KG,2034.9808428889,0.0000000000,6029320.0000000000,543500.0000000000,6572820.0000000000,50롤(0.75T), , 
20250131,(주)아이마켓코리아,PP,PP18MM*21kg 삼성 recycle2300M두께0.80mm단중8.8g Clear,447.8800000000,KG,2215.8825942500,0.0000000000,1039370.0000000000,0.0000000000,1039370.0000000000,1롤,SEDA(M)-MANAUS,3082620505
2025/01  계,,,,283256.24,,107343.1068609065,6148590.64,690683999,24320350,715004349,,,
20250201,한남포장기계,상품,PE28mm 2kgPE28M／M(백)2KG,2280.0000000000,KG,2275.0000000000,0.0000000000,5026000.0000000000,502600.0000000000,5528600.0000000000,50박스,kic박스, 
20250202,H.E. BAUMRUCKER COMPANY,PP,"9 x 3,932M 0.61T9 x 3,932M 0.61T 백색",27826.1000000000,KG,1268.0861051600,62087.6100000000,88990170.0000000000,0.0000000000,88990170.0000000000,3830088W, ,1046140_1
20250203,신우교역,PP,PP12MPP12M／M10KG(황),16065.4200000000,KG,9879.1705498378,0.0000000000,41569640.0000000000,3490700.0000000000,45060340.0000000000,100롤(0.8T)/한국스미더스, , 
20250204,호성수출포장,상품,스트레치필름(일반 핸드랩 20)20*500mm*350m,25914.2000000000,롤,5230.4563503909,41254.4400000000,60003901.0000000000,2224000.0000000000,62227901.0000000000,20박스, , 
20250205,(주)삼영피앤텍,PE,PE28mm 2kgPE28M／M(백)2KG,7692.6400000000,KG,4955.6321838667,0.0000000000,18321880.0000000000,1062700.0000000000,19384580.0000000000,3박스, , 
20250206,주식회사 삼우텍,상품,PP18MMx 15kg 삼성1650M두께0.80mm단중8.56g,7573.6800000000,KG,4012.4353447500,0.0000000000,17555960.0000000000,967340.0000000000,18523300.0000000000,10롤, , 
20250207,동원팩,PE,PE28mm 2kgPE28M／M(백)2KG,2600.9600000000,KG,2536.3793102000,0.0000000000,6458320.0000000000,195400.0000000000,6653720.0000000000,20박스, , 
20250210,주식회사 동원피앤아이,PE,PE 결속끈PE#50 (백) 5500m 5KG,6004.0000000000,KG,4212.5000000000,0.0000000000,14580200.0000000000,1458020.0000000000,16038220.0000000000,108박스/무지박스, , 
20250211,(주)삼신,PE,PE28mm 2kgPE28M／M(백)2KG,7436.0000000000,KG,2450.0000000000,0.0000000000,17412000.0000000000,1741200.0000000000,19153200.0000000000,100박스, , 
20250212,(주)베스테크,PP,도전성밴드7.7mm*900m,14819.7200000000,Roll,4520.8894361667,0.0000000000,36237260.0000000000,1124500.0000000000,37361760.0000000000,40박스, , 
20250213,삼원산업,PP,PP12MPP12M／M10KG(황),13120.4000000000,KG,2566.5789986288,0.0000000000,28506380.0000000000,1359500.0000000000,29865880.0000000000,50롤(0.85T), , 
20250214,신한포장기계(주),PE,PE28mm 2kgPE28M／M(백)2KG,41153.2800000000,KG,5232.1847398549,64061.5900000000,102237334.0000000000,931600.0000000000,103168934.0000000000,50박스, , 
20250217,주식회사 동원피앤아이,PE,PE 결속끈PE#50 (백) 5500m 5KG,13755.0000000000,KG,2275.1373836000,0.0000000000,32025320.0000000000,950395.0000000000,32975715.0000000000,56박스/무지박스, , 
20250218,한길포장기계,PP,PP12MPP12M／M10KG(백),25741.0400000000,KG,2523.9297496409,33672.4000000000,67014495.0000000000,1611192.0000000000,68625687.0000000000,64롤(0.75T), , 
20250219,동원팩,PP,PP6MMPP6M／M10KG(백),2341.0000000000,KG,2946.2500000000,0.0000000000,5824600.0000000000,582460.0000000000,6407060.0000000000,100롤, , 
20250220,진송팩,PE,PE28mm 2kgPE28M／M(백)2KG,6288.0000000000,KG,5286.8421052632,0.0000000000,14734900.0000000000,1473490.0000000000,16208390.0000000000,60박스, , 
20250221,(주)낙원포장,PP,PP10.5MPP10.5M10KG투명,6324.0000000000,KG,4302.3076923077,0.0000000000,14321000.0000000000,1432100.0000000000,15753100.0000000000,100롤(0.75T), , 
20250224,한남포장기계,PP,PP12MPP12M／M9KG(황),5584.0000000000,KG,134610.0000000000,0.0000000000,16034400.0000000000,1603440.0000000000,17637840.0000000000,100롤/일산, , 
20250225,주식회사 광림파워팩,PP,PP15MPP15MM*10KG(황색),4930.0800000000,KG,13077.4137930000,0.0000000000,10930360.0000000000,429900.0000000000,11360260.0000000000,50롤(솔표식품인쇄밴드), , 
20250226,신광포장기계,PE,PE28mm 2kgPE28M／M(백)2KG,3225.1600000000,KG,2495.6677612500,0.0000000000,8007450.0000000000,362940.0000000000,8370390.0000000000,32박스, , 
20250227,주식회사 대원포장기계,PE,PE28mm 2kgPE28M／M(백)2KG,5235.0000000000,KG,14776.4705882353,0.0000000000,13256345.0000000000,1325635.0000000000,14581980.0000000000,20박스(대구-대신화물착불), , 
20250228,서울상사,PP,PP15MPP15MM*10KG(황색),22938.0000000000,KG,3665.9340659231,0.0000000000,42863360.0000000000,844800.0000000000,43708160.0000000000,50롤(0.8T), , 
2025/02  계,,,,268847.68,,235099.266158076,201076.04,661911275,25673912,687585187,,,
20250301,한국포장기계,PP,PP6MMPP6M／M10KG(백),4300.0000000000,KG,17907.5000000000,0.0000000000,11904800.0000000000,1190480.0000000000,13095280.0000000000,256롤,실출고2/25, 
20250303,주식회사 동원피앤아이,PE,PE 결속끈PE#50 (백) 5500m 5KG,3340.0000000000,KG,2700.0000000000,0.0000000000,9018000.0000000000,901800.0000000000,9919800.0000000000,167박스/무지박스, , 
20250304,합동포장기계,PP,PP12MPP12M／M12.5KG (황),8047.0800000000,KG,9567.6470588235,0.0000000000,21060846.0000000000,2106084.0000000000,23166930.0000000000,200롤(0.75T), , 
20250305,주식회사 바인텍,PP,PP8MMPP8MM／750M (투명),12925.0000000000,롤,2863.6363636364,0.0000000000,32169000.0000000000,3216900.0000000000,35385900.0000000000,360롤,30박스, 
20250306,민건 이에이,PP,PP12MPP12M／M10KG(백),2576.0000000000,KG,15974.4444444444,0.0000000000,8644000.0000000000,864400.0000000000,9508400.0000000000,50롤(0.8T), , 
20250307,민건 이에이,PP,PP12MPP12M／M10KG(백),10258.4200000000,KG,6005.5776980909,0.0000000000,24566650.0000000000,1754751.0000000000,26321401.0000000000,50롤(0.8T), , 
20250309,NZ SAFETY BLACKWOODS,PP,PP 12MM12MMx1000Mx0.55MM Blue,7139.0400000000,KG,1.8029339714,12705.0800000000,18315643.0000000000,0.0000000000,18315643.0000000000,1379117, ,K660008
20250310,동원팩,PP,PP6MMPP6M／M10KG(백),2816.0000000000,KG,3071.2500000000,0.0000000000,6825600.0000000000,682560.0000000000,7508160.0000000000,50롤, , 
20250311,주식회사 광림파워팩,PP,PP12MPP12M／M12.5KG (황),5682.4000000000,KG,2397.1786833636,0.0000000000,13497060.0000000000,874020.0000000000,14371080.0000000000,40롤, , 
20250312,주식회사 인선,PP,PP 05MM05MM x 7000 x 0.45MM White,4606.2000000000,롤,15143.8697317778,0.0000000000,11908400.0000000000,627800.0000000000,12536200.0000000000,20롤, , 
20250313,신광포장기계,PP,PP12MPP12M／M10KG(황),6211.5400000000,KG,2564.5132535714,0.0000000000,14712380.0000000000,891960.0000000000,15604340.0000000000,50롤(0.65T), , 
20250314,(주)인스트아이앤씨,PE,PE28mm 2kgPE28M／M(백)2KG,42.0000000000,KG,3900.0000000000,0.0000000000,144800.0000000000,14480.0000000000,159280.0000000000,2박스/대양팩,로젠택배, 
20250316,KOMERI,PP,15 x 100M 0.55T15x100M0.55T녹색,5731.2600000000,KG,355.3661436863,2078537.0000000000,20403750.0000000000,0.0000000000,20403750.0000000000,4920501073166, ,PUS241127936
20250317,동원팩,PP,PP6MMPP6M／M10KG(백),2585.0000000000,KG,15812.0000000000,0.0000000000,6189800.0000000000,618980.0000000000,6808780.0000000000,50롤, , 
20250318,동원팩,PP,PP6MMPP6M／M10KG(백),5791.0000000000,KG,9532.3076923077,0.0000000000,12308600.0000000000,1230860.0000000000,13539460.0000000000,50롤, , 
20250319,주식회사 동원피앤아이,PE,PE 결속끈PE#50 (백) 5500m 5KG,11598.0000000000,KG,5468.7500000000,0.0000000000,27802000.0000000000,2780200.0000000000,30582200.0000000000,144박스/무지박스, , 
20250320,경인산업,PP,PP12MPP12M／M10KG(백),23587.2400000000,KG,1460.7567316948,30589.0000000000,53017224.0000000000,304200.0000000000,53321424.0000000000,112롤(0.75T), , 
20250321,동원팩,PP,PP6MMPP6M／M10KG(백),10941.0000000000,KG,2309.7402597273,0.0000000000,21365810.0000000000,557930.0000000000,21923740.0000000000,64롤, , 
20250322,평원산업,PP,PP18MPP18M／M10KG(황),1440.0000000000,KG,2800.0000000000,0.0000000000,4032000.0000000000,403200.0000000000,4435200.0000000000,64롤/황색인쇄, , 
20250324,신광포장기계,PP,PP15MPP15MM*10KG(황색),1470.0000000000,KG,2380.0000000000,0.0000000000,3231000.0000000000,323100.0000000000,3554100.0000000000,56롤(0.65T), , 
20250325,신한포장기계(주),PE,PE28mm 2kgPE28M／M(백)2KG,4501.0000000000,KG,10513.3333333333,0.0000000000,11972000.0000000000,1197200.0000000000,13169200.0000000000,50박스, , 
20250326,(주)베스테크,PP,도전성밴드7.7mm*900m,1027.0000000000,Roll,12510.0000000000,0.0000000000,4929400.0000000000,492940.0000000000,5422340.0000000000,16박스, , 
20250327,경인팩,PP,PP6MMPP6M／M10KG(백),5303.8000000000,KG,13051.5329580000,0.0000000000,17854600.0000000000,499400.0000000000,18354000.0000000000,56롤/에그플러스, , 
20250328,대상산업,PE,"PE28mm, 6KGPE28M／M(백)6KG",19528.5800000000,KG,-3931.7750344538,24381.5000000000,46174574.0000000000,397340.0000000000,46571914.0000000000,20박스, , 
20250330,ANDERSON WHOLESALE PACKAGING PTY LTD.,PP,PP 12MM12MMx1000Mx0.50MM Blue,19883.5000000000,KG,142.2734963609,30802.3000000000,45180813.0000000000,0.0000000000,45180813.0000000000,2012, ,4294
20250331,(주)스피드랩코리아,PP,PP6MMPP6M／M10KG(백),1223.0000000000,KG,18758.3333333333,0.0000000000,2630400.0000000000,263040.0000000000,2893440.0000000000,64롤, , 
2025/03  계,,,,182554.06,,173260.0390816692,2177014.88,449859150,22193625,472052775,,,
20250401,한국포장기계,PP,PP6MMPP6M／M10KG(백),15397.6800000000,KG,3580.7172413600,0.0000000000,35500770.0000000000,2841102.0000000000,38341872.0000000000,256롤,실출고3/24, 
20250402,(주)베스테크,PP,도전성밴드7.7mm*900m,6026.2200000000,Roll,12585.2011494167,0.0000000000,27436310.0000000000,2349020.0000000000,29785330.0000000000,84박스, , 
20250403,합동포장기계,PP,PP12MPP12M／M12.5KG (황),11033.0000000000,KG,9989.3722943636,0.0000000000,23886510.0000000000,1616610.0000000000,25503120.0000000000,160롤(0.75T), , 
20250404,한길포장기계,PP,PP12MPP12M／M10KG(백),7320.3600000000,KG,5053.0172413750,0.0000000000,16095080.0000000000,855890.0000000000,16950970.0000000000,64롤(0.75T), , 
20250405,CYKLOP PACKAGING SYSTEMS PTY LTD.,PP,PP 05MM05MM x 7000 x 0.50MM White,17785.2000000000,KG,1.6141443740,30043.0000000000,44073081.0000000000,0.0000000000,44073081.0000000000,01215045SD, ,20336
20250407,강원농협연합포장재가공사업소,PP,PP12MPP12M／M12.5KG (황),10754.6000000000,KG,2475.4441472950,0.0000000000,21100280.0000000000,1412870.0000000000,22513150.0000000000,300롤, , 
20250408,(주)베스테크,PP,도전성밴드7.7mm*900m,9611.0000000000,Roll,9677.7777777778,0.0000000000,30849500.0000000000,3084950.0000000000,33934450.0000000000,40박스, , 
20250409,주식회사 동원피앤아이,PE,PE 결속끈PE#50 (백) 5500m 5KG,8080.0000000000,KG,2528.5714285714,0.0000000000,14867000.0000000000,1486700.0000000000,16353700.0000000000,144박스/무지박스, , 
20250410,한남포장기계,PP,PP12MPP12M／M9KG(황),6516.8600000000,KG,7566.8290457778,0.0000000000,14028430.0000000000,679700.0000000000,14708130.0000000000,100롤/일산, , 
20250411,삼원산업,PP,PP12MPP12M／M12KG(황),13335.3400000000,KG,1629.4721741796,2016032.0000000000,35912595.0000000000,1086800.0000000000,36999395.0000000000,100롤(0.75T), , 
20250413,RLBUTTON,PP,PP 12MM12MMx1000Mx0.55MM Blue,8978.0000000000,KG,4.9628797750,14502.9600000000,21152567.0000000000,0.0000000000,21152567.0000000000,B100250, ,550143_AK
20250414,(주)낙원포장,PP,PP10.5MPP10.5M10KG투명,17302.0000000000,KG,8019.5297922829,28709.2800000000,50544023.0000000000,889260.0000000000,51433283.0000000000,100롤(0.75T), , 
20250415,한국포장기계,PP,PP6MMPP6M／M10KG(백),12019.0800000000,KG,9400.1461412000,0.0000000000,24168950.0000000000,742334.0000000000,24911284.0000000000,128롤, , 
20250416,(주)베스테크,PP,도전성밴드7.7mm*900m,7183.0000000000,Roll,30022.0000000000,0.0000000000,28400600.0000000000,2402060.0000000000,30802660.0000000000,32박스, , 
20250417,보우팩,PE,"PE28mm, 6KGPE28M／M(백)6KG",5427.0000000000,KG,56443.8888888889,0.0000000000,14958200.0000000000,1495820.0000000000,16454020.0000000000,29박스, , 
20250418,주식회사 광림파워팩,PP,PP12MPP12M／M12.5KG (황),26871.0000000000,KG,35690.9090909091,0.0000000000,38102000.0000000000,3810200.0000000000,41912200.0000000000,40롤, , 
20250421,동서포장종합상사,PE,PE28mm 2kgPE28M／M(백)2KG,24400.9400000000,KG,2405.1939655000,0.0000000000,31482170.0000000000,2729870.0000000000,34212040.0000000000,6박스,kic박스(로젠택배착불), 
20250422,주식회사 동원피앤아이,PE,PE 결속끈PE#50 (백) 5500m 5KG,4107.5000000000,KG,10375.0595237500,0.0000000000,12638390.0000000000,1263839.0000000000,13902229.0000000000,144박스/무지박스, , 
20250423,(주)낙원포장,PP,PP6MMPP6M/M12.5KG(백),37366.0000000000,KG,4113.7122404615,15227.3300000000,59318299.0000000000,3765590.0000000000,63083889.0000000000,384롤, , 
20250424,세움패키지(SEUMPKG),PP,PP12MPP12M／M10KG(황),41700.9000000000,KG,6390.6205282710,32638.8000000000,75267912.0000000000,2870540.0000000000,78138452.0000000000,50롤(0.8T), , 
20250425,경인팩,PE,PE28mm 2kgPE28M／M(백)2KG,15845.8600000000,KG,34264.4193420345,0.0000000000,34291790.0000000000,1640630.0000000000,35932420.0000000000,32박스, , 
20250428,주식회사 이디엠에스,PP,PP15MPP15M／M13KG(황),1706.0000000000,KG,6412.1794833333,0.0000000000,5758000.0000000000,575800.0000000000,6333800.0000000000,"30롤(롤당@38,000)", , 
20250429,서울상사,PP,PP12MPP12M／M10KG(황),4001.1600000000,KG,2609.0517241250,0.0000000000,9160580.0000000000,399800.0000000000,9560380.0000000000,100롤(0.8T), , 
20250430,신광포장기계,PE,PE28mm 2kgPE28M／M(백)2KG,2968.0000000000,KG,2550.0000000000,0.0000000000,7077200.0000000000,707720.0000000000,7784920.0000000000,24박스, , 
2025/04  계,,,,315736.7,,263789.6902450221,2137153.37,676070237,38707105,714777342,,,
20250501,한길포장기계,PP,PP12MPP12M／M10KG(황),15214.0000000000,KG,4040.0000000000,0.0000000000,35129400.0000000000,3512940.0000000000,38642340.0000000000,128롤(0.75T),실출고4/23, 
20250502,주식회사 대한종합포장,상품,스트레치필름(기능성 핸드랩)15*500mm*400m,26847.4800000000,박스,4930.6254664545,0.0000000000,54550660.0000000000,281400.0000000000,54832060.0000000000,30박스, , 
20250503,동원팩,PP,PP6MMPP6M／M10KG(백),620.0000000000,KG,2460.0000000000,0.0000000000,1377000.0000000000,137700.0000000000,1514700.0000000000,50롤, , 
20250507,피앤비,PP,PP7MPP7M10KG백색,3192.0000000000,KG,12040.0000000000,0.0000000000,7562500.0000000000,756250.0000000000,8318750.0000000000,50롤, , 
20250508,주식회사 광림파워팩,PP,PP12MPP12M／M12.5KG (황),26110.3000000000,KG,8011.6651332500,45058.3200000000,62982495.0000000000,2261384.0000000000,65243879.0000000000,40롤, , 
20250509,동원팩,PP,PP6MMPP6M／M10KG(백),25638.0800000000,KG,2546.0997732381,0.0000000000,49367526.0000000000,1084229.0000000000,50451755.0000000000,50롤, , 
20250510,H.E. BAUMRUCKER COMPANY,PP,"12 x 3,018M 0.58T White (8x8)12 x 3,018M 0.58T White (8x8)",26670.0000000000,KG,1401.2848552450,56810.8000000000,79307875.0000000000,0.0000000000,79307875.0000000000,1235088W, ,1046611_1
20250512,주신산업,PE,PE28mm 2kgPE28M／M(백)2KG,10501.3200000000,KG,9771.0937388261,0.0000000000,20909150.0000000000,459640.0000000000,21368790.0000000000,1박스/신영민, , 
20250513,(주)디알젬(김천공장지점),PP,PP18MPP18M／M15KG 투명,19170.3200000000,KG,6224.9803320403,1884070.0000000000,49038629.0000000000,2369010.0000000000,51407639.0000000000,"10롤(롤당 41,000원)",대신택배, 
20250514,경인팩,PP,PP6MMPP6M／M10KG(황),18295.0000000000,KG,2553.8365116279,13845.0000000000,44742076.0000000000,2516940.0000000000,47259016.0000000000,56롤, , 
20250515,(주)베스테크,PP,도전성밴드7.7mm*900m,3659.0000000000,Roll,6618.0000000000,0.0000000000,15506200.0000000000,1550620.0000000000,17056820.0000000000,32박스, , 
20250516,민건 이에이,PP,PP12MPP12M／M10KG(백),9855.4000000000,KG,1447.8848347000,14388.9200000000,24124132.0000000000,398540.0000000000,24522672.0000000000,100롤(0.8T), , 
20250519,동원팩,PP,PP6MMPP6M／M10KG(백),7414.5200000000,KG,2626.0344827500,0.0000000000,18484960.0000000000,1320370.0000000000,19805330.0000000000,50롤, , 
20250520,(주)영화수출포장,PE,PE 결속끈PE#50 (백) 5500m 5KG,4729.6400000000,KG,2209.3951833333,0.0000000000,10037010.0000000000,300200.0000000000,10337210.0000000000,30박스, , 
20250521,(주)낙원포장,PP,PP6MMPP6M/M12.5KG(백),13288.5600000000,KG,2320.6438510000,0.0000000000,27995530.0000000000,2026500.0000000000,30022030.0000000000,100롤, , 
20250522,주)대성씨앤씨,상품,스트레치필름(일반 기계랩)20*500mm*1400m,19846.0000000000,박스,6093.5248772229,31394.8900000000,45674651.0000000000,212680.0000000000,45887331.0000000000,50박스(1공장), , 
20250523,주식회사 동원피앤아이,PE,PE 결속끈PE#50 (백) 5500m 5KG,4111.0000000000,KG,7863.3333333333,0.0000000000,10649000.0000000000,1064900.0000000000,11713900.0000000000,72박스/무지박스, , 
20250524,연화수출포장,PP,PP15MPP15M／M10KG(투명),1001.0000000000,KG,76125.0000000000,0.0000000000,2400000.0000000000,240000.0000000000,2640000.0000000000,100롤, , 
20250525,H.E. BAUMRUCKER COMPANY,PP,"9 x 3,932M 0.61T9 x 3,932M 0.61T 백색",13273.0000000000,KG,1221.3160675120,28400.0800000000,39104070.0000000000,0.0000000000,39104070.0000000000,3830088W, ,1046910_1
20250526,주식회사 광신수출포장,PP,PP7MPP7M10KG백색,15869.2000000000,KG,1950.7730307011,30371.2000000000,45445105.0000000000,362700.0000000000,45807805.0000000000,100롤(0.5T), , 
20250527,서흥포장 주식회사,상품,스트레치필름(특수기능형)15*500*400,1136.0000000000,롤,2920.0000000000,0.0000000000,3045700.0000000000,304570.0000000000,3350270.0000000000,10박스, , 
20250528,(주)더담패키지,PP,PP7MPP7M10KG백색,13354.9400000000,KG,11515.4778325000,0.0000000000,26056820.0000000000,760875.0000000000,26817695.0000000000,50롤(0.5T), , 
20250529,신광포장기계,상품,PE28mm 2kgPE28M／M(백)2KG,1360.0000000000,KG,12334.0000000000,0.0000000000,4707000.0000000000,470700.0000000000,5177700.0000000000,24박스, , 
20250530,한남포장기계,PP,PP12MPP12M／M9KG(황),2916.0000000000,KG,6940.9090909091,0.0000000000,6490000.0000000000,649000.0000000000,7139000.0000000000,100롤/일산, , 
2025/05  계,,,,284072.76,,196165.8783946436,2104339.21,684687489,23041148,707728637,,,
20250602,한길포장기계,PP,PP12MPP12M／M10KG(황),32604.1000000000,KG,9261.7661953516,12480.1400000000,79725678.0000000000,5558430.0000000000,85284108.0000000000,128롤(0.75T),실출고5/23, 
20250603,천일포장산업,PP,PP6MMPP6M／M10KG(백),4880.0000000000,KG,2381.0606000000,0.0000000000,11297327.0000000000,1129733.0000000000,12427060.0000000000,192롤(0.65T), , 
20250604,(주)베스테크,PP,도전성밴드7.7mm*900m,10512.2000000000,Roll,9724.6450304118,0.0000000000,28951000.0000000000,1174240.0000000000,30125240.0000000000,32박스, , 
20250605,합동포장기계,PP,PP12MPP12M／M10KG(황),6240.0000000000,KG,2226.6666666667,0.0000000000,12243200.0000000000,1224320.0000000000,13467520.0000000000,50롤(0.75T), , 
20250608,CYKLOP PACKAGING SYSTEMS PTY LTD.,PP,PP 05MM05MM x 7000 x 0.50MM Blue,17142.4000000000,KG,1.6145612300,26522.0400000000,36435978.0000000000,0.0000000000,36435978.0000000000,01215045B, ,20404
20250609,주식회사 동원피앤아이,PE,PE 결속끈PE#50 (백) 5500m 5KG,8678.0600000000,KG,41004.7082228077,0.0000000000,22051430.0000000000,2030090.0000000000,24081520.0000000000,144박스/무지박스, , 
20250610,강원농협연합포장재가공사업소,PP,PP12MPP12M／M12.5KG (황),12386.7200000000,KG,9473.1574395219,1698818.0000000000,28791885.0000000000,1283200.0000000000,30075085.0000000000,300롤, , 
20250611,진송팩,PE,PE28mm 2kgPE28M／M(백)2KG,4502.0000000000,KG,10199.1666666667,0.0000000000,11698500.0000000000,1169850.0000000000,12868350.0000000000,50박스, , 
20250612,신한포장기계(주),PE,PE28mm 2kgPE28M／M(백)2KG,4008.1200000000,KG,2494.4827586000,0.0000000000,9478060.0000000000,301000.0000000000,9779060.0000000000,50박스, , 
20250613,동원팩,PP,PP6MMPP6M／M10KG(백),34860.6600000000,KG,14549.7126436667,0.0000000000,72636830.0000000000,1777700.0000000000,74414530.0000000000,56롤, , 
20250614,세움패키지(SEUMPKG),PE,PE 결속끈PE#50 (백) 5500m 5KG,801.0000000000,KG,18566.6666666667,0.0000000000,2330000.0000000000,233000.0000000000,2563000.0000000000,20박스, , 
20250616,(주)베스테크,PP,도전성밴드7.7mm*900m,1120.0000000000,Roll,36290.0000000000,0.0000000000,6480000.0000000000,648000.0000000000,7128000.0000000000,20박스, , 
20250617,경인산업,PP,PP12MPP12M／M10KG(백),4526.0000000000,KG,2718.4615384615,0.0000000000,10554800.0000000000,1055480.0000000000,11610280.0000000000,56롤(0.75T), , 
20250618,주식회사 동원피앤아이,PE,PE 결속끈PE#50 (백) 5500m 5KG,4662.0000000000,KG,13850.0000000000,0.0000000000,12108000.0000000000,1210800.0000000000,13318800.0000000000,108박스/무지박스, , 
20250619,주)대성씨앤씨,PP,스트레치필름(일반 기계랩)20*500mm*1400m,18103.9400000000,박스,3034.0035537476,24961.2100000000,43534172.0000000000,479820.0000000000,44013992.0000000000,50박스(1공장), , 
20250620,경인팩,PP,PP6MMPP6M／M10KG(백),3612.0000000000,KG,14200.0000000000,0.0000000000,7717500.0000000000,771750.0000000000,8489250.0000000000,56롤, , 
20250621,동원팩,PP,PP6MMPP6M／M10KG(백),800.0000000000,KG,2460.0000000000,0.0000000000,1812000.0000000000,181200.0000000000,1993200.0000000000,60롤, , 
20250623,평원산업,PP,PP18MPP18M／M10KG(황),15522.0000000000,KG,17172.7954545450,0.0000000000,13512800.0000000000,769160.0000000000,14281960.0000000000,39롤/황색인쇄, , 
20250624,(주)낙원포장,PP,PP12MPP12M／M10KG(황),27606.0000000000,KG,2200.0000000000,0.0000000000,36554640.0000000000,3655464.0000000000,40210104.0000000000,100롤(0.8T), , 
20250625,삼원산업,PP,PP12MPP12M／M12KG(황),26762.0000000000,KG,2095.7142857143,0.0000000000,34086340.0000000000,3408634.0000000000,37494974.0000000000,100롤(0.75T), , 
20250626,(주)베스테크,PP,도전성밴드7.7mm*900m,19688.0000000000,Roll,40012.7272727273,0.0000000000,36333270.0000000000,3633327.0000000000,39966597.0000000000,16박스, , 
20250627,서흥포장 주식회사,상품,스트레치필름(특수기능형)15*500*400,35621.3200000000,롤,2844.8275861818,0.0000000000,79940460.0000000000,285780.0000000000,80226240.0000000000,10박스, , 
20250630,제이케이머티리얼즈(주)/순성공장,PP,PP18MPP18M／M10KG(황),1433.0000000000,KG,12450.0000000000,0.0000000000,2994400.0000000000,299440.0000000000,3293840.0000000000,56롤(원료1100원+500원), , 
2025/06  계,,,,296071.52,,269212.1771429673,1762781.39,601268270,32280418,633548688,,,
20250701,한국포장기계,PP,PP6MMPP6M／M10KG(백),31407.8000000000,KG,4751.2758718954,45356.9800000000,71421644.0000000000,3100540.0000000000,74522184.0000000000,320롤, , 
20250702,합동포장기계,PP,PP12MPP12M／M12.5KG (황),12176.0000000000,KG,12221.9230769231,0.0000000000,31641400.0000000000,3164140.0000000000,34805540.0000000000,140롤(0.75T), , 
20250703,(주)한국유니콤,PE,PE28mm 2kgPE28M／M(백)2KG,6710.0000000000,KG,3125.0000000000,0.0000000000,14660000.0000000000,1466000.0000000000,16126000.0000000000,10박스(무지박스), , 
20250704,신광포장기계,PP,PP18MPP18M／M10KG 황색인쇄밴드,5229.6200000000,KG,2638.0541870714,0.0000000000,13009710.0000000000,1031020.0000000000,14040730.0000000000,112롤/삼종기업, , 
20250705,TIGERPAK PACKAGING,PP,PP 12MM12MMx1000Mx0.50MM Blue,20637.2000000000,KG,1.5663121200,31821.5500000000,43216846.0000000000,0.0000000000,43216846.0000000000,45000, ,17741
20250706,KOMERI,PP,15 x 100M 0.55T15x100M0.55T자색,6252.2400000000,KG,330.6350752497,1678176.0000000000,15731726.0000000000,0.0000000000,15731726.0000000000,4920501073173, ,PUS250416908
20250707,경인두채영농조합법인,PP,PP12MPP12M／M10KG(황),6299.6000000000,KG,10546.7672413750,0.0000000000,14476618.0000000000,587232.0000000000,15063850.0000000000,60롤(0.8T), , 
20250708,(주)베스테크,PP,도전성밴드7.7mm*900m,5851.0000000000,Roll,14284.7619047619,0.0000000000,14660800.0000000000,1466080.0000000000,16126880.0000000000,16박스, , 
20250709,동원팩,PP,PP6MMPP6M／M10KG(백),9897.6200000000,KG,2481.2931032500,0.0000000000,21873850.0000000000,338760.0000000000,22212610.0000000000,48롤, , 
20250710,주식회사 대한종합포장,PP,PP12MPP12M／M10KG(백),4775.0000000000,KG,11012.6315789474,0.0000000000,12456400.0000000000,1245640.0000000000,13702040.0000000000,30롤(0.8T), , 
20250711,주식회사 동원피앤아이,PE,PE 결속끈PE#50 (백) 5500m 5KG,7878.0800000000,KG,10221.6091954000,0.0000000000,18853540.0000000000,1108000.0000000000,19961540.0000000000,72박스/무지박스, , 
20250712,동원팩,PP,PP6MMPP6M／M10KG(백),960.0000000000,KG,2460.0000000000,0.0000000000,2361600.0000000000,236160.0000000000,2597760.0000000000,48롤, , 
20250714,매일농산,PP,PP12MPP12M／M10KG(황),6194.7800000000,KG,2061.6453201000,0.0000000000,13488385.0000000000,442455.0000000000,13930840.0000000000,"20롤(0.75T)(롤당 25,000원)", , 
20250715,강원농협연합포장재가공사업소,PP,PP12MPP12M／M12.5KG (황),13943.8400000000,KG,5226.9936393846,13500.9200000000,31972019.0000000000,1336100.0000000000,33308119.0000000000,300롤, , 
20250716,진송팩,PE,PE28mm 2kgPE28M／M(백)2KG,2771.0000000000,KG,13372.7272727273,0.0000000000,8430000.0000000000,843000.0000000000,9273000.0000000000,30박스/완주 신한방직, , 
20250717,합동포장기계,PE,PE28mm 2kgPE28M／M(백)2KG,4232.0000000000,KG,2647.6923076923,0.0000000000,10838400.0000000000,1083840.0000000000,11922240.0000000000,25박스,kic박스, 
20250718,신우교역,PP,PP12MPP12M／M10KG(황),24197.3400000000,KG,4502.5142386376,29486.0400000000,69914855.0000000000,2307080.0000000000,72221935.0000000000,100롤(0.8T)/한국스미더스, , 
20250719,동원팩,PP,PP6MMPP6M／M10KG(백),800.0000000000,KG,2070.0000000000,0.0000000000,1656000.0000000000,165600.0000000000,1821600.0000000000,80롤/제주합화차, , 
20250720,ANDERSON WHOLESALE PACKAGING PTY LTD.,PP,PP 12MM12MMx1000Mx0.50MM Blue,19756.0000000000,KG,215.5709197557,30548.5000000000,42486854.0000000000,0.0000000000,42486854.0000000000,2012, ,4480
20250721,진송팩,PP,PP15MPP15M／M9.5KG(적색),13052.2000000000,KG,2179.4175420167,12323.8000000000,27171747.0000000000,1001825.0000000000,28173572.0000000000,10롤, , 
20250722,민건 이에이,PP,PP12MPP12M／M10KG(백),3295.0000000000,KG,11540.0000000000,0.0000000000,6788000.0000000000,678800.0000000000,7466800.0000000000,80롤(0.8T), , 
20250723,가골식품,PE,PP12MPP12M／M12.5KG (황),2050.0000000000,KG,11382.7272000000,0.0000000000,6920927.0000000000,692093.0000000000,7613020.0000000000,15롤, , 
20250724,(주)낙원포장,PP,PP6MMPP6M/M12.5KG(백),4292.0000000000,KG,2501.6666666667,0.0000000000,8247800.0000000000,824780.0000000000,9072580.0000000000,100롤, , 
20250725,신광포장기계,PP,PP12MPP12M／M10KG(백),12696.5200000000,KG,12834.9392445000,0.0000000000,25820040.0000000000,1228500.0000000000,27048540.0000000000,40롤(0.75T), , 
20250728,진송팩,PE,PE28mm 2kgPE28M／M(백)2KG,5363.0000000000,KG,2765.0000000000,0.0000000000,12761600.0000000000,1276160.0000000000,14037760.0000000000,60박스, , 
20250729,대상산업,PE,"PE50mm, 6KGPE50M／M(황)6KG",36087.8800000000,KG,2601.1525040000,0.0000000000,77628010.0000000000,1140020.0000000000,78768030.0000000000,15박스/창마루, , 
20250730,주)대성씨앤씨,PP,PP12MPP12M／M10KG(백),500.0000000000,KG,2400.0000000000,0.0000000000,1200000.0000000000,120000.0000000000,1320000.0000000000,50롤(0.8T)/1공장, , 
2025/07  계,,,,267305.72,,152377.5644024748,1841213.79,619688771,26883825,646572596,,,
20250801,한국포장기계,PE,PE28mm 2kgPE28M／M(백)2KG,30054.0000000000,KG,2594.1990013587,30812.4000000000,69294559.0000000000,2645300.0000000000,71939859.0000000000,36박스,실출고7/24, 
20250804,합동포장기계,PP,PP12MPP12M／M12.5KG (황),6383.0000000000,KG,2418.7500000000,0.0000000000,13670200.0000000000,1367020.0000000000,15037220.0000000000,180롤(0.75T), , 
20250805,천일포장산업,PP,PP6MMPP6M／M10KG(백),9841.3600000000,KG,2149.4396548750,0.0000000000,16418800.0000000000,1055380.0000000000,17474180.0000000000,256롤(0.65T), , 
20250806,신광포장기계,상품,PE28mm 2kgPE28M／M(백)2KG,3551.8600000000,KG,2631.7546327143,0.0000000000,8304360.0000000000,455720.0000000000,8760080.0000000000,24박스, , 
20250807,(주)삼신,PE,PE28mm 2kgPE28M／M(백)2KG,4941.0000000000,KG,8736.3636363636,0.0000000000,13249200.0000000000,1324920.0000000000,14574120.0000000000,100박스, , 
20250808,주식회사 광림파워팩,PP,PP9MMPP9M／M10KG(황),7474.8200000000,KG,2115.6028617143,0.0000000000,15420080.0000000000,754925.0000000000,16175005.0000000000,64롤, , 
20250811,한남포장기계,PP,PP12MPP12M／M9KG(황),4708.0000000000,KG,3335.7142857143,0.0000000000,11287200.0000000000,1128720.0000000000,12415920.0000000000,100롤/일산, , 
20250812,주식회사 동원피앤아이,PE,PE 결속끈PE#50 (백) 5500m 5KG,4821.0000000000,KG,7675.5555555556,0.0000000000,12046000.0000000000,1204600.0000000000,13250600.0000000000,72박스/무지박스, , 
20250813,주)대성씨앤씨,상품,스트레치필름(일반 기계랩)20*500mm*1400m,22494.8600000000,박스,4008.4447194633,23828.5400000000,52210207.0000000000,285520.0000000000,52495727.0000000000,50박스(1공장), , 
20250814,신광포장기계(부산),PE,PE28mm 2kgPE28M／M(백)2KG,5463.4400000000,KG,8016.8845100667,0.0000000000,13002700.0000000000,582095.0000000000,13584795.0000000000,4박스(24Kg)/황금농장, , 
20250815,경인팩,PP,PP6MMPP6M／M10KG(백),1444.0000000000,KG,28400.0000000000,0.0000000000,3028000.0000000000,302800.0000000000,3330800.0000000000,32롤/퍼스트유통, , 
20250818,강원농협연합포장재가공사업소,PP,PP12MPP12M／M12.5KG (황),6492.0000000000,KG,11349.2857142857,0.0000000000,12801200.0000000000,1280120.0000000000,14081320.0000000000,300롤, , 
20250819,주식회사 동원피앤아이,PE,PE 결속끈PE#50 (백) 5500m 5KG,12699.2000000000,KG,3722.1830630882,12471.4400000000,33580087.0000000000,1630340.0000000000,35210427.0000000000,72박스/무지박스, , 
20250820,대상산업,PE,"PE28mm, 6KGPE28M／M(백)6KG",3334.6400000000,KG,2386.7816086667,0.0000000000,7687000.0000000000,205200.0000000000,7892200.0000000000,10박스, , 
20250821,(주)베스테크,PP,도전성밴드7.7mm*900m,11023.2400000000,Roll,4943.7304070909,0.0000000000,31355500.0000000000,1594550.0000000000,32950050.0000000000,50박스, , 
20250822,경인산업,PP,PP12MPP12M／M10KG(백),3060.0000000000,KG,2146.0000000000,0.0000000000,6133400.0000000000,613340.0000000000,6746740.0000000000,56롤(0.75T), , 
20250825,진송팩,PE,PE28mm 2kgPE28M／M(백)2KG,4757.0000000000,KG,2811.5384615385,0.0000000000,11923600.0000000000,1192360.0000000000,13115960.0000000000,60박스, , 
20250826,신광포장기계,PP,PP12MPP12M／M10KG(황),6881.0000000000,KG,6451.8181818182,0.0000000000,18057000.0000000000,1805700.0000000000,19862700.0000000000,24롤(0.75T)/드림패키지, , 
20250827,(주)영화수출포장,PE,PE 결속끈PE#50 (백) 5500m 5KG,1062.0000000000,KG,2389.5238095000,0.0000000000,2615020.0000000000,177000.0000000000,2792020.0000000000,30박스, , 
20250828,동원팩,PP,PP6MMPP6M／M10KG(백),2081.0000000000,KG,9884.0000000000,0.0000000000,4846000.0000000000,484600.0000000000,5330600.0000000000,100롤, , 
20250829,민건 이에이,PE,PP12MPP12M／M10KG(백),3678.0000000000,KG,2483.7500000000,0.0000000000,8621400.0000000000,862140.0000000000,9483540.0000000000,80롤(0.8T), , 
20250830,KOMERI,PP,15 x 100M 0.55T15x100M0.55T녹색,6268.2600000000,KG,326.6557157707,1596359.0000000000,15082239.0000000000,0.0000000000,15082239.0000000000,4920501073166, ,PUS250625905
2025/08  계,,,,162513.68,,120977.9758195847,1663471.38,380633752,20952350,401586102,,,
20250901,한국포장기계,PE,PE28mm 2kgPE28M／M(백)2KG,24548.6000000000,KG,2290.9955602963,0.0000000000,52842720.0000000000,3990660.0000000000,56833380.0000000000,35박스(24kg),실출고8/26, 
20250902,합동포장기계,PP,PP12MPP12M／M12.5KG (황),6413.0000000000,KG,9310.0000000000,0.0000000000,16455900.0000000000,1645590.0000000000,18101490.0000000000,160롤(0.75T), , 
20250903,(주)금성칼라팩,PP,PP7MPP7M10KG백색,8599.8400000000,KG,6919.3760258571,0.0000000000,19080800.0000000000,827080.0000000000,19907880.0000000000,128롤, , 
20250904,경인팩,상품,PE28mm 2kgPE28M／M(백)2KG,20770.6000000000,KG,10037.0776540509,30502.9000000000,44923143.0000000000,240820.0000000000,45163963.0000000000,12박스, , 
20250905,주식회사 광림파워팩,PP,PP12MPP12M／M12.5KG (황),6360.0000000000,KG,5523.6842105263,0.0000000000,14497300.0000000000,1449730.0000000000,15947030.0000000000,50롤, , 
20250908,경인팩,PE,PE28mm 2kgPE28M／M(백)2KG,29509.8400000000,KG,3023.1612593516,31163.5400000000,65548646.0000000000,1700000.0000000000,67248646.0000000000,64박스, , 
20250909,삼원산업,PP,PP12MPP12M／M12KG(투명),1662.0000000000,KG,8610.0000000000,0.0000000000,5087000.0000000000,508700.0000000000,5595700.0000000000,50롤, , 
20250910,진송팩,PE,PE28mm 2kgPE28M／M(백)2KG,14811.7200000000,KG,15827.4620278125,0.0000000000,33200460.0000000000,1117750.0000000000,34318210.0000000000,60박스, , 
20250911,주식회사 광림파워팩,PP,PP9MMPP9M／M10KG(황),3541.0000000000,KG,261956.2500000000,0.0000000000,9209000.0000000000,920900.0000000000,10129900.0000000000,128롤, , 
20250912,신광포장기계,PP,PP18MPP18M／M10KG 황색인쇄밴드,6285.0000000000,KG,2675.7894736842,0.0000000000,14892200.0000000000,1489220.0000000000,16381420.0000000000,112롤/삼종기업, , 
20250915,제이케이머티리얼즈(주)/순성공장,PP,PP18MPP18M／M10KG(황),4401.0000000000,KG,10826.2500000000,0.0000000000,9316200.0000000000,931620.0000000000,10247820.0000000000,128롤(원료1140원+500원), , 
20250916,(주)낙원포장,PP,PP6MMPP6M/M12.5KG(백),10297.2000000000,KG,10829.6617127186,0.0000000000,22035420.0000000000,993300.0000000000,23028720.0000000000,150롤, , 
20250917,서흥포장 주식회사,상품,스트레치필름(특수기능형)15*500*400,25091.3800000000,롤,8020.0829829167,15518.4000000000,53904778.0000000000,124140.0000000000,54028918.0000000000,10박스, , 
20250918,호성수출포장,상품,스트레치필름(일반 핸드랩 20)20*500mm*350m,54707.6000000000,롤,5378.3936358770,39124.0800000000,96196971.0000000000,4220574.0000000000,100417545.0000000000,20박스, , 
20250919,강원농협연합포장재가공사업소,PP,PP12MPP12M／M12.5KG (황),46513.2200000000,KG,1084.2936504190,29786.1300000000,76479115.0000000000,3523724.0000000000,80002839.0000000000,300롤, , 
20250920,동원팩,PP,PP12MPP12M／M10KG(황),200.0000000000,KG,2000.0000000000,0.0000000000,400000.0000000000,40000.0000000000,440000.0000000000,20롤(0.8T), , 
20250922,진송팩,PE,PE28mm 2kgPE28M／M(백)2KG,5398.5400000000,KG,2211.7816086667,0.0000000000,12158750.0000000000,408000.0000000000,12566750.0000000000,60박스, , 
20250923,경인팩,PP,PP6MMPP6M／M10KG(백),29066.0000000000,KG,122170.6521739130,0.0000000000,47381700.0000000000,4738170.0000000000,52119870.0000000000,112롤, , 
20250924,주식회사 대한종합포장,상품,스트레치필름(일반 기계랩)20*500mm*1400m,33325.0000000000,박스,13340.4850649286,13652.1000000000,53704617.0000000000,3467632.0000000000,57172249.0000000000,30박스, , 
20250925,진송팩,PE,"PE28mm, 6KGPE28M／M(백)6KG",5237.9000000000,KG,133294.9074984667,0.0000000000,13601770.0000000000,523230.0000000000,14125000.0000000000,12박스, , 
20250926,민건 이에이,PP,PP12MPP12M／M10KG(백),30041.7000000000,KG,8928.2502050833,0.0000000000,50674890.0000000000,4525839.0000000000,55200729.0000000000,80롤(0.8T), , 
20250927,H.E. BAUMRUCKER COMPANY,PP,"9 x 3,932M 0.61T9 x 3,932M 0.61T 백색",30969.2000000000,KG,979.0419418667,58738.4800000000,82257367.0000000000,0.0000000000,82257367.0000000000,3830088W, ,1320806_1
20250928,VINAPACK,상품,PET 15.5mm x 0.8T x 1280mPET 15.5mm x 0.8T x 1280m Embossed Dark Green,18985.8000000000,롤,1.3752013171,25424.5000000000,41543367.0000000000,0.0000000000,41543367.0000000000, , ,VP25001
20250929,진송팩,PE,PE28mm 2kgPE28M／M(청)2KG,30488.1400000000,KG,4786.5245278125,0.0000000000,45553440.0000000000,3910079.0000000000,49463519.0000000000,30박스/토빅스, , 
20250930,(주)베스테크,PP,도전성밴드7.7mm*900m,4438.2000000000,Roll,4462.8817732857,0.0000000000,24424100.0000000000,2356160.0000000000,26780260.0000000000,84박스, , 
2025/09  계,,,,451662.48,,654488.3781888505,243910.13,905369654,43652918,949022572,,,
20251001,한국포장기계,PP,PP6MMPP6M／M10KG(백),15858.0000000000,KG,2629.5454545455,0.0000000000,35772650.0000000000,3577265.0000000000,39349915.0000000000,256롤,실출고9/22, 
20251002,경인산업,PP,PP12MPP12M／M10KG(백),3690.0000000000,KG,2085.7142857143,0.0000000000,7659000.0000000000,765900.0000000000,8424900.0000000000,56롤(0.75T), , 
20251003,동원팩,PP,PP6MMPP6M／M10KG(백),-500.0000000000,KG,1095.0000000000,0.0000000000,915000.0000000000,91500.0000000000,1006500.0000000000,50롤, , 
20251010,한남포장기계,PE,PE28mm 2kgPE28M／M(백)2KG,7064.5200000000,KG,2394.7413790625,0.0000000000,16721900.0000000000,1160440.0000000000,17882340.0000000000,50박스,kic박스, 
20251013,(주)베스테크,PP,도전성밴드7.7mm*900m,3418.0000000000,Roll,10858.3333333333,0.0000000000,13884000.0000000000,1388400.0000000000,15272400.0000000000,16박스/기존제품, , 
20251014,신광포장기계,PP,PP15MPP15M／M10KG(백색),10858.0000000000,KG,2721.8095238000,0.0000000000,20832730.0000000000,1375660.0000000000,22208390.0000000000,40롤(0.65T), , 
20251015,주식회사 대원포장기계,PE,PE28mm 2kgPE28M／M(백)2KG,8192.5600000000,KG,13238.1226050556,0.0000000000,17169100.0000000000,1044160.0000000000,18213260.0000000000,20박스(대구-대신화물착불), , 
20251016,동원팩,PE,PE28mm 2kgPE28M／M(백)2KG,5365.0000000000,KG,8311.5384615385,0.0000000000,13146000.0000000000,1314600.0000000000,14460600.0000000000,24박스, , 
20251017,주식회사 바인텍,PP,PP8MMPP8MM／750M (투명),4261.7000000000,롤,10990.8091587778,0.0000000000,13437070.0000000000,1177900.0000000000,14614970.0000000000,360롤,30박스, 
20251020,주식회사 광림파워팩,PP,PP12MPP12mm*0.72T*2800m 12.5KG(투명),3764.0000000000,KG,13327.7777777778,0.0000000000,8568800.0000000000,856880.0000000000,9425680.0000000000,40롤, , 
20251021,강원농협연합포장재가공사업소,PP,PP12MPP12M／M12.5KG (황),2908.0000000000,KG,18611.2500000000,0.0000000000,7398900.0000000000,739890.0000000000,8138790.0000000000,150롤, , 
20251022,(주)베스테크,PP,도전성밴드7.7mm*900m,2650.0000000000,Roll,5415.5555555556,0.0000000000,17746900.0000000000,1774690.0000000000,19521590.0000000000,70박스, , 
20251023,세움패키지(SEUMPKG),PP,PP12MPP12M／M10KG(황),5675.8200000000,KG,6380.7827037500,0.0000000000,12898080.0000000000,455000.0000000000,13353080.0000000000,50롤(0.8T), , 
20251024,(주)낙원포장,PP,PP12MPP12M／M10KG(황),26380.0000000000,KG,10043.2249081343,29847.5800000000,59472733.0000000000,1659370.0000000000,61132103.0000000000,100롤(0.8T), , 
20251027,진송팩,PE,PE28mm 2kgPE28M／M(백)2KG,2321.0000000000,KG,6857.1428571429,0.0000000000,7545400.0000000000,754540.0000000000,8299940.0000000000,60박스, , 
20251028,백암지관공업사,PP,PP12MPP12M／M12.5KG (황),8026.6200000000,KG,8544.9165736129,0.0000000000,19039750.0000000000,1349100.0000000000,20388850.0000000000,20롤, , 
20251029,동원팩,PE,"PE28mm, 6KGPE28M／M(백)6KG",6792.5600000000,KG,2313.0256675263,0.0000000000,14294160.0000000000,732470.0000000000,15026630.0000000000,20박스, , 
20251030,(주)진송팩,PP,PP18MPP18M／M10KG(황),2699.3800000000,KG,30951.7241376667,0.0000000000,6069750.0000000000,155600.0000000000,6225350.0000000000,4롤/무코스, , 
20251031,신광포장기계(부산),PE,PE28mm 2kgPE28M／M(백)2KG,7476.7600000000,KG,8367.0994603571,0.0000000000,17192640.0000000000,944900.0000000000,18137540.0000000000,20박스, , 
2025/10  계,,,,126901.92,,165138.1138433511,29847.58,309764563,21318265,331082828,,,
20251101,천일포장산업,PP,PP6MMPP6M／M10KG(백),23090.0000000000,KG,3886.8421052632,0.0000000000,55719250.0000000000,5571925.0000000000,61291175.0000000000,320롤(0.65T), , 
20251102,PARAMOUNT PAPER MERCHANTS PTY LTD.,PP,"12 x 3,000M 0.65T12x3,000M0.65T BLUE",29913.8400000000,KG,75.8891046588,49967.5800000000,71113859.0000000000,0.0000000000,71113859.0000000000,12X3P, ,139338
20251103,한남포장기계,PP,PP12MPP12M／M9KG(황),5482.0000000000,KG,14563.6363636364,0.0000000000,14157800.0000000000,1415780.0000000000,15573580.0000000000,100롤/일산, , 
20251104,경인팩,PE,PE28mm 2kgPE28M／M(백)2KG,15111.2800000000,KG,29865.9458194500,13946.6200000000,39954919.0000000000,2002520.0000000000,41957439.0000000000,64박스, , 
20251105,(주)스피드랩코리아,PP,PP6MMPP6M／M10KG(백),5421.0000000000,KG,13614.5454545455,0.0000000000,11475250.0000000000,1147525.0000000000,12622775.0000000000,100롤, , 
20251106,피앤비,PP,PP7MPP7M10KG백색,14290.8200000000,KG,3598.7453348636,0.0000000000,29962750.0000000000,762860.0000000000,30725610.0000000000,50롤, , 
20251107,에이원코리아,PP,PP12MPP12M／M12KG(황),6854.0000000000,KG,11066.6666666667,0.0000000000,13630600.0000000000,1363060.0000000000,14993660.0000000000,100롤(0.8T), , 
20251108,CYKLOP PACKAGING SYSTEMS PTY LTD.,PP,PP 06MM06MMx5000Mx0.63MM White,17016.0000000000,KG,1.5295331883,26218.0800000000,37900855.0000000000,0.0000000000,37900855.0000000000,0123MG06MW, ,20636
20251110,신한포장기계(주),PE,PE28mm 2kgPE28M／M(백)2KG,4143.0000000000,KG,13758.0000000000,0.0000000000,11231200.0000000000,1123120.0000000000,12354320.0000000000,50박스, , 
20251111,(주)베스테크,PP,도전성밴드7.7mm*900m,988.0000000000,Roll,6578.5714285714,0.0000000000,17169600.0000000000,1716960.0000000000,18886560.0000000000,90박스, , 
20251112,경인팩,PE,PE28mm 2kgPE28M／M(백)2KG,18490.3200000000,KG,3318.4821436503,24237.8800000000,50684366.0000000000,1521950.0000000000,52206316.0000000000,32박스, , 
20251113,서울상사,PP,PP12MPP12M／M10KG(황),15256.2400000000,KG,2205.7383684333,0.0000000000,33605510.0000000000,1384460.0000000000,34989970.0000000000,56롤(0.8T), , 
20251114,(주)영화수출포장,PE,PE 결속끈PE#50 (백) 5500m 5KG,2873.0000000000,KG,3947.5000000000,0.0000000000,7124000.0000000000,712400.0000000000,7836400.0000000000,30박스, , 
20251117,강원농협연합포장재가공사업소,PP,PP12MPP12M／M12.5KG (황),8078.0000000000,KG,3030.9090909091,0.0000000000,17437600.0000000000,1743760.0000000000,19181360.0000000000,300롤, , 
20251118,주식회사 광림파워팩,PP,PP9MMPP9M／M10KG(투명),2930.2800000000,KG,2151.0344826000,0.0000000000,5958300.0000000000,331330.0000000000,6289630.0000000000,64롤(0.75T), , 
20251119,주식회사 대한종합포장,PP,스트레치필름(일반 기계랩)20*500mm*1400m,23685.0000000000,박스,5802.8108909360,29517.5000000000,54549291.0000000000,1130025.0000000000,55679316.0000000000,30박스, , 
20251120,(주)낙원포장,PP,PP6MMPP6M/M12.5KG(백),5791.0000000000,KG,6399.1666666667,0.0000000000,13521000.0000000000,1352100.0000000000,14873100.0000000000,100롤, , 
20251121,유일,PE,PE28mm 2kgPE28M／M(백)2KG,4878.3400000000,KG,2917.5172413000,0.0000000000,12949750.0000000000,1292100.0000000000,14241850.0000000000,32박스,무지박스, 
20251123,주식회사 마크원테크,PP,PP6MMPP6M／M10KG(백),14624.7600000000,KG,6834.2576283086,4194012.0000000000,40377390.0000000000,124600.0000000000,40501990.0000000000,56롤/황금알, , 
20251124,(주)금성칼라팩,PP,PP7MPP7M10KG백색,3740.0000000000,KG,4768.8888888889,0.0000000000,8510500.0000000000,851050.0000000000,9361550.0000000000,128롤, , 
20251125,동서포장종합상사,PE,PE28mm 2kgPE28M／M(백)2KG,4052.0000000000,KG,2715.0000000000,0.0000000000,9048000.0000000000,904800.0000000000,9952800.0000000000,5박스,kic박스(로젠택배착불), 
20251126,신광포장기계,PP,PP15MPP15MM*10KG(청색),10838.6800000000,KG,2215.2146372857,0.0000000000,22297370.0000000000,518100.0000000000,22815470.0000000000,20롤(0.65T), , 
20251127,경인팩,PE,PE28mm 2kgPE28M／M(백)2KG,34207.8600000000,KG,1371.6065123723,42208.9200000000,80237852.0000000000,436280.0000000000,80674132.0000000000,32박스, , 
20251128,경인산업,PP,PP12MPP12M／M10KG(청),630.0000000000,KG,9950.0000000000,0.0000000000,1641000.0000000000,164100.0000000000,1805100.0000000000,6롤, , 
2025/11  계,,,,272385.42,,154638.4983621948,4380108.58,660258012,27570805,687828817,,,
20251201,한국포장기계,PE,PE28mm 2kgPE28M／M(백)2KG,22310.0000000000,KG,6735.0000000000,0.0000000000,53473265.0000000000,5347327.0000000000,58820592.0000000000,70박스(24kg),실출고 11/18, 
20251202,신광포장기계,PP,PP18MPP18M／M10KG 황색인쇄밴드,4809.0000000000,KG,2740.0000000000,0.0000000000,11004800.0000000000,1100480.0000000000,12105280.0000000000,112롤/삼종기업, , 
20251203,주식회사 대한불소,PP,PP15MPP15M／M10KG(은),7312.8600000000,KG,2711.0837437857,0.0000000000,17529750.0000000000,1382100.0000000000,18911850.0000000000,50롤(0.75T), , 
20251204,신광포장기계,PP,PP12MPP12M／M10KG(황),7361.1000000000,KG,4729.8164777059,0.0000000000,15443580.0000000000,770960.0000000000,16214540.0000000000,56롤(0.65T), , 
20251205,(주)낙원포장,PP,PP6MMPP6M/M12.5KG(백),8178.0000000000,KG,2180.0000000000,0.0000000000,16804400.0000000000,1680440.0000000000,18484840.0000000000,384롤,실출고8/29, 
20251208,경인팩,PE,"PE28mm, 6KGPE28M／M(백)6KG",1994.0000000000,KG,3387.5000000000,0.0000000000,4660000.0000000000,466000.0000000000,5126000.0000000000,28박스, , 
20251209,전주삼신산업,PP,PP6MMPP6M／M10KG(백),2450.0000000000,KG,5239.0909090909,0.0000000000,7063000.0000000000,706300.0000000000,7769300.0000000000,25롤, , 
20251210,서흥포장 주식회사,상품,스트레치필름(특수기능형)15*500*400,7787.7600000000,롤,2885.4094823125,0.0000000000,17193500.0000000000,241600.0000000000,17435100.0000000000,10박스, , 
20251211,대상산업,PE,"PE50mm, 6KGPE50M／M(백)6KG",1192.0000000000,KG,2766.6666666667,0.0000000000,3331600.0000000000,333160.0000000000,3664760.0000000000,14박스, , 
20251212,경인팩,PE,PE28mm 2kgPE28M／M(백)2KG,23536.2800000000,KG,2473.7932525800,22968.0000000000,49024976.0000000000,544100.0000000000,49569076.0000000000,32박스, , 
20251214,ANDERSON WHOLESALE PACKAGING PTY LTD.,PP,PP 12MM12MMx1000Mx0.50MM Blue,19609.0000000000,KG,372.7025315711,30370.0000000000,44628715.0000000000,0.0000000000,44628715.0000000000,2012, ,4643
20251215,진송팩,PE,PE28mm 2kgPE28M／M(백)2KG,4390.0000000000,KG,2435.7142857143,0.0000000000,10905500.0000000000,1090550.0000000000,11996050.0000000000,24박스/태영포장산업 착불, , 
20251216,주식회사 마크원테크,PP,PP6MMPP6M／M10KG(백),21125.1600000000,KG,6973.7117488046,22838.0000000000,49032196.0000000000,806419.0000000000,49838615.0000000000,112롤/대전충남양계농협, , 
20251217,경인팩,PE,PE28mm 2kgPE28M／M(백)2KG,14246.0000000000,KG,14039.4736842105,0.0000000000,21190300.0000000000,2119030.0000000000,23309330.0000000000,64박스, , 
20251218,한국포장기계,PP,PP6MMPP6M／M10KG(백),17990.0000000000,KG,2286.3636363636,0.0000000000,25094000.0000000000,2509400.0000000000,27603400.0000000000,128롤, , 
20251219,서울상사,PP,PP12MPP12M／M10KG(황),3036.0000000000,KG,12583.3333333333,0.0000000000,8619000.0000000000,599100.0000000000,9218100.0000000000,50롤(0.8T), , 
20251220,동원팩,PP,PP6MMPP6M／M10KG(백),1260.0000000000,KG,2442.5000000000,0.0000000000,3116000.0000000000,311600.0000000000,3427600.0000000000,50롤, , 
20251222,경인팩,PP,PP6MMPP6M／M10KG(백),2620.0000000000,KG,8990.9090909091,0.0000000000,6468200.0000000000,646820.0000000000,7115020.0000000000,56롤/다온앤팜, , 
20251223,(주)낙원포장,PP,PP6MMPP6M/M12.5KG(백),22466.2600000000,KG,13058.5654574545,0.0000000000,47811040.0000000000,1097700.0000000000,48908740.0000000000,100롤, , 
20251224,민건 이에이,PP,PP12MPP12M／M10KG(백),24716.7400000000,KG,2073.4942525000,0.0000000000,50484690.0000000000,570300.0000000000,51054990.0000000000,90롤(0.8T)/10롤12/17일, , 
20251225,CYKLOP PACKAGING SYSTEMS PTY LTD.,PP,PP 05MM05MM x 7000 x 0.50MM Blue,39019.6000000000,KG,108.5614172371,61023.7600000000,90522646.0000000000,0.0000000000,90522646.0000000000,01215045B, ,20673
20251226,주식회사 동원피앤아이,PE,PE 결속끈PE#50 (백) 5500m 5KG,12775.0000000000,KG,2163.3333333333,0.0000000000,27788000.0000000000,2778800.0000000000,30566800.0000000000,360박스, , 
20251229,(주)탐스텍,PP,"15 x 2,000M 0.50T15 x 2,000M 0.50T 청색",17262.7000000000,KG,3693.0461074074,221.0000000000,36058189.0000000000,2169530.0000000000,38227719.0000000000, , ,TT-251209A
20251230,삼원산업,PP,PP15MPP15MM*10KG(황색),3672.0000000000,KG,8712.5000000000,0.0000000000,8717000.0000000000,871700.0000000000,9588700.0000000000,50롤(0.8T), , 
20251231,주식회사 광림파워팩,PP,PP12MPP12M／M12.5KG (황),8015.0000000000,KG,14144.1176470588,0.0000000000,16470200.0000000000,1647020.0000000000,18117220.0000000000,80롤 1/5, , 
2025/12  계,,,,299134.46,,129926.6870580393,137420.76,642434547,29790436,672224983,,,
20260101,합동포장기계,PP,PP12MPP12M／M12.5KG (황),1140.0000000000,KG,2450.0000000000,0.0000000000,2856000.0000000000,285600.0000000000,3141600.0000000000,40롤(0.75T), , 
20260102,대상산업,PP,PP6MMPP6M／M10KG(백),1020.0000000000,KG,2283.3333333333,0.0000000000,2533000.0000000000,253300.0000000000,2786300.0000000000,10롤, , 
20260105,합동포장기계,PP,PP12MPP12M／M12.5KG (황),10224.0000000000,KG,10203.8461538462,0.0000000000,22820400.0000000000,2282040.0000000000,25102440.0000000000,160롤(0.75T), , 
2026/01  계,,,,12384,,14937.1794871795,0,28209400,2820940,31030340,,,
총합계,,,,50904418.19,,30654785.3855382122,567679971.89,91112128308.02,3730791085,94842919393.02,,,
2026/01/05 (월) 오후 2:32:22,,,,,,,,,,,,,