00~26 구매조회,,,,,,,,
일자-No.,거래처명,품목명,금액합계,거래유형,창고명,회계반영여부,인쇄,불러온 전표
20251229-2,에어팩코리아,에어백 APK-1022 (1000*2200) [에어백 1000*2200] 외 1건,784300,세금계산서,PP,Y,인쇄,조회
20251229-1,제이케이머티리얼즈(주)/순성공장,PP원료,26764078,세금계산서,PP,Y,인쇄,조회
20251227-1,(주)경남캐미칼,J-0103 제습제,154000,세금계산서,PP,Y,인쇄,조회
20251226-3,주식회사 썬에이스,MF5000(PE원료) [MF5000P_750KG],19140000,세금계산서,PE,N,인쇄,조회
20251226-2,백암지관공업사,지관 200 [지관 200＊8＊186],624624,세금계산서,PP,Y,인쇄,조회
20251226-1,백암지관공업사,지관 200 [지관 200＊8＊186] 외 1건,1873872,세금계산서,PP,Y,인쇄,조회
20251224-1,(주)태진케미칼,PP원료 [PPA],12144000,세금계산서,PP,Y,인쇄,조회
20251223-5,백암지관공업사,지관 200 [지관 200＊8＊186] 외 1건,1873872,세금계산서,PP,Y,인쇄,조회
20251223-4,일신케미칼,PP임가공 [PP임가공],2489520,세금계산서,PP,Y,인쇄,조회
20251223-3,(주)경남캐미칼,산화방지제 외 1건,2027520,세금계산서,PP,Y,인쇄,조회
20251223-2,금성포장,KIC PAD 540 [540*200],1002375,세금계산서,PP,Y,인쇄,조회
20251223-1,효창산업,CALPET [CALPET] 외 1건,5192000,세금계산서,PP,Y,인쇄,조회
20251222-2,제이케이머티리얼즈(주)/순성공장,PP원료,27476064,세금계산서,PP,Y,인쇄,조회
20251222-1,(주)경남캐미칼,MB 100B（ [M／B 100B（WHITE）],181500,세금계산서,PP,Y,인쇄,조회
20251219-1,금성포장,KIC 450 [450*200],1760550,세금계산서,PP,Y,인쇄,조회
20251218-4,S-OIL(주)온산공장,HD500/PP50DW [500KG],17160000,세금계산서,PP,N,인쇄,조회
20251218-3,주식회사 썬에이스,MF5000(PE원료) [MF5000P_750KG],19140000,세금계산서,PE,N,인쇄,조회
20251218-2,삼보팩,박스 외부 PE (폴리밴드) [320 190 780],1126400,세금계산서,PE,Y,인쇄,조회
20251218-1,금성포장,KIC PAD 380 [380*200] 외 1건,1579050,세금계산서,PP,Y,인쇄,조회
20251217-1,(주)경남캐미칼,MB 510-2 [M／B 510-2 (BLUE)],1925000,세금계산서,PP,Y,인쇄,조회
20251216-5,지에스칼텍스(주),H430-A [500KG],31218000,세금계산서,PP,N,인쇄,조회
20251216-4,S-OIL(주)온산공장,HD500/PP75EW [500KG],343200000,세금계산서,PP,N,인쇄,조회
20251216-3,백암지관공업사,지관 50 [지관 50＊5＊182] 외 2건,2047848,세금계산서,PP,Y,인쇄,조회
20251216-2,금성포장,타이거팩 4505 C/T 430 [430*130*430],786500,세금계산서,PP,Y,인쇄,조회
20251216-1,재윤상사,팔레트 [1100*1300],1036750,세금계산서,PP,Y,인쇄,조회
20251215-2,(주)태진케미칼,PP원료 [PPA],12144000,세금계산서,PP,Y,인쇄,조회
20251215-1,백암지관공업사,지관 200 [지관 200＊8＊186] 외 1건,1249248,세금계산서,PP,Y,인쇄,조회
20251212-4,주)대성씨앤씨,테르마 크라프트 C/T [260*132*260],527560,세금계산서,PP,N,인쇄,조회
20251212-3,한국파렛트풀(주),팔레트 1100*1100*120 [1100*1100*120 7.5kg],1936000,세금계산서,PP,N,인쇄,조회
20251212-2,(주)영화수출포장,박스 D-28(770)폴리테잎 [770 315 205] 외 1건,1584000,세금계산서,PE,N,인쇄,조회
20251212-1,덕흥수지,PP원료(A),22176000,세금계산서,PP,Y,인쇄,조회
20251211-2,백암지관공업사,지관 200 [지관 200＊8＊186] 외 1건,1249248,세금계산서,PP,Y,인쇄,조회
20251211-1,삼진폴리텍,CALPET [강도보강제 #480],632500,세금계산서,PP,Y,인쇄,조회
20251210-3,주식회사 썬에이스,MF5000(PE원료) [MF5000P_750KG],19140000,세금계산서,PE,N,인쇄,조회
20251210-2,"주식회사 오비아이(OBI co.,Ltd.)",현장용 [1*180*50/타],396000,세금계산서,PP,Y,인쇄,조회
20251210-1,금성포장,타이거팩 45000 C/T 320 [320*130*312],1116225,세금계산서,PP,Y,인쇄,조회
20251209-3,(주)영화수출포장,박스 경인팩 6KG [465 455 250] 외 2건,2543750,세금계산서,PE,N,인쇄,조회
20251209-2,백암지관공업사,지관 200 [지관 200＊8＊186] 외 1건,1249248,세금계산서,PP,Y,인쇄,조회
20251209-1,백암지관공업사,지관 200 [지관 200＊4＊189],784784,세금계산서,PP,Y,인쇄,조회
20251208-1,S-OIL(주)온산공장,HD500/PP50DW [500KG],35750000,세금계산서,PP,N,인쇄,조회
20251203-4,금정기획,라벨(아트지도안 타이거팩) 45020 [120*65] 외 2건,550000,세금계산서,PP,Y,인쇄,조회
20251203-3,재생산업,PP 재생원료 외 1건,32247600,세금계산서,PP,Y,인쇄,조회
20251203-2,(주)태진케미칼,PP원료 [PPA],12144000,세금계산서,PP,Y,인쇄,조회
20251203-1,백암지관공업사,지관 50 [지관 50＊5＊182] 외 2건,2219536,세금계산서,PP,Y,인쇄,조회
20251202-2,(주)낙원포장,반자동밴딩기 [strapack IQ-400],1155000,세금계산서,PP,Y,인쇄,조회
20251202-1,주식회사 대한종합포장,4개입 박스 - 무인쇄 [445*440*215],847000,세금계산서,PP,N,인쇄,조회
20251201-1,백암지관공업사,지관 406 [지관 406＊6＊155] 외 1건,1703284,세금계산서,PP,Y,인쇄,조회
20251128-1,주식회사 썬에이스,SY-130 [130_500kg],8580000,세금계산서,PP,Y,인쇄,조회
20251126-2,(주)태진케미칼,PP원료 [PPA],12144000,세금계산서,PP,Y,인쇄,조회
20251126-1,S-OIL(주)온산공장,HD500/PP50DW [500KG],35750000,세금계산서,PP,Y,인쇄,조회
20251125-5,제이케이머티리얼즈(주)/순성공장,PP원료,28122820,세금계산서,PP,Y,인쇄,조회
20251125-4,백암지관공업사,지관 200 [지관 200＊8＊190] 외 1건,1610400,세금계산서,PP,Y,인쇄,조회
20251125-3,주식회사 썬에이스,MF5000(PE원료) [MF5000P_750KG],19140000,세금계산서,PE,Y,인쇄,조회
20251125-2,에어팩코리아,에어백 APK-1022 (1000*2200) [에어백 1000*2200] 외 1건,635800,세금계산서,PP,Y,인쇄,조회
20251124-3,금성포장,무지 PAD [420＊200] 외 1건,1650000,세금계산서,PP,Y,인쇄,조회
20251124-2,주식회사 대한종합포장,원형PAD [400*200 인쇄] 외 1건,1826605,세금계산서,PP,Y,인쇄,조회
20251124-1,성은산업,수축필름 [220*145 (고메리)],1188000,세금계산서,PP,Y,인쇄,조회
20251121-6,디엘에프엔씨 주식회사,PP원료 [재생],29040000,세금계산서,PP,Y,인쇄,조회
20251121-5,주식회사 대한종합포장,원형PAD [400*200 인쇄] 외 1건,2792075,세금계산서,PP,Y,인쇄,조회
20251121-3,백암지관공업사,지관 406 [지관 406＊6＊155],1685376,세금계산서,PP,Y,인쇄,조회
20251121-2,(주)스피드랩코리아,스트레치필름(일반 핸드랩) [20*300*380m],1138896,세금계산서,PP,Y,인쇄,조회
20251121-1,일신케미칼,PP임가공 [PP임가공],2564320,세금계산서,PP,Y,인쇄,조회
20251120-6,주식회사시몬사,피피클립 [19*28(2KG-삼성)],138600,세금계산서,PP,Y,인쇄,조회
20251120-5,성신목재,팔레트 1080＊1080 [1080＊1080] 외 7건,704000,세금계산서,PP,Y,인쇄,조회
20251120-4,(주)태진케미칼,PP원료 [PPA],12144000,세금계산서,PP,Y,인쇄,조회
20251120-3,백암지관공업사,지관 200 [지관 200＊8＊186] 외 1건,1873872,세금계산서,PP,Y,인쇄,조회
20251120-2,(주)경남캐미칼,MB 100B（ [M／B 100B（WHITE）] 외 1건,3740000,세금계산서,PP,Y,인쇄,조회
20251120-1,주식회사 대한종합포장,원형PAD [400*200 인쇄] 외 1건,424116,세금계산서,PP,Y,인쇄,조회
20251118-2,주식회사 썬에이스,MF5000(PE원료) [MF5000P_750KG],11962500,세금계산서,PE,Y,인쇄,조회
20251118-1,백암지관공업사,지관 50 [지관 50＊5＊182] 외 2건,2846448,세금계산서,PP,Y,인쇄,조회
20251117-5,한국파렛트풀(주),팔레트 1100*1100*120 [1100*1100*120 7kg],1331000,세금계산서,PP,Y,인쇄,조회
20251117-4,우선산업,PP9M/M [PP9M/M*9.5KG*0.95T(백색)],1745150,세금계산서,상품,Y,인쇄,조회
20251117-3,S-OIL(주)온산공장,HD500/PP50DW [500KG],35750000,세금계산서,PP,Y,인쇄,조회
20251117-2,주식회사 썬에이스,MF5000(PE원료) [MF5000P_750KG],7177500,세금계산서,PE,Y,인쇄,조회
20251117-1,주식회사 대한종합포장,원형PAD [400*200 인쇄],471240,세금계산서,PP,Y,인쇄,조회
20251113-4,주식회사 대한종합포장,고메리 2500m IN(하향) 무인쇄-풀 [427*427*410],1034000,세금계산서,PP,Y,인쇄,조회
20251113-3,덕흥수지,PP원료(A),22176000,세금계산서,PP,Y,인쇄,조회
20251113-2,백암지관공업사,지관 200 [지관 200＊8＊186] 외 1건,1017016,세금계산서,PP,Y,인쇄,조회
20251113-1,백암지관공업사,지관 200 [지관 200＊8＊190] 외 1건,1133132,세금계산서,PP,Y,인쇄,조회
20251112-1,삼보팩,고메리 12입(C/T) [570*430*390],720280,세금계산서,PP,Y,인쇄,조회
20251111-3,삼광잉크제조(주),PP 진녹,138600,세금계산서,PP,Y,인쇄,조회
20251111-1,주식회사 대한종합포장,삼성전자 6입 BOX 무인쇄 [555*370*170] 외 1건,1692900,세금계산서,PP,Y,인쇄,조회
20251110-3,대한유화 주식회사,5014 [pp원료],34320000,세금계산서,PP,Y,인쇄,조회
20251110-2,주식회사 썬에이스,MF5000(PE원료) [MF5000P_500KG],19140000,세금계산서,PE,Y,인쇄,조회
20251110-1,백암지관공업사,지관 200 [지관 200＊8＊186] 외 1건,2034032,세금계산서,PP,Y,인쇄,조회
20251107-1,재생산업,PP 재생원료,32432400,세금계산서,PP,Y,인쇄,조회
20251106-2,(주)경남캐미칼,MB 510-2 [M／B 510-2 (BLUE)],1540000,세금계산서,PP,Y,인쇄,조회
20251106-1,일신케미칼,PP임가공 [PP임가공],2258080,세금계산서,PP,Y,인쇄,조회
20251105-4,주)대성씨앤씨,테르마 크라프트 C/T [260*132*260],948640,세금계산서,PP,Y,인쇄,조회
20251105-3,주식회사 대한종합포장,고메리 12입(IN) [410*275*175],1237500,세금계산서,PP,Y,인쇄,조회
20251105-2,(주)경남캐미칼,MB 510-2 [M／B 510-2 (BLUE)],385000,세금계산서,PP,Y,인쇄,조회
20251105-1,재윤상사,팔레트 [1100*1300],858000,세금계산서,PP,Y,인쇄,조회
20251104-1,"주식회사 오비아이(OBI co.,Ltd.)",비니루(하우스) [0.1*400*15],90200,세금계산서,PP,Y,인쇄,조회
20251103-1,백암지관공업사,지관 406 [지관 406＊6＊155] 외 2건,1458248,세금계산서,PP,Y,인쇄,조회
20251101-1,(주)경남캐미칼,MB 307 [M／B 307 Yellow],2035000,세금계산서,PP,Y,인쇄,조회
20251031-1,제이케이머티리얼즈(주)/순성공장,PP원료,27784020,세금계산서,PP,Y,인쇄,조회
20251030-3,성신목재,팔레트 1300*1200 [1300*1200],22000,세금계산서,PP,Y,인쇄,조회
20251030-2,삼광잉크제조(주),PP 흑색 외 2건,691350,세금계산서,PP,Y,인쇄,조회
20251030-1,삼보팩,박스 외부 PE (폴리밴드) [320 190 780],1119641,세금계산서,PE,Y,인쇄,조회
20251028-2,(주)경남캐미칼,MB 820FL [M／B 820FL（BLACK）],1375000,세금계산서,PP,Y,인쇄,조회
20251028-1,백암지관공업사,지관 50 [지관 50＊5＊182] 외 2건,3006608,세금계산서,PP,Y,인쇄,조회
20251027-2,성신목재,팔레트 1140*1140 [1140*1140] 외 7건,990000,세금계산서,PP,Y,인쇄,조회
20251027-1,(주)스피드랩코리아,스트레치필름(일반 핸드랩 20) [20*500mm*350m],670120,세금계산서,상품,Y,인쇄,조회
20251024-3,주식회사 썬에이스,MF5000(PE원료) [MF5000P_750KG],19536000,세금계산서,PE,N,인쇄,조회
20251024-2,백암지관공업사,지관 200 [지관 200＊8＊190],1873872,세금계산서,PP,Y,인쇄,조회
20251024-1,주식회사 대한종합포장,원형PAD [400*200],929390,세금계산서,PP,Y,인쇄,조회
20251023-2,제이케이머티리얼즈(주)/순성공장,PP원료,29296520,세금계산서,PP,Y,인쇄,조회
20251023-1,효창산업,CALPET [CALPET],5148000,세금계산서,PP,Y,인쇄,조회
20251022-3,대한유화 주식회사,5014 [pp원료],34716000,세금계산서,PP,Y,인쇄,조회
20251022-2,주)대성씨앤씨,무인쇄 스넬 [260*132-260],968000,세금계산서,PP,Y,인쇄,조회
20251022-1,주식회사 대한종합포장,폴리 머신 스트랩 박스 무인쇄-5(알바니아) [420*200*420],1944250,세금계산서,PP,Y,인쇄,조회
20251021-3,백암지관공업사,지관 200 [지관 200＊8＊190],1249248,세금계산서,PP,Y,인쇄,조회
20251021-2,성신목재,팔레트 1260*1260 [1260*1260] 외 6건,946000,세금계산서,PP,Y,인쇄,조회
20251021-1,덕흥수지,PP원료(A),22176000,세금계산서,PP,Y,인쇄,조회
20251020-4,S-OIL(주)온산공장,HD500/PP50DW [500KG],35750000,세금계산서,PP,Y,인쇄,조회
20251020-3,(주)영화수출포장,경인팩 2KG [320*190*780],1442100,세금계산서,PE,Y,인쇄,조회
20251020-2,(주)경남캐미칼,MB 100B（ [M／B 100B（WHITE）] 외 1건,2805000,세금계산서,PP,Y,인쇄,조회
20251020-1,금성포장,KIC 450 [450*200],1815000,세금계산서,PP,Y,인쇄,조회
20251017-7,주식회사 썬에이스,MF5000(PE원료) [MF5000P_500KG],13024000,세금계산서,PE,N,인쇄,조회
20251017-6,주식회사 대한종합포장,삼성전자 6입 BOX 무인쇄 [555*370*170] 외 2건,926750,세금계산서,PE,Y,인쇄,조회
20251017-5,주식회사 썬에이스,MF5000(PE원료) [MF5000P_500KG],6512000,세금계산서,PE,N,인쇄,조회
20251017-4,(주)스피드랩코리아,스트레치필름(일반 핸드랩 20) [20*500mm*350m] 외 1건,2224684,세금계산서,상품,Y,인쇄,조회
20251017-2,백암지관공업사,지관 406 [지관 406＊6＊155] 외 3건,1941676,세금계산서,PP,Y,인쇄,조회
20251017-1,삼보팩,평면골판지 [구래단 (1100mm x 40000mm)],1197900,세금계산서,PP,Y,인쇄,조회
20251016-2,한국파렛트풀(주),팔레트 1100*1100*120 [1100*1100*120 7.5kg],1936000,세금계산서,PP,Y,인쇄,조회
20251016-1,(주)영화수출포장,박스 (#28*6kg박스) [465 455 245] 외 1건,1703350,세금계산서,PE,Y,인쇄,조회
20251014-1,재생산업,PP 재생원료 외 1건,32401600,세금계산서,PP,Y,인쇄,조회
20251013-1,백암지관공업사,지관 102 [지관 102＊4＊143] 외 2건,1420936,세금계산서,PP,Y,인쇄,조회
20251010-1,(주)경남캐미칼,실리콘 251H,574860,세금계산서,PP,Y,인쇄,조회
20251002-3,(주)태진케미칼,PP원료 [PPA],12672000,세금계산서,PP,Y,인쇄,조회
20251002-2,백암지관공업사,지관 50 [지관 50＊5＊182],1597200,세금계산서,PE,Y,인쇄,조회
20251002-1,백암지관공업사,지관 200 [지관 200＊8＊186] 외 2건,1953952,세금계산서,PP,Y,인쇄,조회
20251001-2,삼진폴리텍,CALPET [핵제 #480] 외 1건,227700,세금계산서,PP,Y,인쇄,조회
20251001-1,(주)경남캐미칼,SLIP [SL0101] 외 2건,4422000,세금계산서,PP,Y,인쇄,조회
20250930-6,제이케이머티리얼즈(주)/순성공장,PP원료,29223920,세금계산서,PP,Y,인쇄,조회
20250930-5,제이케이머티리얼즈(주)/순성공장,PP원료,28764120,세금계산서,PP,Y,인쇄,조회
20250930-3,백암지관공업사,지관 406 [지관 406＊6＊155] 외 1건,1994256,세금계산서,PP,Y,인쇄,조회
20250930-2,금정기획,모조지 STICKER [모조지 STICKER],165000,세금계산서,PP,Y,인쇄,조회
20250930-1,금성포장,패드 430 [패드 430＊200 무지],1694000,세금계산서,PP,Y,인쇄,조회
20250929-6,제이케이머티리얼즈(주)/순성공장,LLD PE 원료,29493156,세금계산서,PE,Y,인쇄,조회
20250929-5,(주)한국바코드시스템,라벨(아트지도안백색) [[86*46 ]] 외 1건,264000,세금계산서,PP,Y,인쇄,조회
20250929-4,성신목재,팔레트 1380＊920 [1380＊920] 외 7건,418000,세금계산서,PP,Y,인쇄,조회
20250929-3,대한유화 주식회사,5014 [pp원료],35112000,세금계산서,PP,Y,인쇄,조회
20250929-2,대한유화 주식회사,5014 [pp원료],1463000,세금계산서,PP,Y,인쇄,조회
20250929-1,금성포장,패드 420 [420＊200 무지] 외 1건,1928300,세금계산서,PP,Y,인쇄,조회
20250926-5,제이케이머티리얼즈(주)/순성공장,LLD PE 원료,29726796,세금계산서,PE,Y,인쇄,조회
20250926-3,주식회사 썬에이스,MF5000(PE원료) [MF5000P_750KG],19536000,세금계산서,PP,Y,인쇄,조회
20250926-2,금성포장,패드 570 [570*406] 외 1건,931095,세금계산서,PP,Y,인쇄,조회
20250926-1,백암지관공업사,지관 200 [지관 200＊8＊190] 외 3건,2002792,세금계산서,PP,Y,인쇄,조회
20250925-2,(주)경남캐미칼,MB 510 [M／B 510 (BLUE)],264000,세금계산서,PP,Y,인쇄,조회
20250925-1,(주)스피드랩코리아,스트레치필름(일반 핸드랩) [20*300*380m],1138896,세금계산서,PP,Y,인쇄,조회
20250924-3,제이케이머티리얼즈(주)/순성공장,LLD PE 원료,29199808,세금계산서,PP,Y,인쇄,조회
20250924-2,재윤상사,팔레트 [1100*1300],858000,세금계산서,PP,Y,인쇄,조회
20250924-1,백암지관공업사,지관 50 [지관 50＊5＊202] 외 3건,2512840,세금계산서,PP,Y,인쇄,조회
20250923-2,제이케이머티리얼즈(주)/순성공장,LLD PE 원료,28114680,세금계산서,PP,Y,인쇄,조회
20250923-1,주식회사 대한종합포장,AMKOR 2입 박스 - 무인쇄 [360*360*408] 외 1건,466400,세금계산서,PP,Y,인쇄,조회
20250922-5,제이케이머티리얼즈(주)/순성공장,PP원료,27469420,세금계산서,PP,Y,인쇄,조회
20250922-4,중앙기획,실린더 [496*200] 외 1건,550000,세금계산서,PP,Y,인쇄,조회
20250922-3,대한유화 주식회사,5014 [pp원료],8778000,세금계산서,PP,Y,인쇄,조회
20250922-2,(주)태진케미칼,PP원료 [PPA],12672000,세금계산서,PP,Y,인쇄,조회
20250922-1,백암지관공업사,지관 406 [지관 406＊6＊155] 외 1건,1025552,세금계산서,PP,Y,인쇄,조회
20250919-6,제이케이머티리얼즈(주)/순성공장,LLD PE 원료,29895536,세금계산서,PE,Y,인쇄,조회
20250919-5,S-OIL(주)온산공장,HD500/PP50DW [500KG],35750000,세금계산서,PP,Y,인쇄,조회
20250919-4,주식회사 대한종합포장,콜롬비아 2롤 - 무인쇄 [400*400*390],137390,세금계산서,PP,Y,인쇄,조회
20250919-3,(주)경남캐미칼,MB 510-2 [M／B 510-2 (BLUE)] 외 2건,3905550,세금계산서,PP,Y,인쇄,조회
20250919-2,성신목재,팔레트 1120＊1120 [1120＊1120] 외 7건,1122000,세금계산서,PP,Y,인쇄,조회
20250919-1,백암지관공업사,지관 406 [지관 406＊6＊155] 외 3건,1840091,세금계산서,PP,Y,인쇄,조회
20250918-4,제이케이머티리얼즈(주)/순성공장,LLD PE 원료,30388776,세금계산서,PE,Y,인쇄,조회
20250918-3,디엘에프엔씨 주식회사,PP원료 [재생],31416000,세금계산서,PP,Y,인쇄,조회
20250918-2,주식회사 썬에이스,MF5000(PE원료) [MF5000P_750KG],19536000,세금계산서,PE,Y,인쇄,조회
20250918-1,금성포장,패드 550 [550*406],251790,세금계산서,PP,Y,인쇄,조회
20250917-2,백암지관공업사,지관 230 [지관 230＊5＊187] 외 1건,1098152,세금계산서,PP,Y,인쇄,조회
20250917-1,주식회사 대한종합포장,폴리 머신 스트랩 박스 무인쇄-2 [440*195*435] 외 2건,3908102,세금계산서,PP,Y,인쇄,조회
20250916-1,(주)스피드랩코리아,스트레치필름(일반 핸드랩 20) [20*500mm*350m],670120,세금계산서,상품,Y,인쇄,조회
20250915-2,성신목재,팔레트 1050＊1050 [1050＊1050] 외 8건,572000,세금계산서,PP,Y,인쇄,조회
20250915-1,삼광잉크제조(주),PP 진녹,138600,세금계산서,PP,Y,인쇄,조회
20250912-1,금성포장,KIC 450 [450*200] 외 3건,2624050,세금계산서,PP,Y,인쇄,조회
20250910-1,백암지관공업사,지관 200 [지관 200＊8＊186] 외 1건,1873872,세금계산서,PP,Y,인쇄,조회
20250909-3,주식회사 썬에이스,MF5000(PE원료) [MF5000P_750KG],19536000,세금계산서,PE,Y,인쇄,조회
20250909-2,백암지관공업사,지관 200 [지관 200＊8＊190] 외 1건,1369632,세금계산서,PP,Y,인쇄,조회
20250909-1,주식회사 대한종합포장,4개입 박스 - 무인쇄 [445*440*215],847000,세금계산서,PP,Y,인쇄,조회
20250908-3,S-OIL(주)온산공장,HD500/PP50DW [500KG],35750000,세금계산서,PP,Y,인쇄,조회
20250908-2,(주)낙원포장,반자동밴딩기 [strapack IQ-400],935000,세금계산서,PP,Y,인쇄,조회
20250908-1,백암지관공업사,지관 50 [지관 50＊5＊225] 외 1건,2032800,세금계산서,PE,Y,인쇄,조회
20250905-3,일신케미칼,PP임가공 [PP임가공],4855400,세금계산서,PP,Y,인쇄,조회
20250905-2,덕흥수지,PP원료(A),22770000,세금계산서,PP,Y,인쇄,조회
20250905-1,금성포장,패드 570 [570*406],189420,세금계산서,PP,Y,인쇄,조회
20250904-5,(주)태진케미칼,PP원료 [PPA],12672000,세금계산서,PP,Y,인쇄,조회
20250904-4,재윤상사,팔레트 [1100*1300],264000,세금계산서,PP,Y,인쇄,조회
20250904-3,백암지관공업사,지관 406 [지관 406＊6＊155] 외 2건,1935516,세금계산서,PP,Y,인쇄,조회
20250904-2,성신목재,팔레트 1120＊1120 [1120＊1120] 외 2건,484000,세금계산서,PP,Y,인쇄,조회
20250904-1,(주)디에스에스,PET 15.5mm x 0.8T x 1280m [PET 15.5mm x 0.8T x 1280m Embossed Dark Green] 외 1건,2088000,영세율,상품,Y,인쇄,조회
20250902-2,에어팩코리아,에어백 APK-1022 (1000*2200) [에어백 1000*2200] 외 1건,635800,세금계산서,PP,Y,인쇄,조회
20250902-1,백암지관공업사,지관 200 [지관 200＊8＊190] 외 1건,1873872,세금계산서,PP,Y,인쇄,조회
20250901-3,금성포장,경인팩 [400＊200],673200,세금계산서,PP,Y,인쇄,조회
20250901-2,(주)경남캐미칼,MB 820FL [M／B 820FL（BLACK）],1375000,세금계산서,PP,Y,인쇄,조회
20250901-1,(주)태진케미칼,PP원료 [PPA],12672000,세금계산서,PP,Y,인쇄,조회
20250829-1,백암지관공업사,지관 200 [지관 200＊8＊190] 외 1건,1017016,세금계산서,PP,Y,인쇄,조회
20250828-1,백암지관공업사,지관 200 [지관 200＊8＊190],936936,세금계산서,PP,Y,인쇄,조회
20250827-2,제이케이머티리얼즈(주)/순성공장,PP원료,28867080,세금계산서,PP,Y,인쇄,조회
20250827-1,백암지관공업사,지관 200 [지관 200＊8＊186] 외 1건,1329328,세금계산서,PP,Y,인쇄,조회
20250826-2,금정기획,라벨(아트지도안 AWP) 2012 [115*55] 외 2건,303600,세금계산서,PP,Y,인쇄,조회
20250826-1,성신목재,팔레트 1050＊1050 [1050＊1050] 외 14건,902000,세금계산서,PP,Y,인쇄,조회
20250825-5,삼보팩,박스 외부 PE (폴리밴드) [320 190 780],1126400,세금계산서,PE,Y,인쇄,조회
20250825-4,주식회사 썬에이스,MF5000(PE원료) [MF5000P_750KG],19800000,세금계산서,PE,Y,인쇄,조회
20250825-3,주식회사 대한종합포장,폴리 머신 스트랩 박스 무인쇄-5(알바니아) [420*200*420],1833150,세금계산서,PP,Y,인쇄,조회
20250825-2,금성포장,타이거팩 45000 C/T 320 [320*130*320] 외 3건,3950210,세금계산서,PP,Y,인쇄,조회
20250825-1,백암지관공업사,지관 200 [지관 200＊4＊189] 외 1건,1097096,세금계산서,PP,Y,인쇄,조회
20250821-3,대한유화 주식회사,5014 [pp원료],35112000,세금계산서,PP,Y,인쇄,조회
20250821-2,덕흥수지,PP원료(A),22770000,세금계산서,PP,Y,인쇄,조회
20250821-1,"주식회사 오비아이(OBI co.,Ltd.)",현장용 [1*180*50/타],396000,세금계산서,PP,Y,인쇄,조회
20250819-4,디엘에프엔씨 주식회사,PP원료 [재생],31284000,세금계산서,PP,Y,인쇄,조회
20250819-3,백암지관공업사,지관 200 [지관 200＊4＊189],784784,세금계산서,PP,Y,인쇄,조회
20250819-2,(주)태진케미칼,PP원료 [PPA],12672000,세금계산서,PP,Y,인쇄,조회
20250819-1,효창산업,CALPET [CALPET],5148000,세금계산서,PP,Y,인쇄,조회
20250814-3,주식회사 썬에이스,MF5000(PE원료) [MF5000P_500KG] 외 1건,19800000,세금계산서,PP,Y,인쇄,조회
20250814-2,주식회사 대한종합포장,콜롬비아 1롤 - 무인쇄 [400*197*400] 외 3건,1845844,세금계산서,PP,Y,인쇄,조회
20250814-1,(주)경남캐미칼,MB 100B（ [M／B 100B（WHITE）] 외 1건,2244000,세금계산서,PP,Y,인쇄,조회
20250812-3,(주)태진케미칼,PP원료 [PPA],12672000,세금계산서,PP,Y,인쇄,조회
20250812-2,대한유화 주식회사,5014 [pp원료],35112000,세금계산서,PP,Y,인쇄,조회
20250812-1,(주)경남캐미칼,MB 510-2 [M／B 510-2 (BLUE)],1155000,세금계산서,PP,Y,인쇄,조회
20250811-1,백암지관공업사,지관 200 [지관 200＊4＊189],1177176,세금계산서,PP,Y,인쇄,조회
20250808-2,일신케미칼,PP임가공 [PP임가공],4814040,세금계산서,PP,Y,인쇄,조회
20250808-1,(주)경남캐미칼,Silicone WAX (PP) 외 1건,888250,세금계산서,PP,Y,인쇄,조회
20250807-2,성신목재,팔레트 1230*800 [1230*800] 외 2건,660000,세금계산서,PP,Y,인쇄,조회
20250807-1,주식회사 썬에이스,MF5000(PE원료) [MF5000P_500KG],3300000,세금계산서,PE,Y,인쇄,조회
20250806-1,주식회사 썬에이스,MF5000(PE원료) [MF5000P_500KG],16500000,세금계산서,PP,Y,인쇄,조회
20250805-3,백암지관공업사,지관 50 [지관 50＊5＊182] 외 2건,2614216,세금계산서,PP,Y,인쇄,조회
20250805-2,(주)태진케미칼,PP원료 [PPA],12672000,세금계산서,PP,Y,인쇄,조회
20250805-1,성신목재,팔레트 1380＊920 [1380＊920] 외 6건,396000,세금계산서,PP,Y,인쇄,조회
20250804-4,덕흥수지,PP원료(A),22770000,세금계산서,PP,Y,인쇄,조회
20250804-3,재생산업,PP 재생원료 외 1건,32355400,세금계산서,PP,Y,인쇄,조회
20250804-2,백암지관공업사,지관 200 [지관 200＊4＊189] 외 2건,2034032,세금계산서,PP,Y,인쇄,조회
20250804-1,주식회사 대한종합포장,미국 수출용) 폴리 머신 스트랩 박스 [440*195*435],1473120,세금계산서,PP,Y,인쇄,조회
20250728-3,금성포장,패드 430 [패드 430＊200 무지],1655500,세금계산서,PP,Y,인쇄,조회
20250728-2,주식회사 썬에이스,MF5000(PE원료) [MF5000P_750KG],2475000,세금계산서,PE,Y,인쇄,조회
20250728-1,백암지관공업사,지관 200 [지관 200＊8＊186] 외 1건,1873872,세금계산서,PP,Y,인쇄,조회
20250724-3,금정기획,라벨(아트지무지)108*50 [[108*50 ]],660000,세금계산서,PP,Y,인쇄,조회
20250724-2,(주)태진케미칼,PP원료 [PPA],12672000,세금계산서,PP,Y,인쇄,조회
20250724-1,재윤상사,팔레트 [1100*1300],929500,세금계산서,PP,Y,인쇄,조회
20250723-2,금성포장,KIC PAD 380 [380*200] 외 2건,1478125,세금계산서,PP,Y,인쇄,조회
20250723-1,백암지관공업사,지관 200 [지관 200＊8＊190] 외 1건,1249248,세금계산서,PP,Y,인쇄,조회
20250722-1,대한유화 주식회사,5014 [pp원료],17556000,세금계산서,PP,Y,인쇄,조회
20250721-1,백암지관공업사,지관 200 [지관 200＊8＊190],1249248,세금계산서,PP,Y,인쇄,조회
20250718-3,디엘에프엔씨 주식회사,PP원료 [재생],31046400,세금계산서,PP,Y,인쇄,조회
20250718-2,S-OIL(주)온산공장,HD510/PP50DW [500KG],36575000,세금계산서,PP,Y,인쇄,조회
20250718-1,삼보팩,패드 400 광림 [400*200],728937,세금계산서,PP,Y,인쇄,조회
20250717-4,주식회사 대한종합포장,고메리 12입(IN) [410*275*175],363000,세금계산서,PP,Y,인쇄,조회
20250717-3,삼광잉크제조(주),PP 흑색 외 1건,341550,세금계산서,PP,Y,인쇄,조회
20250717-2,백암지관공업사,지관 200 [지관 200＊8＊186] 외 1건,1873872,세금계산서,PP,Y,인쇄,조회
20250717-1,주식회사 대한종합포장,원형PAD [400*200] 외 1건,2661120,세금계산서,PP,Y,인쇄,조회
20250716-3,주식회사 대한종합포장,원형PAD [400*200],418880,세금계산서,PP,Y,인쇄,조회
20250716-2,(주)경남캐미칼,MB 307 [M／B 307 Yellow] 외 1건,3850000,세금계산서,PP,Y,인쇄,조회
20250716-1,주식회사 썬에이스,MF5000(PE원료) [MF5000P_750KG],19800000,세금계산서,PP,Y,인쇄,조회
20250715-4,제이케이머티리얼즈(주)/순성공장,PP원료,26836370,세금계산서,PP,Y,인쇄,조회
20250715-3,주식회사 대한종합포장,고메리 3입(IN) [345*340*390] 외 1건,1564442,세금계산서,PP,Y,인쇄,조회
20250715-2,금성포장,무지 PAD [420＊200],872300,세금계산서,PP,Y,인쇄,조회
20250715-1,백암지관공업사,지관 200 [지관 200＊8＊190],1873872,세금계산서,PP,Y,인쇄,조회
20250714-1,에어팩코리아,에어백 APK-1022 (1000*2200) [에어백 1000*2200] 외 1건,635800,세금계산서,PP,Y,인쇄,조회
20250711-1,백암지관공업사,지관 50 [지관 50＊5＊182] 외 2건,2846976,세금계산서,PE,Y,인쇄,조회
20250710-6,주식회사 대한종합포장,무인쇄 원형PAD [400*200],719400,세금계산서,PP,Y,인쇄,조회
20250710-5,(주)태진케미칼,PP원료 [PPA],12672000,세금계산서,PP,Y,인쇄,조회
20250710-4,(주)스피드랩코리아,스트레치필름(일반 핸드랩) [20*300*380m],1138896,세금계산서,PP,Y,인쇄,조회
20250710-3,지에스칼텍스(주),H430-B [500KG],15004000,세금계산서,PP,Y,인쇄,조회
20250709-1,S-OIL(주)온산공장,HD510/PP50DW [500KG],3795000,세금계산서,PP,Y,인쇄,조회
20250708-1,백암지관공업사,지관 200 [지관 200＊8＊190] 외 2건,2072070,세금계산서,PP,Y,인쇄,조회
20250707-3,S-OIL(주)온산공장,HD500/PP50DW [500KG],36575000,세금계산서,PP,Y,인쇄,조회
20250707-2,재생산업,PP 재생원료,31878000,세금계산서,PP,Y,인쇄,조회
20250707-1,금성포장,KIC 450 [450*200] 외 2건,3229380,세금계산서,PP,Y,인쇄,조회
20250704-3,진흥산업,폴리백 40*57 [폴리백 40*57] 외 1건,2362800,세금계산서,PE,Y,인쇄,조회
20250704-2,(주)태진케미칼,PP원료 [PPA],12672000,세금계산서,PP,Y,인쇄,조회
20250704-1,백암지관공업사,지관 200 [지관 200＊8＊186] 외 1건,1873872,세금계산서,PP,Y,인쇄,조회
20250703-5,금정기획,라벨(아트지도안 AWP) 2119 [115*55] 외 1건,202400,세금계산서,PP,Y,인쇄,조회
20250703-4,삼보팩,박스 외부 PE (폴리밴드) [320 190 780],1126400,세금계산서,PE,Y,인쇄,조회
20250703-3,주식회사 썬에이스,MF5000(PE원료) [MF5000P_750KG],19800000,세금계산서,PE,Y,인쇄,조회
20250703-2,일신케미칼,PP임가공 [PP임가공],2696320,세금계산서,PP,Y,인쇄,조회
20250703-1,한국파렛트풀(주),팔레트 1100*1100*120 [1100*1100*120 7.5kg],1936000,세금계산서,PP,Y,인쇄,조회
20250702-3,(주)태진케미칼,PP원료 [PPA],12672000,세금계산서,PP,Y,인쇄,조회
20250702-2,(주)스피드랩코리아,스트레치필름(일반 핸드랩 20) [20*500mm*350m],1005180,세금계산서,상품,Y,인쇄,조회
20250702-1,(주)영화수출포장,박스 (#28*6kg박스) [465 455 245] 외 1건,1703350,세금계산서,PE,Y,인쇄,조회
20250701-1,백암지관공업사,지관 200 [지관 200＊8＊190] 외 1건,1873872,세금계산서,PP,Y,인쇄,조회
20250630-2,성신목재,팔레트 1050＊1050 [1050＊1050] 외 5건,484000,세금계산서,PP,Y,인쇄,조회
20250630-1,주식회사 대한종합포장,4개입 박스 - 무인쇄 [445*440*215],847000,세금계산서,PP,Y,인쇄,조회
20250627-3,삼보팩,평면골판지 [구래단 (1100mm x 40000mm)],1197900,세금계산서,PP,Y,인쇄,조회
20250627-2,금정기획,라벨(아트지무지 연두색)108*50 [[108*50 ]] 외 1건,814000,세금계산서,PP,Y,인쇄,조회
20250627-1,제이케이머티리얼즈(주)/순성공장,PP원료,29536166,세금계산서,PP,Y,인쇄,조회
20250626-4,제이케이머티리얼즈(주)/순성공장,LLD PE 원료,21067310,세금계산서,PP,Y,인쇄,조회
20250626-3,(주)낙원포장,Magnet Clutch 외 1건,385000,세금계산서,상품,Y,인쇄,조회
20250626-2,대한유화 주식회사,5014 [pp원료],35640000,세금계산서,PP,Y,인쇄,조회
20250626-1,백암지관공업사,지관 50 [지관 50＊5＊182] 외 1건,1252350,세금계산서,PE,Y,인쇄,조회
20250625-2,제이케이머티리얼즈(주)/순성공장,LLD PE 원료,28316420,세금계산서,PP,Y,인쇄,조회
20250625-1,백암지관공업사,지관 200 [지관 200＊8＊190],1873872,세금계산서,PP,Y,인쇄,조회
20250624-5,제이케이머티리얼즈(주)/순성공장,LLD PE 원료,27917120,세금계산서,PP,Y,인쇄,조회
20250624-4,주식회사 썬에이스,MF5000(PE원료) [MF5000P_750KG],20196000,세금계산서,PE,Y,인쇄,조회
20250624-3,S-OIL(주)온산공장,HD500/PP50DW [500KG],37400000,세금계산서,PP,Y,인쇄,조회
20250624-2,백암지관공업사,지관 200 [지관 200＊8＊186] 외 1건,1873872,세금계산서,PP,Y,인쇄,조회
20250624-1,금성포장,무인쇄톰슨접착 350 [350*130*350],1147740,세금계산서,PP,Y,인쇄,조회
20250619-2,백암지관공업사,지관 200 [지관 200＊8＊186] 외 1건,1873872,세금계산서,PP,Y,인쇄,조회
20250619-1,한국파렛트풀(주),팔레트 1100*1100*120 [1100*1100*120 7kg],2662000,세금계산서,PP,Y,인쇄,조회
20250618-4,제이케이머티리얼즈(주)/순성공장,PP원료,30182526,세금계산서,PP,Y,인쇄,조회
20250618-3,재윤상사,팔레트 [1100*1300],858000,세금계산서,PP,Y,인쇄,조회
20250618-2,덕흥수지,PP원료(A),22770000,세금계산서,PP,Y,인쇄,조회
20250618-1,지에스칼텍스(주),H430 [500KG],22935000,세금계산서,PP,Y,인쇄,조회
20250617-1,주식회사시몬사,피피클립 [19*28(2KG-삼성)],138600,세금계산서,상품,Y,인쇄,조회
20250616-3,주식회사시몬사,피피클립 [19*28(2KG-삼성)],92400,세금계산서,PP,Y,인쇄,조회
20250616-1,금성포장,KIC 450 [450*200],1815000,세금계산서,PP,Y,인쇄,조회
20250612-3,디엘에프엔씨 주식회사,PP원료 [재생],30096000,세금계산서,PP,Y,인쇄,조회
20250612-2,금성포장,패드 430 [패드 430＊200 무지],1555400,세금계산서,PP,Y,인쇄,조회
20250612-1,백암지관공업사,지관 200 [지관 200＊8＊190] 외 1건,2034032,세금계산서,PP,Y,인쇄,조회
20250611-2,지에스칼텍스(주),H430-A [500KG],31218000,세금계산서,PP,Y,인쇄,조회
20250611-1,(주)태진케미칼,PP원료 [PPA],10560000,세금계산서,PP,Y,인쇄,조회
20250609-5,(주)한국바코드시스템,바코드리본 110 [110*300 OUT],924000,세금계산서,PP,Y,인쇄,조회
20250609-4,효창산업,CALPET [CALPET],5148000,세금계산서,PP,Y,인쇄,조회
20250609-3,(주)경남캐미칼,MB 820FL [M／B 820FL（BLACK）] 외 1건,2478850,세금계산서,PP,Y,인쇄,조회
20250609-2,(주)낙원포장,반자동밴딩기 [strapack IQ-400],935000,세금계산서,상품,Y,인쇄,조회
20250609-1,재윤상사,팔레트 [1100*1300],264000,세금계산서,PP,Y,인쇄,조회
20250605-3,성신목재,팔레트 800*800 [800*800] 외 7건,704000,세금계산서,PP,Y,인쇄,조회
20250605-2,주식회사 썬에이스,MF5000(PE원료) [MF5000P_750KG],20196000,세금계산서,PP,Y,인쇄,조회
20250605-1,백암지관공업사,지관 200 [지관 200＊8＊190] 외 1건,2034032,세금계산서,PP,Y,인쇄,조회
20250604-2,일신케미칼,PP임가공 [PP임가공],2142360,세금계산서,PP,Y,인쇄,조회
20250604-1,금성포장,타이거팩 45010 C/T 350 [350*125*350],1176120,세금계산서,PP,Y,인쇄,조회
20250602-5,대한유화 주식회사,5014 [pp원료],35640000,세금계산서,PP,Y,인쇄,조회
20250602-4,재생산업,PP 재생원료,31878000,세금계산서,PP,Y,인쇄,조회
20250602-3,백암지관공업사,지관 50 [지관 50＊5＊182] 외 1건,2534136,세금계산서,PP,Y,인쇄,조회
20250602-2,금성포장,무지 PAD [420＊200],586300,세금계산서,PP,Y,인쇄,조회
20250602-1,(주)태진케미칼,PP원료 [PPA],13728000,세금계산서,PP,Y,인쇄,조회
20250531-1,(주)디에스에스,PET 16mm x 0.8T x 1200m [PET 16mm x 0.8T x 1200m Embossed (반투명 녹색)] 외 1건,968000,세금계산서,상품,Y,인쇄,조회
20250530-6,라이커스,PP원료(도전성) [T2(new)] 외 1건,12678050,세금계산서,PP,Y,인쇄,조회
20250530-5,S-OIL(주)온산공장,HD500/PP50DW [500KG],18612000,세금계산서,PP,Y,인쇄,조회
20250530-4,금성포장,KIC PAD 400 [400*200],788040,세금계산서,PP,Y,인쇄,조회
20250530-3,주)대성씨앤씨,테르마 크라프트 C/T [260*132-260],1355200,세금계산서,PP,Y,인쇄,조회
20250530-2,(주)경남캐미칼,MB 510-2 [M／B 510-2 (BLUE)],1925000,세금계산서,PP,Y,인쇄,조회
20250530-1,백암지관공업사,지관 200 [지관 200＊8＊190] 외 2건,1837836,세금계산서,PP,Y,인쇄,조회
20250529-3,제이케이머티리얼즈(주)/순성공장,PP원료,26830650,세금계산서,PP,Y,인쇄,조회
20250529-1,주식회사 대한종합포장,원형PAD [400*200],1309000,세금계산서,PP,Y,인쇄,조회
20250528-3,제이케이머티리얼즈(주)/순성공장,PP원료,30390360,세금계산서,PP,Y,인쇄,조회
20250528-1,백암지관공업사,지관 102 [지관 102＊4＊143] 외 2건,2217248,세금계산서,PP,Y,인쇄,조회
20250527-1,삼보팩,패드 450*200 광림 [450*200],445060,세금계산서,PP,Y,인쇄,조회
20250526-2,(주)경남캐미칼,MB 307 [M／B 307 Yellow] 외 1건,2161500,세금계산서,PP,Y,인쇄,조회
20250526-1,(주)태진케미칼,PP원료 [PPA],12672000,세금계산서,PP,Y,인쇄,조회
20250523-1,백암지관공업사,지관 200 [지관 200＊8＊186] 외 1건,1873872,세금계산서,PP,Y,인쇄,조회
20250522-2,제이케이머티리얼즈(주)/순성공장,PP원료,28348650,세금계산서,PP,Y,인쇄,조회
20250522-1,지에스칼텍스(주),H430-A [500KG],31944000,세금계산서,PP,Y,인쇄,조회
20250521-2,주식회사 썬에이스,MF5000(PE원료) [MF5000P_500KG],20592000,세금계산서,PE,Y,인쇄,조회
20250521-1,백암지관공업사,지관 406 [지관 406＊6＊155] 외 1건,1266320,세금계산서,PP,Y,인쇄,조회
20250520-2,(주)영화수출포장,포리밴드 DF50 [470*460*205],1067220,세금계산서,PE,Y,인쇄,조회
20250520-1,백암지관공업사,지관 200 [지관 200＊8＊190] 외 1건,1900008,세금계산서,PP,Y,인쇄,조회
20250519-1,라이커스,PP원료(도전성) [T2(new)] 외 2건,39481750,세금계산서,PP,Y,인쇄,조회
20250516-3,(주)태진케미칼,PP원료 [PPA],12936000,세금계산서,PP,Y,인쇄,조회
20250516-2,(주)경남캐미칼,MB 100B（ [M／B 100B（WHITE）],1815000,세금계산서,PP,Y,인쇄,조회
20250516-1,"주식회사 오비아이(OBI co.,Ltd.)",현장용 [1*180*50/타],396000,세금계산서,PP,Y,인쇄,조회
20250515-2,백암지관공업사,지관 406 [지관 406＊6＊155] 외 2건,1730784,세금계산서,PP,Y,인쇄,조회
20250515-1,금성포장,KIC 450 [450*200],1833150,세금계산서,PP,Y,인쇄,조회
20250513-5,"MEI-I PLASTICS IND.CO.,LTD.",PE28mm 2kg [PE28M／M(백)2KG],31114585,세금계산서,상품,Y,인쇄,조회
20250513-4,백암지관공업사,지관 230 [지관 230＊5＊187] 외 2건,1790712,세금계산서,PP,Y,인쇄,조회
20250513-3,삼광잉크제조(주),PP 청색 외 1건,275550,세금계산서,PP,Y,인쇄,조회
20250513-2,성신목재,팔레트 1180*1180 [1180*1180] 외 10건,880000,세금계산서,PP,Y,인쇄,조회
20250513-1,주식회사 대한종합포장,폴리 머신 스트랩 박스 무인쇄-2 [440*195*435] 외 3건,3711400,세금계산서,PP,Y,인쇄,조회
20250512-6,금성포장,패드 430 [패드 430＊230 무지] 외 2건,872410,세금계산서,PP,Y,인쇄,조회
20250512-5,주식회사 썬에이스,MF5000(PE원료) [MF5000P_500KG],20592000,세금계산서,PE,Y,인쇄,조회
20250512-4,지에스칼텍스(주),H430-A [500KG],31944000,세금계산서,PP,Y,인쇄,조회
20250512-3,재생산업,PP 재생원료,31878000,세금계산서,PP,Y,인쇄,조회
20250512-2,에어팩코리아,에어백 APK-1022 (1000*2200) [에어백 1000*2200] 외 1건,635800,세금계산서,PP,Y,인쇄,조회
20250512-1,삼보팩,박스 외부 PE (폴리밴드) [320 190 780],1120768,세금계산서,PE,Y,인쇄,조회
20250508-1,금성포장,KIC PAD 540 [540*200],1262250,세금계산서,PP,Y,인쇄,조회
20250507-2,대한유화 주식회사,5014 [pp원료],35904000,세금계산서,PP,Y,인쇄,조회
20250507-1,(주)영화수출포장,박스 내수PE(폴리밴드) [320 190 780],721050,세금계산서,PE,Y,인쇄,조회
20250502-2,주식회사 대한종합포장,고메리 12입(IN) 무인쇄 [410*275*175],825000,세금계산서,PP,Y,인쇄,조회
20250502-1,백암지관공업사,지관 50 [지관 50＊5＊182] 외 2건,2846448,세금계산서,PP,Y,인쇄,조회
20250430-5,프로켐 주식회사,Y-130 (PP원료),16170000,세금계산서,PP,Y,인쇄,조회
20250430-4,금정기획,라벨(아트지무지 연두색)108*50 [[108*50 ]] 외 1건,935000,세금계산서,PP,Y,인쇄,조회
20250430-3,백암지관공업사,지관 200 [지관 200＊8＊186] 외 1건,1249248,세금계산서,PP,Y,인쇄,조회
20250430-2,재윤상사,팔레트 [1100*1300],1001000,세금계산서,PP,Y,인쇄,조회
20250430-1,금성포장,타이거팩 45000 C/T 320 [320*130*312] 외 1건,1723425,세금계산서,PP,Y,인쇄,조회
20250428-4,성신목재,팔레트 1260*840 [1260*840] 외 8건,1259500,세금계산서,PP,Y,인쇄,조회
20250428-3,일신케미칼,PP임가공 [PP임가공],3325080,세금계산서,PP,Y,인쇄,조회
20250428-2,(주)태진케미칼,PP원료 [PPA],13151600,세금계산서,PP,Y,인쇄,조회
20250428-1,한국파렛트풀(주),팔레트 1100*1100*120 [1100*1100*120 7.5kg],1936000,세금계산서,PP,Y,인쇄,조회
20250424-3,제이케이머티리얼즈(주)/순성공장,LLD PE 원료,25736700,세금계산서,PE,Y,인쇄,조회
20250424-2,백암지관공업사,지관 50 [지관 50＊5＊202] 외 2건,1808136,세금계산서,PP,Y,인쇄,조회
20250424-1,주식회사 썬에이스,MF5000(PE원료) [MF5000P_750KG],20988000,세금계산서,PP,Y,인쇄,조회
20250423-4,제이케이머티리얼즈(주)/순성공장,LLD PE 원료,25301100,세금계산서,PE,Y,인쇄,조회
20250423-3,덕흥수지,PP원료(A),22770000,세금계산서,PP,Y,인쇄,조회
20250423-2,(주)스피드랩코리아,스트레치필름(일반 핸드랩) [20*300*380m],1138896,세금계산서,PP,Y,인쇄,조회
20250423-1,삼보팩,평면골판지 [구래단 (1100mm x 40000mm)],1197900,세금계산서,PP,Y,인쇄,조회
20250422-4,대한유화 주식회사,5014 [pp원료],35904000,세금계산서,PP,Y,인쇄,조회
20250422-3,주식회사 대한종합포장,4개입 박스 - 무인쇄 [445*440*215],847000,세금계산서,PP,Y,인쇄,조회
20250422-2,백암지관공업사,지관 200 [지관 200＊4＊189] 외 2건,2034032,세금계산서,PP,Y,인쇄,조회
20250422-1,동방포장기자재,스트레치필름(일반 핸드랩 20) [20*200mm*350m],191400,세금계산서,PE,Y,인쇄,조회
20250421-1,제이케이머티리얼즈(주)/순성공장,LLD PE 원료,25833500,세금계산서,PE,Y,인쇄,조회
20250418-1,백암지관공업사,지관 200 [지관 200＊8＊190] 외 1건,1213212,세금계산서,PP,Y,인쇄,조회
20250417-3,제이케이머티리얼즈(주)/순성공장,PP원료,27577000,세금계산서,PP,Y,인쇄,조회
20250417-1,(주)디에스아이,반자동밴딩기,968000,세금계산서,상품,Y,인쇄,조회
20250416-2,재생산업,PP 재생원료,31878000,세금계산서,PP,Y,인쇄,조회
20250416-1,금성포장,낙원포장 400 [400＊200],660000,세금계산서,PP,Y,인쇄,조회
20250415-5,(주)디에스에스,PET 15.5MM*1128M*0.89T smooth D/G [PET 15.5MM*1128M*0.89T smooth D/G],16588800,영세율,상품,Y,인쇄,조회
20250415-4,금성포장,무지 PAD [420＊200] 외 1건,2307360,세금계산서,PP,Y,인쇄,조회
20250415-3,금정기획,라벨(화살표) 60*45 [[60*45 ]],264000,세금계산서,PP,Y,인쇄,조회
20250415-2,(주)경남캐미칼,MB 307 [M／B 307 Yellow],2035000,세금계산서,PP,Y,인쇄,조회
20250415-1,백암지관공업사,지관 200 [지관 200＊8＊190] 외 1건,2034032,세금계산서,PP,Y,인쇄,조회
20250414-2,주식회사 썬에이스,Y-130_25kg 외 1건,15713500,세금계산서,PP,Y,인쇄,조회
20250414-1,(주)영화수출포장,박스 경인팩 6KG [465 455 250] 외 2건,2614700,세금계산서,PE,Y,인쇄,조회
20250411-1,금정기획,라벨(화살표) 40*20 [[40*20 ]],220000,세금계산서,PP,Y,인쇄,조회
20250410-1,금성포장,패드 430 [패드 430＊200 무지],1278200,세금계산서,PP,Y,인쇄,조회
20250409-6,제이케이머티리얼즈(주)/순성공장,PP원료,23799710,세금계산서,PP,Y,인쇄,조회
20250409-5,(주)태진케미칼,PP원료 [PPA],11809600,세금계산서,PP,Y,인쇄,조회
20250409-4,주식회사 대한종합포장,원형PAD [400*200] 외 2건,1303940,세금계산서,PP,Y,인쇄,조회
20250409-1,(주)경남캐미칼,MB 100B（ [M／B 100B（WHITE）],1815000,세금계산서,PP,Y,인쇄,조회
20250408-2,주식회사 대한종합포장,원형PAD [400*200],314160,세금계산서,PP,Y,인쇄,조회
20250408-1,백암지관공업사,지관 200 [지관 200＊8＊190] 외 1건,2034032,세금계산서,PP,Y,인쇄,조회
20250407-6,주식회사 썬에이스,MF5000(PE원료) [MF5000P_500KG],20988000,세금계산서,PP,Y,인쇄,조회
20250407-5,일신케미칼,PP임가공 [PP임가공],2179760,세금계산서,PP,Y,인쇄,조회
20250407-4,삼광잉크제조(주),PP 희석제,145200,세금계산서,PP,Y,인쇄,조회
20250407-3,(주)경남캐미칼,MB 820FL [M／B 820FL（BLACK）],1375000,세금계산서,PP,Y,인쇄,조회
20250407-2,주식회사 대한종합포장,삼성전자 6입 BOX 무인쇄 [555*370*170],956340,세금계산서,PP,Y,인쇄,조회
20250407-1,금성포장,패드 430 [패드 430＊230 무지],30800,세금계산서,PP,Y,인쇄,조회
20250404-4,진흥산업,폴리백 57*57 투명 [폴리백 57*57],570240,세금계산서,PE,Y,인쇄,조회
20250404-3,주식회사 대한종합포장,폴리 머신 스트랩 박스 - 캐나다 2번-무인쇄 [목형비],217800,세금계산서,PP,Y,인쇄,조회
20250404-2,주식회사 대한종합포장,폴리 머신 스트랩 박스 - 캐나다 1번-무인쇄 [420*200*420] 외 1건,922075,세금계산서,PP,Y,인쇄,조회
20250404-1,백암지관공업사,지관 406 [지관 406＊6＊155] 외 1건,1900008,세금계산서,PP,Y,인쇄,조회
20250403-1,제이케이머티리얼즈(주)/순성공장,PP원료,26678850,세금계산서,PP,Y,인쇄,조회
20250402-2,성신목재,팔레트 1290＊860 [1290＊860] 외 1건,440000,세금계산서,PP,Y,인쇄,조회
20250402-1,(주)경남캐미칼,MB 307 [M／B 307 Yellow],2035000,세금계산서,PP,Y,인쇄,조회
20250401-4,재생산업,PP 재생원료,31878000,세금계산서,PP,Y,인쇄,조회
20250401-3,(주)윤성,종이앵글(각대) [50*50*5*200] 외 1건,467500,세금계산서,PP,Y,인쇄,조회
20250401-2,금성포장,KIC PAD 540 [540*200],1237500,세금계산서,PP,Y,인쇄,조회
20250401-1,백암지관공업사,지관 200 [지관 200＊8＊186] 외 1건,1900008,세금계산서,PP,Y,인쇄,조회
20250331-4,주식회사 썬에이스,MF5000(PE원료) [MF5000P_500KG],2623500,세금계산서,PP,Y,인쇄,조회
20250331-3,대한유화 주식회사,5014 [pp원료],17952000,세금계산서,PP,Y,인쇄,조회
20250331-2,삼보팩,고메리 12입(C/T) [570*430*390],1080420,세금계산서,PP,Y,인쇄,조회
20250331-1,성신목재,팔레트 1290＊860 [1290＊860] 외 5건,880000,세금계산서,PP,Y,인쇄,조회
20250328-3,백암지관공업사,지관 200 [지관 200＊8＊186] 외 3건,2167748,세금계산서,PP,Y,인쇄,조회
20250328-2,백암지관공업사,지관 50 [지관 50＊5＊182] 외 2건,2333474,세금계산서,PP,Y,인쇄,조회
20250328-1,효창산업,CALPET [CALPET],5148000,세금계산서,PP,Y,인쇄,조회
20250327-1,에어팩코리아,에어백 APK-1022 (1000*2200) [에어백 1000*2200],338800,세금계산서,PP,Y,인쇄,조회
20250326-3,백암지관공업사,지관 200 [지관 200＊4＊189] 외 1건,1096788,세금계산서,PP,Y,인쇄,조회
20250326-2,(주)경남캐미칼,MB 100B（ [M／B 100B（WHITE）] 외 3건,2519000,세금계산서,PP,Y,인쇄,조회
20250326-1,금성포장,포리밴드 도안,55000,세금계산서,PP,Y,인쇄,조회
20250325-1,금성포장,패드 550 [550*406] 외 3건,2357740,세금계산서,PP,Y,인쇄,조회
20250324-4,(주)광동,원형패드 [178*105],1320000,세금계산서,PP,Y,인쇄,조회
20250324-3,주식회사 대한종합포장,(무인쇄)폴리 머신 스트랩 박스-3 [460*200*465] 외 1건,2673484,세금계산서,PP,Y,인쇄,조회
20250324-2,주식회사 대한종합포장,폴리 머신 스트랩 박스 무인쇄 1-1호 [580*170*575] [580*170*575] 외 2건,1034462,세금계산서,PP,Y,인쇄,조회
20250324-1,백암지관공업사,지관 200 [지관 200＊8＊186] 외 2건,2212320,세금계산서,PP,Y,인쇄,조회
20250321-2,주식회사 대한종합포장,미국 수출용) 폴리 머신 스트랩 박스 [440*195*435],852984,세금계산서,PE,Y,인쇄,조회
20250321-1,주식회사 대한종합포장,미국 수출용) 폴리 머신 스트랩 박스 [440*195*435] 외 2건,2740980,세금계산서,PE,Y,인쇄,조회
20250320-4,디엘에프엔씨 주식회사,PP원료 [재생],29832000,세금계산서,PP,Y,인쇄,조회
20250320-3,덕흥수지,PP원료(A),22770000,세금계산서,PP,Y,인쇄,조회
20250320-2,제이케이머티리얼즈(주)/순성공장,PP원료,27943850,세금계산서,PP,Y,인쇄,조회
20250320-1,성신목재,팔레트 1200*1200 [1200*1200] 외 13건,1606000,세금계산서,PP,Y,인쇄,조회
20250319-1,지에스칼텍스(주),H430-A [500KG],33154000,세금계산서,PP,Y,인쇄,조회
20250318-2,대한유화 주식회사,5014 [pp원료],17952000,세금계산서,PE,Y,인쇄,조회
20250318-1,주식회사 썬에이스,MF5000(PE원료) [MF5000P_500KG],18364500,세금계산서,PE,Y,인쇄,조회
20250314-3,대한유화 주식회사,5014 [pp원료],17952000,세금계산서,PP,Y,인쇄,조회
20250314-2,금성포장,KIC 450 [450*200],925650,세금계산서,PP,Y,인쇄,조회
20250314-1,백암지관공업사,지관 102 [지관 102＊4＊143] 외 2건,2698784,세금계산서,PP,Y,인쇄,조회
20250313-2,재윤상사,팔레트 [1100*1100] 외 1건,1122000,세금계산서,PP,Y,인쇄,조회
20250313-1,유진산업,PE28mm 2kg [PE28M／M(백)2KG],19008000,세금계산서,상품,Y,인쇄,조회
20250311-5,주식회사 썬에이스,H5300SA_25KG,26730000,세금계산서,PP,Y,인쇄,조회
20250311-4,(주)경남캐미칼,MB 510-2 [M／B 510-2 (BLUE)] 외 1건,3740000,세금계산서,PP,Y,인쇄,조회
20250311-3,(주)대원우드,팔레트 1120＊1120 [1120＊1120] 외 3건,580800,세금계산서,PP,Y,인쇄,조회
20250311-2,일신케미칼,PP임가공 [PP임가공],2266440,세금계산서,PP,Y,인쇄,조회
20250311-1,백암지관공업사,지관 230 [지관 230＊5＊187] 외 1건,1515129,세금계산서,PP,Y,인쇄,조회
20250310-2,S-OIL(주)온산공장,HD510/PP [500KG;S-OIL;PP WOVEN],3212000,세금계산서,PP,Y,인쇄,조회
20250310-1,주식회사 썬에이스,MF5000(PE원료) [MF5000P_500KG],20988000,세금계산서,PE,Y,인쇄,조회
20250307-3,대한유화 주식회사,5014 [pp원료],4488000,세금계산서,PP,Y,인쇄,조회
20250307-2,대한유화 주식회사,5014 [pp원료],13800600,세금계산서,PP,Y,인쇄,조회
20250307-1,삼보팩,패드 400 광림 [400*200 청색],610500,세금계산서,PP,Y,인쇄,조회
20250306-1,백암지관공업사,지관 200 [지관 200＊8＊190] 외 2건,2034032,세금계산서,PP,Y,인쇄,조회
20250305-2,금성포장,자동결속기 POLY BAND 도안작업,55000,세금계산서,PE,Y,인쇄,조회
20250305-1,일신케미칼,PP임가공 [PP임가공],2303840,세금계산서,PP,Y,인쇄,조회
20250304-2,(주)스피드랩코리아,스트레치필름(일반 핸드랩 20) [20*500mm*350m],1005180,세금계산서,상품,Y,인쇄,조회
20250304-1,삼보팩,박스 외부 PE (폴리밴드) [320 190 780],1126400,세금계산서,PE,Y,인쇄,조회
20250228-5,한국파렛트풀(주),팔레트 1100*1100*120 [1100*1100*120 7kg],1936000,세금계산서,PP,Y,인쇄,조회
20250228-4,제이케이머티리얼즈(주)/순성공장,PP원료,28260100,세금계산서,PP,Y,인쇄,조회
20250228-2,주식회사 대한종합포장,고메리 12입(IN) 무인쇄 [410*275*175],825000,세금계산서,PP,Y,인쇄,조회
20250228-1,백암지관공업사,지관 102 [지관 102＊4＊143] 외 2건,2357872,세금계산서,PP,Y,인쇄,조회
20250226-2,주식회사 동원피앤아이,PE28mm 2kg [PE28M／M(백)2KG] 외 1건,18689000,세금계산서,상품,Y,인쇄,조회
20250226-1,주식회사 대한종합포장,박스 수출용 [557 376 328] 외 1건,2040500,세금계산서,PP,Y,인쇄,조회
20250225-3,백암지관공업사,지관 200 [지관 200＊8＊190] 외 1건,1873872,세금계산서,PP,Y,인쇄,조회
20250225-2,대한유화 주식회사,5014 [pp원료],35904000,세금계산서,PE,Y,인쇄,조회
20250225-1,주식회사 썬에이스,MF5000(PE원료) [MF5000P_500KG],20988000,세금계산서,PE,Y,인쇄,조회
20250224-3,성은산업,수축필름 [220*145 (고메리)],1188000,세금계산서,PP,Y,인쇄,조회
20250224-2,금정기획,라벨(아트지무지) 50*30 [50*30] 외 1건,352000,세금계산서,PP,Y,인쇄,조회
20250224-1,한국파렛트풀(주),팔레트 1100*1100*120 [1100*1100*120 7kg],1936000,세금계산서,PP,N,인쇄,조회
20250221-3,진흥산업,폴리백 40*57 [폴리백 40*57],932800,세금계산서,PE,Y,인쇄,조회
20250221-2,(주)스피드랩코리아,스트레치필름(일반 핸드랩) [20*300*380m],1138896,세금계산서,PP,Y,인쇄,조회
20250221-1,백암지관공업사,지관 50 [지관 50＊5＊225] 외 3건,3056856,세금계산서,PP,Y,인쇄,조회
20250220-3,제이케이머티리얼즈(주)/순성공장,PP원료,26509340,세금계산서,PP,Y,인쇄,조회
20250219-4,디엘에프엔씨 주식회사,PP원료 [재생],29568000,세금계산서,PP,Y,인쇄,조회
20250219-3,삼보팩,고메리 12입(IN) [410*275*180] 외 1건,1700600,세금계산서,PP,Y,인쇄,조회
20250219-2,(주)태진케미칼,PP원료 [PPA],10736000,세금계산서,PP,Y,인쇄,조회
20250219-1,주식회사 대한종합포장,4개입 박스 - 무인쇄 [445*440*215],847000,세금계산서,PP,Y,인쇄,조회
20250217-1,백암지관공업사,지관 200 [지관 200＊8＊186] 외 1건,1873872,세금계산서,PP,Y,인쇄,조회
20250214-2,금성포장,경인팩 [400＊200] 외 2건,1686740,세금계산서,PP,Y,인쇄,조회
20250213-5,덕흥수지,PP원료(A),22770000,세금계산서,PP,Y,인쇄,조회
20250213-4,백암지관공업사,지관 200 [지관 200＊8＊190],1873872,세금계산서,PP,Y,인쇄,조회
20250213-3,금성포장,타이거팩 4500 C/T 320 [320*130*320],566280,세금계산서,PP,Y,인쇄,조회
20250213-2,(주)경남캐미칼,MB 307 [M／B 307 Yellow] 외 1건,3520000,세금계산서,PP,Y,인쇄,조회
20250213-1,(주)태진케미칼,PP원료 [PPA],11272800,세금계산서,PP,Y,인쇄,조회
20250212-1,재생산업,PP 재생원료,31878000,세금계산서,PP,Y,인쇄,조회
20250211-3,(주)대원우드,팔레트 1080＊1080 [1080＊1080] 외 6건,792000,세금계산서,PP,Y,인쇄,조회
20250211-2,일신케미칼,PP임가공 [PP임가공],4293520,세금계산서,PP,Y,인쇄,조회
20250211-1,주식회사 썬에이스,MF5000(PE원료) [MF5000P_500KG],20988000,세금계산서,PE,Y,인쇄,조회
20250210-2,백암지관공업사,지관 200 [지관 200＊8＊190],1249248,세금계산서,PP,Y,인쇄,조회
20250210-1,(주)디디에스엠,PE28mm 2kg [PE28M／M(백)2KG],6160000,세금계산서,PP,Y,인쇄,조회
20250207-1,금정기획,라벨(화살표) 40*20 [[40*20 ]],110000,세금계산서,PP,Y,인쇄,조회
20250206-4,백암지관공업사,지관 50 [지관 50＊5＊202] 외 3건,2686816,세금계산서,PP,Y,인쇄,조회
20250206-3,S-OIL(주)온산공장,HD500/PP50DW [500KG],18216000,세금계산서,PP,Y,인쇄,조회
20250206-2,(주)영화수출포장,박스 D-28(770)폴리테잎 [780*315*205],792000,세금계산서,PE,Y,인쇄,조회
20250206-1,재윤상사,팔레트 [팔레트],858000,세금계산서,PP,Y,인쇄,조회
20250205-2,대한유화 주식회사,5014 [pp원료],17952000,세금계산서,PP,Y,인쇄,조회
20250205-1,주)대성씨앤씨,테르마 크라프트 C/T [260*132-260],629200,세금계산서,PP,Y,인쇄,조회
20250131-3,제이케이머티리얼즈(주)/순성공장,PP원료,28095650,세금계산서,PP,Y,인쇄,조회
20250131-2,주식회사 대한종합포장,고메리 12입(IN) 무인쇄 [410*275*175],-577500,세금계산서,PP,Y,인쇄,조회
20250127-1,삼보팩,평면골판지 [구래단 (1100mm x 40000mm)],1197900,세금계산서,PP,Y,인쇄,조회
20250125-1,일신케미칼,PP임가공 [PP임가공],3085280,세금계산서,PP,Y,인쇄,조회
20250124-5,(주)스피드랩코리아,스트레치필름(일반 핸드랩 20) [20*500mm*350m],670120,세금계산서,상품,Y,인쇄,조회
20250124-4,디엘에프엔씨 주식회사,PP원료 [재생],30624000,세금계산서,PP,Y,인쇄,조회
20250124-3,백암지관공업사,지관 200 [지관 200＊8＊190],1873872,세금계산서,PP,Y,인쇄,조회
20250124-2,(주)영화수출포장,박스 경인팩 6KG [465 455 250] 외 2건,2065030,세금계산서,PP,Y,인쇄,조회
20250124-1,백암지관공업사,지관 200 [지관 200＊8＊190],1249248,세금계산서,PP,Y,인쇄,조회
20250123-3,백암지관공업사,지관 406 [지관 406＊6＊155],842688,세금계산서,PE,Y,인쇄,조회
20250123-2,주식회사 썬에이스,MF5000(PE원료) [MF5000P_500KG],20856000,세금계산서,PE,Y,인쇄,조회
20250123-1,금성포장,무지 PAD [400＊200] 외 1건,1309550,세금계산서,PP,Y,인쇄,조회
20250122-4,금정기획,라벨(아트지도안 타이거팩) NSI-002681 [120*65] 외 3건,440000,세금계산서,PP,Y,인쇄,조회
20250122-3,주식회사 대한종합포장,원형PAD [400*200],1302455,세금계산서,PP,Y,인쇄,조회
20250122-2,주식회사 대한종합포장,폴리 머신 스트랩 박스 무인쇄-4 [580*170*575],1622610,세금계산서,PP,Y,인쇄,조회
20250122-1,S-OIL(주)온산공장,HD500/PP50DW [500KG],37675000,세금계산서,PP,Y,인쇄,조회
20250121-4,제이케이머티리얼즈(주)/순성공장,PP원료,24680150,세금계산서,PP,Y,인쇄,조회
20250121-3,금성포장,KIC PAD 540 [540*200] 외 1건,1306800,세금계산서,PP,Y,인쇄,조회
20250121-2,백암지관공업사,지관 50 [지관 50＊5＊225] 외 4건,2435400,세금계산서,PP,Y,인쇄,조회
20250121-1,(주)경남캐미칼,MB 510-2 [M／B 510-2 (BLUE)],1925000,세금계산서,PP,Y,인쇄,조회
20250120-5,주식회사 썬에이스,Y-130_25kg 외 1건,3303025,세금계산서,PP,Y,인쇄,조회
20250120-4,효창산업,CALPET [CALPET],4950000,세금계산서,PP,Y,인쇄,조회
20250120-2,백암지관공업사,지관 200 [지관 200＊8＊186] 외 2건,1739320,세금계산서,PP,Y,인쇄,조회
20250120-1,삼광잉크제조(주),PP 흑색 외 2건,881100,세금계산서,PP,Y,인쇄,조회
20250117-5,"주식회사 오비아이(OBI co.,Ltd.)",현장용 [1*180*50/타],396000,세금계산서,PP,Y,인쇄,조회
20250117-4,주식회사 썬에이스,SY-130 [130_500kg],19712000,세금계산서,PP,Y,인쇄,조회
20250117-3,백암지관공업사,지관 200 [지관 200＊8＊190] 외 2건,3390024,세금계산서,PP,Y,인쇄,조회
20250117-2,라이커스,PP원료(도전성) [T2(new)],11184250,세금계산서,PP,Y,인쇄,조회
20250117-1,재생산업,PP 재생원료,31878000,세금계산서,PP,Y,인쇄,조회
20250116-5,대한유화 주식회사,5014 [pp원료],35112000,세금계산서,PP,Y,인쇄,조회
20250116-4,재윤상사,팔레트 [팔레트],176000,세금계산서,PP,Y,인쇄,조회
20250116-3,(주)태진케미칼,PP원료 [PPA],11272800,세금계산서,PP,Y,인쇄,조회
20250116-2,(주)경남캐미칼,MB 820FL [M／B 820FL（BLACK）],1375000,세금계산서,PP,Y,인쇄,조회
20250116-1,주식회사시몬사,STOPPER 500 PCS [STOPPER 500 PCS 투명],13200,세금계산서,상품,Y,인쇄,조회
20250115-1,덕흥수지,PP원료(A),22770000,세금계산서,PP,Y,인쇄,조회
20250114-4,S-OIL(주)온산공장,HD500/PP50DW [500KG],18084000,세금계산서,PP,Y,인쇄,조회
20250114-3,백암지관공업사,지관 200 [지관 200＊8＊190] 외 2건,2091936,세금계산서,PP,Y,인쇄,조회
20250114-2,삼보팩,고메리 12입(C/T) [570*430*390],900350,세금계산서,PP,Y,인쇄,조회
20250114-1,한국파렛트풀(주),팔레트 1100*1100*120 [1100*1100*120 7kg],968000,세금계산서,PP,Y,인쇄,조회
20250113-5,에어팩코리아,에어백 APK-1022 (1000*2200) [에어백 1000*2200] 외 1건,784300,세금계산서,PP,Y,인쇄,조회
20250113-4,주식회사 썬에이스,MF5000(PE원료) [MF5000P_500KG],20856000,세금계산서,PE,Y,인쇄,조회
20250113-3,일신케미칼,PP임가공 [PP임가공],2519000,세금계산서,PP,Y,인쇄,조회
20250113-2,대한유화 주식회사,5014 [pp원료],16093000,세금계산서,PP,Y,인쇄,조회
20250113-1,주식회사 대한종합포장,고메리 12입(IN) 무인쇄 [410*275*175],577500,세금계산서,PP,Y,인쇄,조회
20250111-1,제이케이머티리얼즈(주)/순성공장,PP원료,26337300,세금계산서,PP,Y,인쇄,조회
20250110-1,백암지관공업사,지관 406 [지관 406＊6＊155] 외 1건,985776,세금계산서,PP,Y,인쇄,조회
20250109-3,유진산업,PE28mm 2kg [PE28M／M(백)2KG],18304000,세금계산서,상품,Y,인쇄,조회
20250109-2,백암지관공업사,지관 50 [지관 50＊5＊182] 외 1건,1837748,세금계산서,PP,Y,인쇄,조회
20250109-1,주식회사 대한종합포장,고메리 2500m out (상향)-외낱개 [440*440*413] 외 1건,2043800,세금계산서,PP,Y,인쇄,조회
20250108-2,(주)경남캐미칼,MB 100B（ [M／B 100B（WHITE）] 외 1건,3850000,세금계산서,PP,Y,인쇄,조회
20250108-1,(주)스피드랩코리아,스트레치필름(일반 핸드랩) [20*300*380m],1138896,세금계산서,PP,Y,인쇄,조회
20250107-5,백암지관공업사,지관 230 [지관 230＊5＊187] 외 1건,949718,세금계산서,PP,Y,인쇄,조회
20250107-4,(주)태진케미칼,PP원료 [PPA],10333400,세금계산서,PP,Y,인쇄,조회
20250107-3,금성포장,패드 430 [패드 430＊230 무지],269500,세금계산서,PP,Y,인쇄,조회
20250107-2,금성포장,KIC PAD 540 [540*200],1034550,세금계산서,PP,Y,인쇄,조회
20250107-1,(주)영화수출포장,박스 스트롱2KG [480 320 385] 외 2건,2574913,세금계산서,PE,Y,인쇄,조회
20250106-1,성신목재,팔레트 1200*1200 [1200*1200] 외 2건,440000,세금계산서,PP,Y,인쇄,조회
20250103-2,(주)대원우드,팔레트 1060＊1060 [1060＊1060] 외 3건,607200,세금계산서,PP,Y,인쇄,조회
20250103-1,백암지관공업사,지관 200 [지관 200＊8＊190] 외 2건,1859704,세금계산서,PP,Y,인쇄,조회
20250102-1,(주)디에스에스,PET 16mm x 0.8T x 1200m [PET 16mm x 0.8T x 1200m Embossed (반투명 녹색)] 외 1건,517000,세금계산서,상품,Y,인쇄,조회
20241231-6,주식회사 썬에이스,UF315_25KG 외 1건,411950,세금계산서,PP,Y,인쇄,조회
20241231-5,(주)태진케미칼,PP원료 [PPA],10333400,세금계산서,PP,Y,인쇄,조회
20241231-4,대한유화 주식회사,RB4302 (OG),32175000,세금계산서,PP,Y,인쇄,조회
20241231-3,제이케이머티리얼즈(주)/순성공장,PP원료,27258000,세금계산서,PP,Y,인쇄,조회
20241231-2,주식회사 대한종합포장,고메리 12입(IN) 무인쇄 [410*275*175],825000,세금계산서,PP,Y,인쇄,조회
20241231-1,주식회사 대한종합포장,4개입 박스 - 무인쇄 [445*440*215] 외 2건,1017500,세금계산서,PP,Y,인쇄,조회
20241230-1,백암지관공업사,지관 200 [지관 200＊8＊190] 외 1건,2034032,세금계산서,PP,Y,인쇄,조회
20241227-3,주식회사 썬에이스,MF5000(PE원료) [MF5000P_500KG],20460000,세금계산서,PE,Y,인쇄,조회
20241227-2,금성포장,무인쇄톰슨접착 350 [350*130*350] 외 3건,2695880,세금계산서,PP,Y,인쇄,조회
20241226-4,(주)한국바코드시스템,라벨(아트지도안황색) [[86*46 ]] 외 1건,462000,세금계산서,PP,Y,인쇄,조회
20241226-3,금정기획,라벨(아트지도안 타이거팩) 45020 [120*65] 외 2건,660000,세금계산서,PP,Y,인쇄,조회
20241226-2,(주)대원우드,팔레트 1120＊1120 [1120＊1120] 외 9건,1636800,세금계산서,PP,Y,인쇄,조회
20241226-1,주식회사 대한종합포장,폴리 머신 스트랩 박스 무인쇄-4 [560*170*560],1132549,세금계산서,PP,Y,인쇄,조회
20241224-5,주식회사 대한종합포장,폴리 머신 스트랩 박스 무인쇄-2 [440*195*435] 외 2건,2217930,세금계산서,PP,Y,인쇄,조회
20241224-4,대한유화 주식회사,5014 [pp원료],34056000,세금계산서,PP,Y,인쇄,조회
20241224-3,재윤상사,팔레트 [팔레트],858000,세금계산서,PP,Y,인쇄,조회
20241224-2,대한유화 주식회사,RB4302 (OG),32725000,세금계산서,PP,Y,인쇄,조회
20241224-1,백암지관공업사,지관 200 [지관 200＊8＊186] 외 1건,1873872,세금계산서,PP,Y,인쇄,조회
20241219-4,금성포장,KIC 450 [450*200],907500,세금계산서,PP,Y,인쇄,조회
20241219-3,디엘에프엔씨 주식회사,PP원료 [재생],29040000,세금계산서,PP,Y,인쇄,조회
20241219-2,백암지관공업사,지관 200 [지관 200＊8＊186] 외 1건,1249248,세금계산서,PP,Y,인쇄,조회
20241219-1,삼보팩,고메리 12입(IN) [410*275*180] 외 1건,1805650,세금계산서,PE,Y,인쇄,조회
20241218-2,일신케미칼,PP임가공 [PP임가공],2113320,세금계산서,PP,Y,인쇄,조회
20241218-1,(주)대원우드,팔레트 1200*1200 [1200*1200] 외 6건,660000,세금계산서,PP,Y,인쇄,조회
20241217-1,백암지관공업사,지관 50 [지관 50＊5＊182] 외 2건,2534136,세금계산서,PP,Y,인쇄,조회
20241216-3,S-OIL(주)온산공장,HD500/PP50DW [500KG],35750000,세금계산서,PP,Y,인쇄,조회
20241216-2,주식회사 썬에이스,MF5000(PE원료) [MF5000H_500KG],20460000,세금계산서,PE,Y,인쇄,조회
20241216-1,(주)경남캐미칼,MB 820FL [M／B 820FL（BLACK）] 외 1건,3190000,세금계산서,PP,Y,인쇄,조회
20241213-3,백암지관공업사,지관 200 [지관 200＊8＊186],936936,세금계산서,PP,Y,인쇄,조회
20241213-2,주식회사 대한종합포장,폴리 머신 스트랩 박스 무인쇄 1-1호 [580*170*575] 외 1건,1507880,세금계산서,PP,Y,인쇄,조회
20241213-1,백암지관공업사,지관 406 [지관 406＊6＊155] 외 1건,1971552,세금계산서,PP,Y,인쇄,조회
20241212-4,금성포장,KIC 450 [450*200],1052700,세금계산서,PP,Y,인쇄,조회
20241211-3,주식회사 썬에이스,UT404_25KG,338800,세금계산서,PP,Y,인쇄,조회
20241211-2,재생산업,PP 재생원료,33818400,세금계산서,PP,Y,인쇄,조회
20241211-1,백암지관공업사,지관 406 [지관 406＊6＊155] 외 2건,1298088,세금계산서,PP,Y,인쇄,조회
20241210-1,라이커스,PP원료(도전성) [T2] 외 3건,29810550,세금계산서,PP,Y,인쇄,조회
20241206-2,제이케이머티리얼즈(주)/순성공장,PP원료,25700400,세금계산서,PP,Y,인쇄,조회
20241206-1,백암지관공업사,지관 406 [지관 406＊6＊155],842688,세금계산서,PP,Y,인쇄,조회
20241205-1,주식회사 썬에이스,Y-120_500kg,7920000,세금계산서,PP,Y,인쇄,조회
20241204-2,일신케미칼,PP임가공 [PP임가공],1976920,세금계산서,PP,Y,인쇄,조회
20241204-1,백암지관공업사,지관 200 [지관 200＊4＊189] 외 1건,1097096,세금계산서,PP,Y,인쇄,조회
20241203-1,대한유화 주식회사,5014 [pp원료],34320000,세금계산서,PP,Y,인쇄,조회
20241202-4,(주)스피드랩코리아,스트레치필름(일반 핸드랩 20) [20*500mm*350m] 외 1건,2216984,세금계산서,상품,Y,인쇄,조회
20241202-3,지에스칼텍스(주),H430 [500KG],29766000,세금계산서,PP,Y,인쇄,조회
20241202-2,주식회사 대한종합포장,수출)A5형 톰슨-소-무인쇄 [385*197*385],838068,세금계산서,PP,Y,인쇄,조회
20241202-1,백암지관공업사,지관 200 [지관 200＊8＊186] 외 1건,1873872,세금계산서,PP,Y,인쇄,조회
20241129-2,금성포장,무지 PAD [400＊200],759000,세금계산서,PP,Y,인쇄,조회
20241129-1,(주)대원우드,팔레트 1215＊800 [1215＊800] 외 2건,316800,세금계산서,PP,Y,인쇄,조회
20241128-5,삼보팩,스넬 C/T 260* [260*132*263],1023000,세금계산서,PP,Y,인쇄,조회
20241128-4,주식회사 대한종합포장,원형PAD [400*200],1297219,세금계산서,PP,Y,인쇄,조회
20241128-3,(주)태진케미칼,PP원료 [PPA],10333400,세금계산서,PP,Y,인쇄,조회
20241128-2,(주)경남캐미칼,MB 510-2 [M／B 510-2 (BLUE)],1925000,세금계산서,PP,Y,인쇄,조회
20241128-1,백암지관공업사,지관 200 [지관 200＊8＊186] 외 1건,1249248,세금계산서,PP,Y,인쇄,조회
20241127-2,주식회사 썬에이스,MF5000(PE원료) [MF5000H_500KG],847000,세금계산서,PE,Y,인쇄,조회
20241127-1,주식회사 썬에이스,MF5000(PE원료) [MF5000P_500KG],10164000,세금계산서,PE,Y,인쇄,조회
20241126-3,삼광잉크제조(주),PP 청색,130350,세금계산서,PP,Y,인쇄,조회
20241126-2,백암지관공업사,지관 200 [지관 200＊4＊189] 외 1건,1017016,세금계산서,PP,Y,인쇄,조회
20241126-1,한국파렛트풀(주),팔레트 1100*1100*120 [1100*1100*120 7kg],2662000,세금계산서,PP,Y,인쇄,조회
20241125-5,주식회사 썬에이스,MF5000(PE원료) [MF5000P_500KG],20328000,세금계산서,PE,Y,인쇄,조회
20241125-4,주식회사 썬에이스,TI-640_500kg,1100000,세금계산서,PP,Y,인쇄,조회
20241125-3,(주)태진케미칼,PP원료 [PPA],10333400,세금계산서,PP,Y,인쇄,조회
20241125-2,(주)대원우드,팔레트 1060＊1060 [1060＊1060] 외 12건,950400,세금계산서,PP,Y,인쇄,조회
20241125-1,덕흥수지,PP원료(A),23166000,세금계산서,PP,Y,인쇄,조회
20241122-2,디엘에프엔씨 주식회사,PP원료 [재생],30624000,세금계산서,PP,Y,인쇄,조회
20241122-1,백암지관공업사,지관 200 [지관 200＊8＊186] 외 1건,1249248,세금계산서,PP,Y,인쇄,조회
20241121-1,중앙기획,dba [496*200],165000,세금계산서,PP,Y,인쇄,조회
20241120-2,대한유화 주식회사,5014 [pp원료],34320000,세금계산서,PP,Y,인쇄,조회
20241120-1,(주)디에스에스,PET 15.5mm x 0.89T x 1100m [PET 16mm x 1.0T x 950m Smooth Dark Green],42900,세금계산서,상품,Y,인쇄,조회
20241119-3,제이케이머티리얼즈(주)/순성공장,PP원료,28802400,세금계산서,PP,Y,인쇄,조회
20241119-2,청호케미칼,PP원료(특A),1853280,세금계산서,PP,Y,인쇄,조회
20241119-1,백암지관공업사,지관 200 [지관 200＊8＊190] 외 2건,1859704,세금계산서,PP,Y,인쇄,조회
20241118-3,금성포장,KIC PAD 540 [540*200],1237500,세금계산서,PP,Y,인쇄,조회
20241118-2,에어팩코리아,에어백 APK-1022 (1000*2200) [에어백 1000*2200] 외 1건,805200,세금계산서,PP,Y,인쇄,조회
20241118-1,효창산업,CALPET [CALPET],4950000,세금계산서,PP,Y,인쇄,조회
20241115-2,백암지관공업사,지관 200 [지관 200＊4＊189] 외 1건,1017016,세금계산서,PP,Y,인쇄,조회
20241115-1,진흥산업,폴리백 26＊44 [폴리백 26＊44] 외 1건,1905200,세금계산서,PP,Y,인쇄,조회
20241114-3,S-OIL(주)온산공장,HD500/PP50DW [500KG],17424000,세금계산서,PP,Y,인쇄,조회
20241114-2,"주식회사 오비아이(OBI co.,Ltd.)",현장용 [1*130*50/타] 외 2건,323400,세금계산서,PP,Y,인쇄,조회
20241114-1,백암지관공업사,지관 50 [지관 50＊5＊182] 외 1건,2032800,세금계산서,PP,Y,인쇄,조회
20241113-5,백암지관공업사,지관 200 [지관 200＊4＊189] 외 1건,1721720,세금계산서,PP,Y,인쇄,조회
20241113-4,(주)태진케미칼,PP원료 [PPA],10333400,세금계산서,PP,Y,인쇄,조회
20241113-3,에스케이지오센트릭 주식회사,O.G(PP) [Yuplene H730F 500KG(OS)],5390000,세금계산서,PP,Y,인쇄,조회
20241113-2,에스케이지오센트릭 주식회사,O.G(PP) [CYCLUS MR-PP BG 500KG],9350000,세금계산서,PP,Y,인쇄,조회
20241113-1,주식회사 대한종합포장,4개입 박스 - 무인쇄 [435*430*215],423500,세금계산서,PP,Y,인쇄,조회
20241112-3,대한유화 주식회사,RB4302 (OG),31416000,세금계산서,PP,Y,인쇄,조회
20241112-2,금정기획,라벨(아트지도안 타이거팩) 45040 [120*65],220000,세금계산서,PP,Y,인쇄,조회
20241112-1,(주)스피드랩코리아,스트레치필름(일반 핸드랩 20) [20*500mm*350m],670120,세금계산서,상품,Y,인쇄,조회
20241111-3,제이케이머티리얼즈(주)/순성공장,PP원료,29766000,세금계산서,PP,Y,인쇄,조회
20241111-2,백암지관공업사,지관 200 [지관 200＊4＊189] 외 2건,1065856,세금계산서,PP,Y,인쇄,조회
20241111-1,재윤상사,팔레트 [팔레트],858000,세금계산서,PP,Y,인쇄,조회
20241108-1,일신케미칼,PP임가공 [PP임가공],2241800,세금계산서,PP,Y,인쇄,조회
20241106-3,주식회사 대한종합포장,폴리 머신 스트랩 박스 무인쇄 1-1호 [580*170*575] 외 1건,1436050,세금계산서,PP,Y,인쇄,조회
20241106-2,주식회사 대한종합포장,폴리 머신 스트랩 박스 무인쇄-5 [420*200*420] 외 2건,2359500,세금계산서,PP,Y,인쇄,조회
20241106-1,백암지관공업사,지관 200 [지관 200＊8＊190] 외 1건,1249248,세금계산서,PP,Y,인쇄,조회
20241105-5,주식회사 썬에이스,MF5000(PE원료) [MF5000_500KG],20328000,세금계산서,PE,Y,인쇄,조회
20241105-4,백암지관공업사,지관 200 [지관 200＊8＊190] 외 1건,1249248,세금계산서,PP,Y,인쇄,조회
20241105-3,(주)스피드랩코리아,스트레치필름(일반 핸드랩) [20*300*380m],1138896,세금계산서,PP,Y,인쇄,조회
20241105-2,(주)태진케미칼,PP원료 [PPA],10333400,세금계산서,PP,Y,인쇄,조회
20241105-1,한국파렛트풀(주),팔레트 1100*1100*120 [1100*1100*120 7kg],2090000,세금계산서,PP,Y,인쇄,조회
20241104-1,금성포장,패드 430 [패드 430＊230 무지],138600,세금계산서,PP,Y,인쇄,조회
20241101-4,(주)경남캐미칼,MB 820FL [M／B 820FL（BLACK）],1375000,세금계산서,PP,Y,인쇄,조회
20241101-3,백암지관공업사,지관 200 [지관 200＊8＊190] 외 1건,1106160,세금계산서,PP,Y,인쇄,조회
20241101-2,삼보팩,평면골판지 [구래단 (1100mm x 40000mm)],1197900,세금계산서,PP,Y,인쇄,조회
20241101-1,삼광잉크제조(주),PP 흑색 외 1건,589050,세금계산서,PP,Y,인쇄,조회
20241031-4,(주)대원우드,팔레트 1215＊800 [1215＊800] 외 2건,316800,세금계산서,PP,Y,인쇄,조회
20241031-3,(주)디에스에스,PET 16mm x 0.8T x 1200m [PET 16mm x 0.8T x 1200m Embossed (반투명 녹색)] 외 1건,517000,세금계산서,상품,N,인쇄,조회
20241031-2,금성포장,낙원포장 400 [400＊200],660000,세금계산서,PP,Y,인쇄,조회
20241031-1,백암지관공업사,지관 200 [지관 200＊4＊189] 외 2건,1065856,세금계산서,PP,Y,인쇄,조회
20241030-6,주식회사 썬에이스,SY-130 [130_500kg],25146000,세금계산서,PP,Y,인쇄,조회
20241030-5,주식회사 썬에이스,SY-130 [130_500kg],6985000,세금계산서,PP,Y,인쇄,조회
20241030-4,주식회사 대한종합포장,(무인쇄) 폴리 머신 스트랩 박스 무인쇄-3 [460*200*465],553410,세금계산서,PE,Y,인쇄,조회
20241030-3,덕흥수지,PP원료(A),23166000,세금계산서,PP,Y,인쇄,조회
20241030-2,"주식회사 오비아이(OBI co.,Ltd.)",비니루(하우스) [0.05*400*18],50600,세금계산서,PP,Y,인쇄,조회
20241030-1,주식회사 인아플러스텍,15mm스토퍼,1540000,세금계산서,상품,Y,인쇄,조회
20241029-2,주식회사 썬에이스,MF5000(PE원료) [MF5000P_500KG],20328000,세금계산서,PE,Y,인쇄,조회
20241029-1,백암지관공업사,지관 200 [지관 200＊8＊186] 외 3건,1832908,세금계산서,PP,Y,인쇄,조회
20241028-1,(주)태진케미칼,PP원료 [PPA],10333400,세금계산서,PP,Y,인쇄,조회
20241025-5,금정기획,라벨(아트지도안 타이거팩) 45020 [120*65] 외 2건,660000,세금계산서,PP,Y,인쇄,조회
20241025-4,백암지관공업사,지관 50 [지관 50＊5＊182] 외 1건,2078736,세금계산서,PP,Y,인쇄,조회
20241024-5,제이케이머티리얼즈(주)/순성공장,PP원료,30020540,세금계산서,PP,Y,인쇄,조회
20241024-4,백암지관공업사,지관 230 [지관 230＊5＊187] 외 3건,1984884,세금계산서,상품,Y,인쇄,조회
20241024-3,(주)디디에스엠,15M/M (수축밴드) [15mm*1300m* 0.6mm(T) 10KG(투명)],1980000,세금계산서,상품,Y,인쇄,조회
20241024-2,디엘에프엔씨 주식회사,PP원료 [재생],30888000,세금계산서,PP,Y,인쇄,조회
20241024-1,주식회사 대한종합포장,폴리 머신 스트랩 박스 무인쇄-2 [440*195*435] 외 1건,2394040,세금계산서,PP,Y,인쇄,조회
20241023-2,(주)경남캐미칼,MB 100B（ [M／B 100B（WHITE）] 외 1건,3850000,세금계산서,PP,Y,인쇄,조회
20241023-1,삼보팩,고메리 12입(IN) [410*275*180],1045000,세금계산서,PP,Y,인쇄,조회
20241022-2,S-OIL(주)온산공장,HD500/PP50DW [500KG],17160000,세금계산서,PP,Y,인쇄,조회
20241022-1,백암지관공업사,지관 200 [지관 200＊8＊190] 외 1건,1873872,세금계산서,PP,Y,인쇄,조회
20241021-3,금성포장,타이거팩 4506 C/T 430 [430*125*430] 외 3건,3082365,세금계산서,PP,Y,인쇄,조회
20241021-2,가나수지,PP 재생원료 [투명(A)],7788000,세금계산서,PP,Y,인쇄,조회
20241021-1,(주)대원우드,팔레트 1160*1160 [1160*1160] 외 5건,976800,세금계산서,PP,Y,인쇄,조회
20241019-2,삼보팩,박스 외부 PE (폴리밴드) [320 190 780] 외 1건,1430000,세금계산서,PP,Y,인쇄,조회
20241019-1,삼보팩,고메리 12입(C/T) [570*430*390],720280,세금계산서,PP,Y,인쇄,조회
20241018-2,백암지관공업사,지관 102 [지관 102＊4＊143],484000,세금계산서,PP,Y,인쇄,조회
20241018-1,금정기획,스티커 [스티커] 외 1건,159500,세금계산서,PP,Y,인쇄,조회
20241017-2,백암지관공업사,지관 200 [지관 200＊4＊189] 외 2건,1890944,세금계산서,PP,Y,인쇄,조회
20241017-1,(주)경남캐미칼,SILVER 321 [M／B 321 SILVER] 외 2건,1298000,세금계산서,PP,Y,인쇄,조회
20241016-3,(주)대원우드,팔레트 1160*1160 [1160*1160] 외 4건,660000,세금계산서,PP,Y,인쇄,조회
20241016-2,덕흥수지,PP원료(A),23166000,세금계산서,PP,Y,인쇄,조회
20241016-1,재윤상사,팔레트 [팔레트],858000,세금계산서,PP,Y,인쇄,조회
20241015-5,S-OIL(주)온산공장,HD510/PP25DW [500KG],0,세금계산서,PP,Y,인쇄,조회
20241015-4,경인팩,스프링 [판스프링] 외 1건,47850,세금계산서,PP,Y,인쇄,조회
20241015-3,주식회사 대한종합포장,삼성전자 6입 BOX 십자패드 [543*360*152] 외 2건,918500,세금계산서,PP,Y,인쇄,조회
20241014-7,제이케이머티리얼즈(주)/순성공장,PP원료,28061220,세금계산서,PP,Y,인쇄,조회
20241014-6,금정기획,라벨(아트지도안 AWP) 2119 [115*55] 외 3건,253000,세금계산서,PP,Y,인쇄,조회
20241014-5,백암지관공업사,지관 200 [지관 200＊8＊190] 외 1건,1298088,세금계산서,PP,Y,인쇄,조회
20241014-4,삼보팩,미국박스 [440 200 445] 외 2건,1813900,세금계산서,PP,Y,인쇄,조회
20241014-3,재생산업,PP 재생원료,33818400,세금계산서,PP,Y,인쇄,조회
20241014-2,대한유화 주식회사,RJ6428 (OG),15708000,세금계산서,PP,Y,인쇄,조회
20241014-1,금성포장,무지 PAD [420＊200],886600,세금계산서,PP,Y,인쇄,조회
20241011-2,백암지관공업사,지관 200 [지관 200＊8＊190] 외 2건,2002792,세금계산서,PP,Y,인쇄,조회
20241011-1,주식회사 썬에이스,MF5000(PE원료) [MF5000_500KG],22022000,세금계산서,PP,Y,인쇄,조회
20241010-1,(주)태진케미칼,PP원료 [PPA],10333400,세금계산서,PP,Y,인쇄,조회
20241009-1,한국파렛트풀(주),팔레트 1100*1100*120 [1100*1100*120 7kg],2662000,세금계산서,PP,Y,인쇄,조회
20241008-5,주식회사시몬사,피피클립 [19*28(2KG-삼성)],92400,세금계산서,PP,Y,인쇄,조회
20241008-4,(주)대원우드,팔레트 1290＊860 [1290＊860] 외 9건,739200,세금계산서,PP,Y,인쇄,조회
20241008-3,(주)영화수출포장,박스 (#28*6kg박스) [465 455 245] 외 2건,2361642,세금계산서,PE,Y,인쇄,조회
20241008-2,(주)태진케미칼,PP원료 [PPA],10333400,세금계산서,PP,Y,인쇄,조회
20241008-1,일신케미칼,PP임가공 [PP임가공],2975280,세금계산서,PP,Y,인쇄,조회
20241007-6,에스케이지오센트릭 주식회사,O.G(PP) [CYCLUS MR-PP BG 500KG],14850000,세금계산서,PP,Y,인쇄,조회
20241007-5,대한유화 주식회사,5014 [pp원료],34320000,세금계산서,PP,Y,인쇄,조회
20241007-4,금성포장,경인팩 [400＊200] 외 1건,1581910,세금계산서,PP,Y,인쇄,조회
20241007-3,백암지관공업사,지관 200 [지관 200＊4＊189] 외 2건,1217480,세금계산서,PP,Y,인쇄,조회
20241007-2,(주)경남캐미칼,MB 820FL [M／B 820FL（BLACK）] 외 1건,3300000,세금계산서,PP,Y,인쇄,조회
20241007-1,(주)영화수출포장,경인팩 2KG [320*190*780] 외 1건,1966801,세금계산서,PE,Y,인쇄,조회
20241004-3,주식회사 썬에이스,Y-120_25kg,7920000,세금계산서,PP,Y,인쇄,조회
20241004-2,주식회사 썬에이스,MF5000(PE원료) [MF5000_500KG],20328000,세금계산서,PE,Y,인쇄,조회
20241004-1,백암지관공업사,지관 50 [지관 50＊5＊182],1597200,세금계산서,PE,Y,인쇄,조회
20241002-1,(주)태진케미칼,PP원료 [PPA],10333400,세금계산서,PP,Y,인쇄,조회
20240930-3,주식회사 썬에이스,Y-130_25kg 외 1건,9576875,세금계산서,PP,Y,인쇄,조회
20240930-2,에어팩코리아,에어백 APK-1022 (1000*2200) [에어백 1000*2200],338800,세금계산서,PP,Y,인쇄,조회
20240930-1,주식회사 대한종합포장,원형PAD [400*200],955900,세금계산서,PP,Y,인쇄,조회
20240927-2,금성포장,KIC 450 [450*200],1650000,세금계산서,PP,Y,인쇄,조회
20240927-1,삼보팩,무인쇄톰슨접착 430 [430*130*130] 외 1건,1815385,세금계산서,PP,Y,인쇄,조회
20240926-4,제이케이머티리얼즈(주)/순성공장,PP원료,31226250,세금계산서,PP,Y,인쇄,조회
20240926-3,디엘에프엔씨 주식회사,PP원료 [재생],31944000,세금계산서,PP,Y,인쇄,조회
20240926-2,백암지관공업사,지관 102 [지관 102＊4＊143] 외 2건,2205720,세금계산서,PP,Y,인쇄,조회
20240926-1,효창산업,CALPET [CALPET],4950000,세금계산서,PP,Y,인쇄,조회
20240925-1,금성포장,패드 540 [540*200],1155000,세금계산서,PP,Y,인쇄,조회
20240924-2,대한유화 주식회사,5014 [pp원료],35750000,세금계산서,PP,Y,인쇄,조회
20240924-1,덕흥수지,PP원료(A),23760000,세금계산서,PP,Y,인쇄,조회
20240923-3,주식회사 썬에이스,MF5000(PE원료) [MF5000_500KG] 외 2건,20328000,세금계산서,PE,Y,인쇄,조회
20240923-2,(주)한국바코드시스템,라벨(아트지도안청색) [[86*46 ]] 외 2건,352000,세금계산서,PP,Y,인쇄,조회
20240923-1,금성포장,무지 PAD [400＊200],693000,세금계산서,PP,Y,인쇄,조회
20240920-1,백암지관공업사,지관 200 [지관 200＊8＊190] 외 2건,1779360,세금계산서,PP,Y,인쇄,조회
20240919-2,제이케이머티리얼즈(주)/순성공장,PP원료,28237110,세금계산서,PP,Y,인쇄,조회
20240919-1,(주)스피드랩코리아,스트레치필름(일반 핸드랩 20) [20*500mm*350m],670120,세금계산서,상품,Y,인쇄,조회
20240913-1,(주)경남캐미칼,MB 307 [M／B 307 Yellow],2035000,세금계산서,PP,Y,인쇄,조회
20240912-2,가나수지,PP 재생원료 [투명(A)] 외 1건,7304000,세금계산서,PP,Y,인쇄,조회
20240912-1,백암지관공업사,지관 406 [지관 406＊6＊155] 외 2건,1774828,세금계산서,PP,Y,인쇄,조회
20240911-1,주식회사 대한종합포장,원형PAD [400*200] 외 1건,1452000,세금계산서,PP,Y,인쇄,조회
20240910-3,백암지관공업사,지관 200 [지관 200＊8＊186] 외 2건,2070068,세금계산서,PP,Y,인쇄,조회
20240910-2,금성포장,무지패드 380 [380*200],561000,세금계산서,PP,Y,인쇄,조회
20240910-1,금정기획,라벨(아트지무지)108*50 [[108*50 ]] 외 2건,1465200,세금계산서,PP,Y,인쇄,조회
20240906-9,에스케이지오센트릭 주식회사,O.G(PP) [CYCLUS MR-PP BG 500KG],19800000,세금계산서,PP,Y,인쇄,조회
20240906-8,에스케이지오센트릭 주식회사,O.G(PP) [CYCLUS MR-PP BG 500KG],0,세금계산서,PP,Y,인쇄,조회
20240906-7,에스케이지오센트릭 주식회사,O.G(PP) [Solumer 875L BG35 25KG] 외 1건,0,세금계산서,PP,Y,인쇄,조회
20240906-6,주식회사 썬에이스,MF5000(PE원료) [MF5000_500KG],20328000,세금계산서,PE,Y,인쇄,조회
20240906-4,덕흥수지,PP원료(A),23760000,세금계산서,PP,Y,인쇄,조회
20240906-3,재윤상사,팔레트 [팔레트],893750,세금계산서,PP,Y,인쇄,조회
20240906-2,백암지관공업사,지관 50 [지관 50＊5＊202],871200,세금계산서,PE,Y,인쇄,조회
20240906-1,백암지관공업사,지관 200 [지관 200＊8＊186] 외 1건,1873872,세금계산서,PP,Y,인쇄,조회
20240905-2,주식회사 대한종합포장,샘플-1 무인쇄 [450*450*215],543510,세금계산서,PP,Y,인쇄,조회
20240905-1,(주)경남캐미칼,MB 100B（ [M／B 100B（WHITE）],1815000,세금계산서,PP,Y,인쇄,조회
20240904-4,(주)대원우드,팔레트 1080＊1080 [1080＊1080] 외 4건,528000,세금계산서,PP,Y,인쇄,조회
20240904-3,금성포장,패드 420 [420＊200 (아이엠센트럴)],800800,세금계산서,PP,Y,인쇄,조회
20240904-2,재생산업,PP 재생원료,33818400,세금계산서,PP,Y,인쇄,조회
20240904-1,백암지관공업사,지관 50 [지관 50＊5＊182] 외 1건,838530,세금계산서,PE,Y,인쇄,조회
20240903-2,성은산업,수축필름 [220*145 (고메리)],1217700,세금계산서,PP,Y,인쇄,조회
20240903-1,백암지관공업사,지관 200 [지관 200＊8＊186] 외 2건,2309472,세금계산서,PP,Y,인쇄,조회
20240902-2,일신케미칼,PP임가공 [PP임가공],2448600,세금계산서,PP,Y,인쇄,조회
20240902-1,백암지관공업사,지관 200 [지관 200＊8＊190] 외 1건,1873872,세금계산서,PP,Y,인쇄,조회
20240829-4,S-OIL(주)온산공장,HD500/PP50DW [500KG],34122000,세금계산서,PP,Y,인쇄,조회
20240829-3,한국파렛트풀(주),팔레트 1100*1100*120 [1100*1100*120 7kg],2090000,세금계산서,PP,Y,인쇄,조회
20240829-2,(주)스피드랩코리아,스트레치필름(일반 핸드랩) [20*300*380m],1138896,세금계산서,상품,Y,인쇄,조회
20240829-1,청호상사,PP특A [PP특A] 외 1건,29388920,세금계산서,PP,Y,인쇄,조회
20240828-1,주식회사 썬에이스,H5300 [H5300_500kg],2926000,세금계산서,PP,Y,인쇄,조회
20240827-5,제이케이머티리얼즈(주)/순성공장,PP원료,28913610,세금계산서,PP,Y,인쇄,조회
20240827-4,주식회사 썬에이스,H5300 [H5300_500kg],26334000,세금계산서,PP,Y,인쇄,조회
20240827-3,금성포장,패드 430 [패드 430＊200 무지],1444300,세금계산서,PP,Y,인쇄,조회
20240827-2,백암지관공업사,지관 200 [지관 200＊8＊186] 외 1건,1873872,세금계산서,PP,Y,인쇄,조회
20240827-1,(주)스피드랩코리아,스트레치필름(기능 핸드랩) [15*500mm*400m],2582800,세금계산서,상품,Y,인쇄,조회
20240826-3,주식회사 썬에이스,MF5000(PE원료) [MF5000_500KG],20724000,세금계산서,PE,Y,인쇄,조회
20240826-2,가나수지,PP 재생원료 [투명(A)] 외 2건,10863930,세금계산서,PP,Y,인쇄,조회
20240826-1,금성포장,패드 540 [540*200] 외 1건,1573000,세금계산서,PP,Y,인쇄,조회
20240823-1,덕흥수지,PP원료(A),23100000,세금계산서,PP,Y,인쇄,조회
20240822-3,(주)낙원포장,반자동밴딩기 [strapack IQ-400],935000,세금계산서,상품,Y,인쇄,조회
20240822-2,백암지관공업사,지관 50 [지관 50＊5＊182] 외 1건,2846448,세금계산서,PP,Y,인쇄,조회
20240821-4,에어팩코리아,에어백 APK-1022 (1000*2200) [에어백 1000*2200] 외 1건,635800,세금계산서,PP,Y,인쇄,조회
20240821-3,주식회사 대한종합포장,고메리 2500M OUT [440*440*413] 외 1건,1305480,세금계산서,PP,Y,인쇄,조회
20240821-2,백암지관공업사,지관 200 [지관 200＊8＊190],1873872,세금계산서,PP,Y,인쇄,조회
20240821-1,(주)경남캐미칼,MB 510 [M／B 510 (BLUE)],264000,세금계산서,PE,Y,인쇄,조회
20240820-1,삼광잉크제조(주),PP 진녹 외 1건,356400,세금계산서,PP,Y,인쇄,조회
20240819-4,대한유화 주식회사,5014 [pp원료] 외 1건,35112000,세금계산서,PP,Y,인쇄,조회
20240819-3,재생산업,PP 재생원료,33818400,세금계산서,PP,Y,인쇄,조회
20240819-2,금성포장,패드 430 [패드 430＊200 무지],1444300,세금계산서,PP,Y,인쇄,조회
20240819-1,제이케이머티리얼즈(주)/순성공장,PP원료,27520900,세금계산서,PP,Y,인쇄,조회
20240809-1,(주)대원우드,팔레트 1140*1140 [1140*1140] 외 4건,580800,세금계산서,PP,Y,인쇄,조회
20240808-4,(주)스피드랩코리아,스트레치필름(일반 기계랩) [18*500mm*2000m] 외 2건,995555,세금계산서,상품,Y,인쇄,조회
20240808-2,(주)경남캐미칼,MB 510-2 [M／B 510-2 (BLUE)],1925000,세금계산서,PP,Y,인쇄,조회
20240808-1,백암지관공업사,지관 200 [지관 200＊8＊186] 외 1건,1409408,세금계산서,PP,Y,인쇄,조회
20240807-4,삼광잉크제조(주),PP 진녹,138600,세금계산서,PP,Y,인쇄,조회
20240807-3,제이케이머티리얼즈(주)/순성공장,PP원료,28931870,세금계산서,PP,Y,인쇄,조회
20240807-2,파코팩(PACO PACK),15M/M (수축밴드) [15mm*1300m* 0.6mm(T) 10KG(투명)] 외 1건,4262500,세금계산서,상품,Y,인쇄,조회
20240807-1,진흥산업,폴리백 40*57 [폴리백 40*57],677600,세금계산서,PE,Y,인쇄,조회
20240806-2,대한유화 주식회사,5014 [pp원료],35112000,세금계산서,PP,Y,인쇄,조회
20240806-1,백암지관공업사,지관 200 [지관 200＊8＊186] 외 1건,1409408,세금계산서,PP,Y,인쇄,조회
20240805-2,(주)경남캐미칼,MB 100B（ [M／B 100B（WHITE）] 외 1건,3190000,세금계산서,PP,Y,인쇄,조회
20240805-1,일신케미칼,PP임가공 [PP임가공],1720400,세금계산서,PP,Y,인쇄,조회
20240802-2,삼광잉크제조(주),PP 진녹 외 1건,211200,세금계산서,PP,Y,인쇄,조회
20240802-1,재윤상사,팔레트 [팔레트],879450,세금계산서,PP,Y,인쇄,조회
20240801-3,덕흥수지,PP원료(A),23760000,세금계산서,PP,Y,인쇄,조회
20240801-1,주식회사 썬에이스,MF5000(PE원료) [MF5000_500KG],20724000,세금계산서,PE,Y,인쇄,조회
20240731-3,주식회사 썬에이스,Y-130_25kg,1465200,세금계산서,PP,Y,인쇄,조회
20240731-2,백암지관공업사,지관 200 [지관 200＊4＊189] 외 2건,3051048,세금계산서,PP,Y,인쇄,조회
20240731-1,제이케이머티리얼즈(주)/순성공장,PP원료,32257500,세금계산서,PP,Y,인쇄,조회
20240730-2,일신케미칼,PP임가공 [PP임가공],4727800,세금계산서,PP,Y,인쇄,조회
20240730-1,청호상사,PP특A [PP특A] 외 1건,15994550,세금계산서,PP,Y,인쇄,조회
20240729-2,백암지관공업사,지관 200 [지관 200＊4＊189] 외 2건,1329328,세금계산서,PP,Y,인쇄,조회
20240729-1,주식회사 대한종합포장,미국박스 440 [440* 195*435],1595000,세금계산서,PP,Y,인쇄,조회
20240727-1,중앙기획,Ararat Meat [496*200],165000,세금계산서,PP,Y,인쇄,조회
20240726-2,주식회사 대한종합포장,원형PAD [400*200],1202740,세금계산서,PP,Y,인쇄,조회
20240726-1,삼광잉크제조(주),PP 군청 외 1건,359700,세금계산서,PP,Y,인쇄,조회
20240723-4,중앙기획,삼종기업 [496*200],165000,세금계산서,PP,Y,인쇄,조회
20240723-3,재생산업,PP 재생원료,33264000,세금계산서,PP,Y,인쇄,조회
20240723-2,백암지관공업사,지관 200 [지관 200＊8＊190] 외 2건,1953952,세금계산서,PP,Y,인쇄,조회
20240723-1,(주)스피드랩코리아,수동랩 [18*500mm*350m] 외 3건,160160,세금계산서,상품,Y,인쇄,조회
20240722-4,금성포장,패드 540 [540*200],1224300,세금계산서,PP,Y,인쇄,조회
20240722-3,주식회사 썬에이스,MF5000(PE원료) [MF5000_500KG],20724000,세금계산서,PE,Y,인쇄,조회
20240722-2,대한유화 주식회사,5014 [pp원료],36850000,세금계산서,PP,Y,인쇄,조회
20240722-1,백암지관공업사,지관 200 [지관 200＊8＊190] 외 1건,2221824,세금계산서,PP,Y,인쇄,조회
20240719-1,디엘에프엔씨 주식회사,PP원료 [재생],32208000,세금계산서,PP,Y,인쇄,조회
20240718-1,가나수지,PP 재생원료 [투명(A)],11594000,세금계산서,PP,Y,인쇄,조회
20240717-2,대한유화 주식회사,5014 [pp원료],14740000,세금계산서,PP,Y,인쇄,조회
20240717-1,백암지관공업사,지관 200 [지관 200＊8＊186] 외 1건,1873872,세금계산서,PP,Y,인쇄,조회
20240716-2,디엘에프엔씨 주식회사,PP원료 [재생],31644800,세금계산서,PP,Y,인쇄,조회
20240716-1,(주)경남캐미칼,MB 307 [M／B 307 Yellow] 외 1건,2486000,세금계산서,PP,Y,인쇄,조회
20240715-5,(주)영화수출포장,박스 스트롱2KG [480 320 385] 외 1건,1548250,세금계산서,PE,Y,인쇄,조회
20240715-4,삼보팩,고메리 12입(C/T) [570*430*390] 외 4건,4627480,세금계산서,PE,Y,인쇄,조회
20240715-3,금성포장,옴니 C/T 460 [460*130*460] 외 1건,1115400,세금계산서,PP,Y,인쇄,조회
20240715-2,덕흥수지,PP원료(A),23760000,세금계산서,PP,Y,인쇄,조회
20240715-1,백암지관공업사,지관 200 [지관 200＊8＊190],1873872,세금계산서,PP,Y,인쇄,조회
20240712-1,삼보팩,평면골판지 [구래단 (1100mm x 40000mm)],1197900,세금계산서,PP,Y,인쇄,조회
20240711-2,(주)디에스에스,PET 16mm x 0.8T x 1200m [PET 16mm x 0.8T x 1200m Embossed (반투명 녹색)] 외 1건,495000,세금계산서,상품,Y,인쇄,조회
20240711-1,금성포장,패드 540 [540*200],2310000,세금계산서,PP,Y,인쇄,조회
20240710-5,제이케이머티리얼즈(주)/순성공장,PP원료,33055000,세금계산서,PP,Y,인쇄,조회
20240710-4,한국파렛트풀(주),팔레트 1100*1100*120 [1100*1100*120 7kg],2090000,세금계산서,PP,N,인쇄,조회
20240710-3,삼보팩,무인쇄톰슨접착 320 [320*130*320] 외 1건,1910700,세금계산서,PP,Y,인쇄,조회
20240710-2,효창산업,CALPET [CALPET],4950000,세금계산서,PP,Y,인쇄,조회
20240710-1,파코팩(PACO PACK),PP12M [PP12M／M9KG(인쇄밴드)] 외 1건,1321540,세금계산서,상품,Y,인쇄,조회
20240709-4,에어팩코리아,에어백 APK-1022 (1000*2200) [에어백 1000*2200] 외 1건,635800,세금계산서,PP,Y,인쇄,조회
20240709-3,(주)경남캐미칼,MB 510-2 [M／B 510-2 (BLUE)],962500,세금계산서,PP,Y,인쇄,조회
20240709-2,백암지관공업사,지관 200 [지관 200＊4＊189] 외 1건,1953952,세금계산서,PP,Y,인쇄,조회
20240709-1,금성포장,경인팩 [400＊200],713900,세금계산서,PP,Y,인쇄,조회
20240708-1,금성포장,패드 540 [540*200],1155000,세금계산서,PP,Y,인쇄,조회
20240705-2,(주)대원우드,팔레트 1290＊860 [1290＊860] 외 5건,607200,세금계산서,PP,Y,인쇄,조회
20240705-1,(주)경남캐미칼,MB 510-2 [M／B 510-2 (BLUE)] 외 1건,1952500,세금계산서,PP,Y,인쇄,조회
20240704-3,삼환강업(주),STEEL 19MMx0.80MM ZINC COATED HT ROPE [STEEL 19MMx0.80MM ZINC COATED HT ROPE] 외 1건,17704678,영세율,상품,Y,인쇄,조회
20240704-2,백암지관공업사,지관 50 [지관 50＊5＊182] 외 3건,2969736,세금계산서,PP,Y,인쇄,조회
20240704-1,(주)스피드랩코리아,스트레치필름(일반 기계랩) [18*500mm*2000m] 외 1건,908380,세금계산서,상품,Y,인쇄,조회
20240703-1,주식회사 썬에이스,MF5000(PE원료) [MF5000_500KG],20724000,세금계산서,PE,Y,인쇄,조회
20240702-1,재생산업,PP 재생원료,33264000,세금계산서,PP,Y,인쇄,조회
20240701-1,덕흥수지,PP원료(A),23760000,세금계산서,PP,Y,인쇄,조회
20240628-5,제이케이머티리얼즈(주)/순성공장,PP원료,32661860,세금계산서,PP,Y,인쇄,조회
20240628-4,삼광잉크제조(주),PP 흑색 외 1건,341550,세금계산서,PP,Y,인쇄,조회
20240628-3,백암지관공업사,지관 200 [지관 200＊4＊189] 외 1건,1801800,세금계산서,PP,Y,인쇄,조회
20240628-2,재윤상사,팔레트 [팔레트],858000,세금계산서,PP,Y,인쇄,조회
20240628-1,(주)스피드랩코리아,스트레치필름(일반 핸드랩 20) [20*500mm*350m],670120,세금계산서,PP,Y,인쇄,조회
20240626-3,주식회사 썬에이스,SY-130 [SY-130_500kg] 외 1건,36850000,세금계산서,PP,Y,인쇄,조회
20240626-2,(주)경남캐미칼,MB 307 [M／B 307 Yellow],2035000,세금계산서,PP,Y,인쇄,조회
20240626-1,금성포장,패드 550 [550*406] 외 2건,788865,세금계산서,PP,Y,인쇄,조회
20240625-1,백암지관공업사,지관 200 [지관 200＊8＊190] 외 1건,1226544,세금계산서,PP,Y,인쇄,조회
20240624-2,디엘에프엔씨 주식회사,PP원료 [대림 A] 외 1건,31944000,세금계산서,PP,Y,인쇄,조회
20240624-1,(주)스피드랩코리아,스트레치필름(일반 핸드랩) [25*500mm*300m] 외 1건,375760,세금계산서,상품,Y,인쇄,조회
20240623-1,백암지관공업사,지관 406 [지관 406＊6＊155],842688,세금계산서,PP,Y,인쇄,조회
20240621-4,제이케이머티리얼즈(주)/순성공장,PP원료 외 1건,27446276,세금계산서,PP,Y,인쇄,조회
20240621-3,대한유화 주식회사,5014 [pp원료],17820000,세금계산서,PP,Y,인쇄,조회
20240621-2,백암지관공업사,지관 200 [지관 200＊8＊190] 외 1건,1106160,세금계산서,PP,Y,인쇄,조회
20240621-1,금성포장,패드 430 [패드 430＊230 무지],107250,세금계산서,PP,Y,인쇄,조회
20240620-1,(주)경남캐미칼,MB 100B（ [M／B 100B（WHITE）],1815000,세금계산서,PP,Y,인쇄,조회
20240619-1,주식회사 썬에이스,MF5000(PE원료) [MF5000_500KG],20988000,세금계산서,PE,Y,인쇄,조회
20240618-8,제이케이머티리얼즈(주)/순성공장,PP원료,27867950,세금계산서,PP,Y,인쇄,조회
20240618-6,주식회사 대한종합포장,고메리 3입 (C/T) [360*355*385] 외 1건,1452000,세금계산서,PP,Y,인쇄,조회
20240618-5,백암지관공업사,지관 406 [지관 406＊6＊155] 외 2건,2235024,세금계산서,PP,Y,인쇄,조회
20240618-4,(주)경남캐미칼,2071 [ORANGE],506000,세금계산서,PP,Y,인쇄,조회
20240618-3,(주)영화수출포장,박스 내수PE(폴리밴드) [320 190 780] 외 1건,1048960,세금계산서,PE,Y,인쇄,조회
20240618-2,(주)대원우드,팔레트 1320*880 [1320*880] 외 3건,237600,세금계산서,PP,Y,인쇄,조회
20240618-1,(주)대원우드,팔레트 1160*1160 [1160*1160] 외 7건,1320000,세금계산서,PP,Y,인쇄,조회
20240617-2,금성포장,KIC 450 [450*200],1650000,세금계산서,PP,Y,인쇄,조회
20240617-1,(주)영화수출포장,포리밴드 DF50 [470*460*205],1617000,세금계산서,PE,Y,인쇄,조회
20240614-3,금성포장,패드 570 [570*406],257400,세금계산서,PP,Y,인쇄,조회
20240614-2,주식회사 대한종합포장,(수정후) 폴리 머신 스트랩 박스 무인쇄-1 [580*170*575] 외 1건,894795,세금계산서,PP,Y,인쇄,조회
20240614-1,백암지관공업사,지관 50 [지관 50＊5＊182] 외 1건,2319504,세금계산서,PP,Y,인쇄,조회
20240613-2,백암지관공업사,지관 230 [지관 230＊5＊187] 외 2건,1225367,세금계산서,PP,Y,인쇄,조회
20240613-1,중앙기획,실린더 [496*200] 외 1건,550000,세금계산서,PP,Y,인쇄,조회
20240612-3,(주)대원우드,팔레트 1100*1100 [1100*1100] 외 1건,660000,세금계산서,PP,Y,인쇄,조회
20240612-2,백암지관공업사,지관 200 [지관 200＊8＊186] 외 1건,1106160,세금계산서,PP,Y,인쇄,조회
20240612-1,주식회사 대한종합포장,미국박스 440 [440* 195*435] 외 1건,2555520,세금계산서,PP,Y,인쇄,조회
20240611-2,백암지관공업사,지관 200 [지관 200＊8＊186] 외 2건,2011680,세금계산서,PP,Y,인쇄,조회
20240611-1,금성포장,패드 570 [570*406] 외 1건,424545,세금계산서,PP,Y,인쇄,조회
20240610-1,청호상사,PP특A [PP특A] 외 1건,15161740,세금계산서,PP,Y,인쇄,조회
20240607-4,(주)스피드랩코리아,스트레치필름(일반 기계랩) [18*500mm*2000m] 외 2건,1216600,세금계산서,상품,Y,인쇄,조회
20240607-3,진영프라스틱,PP 청색 [PP 청색],7260000,세금계산서,PP,Y,인쇄,조회
20240607-2,대한유화 주식회사,5014 [pp원료],35640000,세금계산서,PP,Y,인쇄,조회
20240607-1,금성포장,무지패드 380 [380*200],538175,세금계산서,PP,Y,인쇄,조회
20240605-4,주식회사 썬에이스,MF5000(PE원료) [MF5000_500KG],20988000,세금계산서,PE,Y,인쇄,조회
20240605-3,덕흥수지,PP원료(A),23760000,세금계산서,PP,Y,인쇄,조회
20240605-2,삼광잉크제조(주),벤드용 연두,135300,세금계산서,PP,Y,인쇄,조회
20240605-1,백암지관공업사,지관 200 [지관 200＊8＊186] 외 1건,1249248,세금계산서,PP,Y,인쇄,조회
20240604-3,주식회사 대한종합포장,원형PAD [400*200],1113200,세금계산서,PP,Y,인쇄,조회
20240604-2,백암지관공업사,지관 200 [지관 200＊4＊189] 외 1건,1409408,세금계산서,PP,Y,인쇄,조회
20240604-1,한국파렛트풀(주),팔레트 1100*1100*120 [1100*1100*120 7kg],2090000,세금계산서,PP,Y,인쇄,조회
20240531-1,주식회사 썬에이스,TI-640_25kg 외 1건,7954100,세금계산서,PP,Y,인쇄,조회
20240530-5,제이케이머티리얼즈(주)/순성공장,PP원료 외 1건,29751700,세금계산서,PP,Y,인쇄,조회
20240530-4,제이케이머티리얼즈(주)/순성공장,PP원료,29782500,세금계산서,PP,Y,인쇄,조회
20240530-3,백암지관공업사,지관 200 [지관 200＊8＊190] 외 1건,1873872,세금계산서,PP,Y,인쇄,조회
20240530-2,백암지관공업사,지관 50 [지관 50＊5＊182],798600,세금계산서,PE,Y,인쇄,조회
20240530-1,우선산업,PP9M/M [PP9M/M*9.5KG*0.95T(백색)],2198889,세금계산서,PP,Y,인쇄,조회
20240529-1,(주)스피드랩코리아,수동랩 [18*500mm*350m] 외 1건,64064,세금계산서,상품,Y,인쇄,조회
20240528-2,백암지관공업사,지관 200 [지관 200＊4＊189] 외 1건,2034032,세금계산서,PP,Y,인쇄,조회
20240528-1,일신케미칼,PP임가공 [PP임가공],1388200,세금계산서,PP,Y,인쇄,조회
20240524-2,가나수지,PP 재생원료 [투명(A)] 외 1건,14300000,세금계산서,PP,Y,인쇄,조회
20240524-1,디엘에프엔씨 주식회사,PP원료 [재생],33000000,세금계산서,PP,Y,인쇄,조회
20240522-2,백암지관공업사,지관 200 [지관 200＊8＊190] 외 1건,1249248,세금계산서,PP,Y,인쇄,조회
20240522-1,백암지관공업사,지관 200 [지관 200＊8＊190] 외 1건,1409408,세금계산서,PP,Y,인쇄,조회
20240521-5,(주)대원우드,팔레트 1200*1200 [1200*1200] 외 4건,580800,세금계산서,PP,Y,인쇄,조회
20240521-4,주식회사 썬에이스,MF5000(PE원료) [MF5000_500KG],20988000,세금계산서,PE,Y,인쇄,조회
20240521-3,삼보팩,박스 외부 PE (폴리밴드) [320 190 780],1126400,세금계산서,PE,Y,인쇄,조회
20240521-2,디엘에프엔씨 주식회사,PP원료 [대림 A],31944000,세금계산서,PP,Y,인쇄,조회
20240521-1,대한유화 주식회사,5014 [pp원료],35376000,세금계산서,PP,Y,인쇄,조회
20240520-1,중앙기획,ECOVIVA 제판 [496*200],165000,세금계산서,PP,Y,인쇄,조회
20240517-1,지에스칼텍스(주),H430 [500KG],33880000,세금계산서,PP,Y,인쇄,조회
20240516-4,제이케이머티리얼즈(주)/순성공장,PP원료,25044250,세금계산서,PP,Y,인쇄,조회
20240516-3,(주)스피드랩코리아,스트레치필름(일반 핸드랩) [25*500mm*300m] 외 1건,180125,세금계산서,상품,Y,인쇄,조회
20240516-2,백암지관공업사,지관 200 [지관 200＊8＊190] 외 1건,1329328,세금계산서,PP,Y,인쇄,조회
20240516-1,재윤상사,팔레트 [팔레트],800800,세금계산서,PP,Y,인쇄,조회
20240514-5,디엘에프엔씨 주식회사,PP원료 [재생],33000000,세금계산서,PP,Y,인쇄,조회
20240514-4,제이케이머티리얼즈(주)/순성공장,PP원료,24576750,세금계산서,PP,Y,인쇄,조회
20240514-3,일신케미칼,PP임가공 [PP임가공],2138400,세금계산서,PP,Y,인쇄,조회
20240514-2,(주)경남캐미칼,MB 100B（ [M／B 100B（WHITE）] 외 2건,4928000,세금계산서,PP,Y,인쇄,조회
20240514-1,백암지관공업사,지관 200 [지관 200*8*195] 외 1건,1329328,세금계산서,PP,Y,인쇄,조회
20240513-1,재생산업,PP 재생원료 [PP원료(A)] 외 1건,30907800,세금계산서,PP,Y,인쇄,조회
20240510-6,제이케이머티리얼즈(주)/순성공장,PP원료,26074620,세금계산서,PP,Y,인쇄,조회
20240510-5,주식회사 대한종합포장,폴리 머신 스트랩 박스(White/) [440*195*435],1364000,세금계산서,PP,Y,인쇄,조회
20240510-4,효창산업,CALPET [CALPET],4950000,세금계산서,PP,Y,인쇄,조회
20240510-3,덕흥수지,PP원료(A),23760000,세금계산서,PP,Y,인쇄,조회
20240510-2,금성포장,패드 540 [540*200],1155000,세금계산서,상품,Y,인쇄,조회
20240510-1,(주)스피드랩코리아,스트레치필름(일반 핸드랩) [20*300*380m],1095072,세금계산서,상품,Y,인쇄,조회
20240509-3,금성포장,옴니 C/T 460 [460*130*460] 외 2건,931535,세금계산서,PP,Y,인쇄,조회
20240509-2,주식회사 썬에이스,MF5000(PE원료) [MF5000_500KG],20988000,세금계산서,PE,Y,인쇄,조회
20240509-1,백암지관공업사,지관 50 [지관 50＊5＊182] 외 2건,2531848,세금계산서,PP,Y,인쇄,조회
20240508-2,(주)디에스에스,PET 16mm x 0.8T x 1200m [PET 16mm x 0.8T x 1200m Embossed (반투명 녹색)] 외 1건,937200,세금계산서,상품,Y,인쇄,조회
20240508-1,청호상사,PP특A [PP특A] 외 1건,16022160,세금계산서,PP,Y,인쇄,조회
20240507-2,동방포장기자재,스트레치필름(일반 핸드랩 20) [20*200mm*350m],153120,세금계산서,상품,Y,인쇄,조회
20240507-1,대한유화 주식회사,5014 [pp원료],17688000,세금계산서,PP,Y,인쇄,조회
20240503-3,백암지관공업사,지관 200 [지관 200＊8＊190],1249248,세금계산서,PP,Y,인쇄,조회
20240503-2,에어팩코리아,에어백 APK-1022 (1000*2200) [에어백 1000*2200] 외 1건,635800,세금계산서,PP,Y,인쇄,조회
20240503-1,(주)스피드랩코리아,스트레치필름(일반 기계랩) [18*500mm*2000m] 외 2건,1013540,세금계산서,상품,Y,인쇄,조회
20240502-1,(주)경남캐미칼,MB 510-2 [M／B 510-2 (BLUE)],1925000,세금계산서,PP,Y,인쇄,조회
20240501-1,백암지관공업사,지관 200 [지관 200＊4＊189] 외 1건,1097096,세금계산서,PP,Y,인쇄,조회
20240430-1,주식회사시몬사,피피클립 [19*28(2KG-삼성)],46200,세금계산서,상품,Y,인쇄,조회
20240429-3,(주)대원우드,팔레트 1200*1200 [1200*1200] 외 10건,1452000,세금계산서,PP,Y,인쇄,조회
20240429-2,가나수지,PP 재생원료 [투명(A)],9295000,세금계산서,PP,Y,인쇄,조회
20240429-1,덕흥수지,PP원료(A),23760000,세금계산서,PP,Y,인쇄,조회
20240426-2,주)대성씨앤씨,테르마 크라프트 C/T [260*132*260],1621400,세금계산서,PP,Y,인쇄,조회
20240426-1,일신케미칼,PP임가공 [PP임가공],3821400,세금계산서,PP,Y,인쇄,조회
20240424-7,금정기획,라벨(아트지도안 AWP) 2115 [115*55] 외 6건,523600,세금계산서,PP,Y,인쇄,조회
20240424-6,주식회사 썬에이스,MF5000(PE원료) [MF5000_500KG],20988000,세금계산서,PE,Y,인쇄,조회
20240424-5,금성포장,패드 430 [430＊200] 외 1건,2124100,세금계산서,PP,Y,인쇄,조회
20240424-4,디엘에프엔씨 주식회사,PP원료 [재생],32736000,세금계산서,PP,Y,인쇄,조회
20240424-3,백암지관공업사,지관 200 [지관 200＊8＊190] 외 1건,2034032,세금계산서,PE,Y,인쇄,조회
20240424-2,성신목재,팔레트 1020＊1020 [1020*1020],660000,세금계산서,PP,Y,인쇄,조회
20240424-1,대한유화 주식회사,5014 [pp원료],17424000,세금계산서,PP,Y,인쇄,조회
20240423-1,금성포장,KIC 450 [450*200] 외 2건,2382415,세금계산서,PP,Y,인쇄,조회
20240419-4,대한유화 주식회사,5014 [pp원료],34848000,세금계산서,PP,Y,인쇄,조회
20240419-3,금성포장,무지320 [320*130*320],1261260,세금계산서,PP,Y,인쇄,조회
20240419-2,백암지관공업사,지관 50 [지관 50＊5＊182] 외 2건,2534136,세금계산서,PP,Y,인쇄,조회
20240419-1,청호상사,PP특A [PP특A] 외 1건,21937190,세금계산서,PP,Y,인쇄,조회
20240418-2,진흥산업,폴리백 26＊44 [폴리백 26＊44],1430000,세금계산서,PE,Y,인쇄,조회
20240418-1,백암지관공업사,지관 200 [지관 200*8*195] 외 1건,1873872,세금계산서,PP,Y,인쇄,조회
20240417-1,금성포장,타이거팩 4501 C/T 350 [350*125*350] 외 2건,2104300,세금계산서,PP,Y,인쇄,조회
20240416-6,디엘에프엔씨 주식회사,PP원료 [대림 A] 외 1건,28912400,세금계산서,PP,Y,인쇄,조회
20240416-5,주식회사 썬에이스,MF5000(PE원료) [MF5000_500KG],20988000,세금계산서,PE,Y,인쇄,조회
20240416-4,지에스칼텍스(주),H-550-A [500KG],22880000,세금계산서,PP,Y,인쇄,조회
20240416-3,한국파렛트풀(주),팔레트 1100*1100*120 [1100*1100*120 7kg],2090000,세금계산서,PP,Y,인쇄,조회
20240416-2,동방포장기자재,스트레치필름 [15*25*500M.76M/M],660000,세금계산서,상품,Y,인쇄,조회
20240416-1,(주)스피드랩코리아,스트레치필름(일반 핸드랩 20) [20*500mm*350m],644600,세금계산서,상품,Y,인쇄,조회
20240412-1,백암지관공업사,지관 200 [지관 200＊8＊190],1249248,세금계산서,PP,Y,인쇄,조회
20240411-4,금정기획,라벨(아트지무지 연두색)108*50 [[108*50 ]],220000,세금계산서,PP,Y,인쇄,조회
20240411-3,금성포장,패드 540 [540*200],1155000,세금계산서,PP,Y,인쇄,조회
20240411-2,주식회사 대한종합포장,원형PAD [400*200],1306800,세금계산서,PP,Y,인쇄,조회
20240411-1,덕흥수지,PP원료(A),23760000,세금계산서,PP,Y,인쇄,조회
20240409-2,(주)디에스에스,155089OGS215(AAR) 외 1건,78000,영세율,상품,Y,인쇄,조회
20240409-1,백암지관공업사,지관 200 [지관 200＊8＊190] 외 1건,1953952,세금계산서,PP,Y,인쇄,조회
20240408-1,(주)대원우드,팔레트 1200*1200 [1200*1200] 외 8건,1082400,세금계산서,PP,Y,인쇄,조회
20240405-5,대한유화 주식회사,5014 [pp원료],34848000,세금계산서,PP,Y,인쇄,조회
20240405-4,지에스칼텍스(주),H-550-A [500KG],31460000,세금계산서,PP,Y,인쇄,조회
20240405-3,청호상사,PP특A [PP특A] 외 1건,16327300,세금계산서,PP,Y,인쇄,조회
20240405-2,백암지관공업사,지관 200 [지관 200＊8＊190] 외 2건,1329328,세금계산서,PP,Y,인쇄,조회
20240405-1,재윤상사,팔레트 [팔레트],872300,세금계산서,PP,Y,인쇄,조회
20240404-2,금성포장,패드 430 [패드 430＊230 무지] 외 1건,281600,세금계산서,PP,Y,인쇄,조회
20240404-1,(주)스피드랩코리아,스트레치필름(일반 기계랩) [18*500mm*2000m] 외 2건,1440670,세금계산서,상품,Y,인쇄,조회
20240403-3,주식회사 썬에이스,MF5000(PE원료) [MF5000_500KG],20988000,세금계산서,PE,Y,인쇄,조회
20240403-2,주식회사 대한종합포장,미국 수출용) 폴리 머신 스트랩 박스 무인쇄-4 [560*170*560] 외 1건,368500,세금계산서,PP,Y,인쇄,조회
20240403-1,(주)영화수출포장,포리밴드 DF50 [470*460*205] 외 2건,2839650,세금계산서,PE,Y,인쇄,조회
20240402-4,금정기획,라벨(화살표) 60*45 [[60*45 ]],396000,세금계산서,PP,Y,인쇄,조회
20240402-3,두성엔지니어링,밴드노즐 가공 [(2.8*34*4EA)가공 / 38T*70*595L],660000,세금계산서,PP,Y,인쇄,조회
20240402-2,백암지관공업사,지관 200 [지관 200＊8＊186] 외 1건,2034032,세금계산서,PP,Y,인쇄,조회
20240402-1,(주)경남캐미칼,MB 307 [M／B 307 Yellow] 외 1건,3850000,세금계산서,PP,Y,인쇄,조회
20240401-1,백암지관공업사,지관 50 [지관 50＊5＊182] 외 1건,2032800,세금계산서,PE,Y,인쇄,조회
20240329-3,주식회사 대한종합포장,목형대 [(수정후) 폴리 머신 스트랩 박스 무인쇄-1] 외 1건,396000,세금계산서,PP,Y,인쇄,조회
20240329-2,삼보팩,평면골판지 [구래단 (1100mm x 40000mm)],1197900,세금계산서,PP,Y,인쇄,조회
20240329-1,백암지관공업사,지관 200 [지관 200＊8＊186] 외 1건,1409408,세금계산서,PP,Y,인쇄,조회
20240328-2,백암지관공업사,지관 200 [지관 200*8*195],1249248,세금계산서,PP,Y,인쇄,조회
20240328-1,대한유화 주식회사,5014 [pp원료],17424000,세금계산서,PP,Y,인쇄,조회
20240327-1,동원화학수지,SP 7731 외 1건,15127200,세금계산서,PP,Y,인쇄,조회
20240326-5,삼보팩,고메리 12입(IN) [410*275*180] 외 2건,889900,세금계산서,PP,Y,인쇄,조회
20240326-4,백암지관공업사,지관 200 [지관 200＊8＊190] 외 2건,1829927,세금계산서,PP,Y,인쇄,조회
20240326-3,(주)경남캐미칼,MB 100B（ [M／B 100B（WHITE）],1815000,세금계산서,PP,Y,인쇄,조회
20240326-2,주식회사 대한종합포장,폴리 머신 스트랩 박스 무인쇄-2 [440*195*435] 외 2건,1790030,세금계산서,PP,Y,인쇄,조회
20240326-1,금정기획,라벨(아트지무지 빨강색)108*50 [[108*50 ]] 외 2건,165000,세금계산서,PP,Y,인쇄,조회
20240322-5,삼보팩,고메리 12입(IN) [410*275*180] 외 2건,2031453,세금계산서,PP,Y,인쇄,조회
20240322-4,백암지관공업사,지관 200 [지관 200＊8＊190] 외 2건,2034032,세금계산서,PP,Y,인쇄,조회
20240322-3,다일전기학운점,트랜스공업용/30KVA,495000,세금계산서,PP,Y,인쇄,조회
20240322-2,가나수지,HDPE 가공(흰색) [PE 가공] 외 2건,13104520,세금계산서,PP,Y,인쇄,조회
20240322-1,파코팩(PACO PACK),인쇄밴드(솔표) [PP15M／M10KG] 외 1건,2227500,세금계산서,상품,Y,인쇄,조회
20240321-2,주식회사 썬에이스,MF5000(PE원료) [MF5000_500KG],20988000,세금계산서,PE,Y,인쇄,조회
20240321-1,덕흥수지,PP원료(A),23760000,세금계산서,PP,Y,인쇄,조회
20240320-3,디엘에프엔씨 주식회사,PP원료 [대림 A],32736000,세금계산서,PP,Y,인쇄,조회
20240320-2,(주)경남캐미칼,MB 820FL [M／B 820FL（BLACK）],1375000,세금계산서,PP,Y,인쇄,조회
20240320-1,(주)스피드랩코리아,스트레치필름(일반 핸드랩) [25*500mm*300m] 외 2건,1018875,세금계산서,상품,Y,인쇄,조회
20240319-3,금성포장,패드 430 [패드 430＊200 무지],1430000,세금계산서,PP,Y,인쇄,조회
20240319-2,(주)대원우드,팔레트 1120＊1120 [1120＊1120] 외 6건,1135200,세금계산서,PP,Y,인쇄,조회
20240319-1,(주)스피드랩코리아,스트레치필름(일반 핸드랩) [20*300*380m],1095072,세금계산서,PP,Y,인쇄,조회
20240318-1,두성엔지니어링,밴드노즐 가공 [(3.0*30*4EA)가공 / 38T*70*595L] 외 4건,2365000,세금계산서,PP,Y,인쇄,조회
20240315-2,삼보팩,고메리 12입(C/T) [570*430*390],900350,세금계산서,PP,Y,인쇄,조회
20240315-1,일신케미칼,PP임가공 [PP임가공],2535280,세금계산서,PP,Y,인쇄,조회
20240314-3,(주)경남캐미칼,MB 820FL [M／B 820FL（BLACK）] 외 1건,1430000,세금계산서,PP,Y,인쇄,조회
20240314-2,백암지관공업사,지관 50 [지관 50＊5＊182] 외 3건,2520320,세금계산서,PP,Y,인쇄,조회
20240314-1,금성포장,스텔론 [320*130*320] 외 1건,460350,세금계산서,PP,Y,인쇄,조회
20240313-4,금성포장,스텔론 [400-200] 외 1건,1276000,세금계산서,PP,Y,인쇄,조회
20240313-3,금성포장,경인팩 [400＊200] 외 1건,1331000,세금계산서,PP,Y,인쇄,조회
20240313-2,S-OIL(주)온산공장,HD500/PP50DW [500KG],37675000,세금계산서,PP,Y,인쇄,조회
20240313-1,디엘에프엔씨 주식회사,PP원료 [대림 A],32736000,세금계산서,PP,Y,인쇄,조회
20240312-2,주식회사 썬에이스,MF5000(PE원료) [MF5000_500KG],20988000,세금계산서,PE,Y,인쇄,조회
20240312-1,효창산업,CALPET [CALPET] 외 1건,5170000,세금계산서,PP,Y,인쇄,조회
20240311-6,재생산업,PP 재생원료 [PP원료(A)],1276000,세금계산서,PP,Y,인쇄,조회
20240311-5,재생산업,PP 재생원료 [PP원료(A)] 외 1건,30934200,세금계산서,PP,Y,인쇄,조회
20240311-4,금정기획,라벨(아트지무지)108*50 [[108*50 ]],715000,세금계산서,PP,Y,인쇄,조회
20240311-3,(주)경남캐미칼,MB 820FL [M／B 820FL（BLACK）] 외 1건,1870000,세금계산서,PP,Y,인쇄,조회
20240311-2,백암지관공업사,지관 200 [지관 200＊8＊186] 외 2건,2360160,세금계산서,PP,Y,인쇄,조회
20240311-1,청호상사,PP특A [PP특A] 외 1건,15891590,세금계산서,PP,Y,인쇄,조회
20240308-2,덕흥수지,PP원료(A),23760000,세금계산서,PP,Y,인쇄,조회
20240308-1,금성포장,패드 540 [540*200],1155000,세금계산서,PP,Y,인쇄,조회
20240307-1,백암지관공업사,지관 200 [지관 200*8*195] 외 1건,2114112,세금계산서,PP,Y,인쇄,조회
20240306-1,에어팩코리아,에어백 APK-1022 (1000*2200) [에어백 1000*2200] 외 1건,635800,세금계산서,PP,Y,인쇄,조회
20240305-3,백암지관공업사,지관 200 [지관 200*8*195] 외 1건,1409408,세금계산서,PP,Y,인쇄,조회
20240305-2,덕흥수지,PP원료(A),23760000,세금계산서,PP,Y,인쇄,조회
20240305-1,(주)대원우드,팔레트 1200*1200 [1200*1200] 외 10건,1557600,세금계산서,PP,Y,인쇄,조회
20240304-4,백암지관공업사,지관 406 [지관 406＊6＊155] 외 1건,1025552,세금계산서,PP,Y,인쇄,조회
20240304-3,청호상사,PP특A [PP특A] 외 1건,15724280,세금계산서,PP,Y,인쇄,조회
20240304-2,(주)스피드랩코리아,스트레치필름(일반 기계랩) [18*500mm*2000m] 외 2건,1586750,세금계산서,상품,Y,인쇄,조회
20240304-1,우선산업,PP9M/M [PP9M/M*9.5KG*0.95T(백색)] 외 1건,2239589,세금계산서,PP,Y,인쇄,조회
20240229-4,라이커스,(23년10월)K5외 4종 외 2건,30918250,세금계산서,PP,Y,인쇄,조회
20240229-3,주식회사 썬에이스,TI-640_25kg 외 1건,4290825,세금계산서,PP,Y,인쇄,조회
20240229-2,백암지관공업사,지관 406 [지관 406＊6＊155] 외 2건,2132064,세금계산서,PP,Y,인쇄,조회
20240229-1,주식회사 대한종합포장,미국 수출용) 폴리 머신 스트랩 박스 무인쇄 [580*170*575] 외 1건,2480500,세금계산서,PP,Y,인쇄,조회
20240228-2,삼보팩,파워팩 4506 [430*130*430] 외 2건,2534697,세금계산서,PP,Y,인쇄,조회
20240227-4,(주)그린엔텍,HP450J [pp원료],35640000,세금계산서,PP,Y,인쇄,조회
20240227-3,대한유화 주식회사,5014 [pp원료],17424000,세금계산서,PP,Y,인쇄,조회
20240227-2,(주)경남캐미칼,MB 510-2 [M／B 510-2 (BLUE)],1925000,세금계산서,PP,Y,인쇄,조회
20240227-1,재윤상사,팔레트 [팔레트],743600,세금계산서,PP,Y,인쇄,조회
20240226-3,한국파렛트풀(주),팔레트 1100*1100*120 [1100*1100*120 7kg],2090000,세금계산서,PP,Y,인쇄,조회
20240226-2,지에스칼텍스(주),H430 [500KG],33154000,세금계산서,PP,Y,인쇄,조회
20240226-1,백암지관공업사,지관 200 [지관 200＊8＊186] 외 1건,1873872,세금계산서,PE,Y,인쇄,조회
20240223-3,백암지관공업사,지관 200 [지관 200*8*195] 외 1건,1873872,세금계산서,PP,Y,인쇄,조회
20240223-2,(주)영화수출포장,박스 (#28*6kg박스) [465 455 245] 외 2건,2376550,세금계산서,PE,Y,인쇄,조회
20240223-1,주식회사 썬에이스,MF5000(PE원료) [MF5000_500KG],20724000,세금계산서,PE,Y,인쇄,조회
20240222-3,디엘에프엔씨 주식회사,PP원료 [대림 A],32577600,세금계산서,PP,Y,인쇄,조회
20240222-2,금성포장,패드 540 [540*200],1178100,세금계산서,PP,Y,인쇄,조회
20240222-1,(주)스피드랩코리아,스트레치필름(일반 기계랩) [25*500mm*1400m] 외 2건,2021250,세금계산서,상품,Y,인쇄,조회
20240221-1,가나수지,PP 재생원료 [투명(A)] 외 1건,10626000,세금계산서,PP,Y,인쇄,조회
20240219-1,백암지관공업사,지관 200 [지관 200＊8＊190] 외 1건,2221824,세금계산서,PP,Y,인쇄,조회
20240216-6,진흥산업,폴리백 40*57 [폴리백 40*57],479600,세금계산서,PE,Y,인쇄,조회
20240216-5,일신케미칼,PP임가공 [PP임가공],3581600,세금계산서,PP,Y,인쇄,조회
20240216-4,백암지관공업사,지관 200 [지관 200*8*195] 외 1건,1873872,세금계산서,PP,Y,인쇄,조회
20240216-3,(주)대원우드,팔레트 1140*1140 [1140*1140] 외 1건,264000,세금계산서,PP,Y,인쇄,조회
20240216-2,삼광잉크제조(주),PP 흑색 외 1건,305250,세금계산서,PP,Y,인쇄,조회
20240216-1,디엘에프엔씨 주식회사,PP원료 [대림 A],32577600,세금계산서,PP,Y,인쇄,조회
20240215-4,제이케이머티리얼즈(주)/순성공장,PP원료,25497120,세금계산서,PP,Y,인쇄,조회
20240215-3,(주)한국바코드시스템,라벨(아트지도안청색) [[86*46 ]] 외 2건,264000,세금계산서,PP,Y,인쇄,조회
20240215-2,주식회사 썬에이스,MF5000(PE원료) [MF5000_500KG] 외 1건,12089000,세금계산서,PE,Y,인쇄,조회
20240215-1,금성포장,패드 510 [패드 510*200] 외 1건,1815000,세금계산서,PP,Y,인쇄,조회
20240214-3,금정기획,라벨(아트지도안 파워팩) 4503 [120*65] 외 1건,440000,세금계산서,PP,Y,인쇄,조회
20240214-2,주식회사 썬에이스,MF5000(PE원료) [MF5000_500KG],8635000,세금계산서,PE,Y,인쇄,조회
20240214-1,파코팩(PACO PACK),15M/M (수축밴드) [15mm*1300m* 0.6mm(T) 10KG(투명)],165000,세금계산서,상품,Y,인쇄,조회
20240213-1,(주)그린엔텍,HP450J [pp원료],35640000,세금계산서,PP,Y,인쇄,조회
20240208-2,중앙기획,평원산업 제판 [496*200],165000,세금계산서,PP,Y,인쇄,조회
20240208-1,디엘에프엔씨 주식회사,PP원료 [대림 A],32577600,세금계산서,PP,Y,인쇄,조회
20240207-1,백암지관공업사,지관 200 [지관 200*8*195] 외 1건,1873872,세금계산서,PP,Y,인쇄,조회
20240206-4,(주)대원우드,팔레트 1200*1200 [1200*1200] 외 3건,580800,세금계산서,PP,Y,인쇄,조회
20240206-3,덕흥수지,PP원료(A),23760000,세금계산서,PP,Y,인쇄,조회
20240206-2,(주)디에스에스,PET 16mm x 0.8T x 1200m [PET 16mm x 0.8T x 1200m Embossed (반투명 녹색)] 외 1건,937200,세금계산서,상품,Y,인쇄,조회
20240206-1,지에스칼텍스(주),H-550-A [500KG],31460000,세금계산서,PP,Y,인쇄,조회
20240205-2,금성포장,패드 540 [540*200],1108800,세금계산서,PP,Y,인쇄,조회
20240205-1,백암지관공업사,지관 200 [지관 200*8*195] 외 1건,2162160,세금계산서,PP,Y,인쇄,조회
20240202-2,제이케이머티리얼즈(주)/순성공장,PP원료,22735680,세금계산서,PP,Y,인쇄,조회
20240202-1,백암지관공업사,지관 200 [지관 200＊8＊190] 외 2건,2520320,세금계산서,PP,Y,인쇄,조회
20240201-2,(주)디에스에스,PET 15.5MM*1100M*0.89T,42900,세금계산서,PP,Y,인쇄,조회
20240201-1,(주)경남캐미칼,MB 307 [M／B 307 Yellow] 외 1건,3850000,세금계산서,PP,Y,인쇄,조회
20240131-4,재생산업,PP 재생원료 [PP원료(A)],32155200,세금계산서,PP,Y,인쇄,조회
20240131-3,청호상사,PP특A [PP특A] 외 1건,822954,세금계산서,PP,Y,인쇄,조회
20240131-2,백암지관공업사,지관 200 [지관 200＊8＊190],1249248,세금계산서,PP,Y,인쇄,조회
20240131-1,주식회사 대한종합포장,원형PAD [400*200] 외 1건,2505800,세금계산서,PP,Y,인쇄,조회
20240129-2,가나수지,PP 재생원료 [투명(A)],5720000,세금계산서,PP,Y,인쇄,조회
20240129-1,백암지관공업사,지관 200 [지관 200*8*195] 외 2건,1873872,세금계산서,PP,Y,인쇄,조회
20240127-1,재윤상사,팔레트 [팔레트],793650,세금계산서,PP,Y,인쇄,조회
20240126-1,(주)스피드랩코리아,스트레치필름(일반 기계랩) [18*500mm*2000m] 외 2건,1440670,세금계산서,상품,Y,인쇄,조회
20240125-3,영우플라스틱,PP 원색,16698000,세금계산서,PP,Y,인쇄,조회
20240125-2,백암지관공업사,지관 200 [지관 200*8*195] 외 2건,1249248,세금계산서,PP,Y,인쇄,조회
20240125-1,덕흥수지,PP원료(A),23760000,세금계산서,PP,Y,인쇄,조회
20240124-5,금성포장,패드 430 [패드 430＊200 무지],1458600,세금계산서,PP,Y,인쇄,조회
20240124-4,(주)스피드랩코리아,스트레치필름(일반 핸드랩 20) [20*500mm*350m],644600,세금계산서,PP,Y,인쇄,조회
20240124-3,지에스칼텍스(주),H430 [500KG],24112000,세금계산서,PP,Y,인쇄,조회
20240124-2,주식회사 썬에이스,MF5000(PE원료) [MF5000_500KG],20328000,세금계산서,PE,Y,인쇄,조회
20240124-1,(주)한국바코드시스템,라벨(아트지도안황색) [[86*46 ]] 외 1건,462000,세금계산서,PP,Y,인쇄,조회
20240123-4,(주)영화수출포장,D-28 포리테이프 [780*315*205],719950,세금계산서,PP,Y,인쇄,조회
20240123-3,금성포장,패드 540 [540*200],1178100,세금계산서,PP,Y,인쇄,조회
20240123-2,지에스칼텍스(주),H-550-A [500KG],31460000,세금계산서,PP,Y,인쇄,조회
20240123-1,백암지관공업사,지관 50 [지관 50＊5＊225] 외 1건,1684848,세금계산서,PP,Y,인쇄,조회
20240122-4,삼보팩,평면골판지 [구래단 (1100mm x 40000mm)],958320,세금계산서,PP,Y,인쇄,조회
20240122-3,S-OIL(주)온산공장,HD500/PP50DW [500KG],38500000,세금계산서,PP,Y,인쇄,조회
20240122-2,성신목재,팔레트 1020＊1020 [1020*1020],1100000,세금계산서,PP,Y,인쇄,조회
20240122-1,(주)영화수출포장,포리밴드 DF50 [470*460*205],808500,세금계산서,PE,Y,인쇄,조회
20240119-3,청호케미칼,PP원료(특A),16164720,세금계산서,PP,Y,인쇄,조회
20240119-2,(주)스피드랩코리아,스트레치필름(기능 핸드랩) [15*500mm*400m] 외 1건,2360952,세금계산서,PP,Y,인쇄,조회
20240119-1,백암지관공업사,지관 200 [지관 200＊8＊190] 외 1건,1873872,세금계산서,PP,Y,인쇄,조회
20240118-2,한국파렛트풀(주),팔레트 1100*1100*120 [1100*1100*120 7kg],1199000,세금계산서,PP,Y,인쇄,조회
20240118-1,백암지관공업사,지관 200 [지관 200*8*195] 외 1건,2034032,세금계산서,PP,Y,인쇄,조회
20240117-2,백암지관공업사,지관 406 [지관 406＊6＊155] 외 2건,1980088,세금계산서,PP,Y,인쇄,조회
20240116-1,디엘에프엔씨 주식회사,PP원료 [대림 A],32023200,세금계산서,PP,Y,인쇄,조회
20240115-5,주식회사 썬에이스,MF5000(PE원료) [MF5000_500KG],20328000,세금계산서,PE,Y,인쇄,조회
20240115-3,덕흥수지,PP원료(A),23760000,세금계산서,PP,Y,인쇄,조회
20240115-2,백암지관공업사,지관 406 [지관 406＊6＊155] 외 2건,1859704,세금계산서,PP,Y,인쇄,조회
20240115-1,에어팩코리아,에어백 APK-1022 (1000*2200) [에어백 1000*2200] 외 1건,635800,세금계산서,PP,Y,인쇄,조회
20240110-3,일신케미칼,PP임가공 [PP임가공] 외 1건,3931400,세금계산서,PP,Y,인쇄,조회
20240110-2,S-OIL(주)온산공장,HD500/PP50DW [500KG],38500000,세금계산서,PP,Y,인쇄,조회
20240110-1,청호케미칼,PP원료(특A),16750800,세금계산서,PP,Y,인쇄,조회
20240109-4,"주식회사 오비아이(OBI co.,Ltd.)",에어캡 [대/0.02T*100cm] 외 1건,208340,세금계산서,PP,Y,인쇄,조회
20240109-3,디엘에프엔씨 주식회사,PP원료 [대림 A],32023200,세금계산서,PP,Y,인쇄,조회
20240109-2,지에스칼텍스(주),H430 [500KG] 외 1건,32384000,세금계산서,PP,Y,인쇄,조회
20240109-1,백암지관공업사,지관 200 [지관 200＊4＊189] 외 1건,2774376,세금계산서,PP,Y,인쇄,조회
20240108-2,금정기획,모조지 STICKER [모조지 STICKER],165000,세금계산서,PP,Y,인쇄,조회
20240108-1,금성포장,타이거팩 4500 C/T 320 [320*130*320] 외 3건,3161675,세금계산서,PP,Y,인쇄,조회
20240104-9,주식회사 썬에이스,MF5000(PE원료) [MF5000_500KG],20328000,세금계산서,PE,Y,인쇄,조회
20240104-8,재윤상사,팔레트 [팔레트],471900,세금계산서,PP,Y,인쇄,조회
20240104-7,삼광잉크제조(주),PP 흑색 외 1건,268950,세금계산서,PP,Y,인쇄,조회
20240104-6,(주)경남캐미칼,UV-NATURAL,2227500,세금계산서,PP,Y,인쇄,조회
20240104-5,금성포장,무지 PAD [400＊200],565950,세금계산서,PP,Y,인쇄,조회
20240104-4,백암지관공업사,지관 200 [지관 200＊8＊190] 외 2건,2034032,세금계산서,PP,Y,인쇄,조회
20240104-3,효창산업,CALPET [CALPET],4950000,세금계산서,PP,Y,인쇄,조회
20240104-2,재생산업,PP 재생원료 [PP원료(A)],32155200,세금계산서,PP,Y,인쇄,조회
20240104-1,덕흥수지,PP원료(A),23760000,세금계산서,PP,Y,인쇄,조회
20240103-1,(주)디에스에스,PET 16mm x 0.8T x 1200m [PET 16mm x 0.8T x 1200m Embossed (반투명 녹색)] 외 1건,937310,세금계산서,상품,Y,인쇄,조회
20240102-1,경인팩,끌기슬라이드,214500,세금계산서,PP,Y,인쇄,조회
20231229-4,주식회사 대한종합포장,조판비 [고메리2500M OUT] 외 5건,814000,세금계산서,PP,Y,인쇄,조회
20231229-3,(주)디에스에스,PET 16mm x 1.0T x 950m [PET 16mm x 1.0T x 950m Smooth Dark Green] 외 3건,858000,영세율,상품,Y,인쇄,조회
20231229-2,주식회사 니나,에어밴딩기[19MM],550000,세금계산서,상품,Y,인쇄,조회
20231229-1,삼광잉크제조(주),PP 흑색 외 1건,305250,세금계산서,PP,Y,인쇄,조회
20231228-4,(주)대원우드,팔레트 1140*1140 [1140*1140] 외 8건,844800,세금계산서,PP,Y,인쇄,조회
20231228-3,가나수지,PP 재생원료 [투명(A)] 외 3건,11715000,세금계산서,PP,Y,인쇄,조회
20231228-2,주식회사 대한종합포장,삼성전자 6입 BOX (무인쇄) [555*370*170] 외 2건,918500,세금계산서,PP,Y,인쇄,조회
20231228-1,(주)스피드랩코리아,스트레치필름(기능 핸드랩) [15*500mm*400m] 외 1건,2604360,세금계산서,상품,Y,인쇄,조회
20231227-3,백암지관공업사,지관 200 [지관 200＊8＊186] 외 2건,1455212,세금계산서,PP,Y,인쇄,조회
20231227-2,삼보팩,박스 외부 PE (폴리밴드) [320 190 780],1126400,세금계산서,PE,Y,인쇄,조회
20231227-1,백암지관공업사,지관 200 [지관 200*8*195] 외 1건,1249248,세금계산서,PP,Y,인쇄,조회
20231226-5,(주)디에스에스,PET 16mm x 0.8T x 1200m [PET 16mm x 0.8T x 1200m Embossed (반투명 녹색)],429000,세금계산서,상품,Y,인쇄,조회
20231226-4,S-OIL(주)온산공장,HD500/PP75DW [500KG],18480000,세금계산서,PP,Y,인쇄,조회
20231226-3,(주)그린엔텍,HP450J [pp원료],17424000,세금계산서,PP,Y,인쇄,조회
20231226-2,(주)영화수출포장,박스 스트롱2KG [480 320 385],719950,세금계산서,PE,Y,인쇄,조회
20231226-1,(주)영화수출포장,경인팩 2KG [320*190*780] 외 1건,1966800,세금계산서,PE,Y,인쇄,조회
20231222-2,백암지관공업사,지관 200 [지관 200＊8＊186],936936,세금계산서,PP,Y,인쇄,조회
20231220-2,덕흥수지,PP원료(A),23760000,세금계산서,PP,Y,인쇄,조회
20231220-1,(주)스피드랩코리아,스트레치필름(기능 핸드랩) [15*500mm*400m] 외 1건,1302180,세금계산서,상품,Y,인쇄,조회
20231219-6,영우플라스틱,PP 팰릿,15180000,세금계산서,PP,N,인쇄,조회
20231219-5,(주)경남캐미칼,MB 307 [M／B 307 Yellow],2035000,세금계산서,PP,Y,인쇄,조회
20231219-4,(주)대원우드,팔레트 1080＊1080 [1080＊1080] 외 6건,1188000,세금계산서,PP,Y,인쇄,조회
20231219-3,영우플라스틱,PP원료(A),15180000,세금계산서,PP,Y,인쇄,조회
20231219-2,디엘에프엔씨 주식회사,PP원료 [대림 A],32577600,세금계산서,PP,Y,인쇄,조회
20231219-1,백암지관공업사,지관 50 [지관 50＊5＊182] 외 1건,2221824,세금계산서,PP,Y,인쇄,조회
20231218-2,(주)스피드랩코리아,스트레치필름(일반 기계랩) [18*500mm*2000m] 외 2건,1377035,세금계산서,상품,Y,인쇄,조회
20231218-1,삼보팩,패드 450 [패드 450＊200 무지],598400,세금계산서,PP,Y,인쇄,조회
20231215-3,두성엔지니어링,엠보로라 [SACM645/Φ160*270L] 외 1건,15400000,세금계산서,PP,Y,인쇄,조회
20231215-2,금성포장,옴니 C/T 350 (50.010) [350*130*350] 외 6건,1699280,세금계산서,PP,Y,인쇄,조회
20231215-1,백암지관공업사,지관 200 [지관 200*8*195] 외 1건,1409408,세금계산서,PP,Y,인쇄,조회
20231214-2,주식회사 썬에이스,MF5000(PE원료) [MF5000_500KG],20328000,세금계산서,PE,Y,인쇄,조회
20231214-1,백암지관공업사,지관 200 [지관 200*8*195] 외 1건,1249248,세금계산서,PP,Y,인쇄,조회
20231213-6,(주)그린엔텍,HP450J [pp원료],8712000,세금계산서,PP,Y,인쇄,조회
20231213-5,금성포장,옴니원패드 430 [430*200] 외 1건,1419000,세금계산서,PP,Y,인쇄,조회
20231213-4,주식회사 대한종합포장,수출)A5형 톰슨-소(무인쇄) [385*197*385],1663200,세금계산서,PP,Y,인쇄,조회
20231213-3,S-OIL(주)온산공장,HD500/PP50DW [500KG],18480000,세금계산서,PP,Y,인쇄,조회
20231213-2,(주)경남캐미칼,MB 100B（ [M／B 100B（WHITE）],1815000,세금계산서,PP,Y,인쇄,조회
20231213-1,백암지관공업사,지관 200 [지관 200＊8＊186],1873872,세금계산서,PP,Y,인쇄,조회
20231212-4,(주)디에스에스,PET 15.5MM*1130M*0.88T smooth D/G [PET 15.5MM*1130M*0.88T smooth D/G] 외 1건,16848000,영세율,상품,Y,인쇄,조회
20231212-3,(주)광동,원형패드 [178*105],660000,세금계산서,PP,Y,인쇄,조회
20231212-2,일신케미칼,PP임가공 [PP임가공],2902240,세금계산서,PP,Y,인쇄,조회
20231212-1,(주)대원우드,팔레트 1215*1175 [1215*1175] 외 7건,1320000,세금계산서,PP,Y,인쇄,조회
20231211-5,디엘에프엔씨 주식회사,PP원료 [대림 A],32577600,세금계산서,PP,Y,인쇄,조회
20231211-4,주식회사 대한종합포장,원형PAD [400*200] 외 2건,1898600,세금계산서,PP,Y,인쇄,조회
20231211-3,주식회사 대한종합포장,무인쇄 톰슨2 (350파이) [350*130*342] 외 1건,1885400,세금계산서,PP,Y,인쇄,조회
20231211-2,백암지관공업사,지관 200 [지관 200＊4＊189] 외 1건,1409408,세금계산서,PP,Y,인쇄,조회
20231211-1,주식회사 대한종합포장,고메리 2500m out (상향)-외낱개 [440*440*413] 외 1건,1892000,세금계산서,PP,Y,인쇄,조회
20231208-2,(주)스피드랩코리아,스트레치필름(일반 핸드랩 20) [20*500mm*350m],2062720,세금계산서,상품,Y,인쇄,조회
20231208-1,덕흥수지,PP원료(A),23760000,세금계산서,PP,Y,인쇄,조회
20231207-8,삼보팩,미국박스 [430 200 435],837540,세금계산서,PP,Y,인쇄,조회
20231207-7,백암지관공업사,지관 50 [지관 50＊5＊182] 외 3건,2440240,세금계산서,PP,Y,인쇄,조회
20231207-6,S-OIL(주)온산공장,HD500/PP50DW [500KG],38500000,세금계산서,PP,Y,인쇄,조회
20231207-5,우선산업,PP9M/M [PP9M/M*9.5KG*0.95T(백색)],2198889,세금계산서,PP,Y,인쇄,조회
20231207-4,파코팩(PACO PACK),PP14MM [PP14M／M 10KG (주황색)] 외 1건,2090000,세금계산서,상품,Y,인쇄,조회
20231207-3,(주)경남캐미칼,MB 510-2 [M／B 510-2 (BLUE)] 외 1건,3003000,세금계산서,PP,Y,인쇄,조회
20231207-2,금성포장,패드 540 [540*200] 외 2건,1463000,세금계산서,PP,Y,인쇄,조회
20231207-1,재윤상사,팔레트 [팔레트],500500,세금계산서,PP,Y,인쇄,조회
20231205-2,파코팩(PACO PACK),15M/M (수축밴드) [15mm*1300m* 0.6mm(T) 10KG(투명)] 외 1건,4334000,세금계산서,상품,Y,인쇄,조회
20231205-1,에어팩코리아,에어건,66000,세금계산서,PP,Y,인쇄,조회
20231204-1,(주)스피드랩코리아,스트레치필름(일반 핸드랩) [20*300*380m],1095072,세금계산서,상품,Y,인쇄,조회
20231201-3,(주)경남캐미칼,MB 100B（ [M／B 100B（WHITE）],1815000,세금계산서,PP,Y,인쇄,조회
20231201-2,백암지관공업사,지관 200 [지관 200＊8＊186] 외 1건,1329328,세금계산서,PP,Y,인쇄,조회
20231201-1,주식회사 썬에이스,MF5000(PE원료) [MF5000_500KG],20328000,세금계산서,PE,Y,인쇄,조회
20231130-5,중앙기획,동판비 [미국 406 인쇄동판] 외 1건,825000,세금계산서,PP,Y,인쇄,조회
20231130-4,주식회사 대한종합포장,목형대,220000,세금계산서,PP,Y,인쇄,조회
20231130-3,(주)대원우드,팔레트 1290＊860 [1290＊860] 외 6건,1108800,세금계산서,PP,Y,인쇄,조회
20231130-2,금성포장,옴니원패드 430 [430*200] 외 2건,331650,세금계산서,PP,Y,인쇄,조회
20231130-1,백암지관공업사,지관 406 [지관 406＊6＊155],722304,세금계산서,PP,Y,인쇄,조회
20231129-3,백암지관공업사,지관 200 [지관 200＊8＊186] 외 2건,1137400,세금계산서,PP,Y,인쇄,조회
20231129-2,(주)경남캐미칼,MB 325 [M / B 325 orange] 외 2건,3432000,세금계산서,PP,Y,인쇄,조회
20231129-1,삼광잉크제조(주),PP 희석제,145200,세금계산서,PP,Y,인쇄,조회
20231128-5,대한유화 주식회사,RB4302 (O.G),31944000,세금계산서,PP,Y,인쇄,조회
20231128-4,(주)경남캐미칼,MB 510 BLUE [M／B 510 (BLUE)],126500,세금계산서,PE,Y,인쇄,조회
20231128-3,덕흥수지,PP원료(A),23760000,세금계산서,PP,Y,인쇄,조회
20231128-2,파코팩(PACO PACK),PP15M [PP15M／M10KG(자동용인쇄밴드)] 외 1건,2029500,세금계산서,상품,Y,인쇄,조회
20231128-1,(주)스피드랩코리아,스트레치필름(일반 기계랩) [18*500mm*2000m] 외 1건,1077175,세금계산서,상품,Y,인쇄,조회
20231127-2,에어팩코리아,에어백 APK-1022 (1000*2200) [에어백 1000*2200] 외 1건,635800,세금계산서,PP,Y,인쇄,조회
20231127-1,백암지관공업사,지관 200 [지관 200*8*195] 외 1건,936936,세금계산서,PP,Y,인쇄,조회
20231123-5,(주)디에스에스,PET 15.5mm x 0.8T x 1280m [PET 15.5mm x 0.8T x 1280m Embossed Dark Green],6084000,영세율,상품,Y,인쇄,조회
20231123-3,한국로지스풀(주),팔레트 1100*1100*120 [1100*1100*120],2090000,세금계산서,PP,Y,인쇄,조회
20231123-2,재윤상사,팔레트 [팔레트],486200,세금계산서,PP,Y,인쇄,조회
20231123-1,백암지관공업사,지관 200 [지관 200*8*195] 외 1건,936936,세금계산서,PP,Y,인쇄,조회
20231122-4,대한유화 주식회사,5014 [pp원료] 외 1건,36960000,세금계산서,PP,Y,인쇄,조회
20231122-3,파코팩(PACO PACK),PP14MM [PP14M / M10KG(백색) [PP14MM*10KG(백색)],1045000,세금계산서,상품,Y,인쇄,조회
20231122-2,디엘에프엔씨 주식회사,PP원료 [대림 A],33844800,세금계산서,PP,Y,인쇄,조회
20231122-1,진영프라스틱,PP 재생원료,17732000,세금계산서,PP,Y,인쇄,조회
20231121-3,S-OIL(주)온산공장,HD500/PP50DW [500KG],39050000,세금계산서,PP,Y,인쇄,조회
20231121-2,백암지관공업사,지관 200 [지관 200＊4＊189],588588,세금계산서,PP,Y,인쇄,조회
20231121-1,주식회사 대한종합포장,미국 수출용) 폴리 머신 스트랩 박스 무인쇄 [440*195*435],921800,세금계산서,PP,Y,인쇄,조회
20231120-6,한국로지스풀(주),팔레트 1100*1100*150 [1100*1100*150],2662000,세금계산서,PP,Y,인쇄,조회
20231120-5,삼환강업(주),STEEL 19MMx0.80MM ZINC COATED HT ROPE [STEEL 19MMx0.80MM ZINC COATED HT ROPE] 외 1건,16443864,영세율,상품,Y,인쇄,조회
20231120-4,(주)영화수출포장,포리밴드 DF50 [470*460*205] 외 1건,1464100,세금계산서,PE,Y,인쇄,조회
20231120-3,금성포장,패드 540 [540*200],1155000,세금계산서,PP,Y,인쇄,조회
20231120-2,일신케미칼,PP임가공 [PP임가공],2533960,세금계산서,PP,Y,인쇄,조회
20231120-1,(주)영화수출포장,박스 경인팩 6KG [465 455 250] 외 1건,1656600,세금계산서,PE,Y,인쇄,조회
20231118-2,주식회사 대한종합포장,미국박스 580 [580*170*575],1694000,세금계산서,PP,Y,인쇄,조회
20231118-1,백암지관공업사,지관 50 [지관 50＊5＊182] 외 4건,3152116,세금계산서,PP,Y,인쇄,조회
20231117-2,(주)디에스에스,PET 16mm x 0.8T x 1200m [PET 16mm x 0.8T x 1200m Embossed (반투명 녹색)],429000,세금계산서,상품,Y,인쇄,조회
20231117-1,백암지관공업사,지관 200 [지관 200*8*195] 외 2건,1783892,세금계산서,PP,Y,인쇄,조회
20231116-1,파코팩(PACO PACK),PP14MM [PP14M／M 10KG (황색)] 외 1건,2090000,세금계산서,상품,Y,인쇄,조회
20231115-3,디엘에프엔씨 주식회사,PP원료 [대림 A],33844800,세금계산서,PP,Y,인쇄,조회
20231115-2,(주)대원우드,팔레트 1320*880 [1320*880] 외 6건,818400,세금계산서,PP,Y,인쇄,조회
20231115-1,금성포장,스텔리온 430패드 [패드 430＊200 무지] 외 1건,1645050,세금계산서,PP,Y,인쇄,조회
20231114-2,주식회사 썬에이스,TI-640_25kg,884400,세금계산서,PP,Y,인쇄,조회
20231114-1,주식회사 썬에이스,Y-130_25kg,2279200,세금계산서,PP,Y,인쇄,조회
20231113-2,S-OIL(주)온산공장,HD500/PP50DW [500KG],39050000,세금계산서,PP,Y,인쇄,조회
20231113-1,주식회사 썬에이스,MF5000(PE원료) [MF5000_500KG],20856000,세금계산서,PP,Y,인쇄,조회
20231110-2,(주)윤성,종이앵글(각대) [50*50*5*200] 외 1건,423500,세금계산서,PP,Y,인쇄,조회
20231110-1,백암지관공업사,지관 200 [지관 200＊8＊190] 외 3건,2082432,세금계산서,PP,Y,인쇄,조회
20231109-4,금정기획,라벨(아트지무지 하늘색)108*50 [[108*50 ]],495000,세금계산서,PP,Y,인쇄,조회
20231109-3,금성포장,패드 420 [420＊200 (아이엠센트럴)] 외 2건,1617000,세금계산서,PP,Y,인쇄,조회
20231109-2,디엘에프엔씨 주식회사,PP원료 [대림 A],33844800,세금계산서,PP,Y,인쇄,조회
20231109-1,덕흥수지,PP원료(A),23760000,세금계산서,PP,Y,인쇄,조회
20231108-2,진영프라스틱,PP 재생원료,17875000,세금계산서,PP,Y,인쇄,조회
20231108-1,삼보팩,고메리 12입(IN) [410*275*180] 외 1건,3586000,세금계산서,PP,Y,인쇄,조회
20231107-1,백암지관공업사,지관 200 [지관 200＊8＊190] 외 1건,2114112,세금계산서,PP,Y,인쇄,조회
20231106-2,삼광잉크제조(주),PP 희석제,108900,세금계산서,PP,Y,인쇄,조회
20231106-1,백암지관공업사,지관 200 [지관 200*8*195] 외 1건,1017016,세금계산서,PP,Y,인쇄,조회
20231103-7,(주)한국바코드시스템,프린터헤드 [ZM400(203dpi)8dot(Z4M)] 외 2건,770000,세금계산서,PP,Y,인쇄,조회
20231103-6,S-OIL(주)온산공장,HD500/PP50DW [500KG],39050000,세금계산서,PP,Y,인쇄,조회
20231103-5,삼보팩,평면골판지 [구래단 (1100mm x 40000mm)],958320,세금계산서,PP,Y,인쇄,조회
20231103-4,백암지관공업사,지관 200 [지관 200＊8＊190] 외 2건,1329328,세금계산서,PP,Y,인쇄,조회
20231103-3,가나수지,PP 재생원료 [투명(A)] 외 2건,10835000,세금계산서,PP,Y,인쇄,조회
20231103-2,주식회사 대한종합포장,미국수출용) 서플라이웨이BOX 무인쇄 [440*195*435],209000,세금계산서,PP,Y,인쇄,조회
20231103-1,재윤상사,팔레트 [팔레트],436150,세금계산서,PP,Y,인쇄,조회
20231102-2,덕흥수지,PP원료(A),23760000,세금계산서,PP,Y,인쇄,조회
20231102-1,(주)경남캐미칼,MB 307 [M／B 307 Yellow],2035000,세금계산서,PP,Y,인쇄,조회
20231101-5,성진산업롤,고무롤 [연마[340*220]외] 외 2건,825000,세금계산서,PP,Y,인쇄,조회
20231101-4,삼광잉크제조(주),PP 흑색 외 1건,189970,세금계산서,PP,Y,인쇄,조회
20231101-3,주식회사 대한종합포장,미국수출룡) 서플라이웨이BOX 무인쇄 [445*200*445],418000,세금계산서,PP,Y,인쇄,조회
20231101-2,(주)스피드랩코리아,수동랩 [18*500mm*350m] 외 1건,308660,세금계산서,상품,Y,인쇄,조회
20231101-1,(주)경남캐미칼,MB 100B（ [M／B 100B（WHITE）] 외 1건,3740000,세금계산서,PP,Y,인쇄,조회
20231031-5,주식회사 대한종합포장,목형대 [미국수출용 목형비] 외 1건,350350,세금계산서,PP,Y,인쇄,조회
20231031-4,대한유화 주식회사,5014 [pp원료] 외 1건,37488000,세금계산서,PP,Y,인쇄,조회
20231031-3,삼광잉크제조(주),spp 군청 잉크 외 1건,369160,세금계산서,PP,Y,인쇄,조회
20231031-2,백암지관공업사,지관 200 [지관 200＊8＊186] 외 2건,2520320,세금계산서,PP,Y,인쇄,조회
20231031-1,(주)스피드랩코리아,스트레치필름(일반 기계랩) [18*500mm*2000m] 외 1건,1077175,세금계산서,상품,Y,인쇄,조회
20231030-5,삼광잉크제조(주),spp 군청 잉크,0,세금계산서,PP,N,인쇄,조회
20231030-4,금성포장,스텔리온 430패드 [패드 430＊200 무지] 외 5건,2754840,세금계산서,PP,Y,인쇄,조회
20231030-3,금성포장,패드 540 [540*200],1178100,세금계산서,PP,Y,인쇄,조회
20231030-2,일성포장,면장갑 [면장갑],726000,세금계산서,PP,Y,인쇄,조회
20231030-1,파워엠팩,패드410(STRONG) [패드 410*200],1897500,세금계산서,PP,Y,인쇄,조회
20231028-1,금정기획,라벨(화살표) 60*45 [[60*45 ]],198000,세금계산서,PP,Y,인쇄,조회
20231027-2,삼광잉크제조(주),PP 흑색 외 2건,435600,세금계산서,PP,Y,인쇄,조회
20231027-1,대한유화 주식회사,RB4302 (O.G) 외 1건,34375000,세금계산서,PP,Y,인쇄,조회
20231026-5,삼보팩,박스 외부 PE (폴리밴드) [320 190 780] 외 1건,2026750,세금계산서,PP,Y,인쇄,조회
20231026-4,일성포장,면장갑 [면장갑] 외 2건,174900,세금계산서,PP,Y,인쇄,조회
20231026-3,금성포장,보우팩 400 [400＊200],1210000,세금계산서,PP,Y,인쇄,조회
20231026-2,백암지관공업사,지관 50 [지관 50＊5＊182],1597200,세금계산서,PE,Y,인쇄,조회
20231026-1,디엘에프엔씨 주식회사,PP원료 [대림 A],33105600,세금계산서,PP,Y,인쇄,조회
20231025-2,주)대성씨앤씨,테르마 크라프트 C/T [260*132*260],1641728,세금계산서,PP,Y,인쇄,조회
20231025-1,백암지관공업사,지관 200 [지관 200*8*195] 외 2건,2034032,세금계산서,PP,Y,인쇄,조회
20231024-2,S-OIL(주)온산공장,HD500/PP50DW [500KG],39875000,세금계산서,PP,Y,인쇄,조회
20231024-1,동방포장기자재,스트레치필름 [15*25*500M.76M/M],66000,세금계산서,상품,Y,인쇄,조회
20231023-2,백암지관공업사,지관 200 [지관 200＊8＊190] 외 2건,2034032,세금계산서,PP,Y,인쇄,조회
20231023-1,(주)스피드랩코리아,스트레치필름(일반 핸드랩 20) [20*500mm*350m],644600,세금계산서,상품,Y,인쇄,조회
20231020-2,(주)대원우드,팔레트 1050＊1050 [1050＊1050] 외 6건,818400,세금계산서,PP,Y,인쇄,조회
20231020-1,삼광잉크제조(주),PP 흑색 외 1건,552750,세금계산서,PP,Y,인쇄,조회
20231018-3,(주)경남캐미칼,SILVER 321 [M／B 321 SILVER] 외 2건,2794000,세금계산서,PP,Y,인쇄,조회
20231018-2,백암지관공업사,지관 200 [지관 200＊4＊189] 외 1건,1409408,세금계산서,PP,Y,인쇄,조회
20231017-2,(주)스피드랩코리아,스트레치필름(일반 기계랩) [20*500mm*1400m],-1647250,세금계산서,상품,Y,인쇄,조회
20231017-1,(주)경남캐미칼,MB 100B（ [M／B 100B（WHITE）],1815000,세금계산서,PP,Y,인쇄,조회
20231016-8,(주)대원우드,팔레트 1290＊860 [1290＊860] 외 7건,1425600,세금계산서,PP,Y,인쇄,조회
20231016-7,일신케미칼,PP임가공 [PP임가공],3470280,세금계산서,PP,Y,인쇄,조회
20231016-6,주식회사 썬에이스,MF5000(PE원료) [MF5000_500KG],42240000,세금계산서,PE,Y,인쇄,조회
20231016-5,금성포장,옴니 C/T 350 [350*130*350] 외 2건,656205,세금계산서,PP,Y,인쇄,조회
20231016-4,덕흥수지,PP원료(A),23760000,세금계산서,PP,Y,인쇄,조회
20231016-3,금성포장,옴니원패드 430 [430*200] 외 2건,460790,세금계산서,PP,Y,인쇄,조회
20231016-2,(주)스피드랩코리아,스트레치필름(일반 핸드랩) [20*300*380m],1095072,세금계산서,PP,Y,인쇄,조회
20231016-1,주식회사 대한종합포장,미국박스 [445 200 445] 외 3건,3588750,세금계산서,PP,Y,인쇄,조회
20231013-3,재윤상사,팔레트 [팔레트],636350,세금계산서,PP,Y,인쇄,조회
20231013-2,진흥산업,폴리백 26＊44 [폴리백 26＊44],1430000,세금계산서,PP,Y,인쇄,조회
20231013-1,백암지관공업사,지관 200 [지관 200*8*195] 외 3건,1821820,세금계산서,상품,Y,인쇄,조회
20231012-3,(주)스피드랩코리아,스트레치필름(일반 기계랩) [25*500mm*1400m] 외 2건,950125,세금계산서,상품,Y,인쇄,조회
20231012-1,(주)경남캐미칼,M45K420B COMPOUND,676500,세금계산서,PP,Y,인쇄,조회
20231011-2,금정기획,라벨(PP strap)108*50 [[108*50 ]],275000,세금계산서,PP,Y,인쇄,조회
20231011-1,백암지관공업사,지관 200 [지관 200＊8＊190] 외 1건,1873872,세금계산서,PP,Y,인쇄,조회
20231010-1,효창산업,CALPET [CALPET],4950000,세금계산서,PP,Y,인쇄,조회
20231006-1,백암지관공업사,지관 200 [지관 200＊8＊190] 외 2건,2047848,세금계산서,PP,Y,인쇄,조회
20231005-1,금성포장,패드 420 [420＊200 (아이엠센트럴)],335720,세금계산서,PP,Y,인쇄,조회
20231004-6,금정기획,라벨(아트지도안옴니) [110*160],275000,세금계산서,PP,Y,인쇄,조회
20231004-5,주식회사 썬에이스,Y-130_25kg 외 1건,2800600,세금계산서,PP,Y,인쇄,조회
20231004-4,(주)영화수출포장,경인팩 2KG [320*190*780] 외 1건,1506670,세금계산서,PE,Y,인쇄,조회
20231004-3,(주)스피드랩코리아,스트레치필름(일반 기계랩) [25*500mm*1400m] 외 1건,990275,세금계산서,상품,Y,인쇄,조회
20231004-2,백암지관공업사,지관 200 [지관 200＊8＊190] 외 1건,1873872,세금계산서,PP,Y,인쇄,조회
20231004-1,주식회사 대한종합포장,수출)A5형 톰슨-소(무인쇄) [385*197*385] 외 2건,902880,세금계산서,PP,Y,인쇄,조회
20230927-3,주식회사 대한종합포장,목형대 [수출용 A5형 소] 외 3건,679800,세금계산서,PP,Y,인쇄,조회
20230927-2,대한유화 주식회사,5014 [pp원료] 외 1건,24123000,세금계산서,PP,Y,인쇄,조회
20230927-1,성은산업,수축필름 [220*145 (고메리)],2079000,세금계산서,PP,Y,인쇄,조회
20230926-5,지에스칼텍스(주),H430-A [500KG],23056000,세금계산서,PP,Y,인쇄,조회
20230926-4,S-OIL(주)온산공장,HD500/PP50DW [500KG],38500000,세금계산서,PP,Y,인쇄,조회
20230926-3,일신케미칼,PP임가공 [PP임가공],2566520,세금계산서,PP,Y,인쇄,조회
20230926-2,백암지관공업사,지관 200 [지관 200＊8＊186] 외 1건,1409408,세금계산서,PP,Y,인쇄,조회
20230926-1,(주)경남캐미칼,MB 510-2 [M／B 510-2 (BLUE)],1925000,세금계산서,PP,Y,인쇄,조회
20230922-1,덕흥수지,PP원료(A),23760000,세금계산서,PP,Y,인쇄,조회
20230921-5,주식회사 썬에이스,MF5000(PE원료) [MF5000_500KG],20856000,세금계산서,PE,Y,인쇄,조회
20230921-4,(주)대원우드,팔레트 1160*800 [1160*800] 외 6건,1557600,세금계산서,PP,Y,인쇄,조회
20230921-3,디엘에프엔씨 주식회사,PP원료 [대림 A],32815200,세금계산서,PP,Y,인쇄,조회
20230921-2,백암지관공업사,지관 200 [지관 200＊8＊190] 외 1건,1873872,세금계산서,PP,Y,인쇄,조회
20230921-1,(주)스피드랩코리아,스트레치필름(일반 기계랩) [18*500mm*2000m] 외 1건,1077175,세금계산서,상품,Y,인쇄,조회
20230920-1,금성포장,패드 380 [380*200 (무인쇄)],550000,세금계산서,PP,Y,인쇄,조회
20230919-2,(주)스피드랩코리아,스트레치필름(일반 기계랩) [20*500mm*1400m],3294500,세금계산서,상품,Y,인쇄,조회
20230919-1,금성포장,패드 540 [540*200],1155000,세금계산서,PP,Y,인쇄,조회
20230918-4,재생산업,PP 재생원료 [PP원료(A)],25009600,세금계산서,PP,Y,인쇄,조회
20230918-3,금정기획,라벨(PP strap)108*50 [[108*50 ]] 외 6건,1571900,세금계산서,PP,Y,인쇄,조회
20230918-2,백암지관공업사,지관 200 [지관 200＊8＊190] 외 1건,1409408,세금계산서,PP,Y,인쇄,조회
20230918-1,백암지관공업사,지관 50 [지관 50＊5＊182] 외 1건,2032800,세금계산서,PE,Y,인쇄,조회
20230914-4,디엘에프엔씨 주식회사,PP원료 [대림 A],32815200,세금계산서,PP,Y,인쇄,조회
20230914-3,주식회사 썬에이스,MF5000(PE원료) [MF5000_500KG],20856000,세금계산서,PE,Y,인쇄,조회
20230914-2,대한유화 주식회사,RB4302 (O.G) 외 1건,28413000,세금계산서,PP,Y,인쇄,조회
20230914-1,재윤상사,팔레트 [팔레트],736450,세금계산서,PP,Y,인쇄,조회
20230913-1,가나수지,HDPE 가공(흰색) [PE 가공] 외 1건,7958500,세금계산서,PP,Y,인쇄,조회
20230912-4,주식회사 대한종합포장,수출)A5형 톰슨-대(무인쇄) [445*200*445],427350,세금계산서,PP,Y,인쇄,조회
20230912-3,디엘에프엔씨 주식회사,PP원료 [대림 A],33052800,세금계산서,PP,Y,인쇄,조회
20230912-2,백암지관공업사,지관 200 [지관 200＊8＊186] 외 1건,1409408,세금계산서,PP,Y,인쇄,조회
20230912-1,(주)대원우드,팔레트 1140*1140 [1140*1140] 외 7건,1214400,세금계산서,PP,Y,인쇄,조회
20230911-3,주식회사 대한종합포장,라운드 박스 385 [385*197*385],1645875,세금계산서,PP,Y,인쇄,조회
20230911-2,(주)경남캐미칼,MB 100B（ [M／B 100B（WHITE）],1815000,세금계산서,PE,Y,인쇄,조회
20230911-1,진흥산업,폴리백 40*57 [폴리백 40*57],475200,세금계산서,PE,Y,인쇄,조회
20230908-1,백암지관공업사,지관 200 [지관 200＊8＊190] 외 2건,1953952,세금계산서,PE,Y,인쇄,조회
20230907-2,백암지관공업사,지관 200 [지관 200＊8＊190],1249248,세금계산서,PP,Y,인쇄,조회
20230907-1,덕흥수지,PP원료(A),23760000,세금계산서,PP,Y,인쇄,조회
20230906-4,재생산업,PP 재생원료 [PP원료(A)],12504800,세금계산서,PP,Y,인쇄,조회
20230906-3,(주)스피드랩코리아,스트레치필름(일반 기계랩) [20*500mm*1400m],1647250,세금계산서,상품,Y,인쇄,조회
20230906-2,(주)태진케미칼,PP원료 [PPA],10333400,세금계산서,PP,Y,인쇄,조회
20230906-1,파코팩(PACO PACK),"12 x 2,500M 0.60T Blue w/Black Print [12 x 2,500M 0.60T Blue w/Black Print] 외 3건",12920000,영세율,상품,Y,인쇄,조회
20230904-2,에어팩코리아,에어백 APK-1022 (1000*2200) [에어백 1000*2200] 외 1건,805200,세금계산서,PP,Y,인쇄,조회
20230904-1,백암지관공업사,지관 200 [지관 200＊8＊190] 외 1건,1329328,세금계산서,PP,Y,인쇄,조회
20230831-4,파코팩(PACO PACK),동판비 [ADRAD] 외 2건,748000,세금계산서,상품,Y,인쇄,조회
20230831-3,파코팩(PACO PACK),"12 x 3,000M 0.63T Blue w/WOODONE F☆☆☆☆ Black printed [12 x 3,000M 0.63T Blue w/WOODONE F☆☆☆☆ Black printed] 외 2건",5869520,영세율,상품,Y,인쇄,조회
20230831-2,삼보팩,고메리 2입(IN) [445*440*410] 외 1건,1726051,세금계산서,PP,Y,인쇄,조회
20230831-1,백암지관공업사,지관 200 [지관 200＊8＊190],1249248,세금계산서,PP,Y,인쇄,조회
20230830-3,지에스칼텍스(주),H430-A [500KG],23232000,세금계산서,PP,Y,인쇄,조회
20230830-2,덕흥수지,PP원료(A),23760000,세금계산서,PP,Y,인쇄,조회
20230830-1,금성포장,보우팩 400 [400＊200],484000,세금계산서,PP,Y,인쇄,조회
20230829-4,지에스칼텍스(주),H-550-A [500KG] 외 1건,8052000,세금계산서,PP,Y,인쇄,조회
20230829-3,제이케이머티리얼즈(주)／순성공장,PP원료,18512208,세금계산서,PP,Y,인쇄,조회
20230829-2,(주)스피드랩코리아,스트레치필름(일반 기계랩) [18*500mm*2000m] 외 1건,1077175,세금계산서,상품,Y,인쇄,조회
20230829-1,백암지관공업사,지관 200 [지관 200＊4＊189] 외 1건,1409408,세금계산서,PP,Y,인쇄,조회
20230828-2,대한유화 주식회사,5014 [pp원료],35640000,세금계산서,PP,Y,인쇄,조회
20230828-1,주식회사 썬에이스,MF5000(PE원료) [MF5000_500KG],20196000,세금계산서,PE,Y,인쇄,조회
20230825-2,(주)영화수출포장,포리밴드 DF50 [470*460*205] 외 2건,2465100,세금계산서,PE,Y,인쇄,조회
20230825-1,주식회사 천강,PP펄렛 [PP펄렛],16620450,세금계산서,PP,Y,인쇄,조회
20230824-4,금성포장,무지 PAD [400＊200],577500,세금계산서,PP,Y,인쇄,조회
20230824-3,백암지관공업사,지관 406 [지관 406＊6＊155] 외 3건,3528448,세금계산서,PP,Y,인쇄,조회
20230824-2,우선산업,PP9M/M [PP9M/M*9.5KG*0.95T(백색)],2198889,세금계산서,PP,Y,인쇄,조회
20230823-2,한국로지스풀(주),팔레트 1100*1100*120 [1100*1100*120],2090000,세금계산서,PP,Y,인쇄,조회
20230823-1,지에스칼텍스(주),H-550-A [500KG],29524000,세금계산서,PP,Y,인쇄,조회
20230822-1,제이케이머티리얼즈(주)／순성공장,PP원료,14144130,세금계산서,PP,Y,인쇄,조회
20230821-4,S-OIL(주)온산공장,HD500/PP50DW [500KG],37125000,세금계산서,PP,Y,인쇄,조회
20230821-3,(주)대원우드,팔레트 1080＊1080 [1080＊1080] 외 7건,1135200,세금계산서,PP,Y,인쇄,조회
20230821-2,백암지관공업사,지관 200 [지관 200＊8＊190],1249248,세금계산서,PP,Y,인쇄,조회
20230821-1,일신케미칼,PP임가공 [PP임가공],2424840,세금계산서,PP,Y,인쇄,조회
20230818-4,디엘에프엔씨 주식회사,PP원료 [대림 A],2688400,세금계산서,PP,Y,인쇄,조회
20230818-3,(주)경남캐미칼,MB 307 [M／B 307 Yellow] 외 2건,2255000,세금계산서,PP,Y,인쇄,조회
20230818-2,금성포장,패드 540 [540*200] 외 1건,1433300,세금계산서,PP,Y,인쇄,조회
20230818-1,덕흥수지,PP원료(A),23760000,세금계산서,PP,Y,인쇄,조회
20230817-2,디엘에프엔씨 주식회사,PP원료 [대림 A],29082240,세금계산서,PP,Y,인쇄,조회
20230817-1,백암지관공업사,지관 200 [지관 200＊8＊186] 외 1건,1873872,세금계산서,PP,Y,인쇄,조회
20230816-2,지에스칼텍스(주),H430-A [500KG],27951000,세금계산서,PP,Y,인쇄,조회
20230816-1,삼보팩,박스 외부 PE (폴리밴드) [320 190 780],1126400,세금계산서,PE,Y,인쇄,조회
20230814-3,(주)스피드랩코리아,스트레치필름(일반 핸드랩) [20*300*380m],1095072,세금계산서,상품,Y,인쇄,조회
20230814-2,백암지관공업사,지관 200 [지관 200＊8＊186],1249248,세금계산서,PP,Y,인쇄,조회
20230814-1,백암지관공업사,지관 200 [지관 200＊8＊190] 외 1건,1329328,세금계산서,PP,Y,인쇄,조회
20230811-1,주식회사 썬에이스,MF5000(PE원료) [MF5000_500KG],3366000,세금계산서,PE,Y,인쇄,조회
20230809-2,주식회사 썬에이스,MF5000(PE원료) [MF5000_500KG],16830000,세금계산서,PE,Y,인쇄,조회
20230809-1,백암지관공업사,지관 50 [지관 50＊5＊182] 외 1건,2360160,세금계산서,PP,Y,인쇄,조회
20230808-6,제이케이머티리얼즈(주)／순성공장,PP원료,21407958,세금계산서,PP,Y,인쇄,조회
20230808-5,(주)태진케미칼,PP원료 [PPA],22545600,세금계산서,PP,Y,인쇄,조회
20230808-4,(주)경남캐미칼,MB 820FL [M／B 820FL（BLACK）] 외 1건,3080000,세금계산서,PP,Y,인쇄,조회
20230808-3,금성포장,패드 540 [540*200],1155000,세금계산서,PP,Y,인쇄,조회
20230808-2,삼보팩,스넬 C/T 260* [260*132*263],1023000,세금계산서,PP,Y,인쇄,조회
20230808-1,대양스트랩(주),PET 12MM*0.70MM*1950MM [EMBOSSED 12MM*0.70MM*1950MM] 외 1건,4017400,영세율,상품,Y,인쇄,조회
20230807-2,지에스칼텍스(주),H430-A [500KG],29282000,세금계산서,PP,Y,인쇄,조회
20230801-3,대한유화 주식회사,RB4302 (O.G),32450000,세금계산서,PP,Y,인쇄,조회
20230801-2,(주)스피드랩코리아,스트레치필름(일반 핸드랩 20) [20*500mm*350m] 외 1건,4261400,세금계산서,상품,Y,인쇄,조회
20230801-1,백암지관공업사,지관 200 [지관 200＊8＊190] 외 1건,2034032,세금계산서,PP,Y,인쇄,조회
20230731-3,덕흥수지,PP원료(A),23760000,세금계산서,PP,Y,인쇄,조회
20230731-2,재생산업,PP 재생원료 [PP원료(A)],14291200,세금계산서,PP,Y,인쇄,조회
20230728-2,일신케미칼,PP임가공 [PP임가공],2339480,세금계산서,PP,Y,인쇄,조회
20230727-3,(주)디에스에스,PET 16mm x 1.0T x 950m [PET 16mm x 1.0T x 950m Smooth Dark Green] 외 1건,4056000,영세율,상품,Y,인쇄,조회
20230727-2,(주)태진케미칼,PP원료 [PPA],16909200,세금계산서,PP,Y,인쇄,조회
20230727-1,파코팩(PACO PACK),"12 x 3,000M 0.60T Clear w/Talleys Red printed [12 x 3,000M 0.60T Clear w/Talleys Red printed] 외 2건",5682600,영세율,상품,Y,인쇄,조회
20230726-4,삼보팩,고메리 12입(IN) [410*275*180] 외 2건,5413287,세금계산서,PP,Y,인쇄,조회
20230726-3,가나수지,PP 재생원료 [투명(A)],5940000,세금계산서,PP,Y,인쇄,조회
20230726-2,금성포장,경인팩 [400＊200],726000,세금계산서,PP,Y,인쇄,조회
20230726-1,백암지관공업사,지관 200 [지관 200＊8＊190],1249248,세금계산서,PP,Y,인쇄,조회
20230724-2,재윤상사,팔레트 [팔레트],715000,세금계산서,PP,Y,인쇄,조회
20230724-1,제이케이머티리얼즈(주)／순성공장,PP원료,10863622,세금계산서,PP,Y,인쇄,조회
20230721-2,금성포장,패드 540 [540*200] 외 1건,1485000,세금계산서,PP,Y,인쇄,조회
20230721-1,백암지관공업사,지관 50 [지관 50＊5＊182] 외 1건,2047848,세금계산서,PP,Y,인쇄,조회
20230720-1,삼보팩,파워팩 4501 C/T 350 [350*130*350] 외 1건,1515800,세금계산서,PP,Y,인쇄,조회
20230719-6,주식회사 썬에이스,MF5000(PE원료) [MF5000_500KG],1628000,세금계산서,PE,Y,인쇄,조회
20230719-5,주식회사 썬에이스,MF5000(PE원료) [MF5000_500KG],17908000,세금계산서,PE,Y,인쇄,조회
20230719-3,백암지관공업사,지관 200 [지관 200＊8＊186] 외 1건,1561560,세금계산서,PP,Y,인쇄,조회
20230719-2,덕흥수지,PP원료(A),23760000,세금계산서,PP,Y,인쇄,조회
20230719-1,파코팩(PACO PACK),PP14MM [PP14M／M 10KG (청색)] 외 2건,2156000,세금계산서,상품,Y,인쇄,조회
20230718-1,백암지관공업사,지관 200 [지관 200＊8＊190],1249248,세금계산서,PP,Y,인쇄,조회
20230717-3,지에스칼텍스(주),H-550-B [500KG],30250000,세금계산서,PP,Y,인쇄,조회
20230717-2,디엘에프엔씨 주식회사,PP원료 [대림 A],31944000,세금계산서,PP,Y,인쇄,조회
20230717-1,(주)대원우드,팔레트 1140*760 [1140*760] 외 8건,1214400,세금계산서,PP,Y,인쇄,조회
20230715-1,삼보팩,파워팩 4506 [430*130*430],1232550,세금계산서,PP,Y,인쇄,조회
20230714-3,백암지관공업사,지관 200 [지관 200＊8＊190] 외 1건,1873872,세금계산서,PP,Y,인쇄,조회
20230714-2,금성포장,패드 540 [540*200],1155000,세금계산서,PP,Y,인쇄,조회
20230714-1,S-OIL(주)온산공장,HD500/PP50DW [500KG],37125000,세금계산서,PP,Y,인쇄,조회
20230710-2,(주)경남캐미칼,MB 6520 [M／B 6520 (GREEN)] 외 3건,4576000,세금계산서,PP,Y,인쇄,조회
20230710-1,백암지관공업사,지관 200 [지관 200＊8＊186] 외 1건,1873872,세금계산서,PP,Y,인쇄,조회
20230709-1,제이케이머티리얼즈(주)／순성공장,PP원료,18053684,세금계산서,PP,Y,인쇄,조회
20230707-3,백암지관공업사,지관 200 [지관 200＊8＊190] 외 1건,1369632,세금계산서,PP,Y,인쇄,조회
20230707-2,재생산업,PP 재생원료 [PP원료(A)],32155200,세금계산서,PP,Y,인쇄,조회
20230707-1,(주)태진케미칼,PP원료 [PPA],22545600,세금계산서,PP,Y,인쇄,조회
20230706-1,금성포장,패드 540 [540*200],1155000,세금계산서,PP,Y,인쇄,조회
20230705-4,백암지관공업사,지관 406 [지관 406＊6＊155] 외 3건,1998348,세금계산서,PP,Y,인쇄,조회
20230705-3,(주)경남캐미칼,MB 510-2 [M／B 510-2 (BLUE)] 외 2건,5544000,세금계산서,PP,Y,인쇄,조회
20230705-2,삼보팩,미국박스 580 [580*170*580] 외 2건,2533894,세금계산서,PP,Y,인쇄,조회
20230705-1,주식회사 대한종합포장,패드 400 [패드 400＊200 무지],2420000,세금계산서,PP,Y,인쇄,조회
20230704-2,한국로지스풀(주),팔레트 1100*1100*150 [1100*1100*150],2555520,세금계산서,PP,Y,인쇄,조회
20230704-1,백암지관공업사,지관 200 [지관 200＊8＊190] 외 3건,2643608,세금계산서,PP,Y,인쇄,조회
20230703-5,금성포장,패드 430 [패드 430＊200 무지],1444300,세금계산서,PP,Y,인쇄,조회
20230703-4,주식회사 썬에이스,MF5000(PE원료) [MF5000_500KG],19536000,세금계산서,PE,Y,인쇄,조회
20230703-3,덕흥수지,PP원료(A),23760000,세금계산서,PP,Y,인쇄,조회
20230703-2,일신케미칼,PP임가공 [PP임가공],2477200,세금계산서,PP,Y,인쇄,조회
20230703-1,에어팩코리아,에어백 APK-1022 (1000*2200) [에어백 1000*2200] 외 1건,805200,세금계산서,PP,Y,인쇄,조회
20230630-2,삼보팩,미국박스 [440 200 445] 외 2건,1537146,세금계산서,PP,Y,인쇄,조회
20230630-1,백암지관공업사,지관 200 [지관 200＊8＊190] 외 2건,1859704,세금계산서,PP,Y,인쇄,조회
20230629-2,(주)태진케미칼,PP원료 [PPA],23100000,세금계산서,PP,Y,인쇄,조회
20230629-1,(주)영화수출포장,경인팩 2KG [320*190*780] 외 1건,1966800,세금계산서,PE,Y,인쇄,조회
20230628-1,가나수지,PP 재생원료 [투명(A)] 외 5건,11514140,세금계산서,PP,Y,인쇄,조회
20230627-4,금성포장,패드 430 [패드 430＊200 무지] 외 2건,1342000,세금계산서,PP,Y,인쇄,조회
20230627-3,주식회사 썬에이스,H5300 [H5300_500kg],37125000,세금계산서,PP,Y,인쇄,조회
20230627-2,동원화학수지,PP원료 [투명],4592500,세금계산서,PP,Y,인쇄,조회
20230627-1,주식회사 천강,PP펄렛 [PP펄렛],16406775,세금계산서,PP,Y,인쇄,조회
20230626-5,백암지관공업사,지관 406 [지관 406＊6＊155],963072,세금계산서,PP,Y,인쇄,조회
20230626-4,S-OIL(주)온산공장,ME100/PC25DW (O.G) [25KG],17292000,세금계산서,PP,Y,인쇄,조회
20230626-3,S-OIL(주)온산공장,HD500/PP50DW [500KG],19140000,세금계산서,PP,Y,인쇄,조회
20230626-2,(주)한국바코드시스템,라벨(아트지도안청색) [[86*46 ]] 외 3건,352000,세금계산서,PP,Y,인쇄,조회
20230626-1,금정기획,라벨(아트지무지)108*50 [[108*50 ]],1100000,세금계산서,PP,Y,인쇄,조회
20230623-2,(주)대원우드,팔레트 1290＊860 [1290＊860] 외 10건,1267200,세금계산서,PP,Y,인쇄,조회
20230623-1,(주)스피드랩코리아,스트레치필름(일반 핸드랩) [20*300*380m],1177440,세금계산서,상품,Y,인쇄,조회
20230622-2,(주)태진케미칼,PP원료 [PPA],23100000,세금계산서,PP,Y,인쇄,조회
20230622-1,백암지관공업사,지관 406 [지관 406＊6＊155] 외 1건,1355464,세금계산서,PP,Y,인쇄,조회
20230621-1,백암지관공업사,지관 200 [지관 200＊8＊190],1249248,세금계산서,PP,Y,인쇄,조회
20230620-3,S-OIL(주)온산공장,HD500/PP50DW [500KG],19140000,세금계산서,PP,Y,인쇄,조회
20230620-2,백암지관공업사,지관 200 [지관 200＊8＊186] 외 1건,1409408,세금계산서,PP,Y,인쇄,조회
20230620-1,덕흥수지,PP원료(A),23760000,세금계산서,PP,Y,인쇄,조회
20230619-1,파코팩(PACO PACK),PP15M [PP15M／M10KG(자동용인쇄밴드)] 외 2건,1243000,세금계산서,상품,Y,인쇄,조회
20230616-3,금성포장,패드 540 [540*200],1155000,세금계산서,PP,Y,인쇄,조회
20230616-2,삼보팩,서플라이웨이BOX(White/SWPS12350WH) [440*200*445] 외 2건,2272325,세금계산서,PP,Y,인쇄,조회
20230616-1,백암지관공업사,지관 200 [지관 200＊8＊190],1561560,세금계산서,PP,Y,인쇄,조회
20230615-1,파코팩(PACO PACK),"12 x 3,000M 0.65T White w/EST 206 Black printed [12 x 3,000M 0.65T White w/EST 206 Black printed] 외 3건",10688760,영세율,상품,Y,인쇄,조회
20230614-3,백암지관공업사,지관 200 [지관 200＊8＊190] 외 1건,1953952,세금계산서,PP,Y,인쇄,조회
20230614-2,재윤상사,팔레트 [팔레트],715000,세금계산서,PP,Y,인쇄,조회
20230614-1,효창산업,CALPET [CALPET],4950000,세금계산서,PP,Y,인쇄,조회
20230613-3,지에스칼텍스(주),H430-A [500KG],33154000,세금계산서,PP,Y,인쇄,조회
20230613-2,제이케이머티리얼즈(주)／순성공장,PP원료,23171148,세금계산서,PP,Y,인쇄,조회
20230613-1,주식회사 썬에이스,MF5000(PE원료) [MF5000_500KG],20196000,세금계산서,PE,Y,인쇄,조회
20230612-3,지에스칼텍스(주),H430-A [500KG],33154000,세금계산서,PP,Y,인쇄,조회
20230612-2,금성포장,패드 540 [540*200],1155000,세금계산서,PP,Y,인쇄,조회
20230612-1,백암지관공업사,지관 50 [지관 50＊5＊182] 외 1건,2078736,세금계산서,PP,Y,인쇄,조회
20230608-2,일신케미칼,PP임가공 [PP임가공],2647480,세금계산서,PP,Y,인쇄,조회
20230608-1,백암지관공업사,지관 200 [지관 200＊8＊190] 외 3건,1878140,세금계산서,PP,Y,인쇄,조회
20230607-3,백암지관공업사,지관 200 [지관 200＊8＊190] 외 1건,1369632,세금계산서,PP,N,인쇄,조회
20230607-2,(주)대원우드,팔레트 1290＊860 [1290＊860],264000,세금계산서,PP,Y,인쇄,조회
20230607-1,성신목재,팔레트 1100*1100 [1100*1100],1760000,세금계산서,PP,Y,인쇄,조회
20230605-3,백암지관공업사,지관 200 [지관 200＊8＊190] 외 2건,2034032,세금계산서,PP,Y,인쇄,조회
20230605-2,(주)경남캐미칼,MB 307 [M／B 307 Yellow] 외 1건,3718000,세금계산서,PP,Y,인쇄,조회
20230605-1,(주)스피드랩코리아,스트레치필름(일반 기계랩) [25*500mm*1400m] 외 1건,1796300,세금계산서,상품,Y,인쇄,조회
20230602-2,S-OIL(주)온산공장,HD500/PP50DW [500KG],39875000,세금계산서,PP,Y,인쇄,조회
20230602-1,동원화학수지,PP원료 [백색],822250,세금계산서,PP,Y,인쇄,조회
20230601-3,(주)대원우드,팔레트 1260*840 [1260*840] 외 4건,211200,세금계산서,PP,Y,인쇄,조회
20230601-2,백암지관공업사,지관 200 [지관 200＊8＊190] 외 1건,1873872,세금계산서,PP,Y,인쇄,조회
20230531-3,덕흥수지,PP원료(A),23760000,세금계산서,PP,Y,인쇄,조회
20230531-2,재생산업,PP 재생원료 [PP원료(A)],33264000,세금계산서,PP,Y,인쇄,조회
20230526-1,금성포장,스텔리온 [320*130*320] 외 7건,3022250,세금계산서,PP,Y,인쇄,조회
20230525-1,(주)한국바코드시스템,바코드리본 110 [110*300 OUT],1056000,세금계산서,PP,Y,인쇄,조회
20230524-2,삼보팩,박스 외부 PE (폴리밴드) [320 190 780],788480,세금계산서,PE,Y,인쇄,조회
20230524-1,백암지관공업사,지관 200 [지관 200＊8＊186] 외 1건,1409408,세금계산서,PP,Y,인쇄,조회
20230523-1,재윤상사,팔레트 [팔레트],679250,세금계산서,PP,Y,인쇄,조회
20230522-6,지에스칼텍스(주),H430-A [500KG],35816000,세금계산서,PP,Y,인쇄,조회
20230522-5,(주)스피드랩코리아,스트레치필름(일반 핸드랩) [25*500mm*300m] 외 1건,201300,세금계산서,상품,Y,인쇄,조회
20230522-4,재생산업,PP 재생원료 [PP원료(A)],33264000,세금계산서,PP,Y,인쇄,조회
20230522-3,(주)영화수출포장,박스 (#28*6kg박스) [465 455 245] 외 2건,2356750,세금계산서,PE,Y,인쇄,조회
20230522-2,금성포장,옴니원패드 430 [430*200] 외 1건,276760,세금계산서,PP,Y,인쇄,조회
20230522-1,가나수지,PP 재생원료 [투명(A)] 외 1건,11061600,세금계산서,PP,Y,인쇄,조회
20230519-6,제이케이머티리얼즈(주)／순성공장,PE원료 [재생원료] 외 1건,13618176,세금계산서,PE,Y,인쇄,조회
20230519-5,제이케이머티리얼즈(주)／순성공장,PP 재생원료,18920946,세금계산서,PP,Y,인쇄,조회
20230519-4,주식회사 썬에이스,MF5000(PE원료) [MF5000_500KG],20856000,세금계산서,PE,Y,인쇄,조회
20230519-3,주식회사 썬에이스,Y-130 [Y-130PDR_500kg],797500,세금계산서,PP,Y,인쇄,조회
20230519-2,백암지관공업사,지관 50 [지관 50＊5＊182] 외 2건,2534136,세금계산서,PP,Y,인쇄,조회
20230519-1,진영프라스틱,PP 은색 [PP 은색],14014000,세금계산서,PP,Y,인쇄,조회
20230518-2,제이케이머티리얼즈(주)／순성공장,PP 재생원료,15864420,세금계산서,PP,Y,인쇄,조회
20230518-1,주식회사시몬사,피피클립 [19*28(2KG-삼성)],138600,세금계산서,상품,Y,인쇄,조회
20230517-2,백암지관공업사,지관 200 [지관 200＊8＊190] 외 2건,2034032,세금계산서,PP,Y,인쇄,조회
20230517-1,덕흥수지,PP원료(A),23760000,세금계산서,PP,Y,인쇄,조회
20230516-1,(주)스피드랩코리아,스트레치필름(일반 핸드랩 20) [20*500mm*350m],693000,세금계산서,상품,Y,인쇄,조회
20230515-2,(주)경남캐미칼,MB 510-2 [M／B 510-2 (BLUE)],1925000,세금계산서,PP,Y,인쇄,조회
20230515-1,(주)태진케미칼,PP원료 [PPA],20212500,세금계산서,PP,Y,인쇄,조회
20230512-1,(주)태진케미칼,PP원료 [PPA],9900000,세금계산서,PP,Y,인쇄,조회
20230511-4,S-OIL(주)온산공장,HD500/PP50DW [500KG],41250000,세금계산서,PP,Y,인쇄,조회
20230511-3,지에스칼텍스(주),H-550-B [500KG],33396000,세금계산서,PP,Y,인쇄,조회
20230511-2,일신케미칼,PP임가공 [PP임가공],2161720,세금계산서,PP,Y,인쇄,조회
20230511-1,백암지관공업사,지관 200 [지관 200＊8＊190] 외 1건,1873872,세금계산서,PP,Y,인쇄,조회
20230510-6,백암지관공업사,지관 200 [지관 200＊8＊190] 외 1건,1409408,세금계산서,PP,Y,인쇄,조회
20230510-5,(주)경남캐미칼,MB 100B（ [M／B 100B（WHITE）],1870000,세금계산서,PP,Y,인쇄,조회
20230510-4,(주)태진케미칼,PP원료 [PPA],9900000,세금계산서,PP,Y,인쇄,조회
20230510-1,삼보팩,고메리 12입(C/T) [570*430*390] 외 2건,4609187,세금계산서,PP,Y,인쇄,조회
20230504-1,(주)대원우드,팔레트 1200*1200 [1200*1200] 외 7건,1056000,세금계산서,PP,Y,인쇄,조회
20230428-1,백암지관공업사,지관 200 [지관 200＊8＊190] 외 1건,1249248,세금계산서,PP,Y,인쇄,조회
20230427-2,금성포장,패드 400 [패드 400＊200 적색] 외 2건,3410000,세금계산서,PP,Y,인쇄,조회
20230427-1,파코팩(PACO PACK),인쇄밴드(솔표) [PP15M／M10KG],2200000,세금계산서,상품,Y,인쇄,조회
20230426-1,지에스칼텍스(주),H430 [500KG] 외 1건,35695000,세금계산서,PP,Y,인쇄,조회
20230425-2,삼보팩,평면골판지 [구래단 (1100mm x 40000mm)],958320,세금계산서,PP,Y,인쇄,조회
20230425-1,주식회사 썬에이스,MF5000(PE원료) [MF5000_500KG],21384000,세금계산서,PE,Y,인쇄,조회
20230424-1,백암지관공업사,지관 50 [지관 50＊5＊225] 외 1건,1684848,세금계산서,PP,Y,인쇄,조회
20230421-2,(주)스피드랩코리아,스트레치필름(일반 핸드랩) [20*300*380m],1177440,세금계산서,상품,Y,인쇄,조회
20230421-1,금정기획,라벨(아트지) [80*30] 외 1건,88000,세금계산서,PP,Y,인쇄,조회
20230420-3,백암지관공업사,지관 200 [지관 200＊8＊190] 외 1건,1873872,세금계산서,PP,Y,인쇄,조회
20230420-2,덕흥수지,PP원료(A),23760000,세금계산서,PP,Y,인쇄,조회
20230419-4,한국파렛트풀(주),팔레트 1100*1100*120 [1100*1100*120 7kg],2772000,세금계산서,PP,Y,인쇄,조회
20230419-3,주식회사 썬에이스,SY-130SA [SY-130SA_500kg],15950000,세금계산서,PP,Y,인쇄,조회
20230419-2,일신케미칼,PP임가공 [PP임가공],4031720,세금계산서,PP,Y,인쇄,조회
20230419-1,금성포장,타이거팩 4500 C/T 320 [320*130*320] 외 1건,1034000,세금계산서,PP,Y,인쇄,조회
20230418-2,(주)경남캐미칼,MB 307 [M／B 307 Yellow],2035000,세금계산서,PP,Y,인쇄,조회
20230418-1,S-OIL(주)온산공장,HD500/PP50DW [500KG] 외 1건,38148000,세금계산서,PP,Y,인쇄,조회
20230417-1,백암지관공업사,지관 200 [지관 200＊8＊190] 외 1건,1721720,세금계산서,PP,Y,인쇄,조회
20230414-2,제이케이머티리얼즈(주)／순성공장,PP 재생원료,20830920,세금계산서,PE,Y,인쇄,조회
20230414-1,제이케이머티리얼즈(주)／순성공장,PE원료 [재생원료],3108864,세금계산서,PP,Y,인쇄,조회
20230413-2,디엘에프엔씨 주식회사,PP원료 [대림 A],32313600,세금계산서,PP,Y,인쇄,조회
20230413-1,백암지관공업사,지관 200 [지관 200＊8＊190] 외 2건,2324124,세금계산서,PP,Y,인쇄,조회
20230412-2,백암지관공업사,지관 200 [지관 200＊8＊190] 외 1건,1249248,세금계산서,PP,Y,인쇄,조회
20230412-1,금정기획,라벨(아트지무지)70*150 [[70*150 ]] 외 1건,110000,세금계산서,PP,Y,인쇄,조회
20230411-4,재생산업,PP 재생원료 [PP원료(A)],33264000,세금계산서,PP,Y,인쇄,조회
20230411-3,주식회사 썬에이스,TI-640_25kg,569250,세금계산서,PP,Y,인쇄,조회
20230411-2,주식회사 썬에이스,Y-130_25kg,1303500,세금계산서,PP,Y,인쇄,조회
20230411-1,주식회사 썬에이스,MF5000(PE원료) [MF5000_500KG],21384000,세금계산서,PP,Y,인쇄,조회
20230407-2,에콜그린텍 주식회사,생분해성 원료 [화이트] 외 1건,660000,세금계산서,PP,Y,인쇄,조회
20230407-1,금성포장,패드 510 [패드 510*200] 외 2건,1584000,세금계산서,PP,Y,인쇄,조회
20230406-5,삼환강업(주),STEEL 19MMx0.56x16KG ZINC COATED MINI RIBBON [STEEL 19MMx0.56x16KG ZINC COATED MINI RIBBON] 외 1건,15852186,영세율,상품,Y,인쇄,조회
20230406-4,(주)영화수출포장,경인팩 2KG [320*190*780] 외 2건,2532860,세금계산서,PE,Y,인쇄,조회
20230406-3,백암지관공업사,지관 200 [지관 200＊8＊190],1561560,세금계산서,PP,Y,인쇄,조회
20230406-2,성신목재,팔레트 1100*1100 [1100*1100] 외 1건,1760000,세금계산서,PP,Y,인쇄,조회
20230406-1,(주)경남캐미칼,M45K420B COMPOUND,451000,세금계산서,PP,Y,인쇄,조회
20230405-2,지에스칼텍스(주),H430-A [500KG],35090000,세금계산서,PP,Y,인쇄,조회
20230405-1,금정기획,라벨(아트지도안 AWP) 2119 [115*55] 외 1건,101200,세금계산서,PP,Y,인쇄,조회
20230403-3,덕흥수지,PP원료(A),23760000,세금계산서,PP,Y,인쇄,조회
20230403-2,(주)경남캐미칼,MB 510-2 [M／B 510-2 (BLUE)],1925000,세금계산서,PP,Y,인쇄,조회
20230403-1,백암지관공업사,지관 50 [지관 50＊5＊182] 외 1건,2185788,세금계산서,PP,Y,인쇄,조회
20230329-3,파코팩(PACO PACK),"12 x 3,000M 0.65T White w/EST 206 Black printed [12 x 3,000M 0.65T White w/EST 206 Black printed] 외 1건",4354560,영세율,상품,Y,인쇄,조회
20230329-2,금성포장,패드 430 [패드 430＊200 무지] 외 2건,2212100,세금계산서,PP,Y,인쇄,조회
20230328-1,백암지관공업사,지관 200 [지관 200＊8＊190] 외 1건,1837836,세금계산서,PP,Y,인쇄,조회
20230324-1,백암지관공업사,지관 200 [지관 200＊8＊186] 외 1건,2034032,세금계산서,PP,Y,인쇄,조회
20230323-5,(주)대원우드,팔레트 1060＊1320 [1060＊1320] 외 1건,79200,세금계산서,PP,Y,인쇄,조회
20230323-4,주식회사 썬에이스,MF5000(PE원료) [MF5000_500KG],21384000,세금계산서,PE,Y,인쇄,조회
20230323-3,일신케미칼,PP임가공 [PP임가공],2040280,세금계산서,PP,Y,인쇄,조회
20230323-2,(주)경남캐미칼,MB 820FL [M／B 820FL（BLACK）] 외 1건,3190000,세금계산서,PP,Y,인쇄,조회
20230323-1,가나수지,PP 재생원료 [청색] 외 4건,9553170,세금계산서,PP,Y,인쇄,조회
20230322-1,금성포장,보우팩 400 [400＊200] 외 1건,935000,세금계산서,PP,Y,인쇄,조회
20230321-1,백암지관공업사,지관 200 [지관 200＊8＊186] 외 1건,1409408,세금계산서,PP,Y,인쇄,조회
20230317-5,금성포장,타이거팩 4505 C/T 430 [430*130*430] 외 1건,1144000,세금계산서,PP,Y,인쇄,조회
20230317-4,백암지관공업사,지관 200 [지관 200＊8＊190] 외 1건,1249248,세금계산서,PP,Y,인쇄,조회
20230317-2,금성포장,패드 380 [380*200 (무인쇄)] 외 1건,1771000,세금계산서,PP,Y,인쇄,조회
20230317-1,덕흥수지,PP원료(A),23760000,세금계산서,PP,Y,인쇄,조회
20230316-3,제이케이머티리얼즈(주)／순성공장,PP원료,23406768,세금계산서,PP,Y,인쇄,조회
20230316-2,삼보팩,박스 외부 PE (폴리밴드) [320 190 780],788480,세금계산서,PE,Y,인쇄,조회
20230316-1,효창산업,CALPET [CALPET],4950000,세금계산서,PP,Y,인쇄,조회
20230315-3,백암지관공업사,지관 200 [지관 200＊8＊190] 외 1건,1873872,세금계산서,PP,Y,인쇄,조회
20230315-2,진흥산업,폴리백 40*57 [폴리백 40*57],498960,세금계산서,PE,Y,인쇄,조회
20230315-1,재생산업,PP 재생원료 [PP원료(A)],33264000,세금계산서,PP,Y,인쇄,조회
20230314-1,에어팩코리아,에어백 APK-1022 (1000*2200) [에어백 1000*2200],508200,세금계산서,PP,Y,인쇄,조회
20230313-2,(주)경남캐미칼,MB 307 [M／B 307 Yellow],1628000,세금계산서,PP,Y,인쇄,조회
20230313-1,백암지관공업사,지관 50 [지관 50＊5＊182] 외 1건,2221824,세금계산서,PP,Y,인쇄,조회
20230309-2,제이케이머티리얼즈(주)／순성공장,PP원료,41219750,세금계산서,PP,Y,인쇄,조회
20230309-1,백암지관공업사,지관 200 [지관 200＊8＊190] 외 1건,1873872,세금계산서,PP,Y,인쇄,조회
20230308-7,금성포장,무인쇄톰슨접착 320 [320*130*320],1724580,세금계산서,PP,Y,인쇄,조회
20230308-6,디엘에프엔씨 주식회사,PP원료 [대림 A],32815200,세금계산서,PP,Y,인쇄,조회
20230308-5,디엘에프엔씨 주식회사,PP원료 [대림 A],32815200,세금계산서,PP,Y,인쇄,조회
20230308-4,지에스칼텍스(주),H430-A [500KG],35090000,세금계산서,PP,Y,인쇄,조회
20230308-3,금성포장,패드 540 [540*200],2310000,세금계산서,PP,Y,인쇄,조회
20230308-2,(주)스피드랩코리아,스트레치필름(일반 기계랩) [20*500mm*1400m],3542000,세금계산서,상품,Y,인쇄,조회
20230308-1,주식회사 썬에이스,Y-135_25kg,524700,세금계산서,PP,Y,인쇄,조회
20230307-2,(주)태진케미칼,PP원료 [PPA],20625000,세금계산서,PP,Y,인쇄,조회
20230307-1,삼보팩,고메리 2입 (C/T) [450*445*400] 외 4건,3652550,세금계산서,PP,Y,인쇄,조회
20230306-5,주식회사 천강,PP펄렛 [PP펄렛],16568475,세금계산서,PP,Y,인쇄,조회
20230306-4,(주)스피드랩코리아,스트레치필름(기능 핸드랩) [15*500mm*400m],1373680,세금계산서,상품,Y,인쇄,조회
20230306-3,성신목재,팔레트 1100*1100 [1100*1100],1760000,세금계산서,PP,Y,인쇄,조회
20230306-2,가나수지,PP 재생원료 [투명(A)],6875000,세금계산서,PP,Y,인쇄,조회
20230306-1,일신케미칼,PP임가공 [PP임가공],3165800,세금계산서,PP,Y,인쇄,조회
20230302-2,백암지관공업사,지관 200 [지관 200＊8＊190] 외 1건,1329328,세금계산서,PP,Y,인쇄,조회
20230302-1,(주)스피드랩코리아,스트레치필름(일반 핸드랩) [20*300*380m],1231296,세금계산서,상품,Y,인쇄,조회
20230228-4,지에스칼텍스(주),H430-A [500KG],33880000,세금계산서,PP,Y,인쇄,조회
20230228-3,주식회사 썬에이스,Y-130_25kg 외 1건,979550,세금계산서,PP,Y,인쇄,조회
20230228-2,백암지관공업사,지관 200 [지관 200＊8＊190] 외 1건,1329328,세금계산서,PP,Y,인쇄,조회
20230228-1,(주)대원우드,팔레트 1200*1200 [1200*1200] 외 6건,1108800,세금계산서,PP,Y,인쇄,조회
20230224-4,지에스칼텍스(주),H430-A [500KG],33880000,세금계산서,PP,Y,인쇄,조회
20230224-3,(주)경남캐미칼,MB 820FL [M／B 820FL（BLACK）],1320000,세금계산서,PP,Y,인쇄,조회
20230224-2,덕흥수지,PP원료(A),23760000,세금계산서,PP,Y,인쇄,조회
20230224-1,금성포장,패드 540 [540*200],1178100,세금계산서,PP,Y,인쇄,조회
20230223-1,제이케이머티리얼즈(주)／순성공장,PE원료 [재생원료],26059264,세금계산서,PP,Y,인쇄,조회
20230222-1,백암지관공업사,지관 200 [지관 200＊8＊190] 외 1건,1372536,세금계산서,PP,Y,인쇄,조회
20230221-2,(주)경남캐미칼,MB 510-2 [M／B 510-2 (BLUE)],1925000,세금계산서,PP,Y,인쇄,조회
20230221-1,금성포장,패드 420 [420＊200 무지],1333200,세금계산서,PP,Y,인쇄,조회
20230220-3,S-OIL(주)온산공장,HD500/PP50DW [500KG],41250000,세금계산서,PP,Y,인쇄,조회
20230220-2,백암지관공업사,지관 200 [지관 200＊8＊190] 외 1건,1641640,세금계산서,PP,Y,인쇄,조회
20230220-1,덕흥수지,PP원료(A),23760000,세금계산서,PP,Y,인쇄,조회
20230217-1,(주)태진케미칼,PP원료 [PPA],20625000,세금계산서,PP,Y,인쇄,조회
20230216-1,백암지관공업사,지관 50 [지관 50＊5＊182] 외 2건,3006608,세금계산서,PP,Y,인쇄,조회
20230215-1,(주)스피드랩코리아,스트레치필름(일반 기계랩) [20*500mm*1400m] 외 1건,3144680,세금계산서,상품,Y,인쇄,조회
20230214-4,백암지관공업사,지관 200 [지관 200＊8＊190] 외 2건,1721720,세금계산서,PP,Y,인쇄,조회
20230214-3,(주)태진케미칼,PP원료 [PPA],20625000,세금계산서,PP,Y,인쇄,조회
20230214-2,일신케미칼,PP임가공 [PP임가공],2335520,세금계산서,PP,Y,인쇄,조회
20230214-1,진흥산업,폴리백 26＊44 [폴리백 26＊44],1430000,세금계산서,PE,Y,인쇄,조회
20230210-1,진영프라스틱,PP 청색 [PP 청색] 외 1건,-8087200,세금계산서,PP,Y,인쇄,조회
20230209-1,백암지관공업사,지관 200 [지관 200＊8＊190] 외 2건,1953952,세금계산서,PP,Y,인쇄,조회
20230208-4,재생산업,PP 재생원료 [PP원료(A)] 외 1건,33363000,세금계산서,PP,Y,인쇄,조회
20230208-2,(주)영화수출포장,박스 (#28*6kg박스) [465 455 245],795168,세금계산서,PE,Y,인쇄,조회
20230208-1,(주)경남캐미칼,MB 100B（ [M／B 100B（WHITE）],1870000,세금계산서,PP,Y,인쇄,조회
20230207-2,제이케이머티리얼즈(주)／순성공장,PP원료,42594552,세금계산서,PP,Y,인쇄,조회
20230207-1,덕흥수지,PP원료(A),23760000,세금계산서,PP,Y,인쇄,조회
20230206-2,성진산업롤,고무롤 [연마[1000*210]] 외 3건,814000,세금계산서,PP,Y,인쇄,조회
20230206-1,주식회사 천강,PP펄렛 [PP펄렛],16210425,세금계산서,PP,Y,인쇄,조회
20230204-1,(주)경남캐미칼,M45K420B COMPOUND,1353000,세금계산서,PP,Y,인쇄,조회
20230203-3,가나수지,PP 재생원료 [투명(A)] 외 3건,12738000,세금계산서,PP,Y,인쇄,조회
20230203-2,(주)스피드랩코리아,스트레치필름(일반 기계랩) [20*500mm*1400m],1771000,세금계산서,PP,Y,인쇄,조회
20230203-1,백암지관공업사,지관 200 [지관 200＊8＊190] 외 2건,1641640,세금계산서,PP,Y,인쇄,조회
20230202-7,S-OIL(주)온산공장,HD500/PP50DW [500KG],41250000,세금계산서,PP,Y,인쇄,조회
20230202-6,제이케이머티리얼즈(주)／순성공장,PP원료,23171148,세금계산서,PP,Y,인쇄,조회
20230202-5,(주)스피드랩코리아,스트레치필름(일반 핸드랩 20) [20*500mm*350m],693000,세금계산서,상품,Y,인쇄,조회
20230202-3,(주)영화수출포장,포리밴드 DF50 [470*460*205] 외 1건,1528450,세금계산서,PE,Y,인쇄,조회
20230202-2,한국파렛트풀(주),팔레트 1100*1100*120 [1100*1100*120 7kg],2772000,세금계산서,PP,Y,인쇄,조회
20230202-1,금성포장,패드 540 [540*200],1155000,세금계산서,PP,Y,인쇄,조회
20230201-3,우선산업,PP9M/M [PP9M/M*9.5KG*0.95T(백색)],2198889,세금계산서,PP,Y,인쇄,조회
20230201-2,(주)대원우드,팔레트 1140*1140 [1140*1140] 외 4건,633600,세금계산서,PP,Y,인쇄,조회
20230201-1,백암지관공업사,지관 200 [지관 200＊8＊190] 외 1건,1873872,세금계산서,PP,Y,인쇄,조회
20230131-6,주식회사 썬에이스,Y-120_25kg 외 2건,3401200,세금계산서,PP,Y,인쇄,조회
20230131-5,S-OIL(주)온산공장,HD500/PP50DW [500KG],40425000,세금계산서,PP,Y,인쇄,조회
20230131-4,두성엔지니어링,엠보로라 가공,8250000,세금계산서,PP,Y,인쇄,조회
20230131-3,주식회사 썬에이스,Y-120_25kg,37950000,세금계산서,PP,Y,인쇄,조회
20230131-2,(주)경남캐미칼,MB 307 [M／B 307 Yellow] 외 1건,3960000,세금계산서,PP,Y,인쇄,조회
20230131-1,금성포장,패드 400 [패드 400＊200 적색] 외 1건,2682900,세금계산서,PP,Y,인쇄,조회
20230130-1,주식회사 썬에이스,MF5000(PE원료) [MF5000_500KG] 외 1건,43725000,세금계산서,PE,Y,인쇄,조회
20230127-3,제이케이머티리얼즈(주)／순성공장,PP원료,23060268,세금계산서,PP,Y,인쇄,조회
20230127-2,백암지관공업사,지관 200 [지관 200＊4＊189] 외 1건,1975776,세금계산서,PP,Y,인쇄,조회
20230127-1,덕흥수지,PP원료(A),23760000,세금계산서,PP,Y,인쇄,조회
20230126-2,주식회사 썬에이스,MF5000(PE원료) [MF5000_500KG],20988000,세금계산서,PE,Y,인쇄,조회
20230126-1,백암지관공업사,지관 200 [지관 200＊4＊189] 외 1건,1409408,세금계산서,PP,Y,인쇄,조회
20230119-4,백암지관공업사,지관 200 [지관 200＊8＊190] 외 1건,1873872,세금계산서,PP,Y,인쇄,조회
20230119-3,금성포장,패드540(무인쇄) [패드540*200],1155000,세금계산서,PP,Y,인쇄,조회
20230119-2,삼보팩,박스 외부 PE (폴리밴드) [320 190 780],786227,세금계산서,PE,Y,인쇄,조회
20230118-3,성신목재,팔레트 1100*1100 [1100*1100 열처리] 외 1건,946000,세금계산서,PP,Y,인쇄,조회
20230118-2,재생산업,PP 재생원료 [PP원료(A)] 외 1건,2145000,세금계산서,PP,Y,인쇄,조회
20230117-4,제이케이머티리얼즈(주)／순성공장,PE원료 [재생원료],12984576,세금계산서,PE,Y,인쇄,조회
20230117-3,경인팩,결속기용 칼날,110000,세금계산서,상품,Y,인쇄,조회
20230117-2,두성엔지니어링,RING 가공 [Φ150*Φ132*13L] 외 5건,4147000,세금계산서,PP,Y,인쇄,조회
20230117-1,백암지관공업사,지관 200 [지관 200＊8＊190],1873872,세금계산서,PP,Y,인쇄,조회
20230116-3,(주)스피드랩코리아,스트레치필름(일반 기계랩) [20*500mm*1400m] 외 1건,4518360,세금계산서,상품,Y,인쇄,조회
20230116-2,동원화학수지,PP원료 [블랙] 외 1건,21057850,세금계산서,PP,Y,인쇄,조회
20230116-1,일신케미칼,PP임가공 [PP임가공],6124800,세금계산서,PP,Y,인쇄,조회
20230113-1,(주)스피드랩코리아,스트레치필름(일반 기계랩) [20*500mm*1400m],1771000,세금계산서,상품,Y,인쇄,조회
20230112-4,삼보팩,무인쇄톰슨접착 430 [430*130*130] 외 3건,5027880,세금계산서,PP,Y,인쇄,조회
20230112-3,(주)영화수출포장,경인팩 2KG [320*190*780] 외 1건,1504048,세금계산서,PP,Y,인쇄,조회
20230112-2,주식회사 썬에이스,MF5000(PE원료) [MF5000_500KG],20988000,세금계산서,PE,Y,인쇄,조회
20230112-1,디엘에프엔씨 주식회사,PP원료 [대림 A],31231200,세금계산서,PP,Y,인쇄,조회
20230111-2,제이케이머티리얼즈(주)／순성공장,PE원료 [재생원료],23099648,세금계산서,PE,Y,인쇄,조회
20230111-1,백암지관공업사,지관 200 [지관 200＊4＊189] 외 1건,2381984,세금계산서,PP,Y,인쇄,조회
20230106-3,(주)대원우드,팔레트 1290＊1290 [1290＊1290],26400,세금계산서,PP,Y,인쇄,조회
20230106-2,(주)경남캐미칼,UV-NATURAL 외 1건,2145000,세금계산서,PP,Y,인쇄,조회
20230106-1,백암지관공업사,지관 200 [지관 200＊8＊190] 외 2건,2355408,세금계산서,PP,Y,인쇄,조회
20230105-2,제이케이머티리얼즈(주)／순성공장,PP원료,23032548,세금계산서,PP,Y,인쇄,조회
20230105-1,경인팩,결속기용 칼날,22000,세금계산서,상품,Y,인쇄,조회
20230104-3,금성포장,패드 420 [420＊200 (아이엠센트럴)],765380,세금계산서,PP,Y,인쇄,조회
20230104-1,백암지관공업사,지관 200 [지관 200＊8＊186],1249248,세금계산서,PP,Y,인쇄,조회
20230103-1,제이케이머티리얼즈(주)／순성공장,PP원료,23406768,세금계산서,PP,Y,인쇄,조회
20230102-1,(주)대원우드,팔레트 1080＊1080 [1080＊1080] 외 4건,660000,세금계산서,PP,Y,인쇄,조회
20230101-2,(주)스피드랩코리아,스트레치필름(일반 핸드랩 20) [20*500mm*350m],2217600,세금계산서,상품,Y,인쇄,조회
20230101-1,(주)스피드랩코리아,스트레치필름(기능 핸드랩) [15*500mm*400m] 외 1건,3144680,세금계산서,상품,Y,인쇄,조회
20221231-1,제이케이머티리얼즈(주)／순성공장,PP원료,23862784,세금계산서,PP,Y,인쇄,조회
20221230-2,금성포장,패드 540 [540*200],1155000,세금계산서,PP,Y,인쇄,조회
20221230-1,삼보팩,미국박스 580 [580*170*580] 외 1건,1767392,세금계산서,PP,Y,인쇄,조회
20221229-2,백암지관공업사,지관 200 [지관 200＊8＊190] 외 1건,1873872,세금계산서,PP,Y,인쇄,조회
20221229-1,파코팩(PACO PACK),15M/M (수축밴드) [15mm*1300m* 0.6mm(T) 10KG(투명)],4224000,세금계산서,상품,Y,인쇄,조회
20221228-1,제이케이머티리얼즈(주)／순성공장,PP원료,24580864,세금계산서,PP,Y,인쇄,조회
20221227-3,백암지관공업사,지관 200 [지관 200＊8＊190],1249248,세금계산서,PP,Y,인쇄,조회
20221227-2,금성포장,패드 400 [패드 400＊200 적색],1222100,세금계산서,PP,Y,인쇄,조회
20221227-1,신일이에프에스 주식회사,PP원료 [재생 PP-백색],11220000,세금계산서,PP,Y,인쇄,조회
20221226-3,삼보팩,패드 580 [580*406 무지] 외 2건,1281224,세금계산서,PP,Y,인쇄,조회
20221226-2,(주)경남캐미칼,M45K420B COMPOUND,1353000,세금계산서,PP,Y,인쇄,조회
20221226-1,재생산업,PP 재생원료 [PP원료(OG)],34095600,세금계산서,PP,Y,인쇄,조회
20221223-4,S-OIL(주)온산공장,HD500/PP50DW [500KG],40425000,세금계산서,PP,Y,인쇄,조회
20221223-2,(주)경남캐미칼,MB 100B（ [M／B 100B（WHITE）],1870000,세금계산서,PP,Y,인쇄,조회
20221223-1,(주)스피드랩코리아,스트레치필름(일반 핸드랩) [20*300*380m],1268784,세금계산서,상품,Y,인쇄,조회
20221222-1,백암지관공업사,지관 200 [지관 200＊8＊190] 외 1건,2034032,세금계산서,PP,Y,인쇄,조회
20221221-1,진송팩,파렛트 밴딩기 ( 참 1200mm) [DBA-130],1958000,세금계산서,상품,Y,인쇄,조회
20221220-4,덕흥수지,PP원료(A),23760000,세금계산서,PP,Y,인쇄,조회
20221220-3,(주)경남캐미칼,MB 307 [M／B 307 Yellow],2035000,세금계산서,PP,Y,인쇄,조회
20221220-2,백암지관공업사,지관 200 [지관 200＊8＊190],1249248,세금계산서,PP,Y,인쇄,조회
20221220-1,효창산업,CALPET [CALPET],4950000,세금계산서,PP,Y,인쇄,조회
20221216-3,백암지관공업사,지관 50 [지관 50＊5＊225] 외 1건,2032800,세금계산서,PP,Y,인쇄,조회
20221216-2,(주)스피드랩코리아,스트레치필름(일반 핸드랩) [25*500mm*300m] 외 1건,213070,세금계산서,상품,Y,인쇄,조회
20221216-1,백암지관공업사,지관 406 [지관 406＊6＊155] 외 1건,1298088,세금계산서,PP,Y,인쇄,조회
20221215-1,디엘에프엔씨 주식회사,PP원료 [대림 A],31231200,세금계산서,PP,Y,인쇄,조회
20221214-2,주식회사 썬에이스,MF5000(PE원료) [MF5000_500KG],43725000,세금계산서,PE,Y,인쇄,조회
20221214-1,백암지관공업사,지관 200 [지관 200＊8＊186] 외 1건,1948848,세금계산서,PP,Y,인쇄,조회
20221213-5,파코팩(PACO PACK),운송료,71500,세금계산서,상품,Y,인쇄,조회
20221213-4,파코팩(PACO PACK),"12 x 3,000M 0.65T White w/EST 206 Black printed [12 x 3,000M 0.65T White w/EST 206 Black printed] 외 1건",5354640,영세율,상품,Y,인쇄,조회
20221213-3,(주)대원우드,팔레트 1080＊1080 [1080＊1080] 외 3건,528000,세금계산서,PP,Y,인쇄,조회
20221213-2,(주)영화수출포장,포리밴드 DF50 [470*460*205],808500,세금계산서,PE,Y,인쇄,조회
20221213-1,한국파렛트풀(주),팔레트 1100*1100*120 [1100*1100*120 7kg],2772000,세금계산서,PP,N,인쇄,조회
20221212-3,백암지관공업사,지관 200 [지관 200＊4＊189],1177176,세금계산서,PP,Y,인쇄,조회
20221212-1,삼보팩,서플라이웨이BOX(White/SWPS12350WH) [440*200*445] 외 1건,2915011,세금계산서,PP,Y,인쇄,조회
20221209-4,백암지관공업사,지관 406 [지관 406＊6＊155],727320,세금계산서,PP,Y,인쇄,조회
20221209-3,제이케이머티리얼즈(주)／순성공장,PE원료 [재생원료],22226688,세금계산서,PE,Y,인쇄,조회
20221209-2,금성포장,타이거팩 4500 C/T 320 [320*130*320] 외 2건,1547700,세금계산서,PP,Y,인쇄,조회
20221208-4,금성포장,패드 430 [패드 430＊200 무지],1444300,세금계산서,PP,Y,인쇄,조회
20221208-3,주식회사시몬사,피피클립 [19*28(2KG-삼성)],92400,세금계산서,상품,Y,인쇄,조회
20221208-2,(주)영화수출포장,박스 내수PE(폴리밴드) [320 190 780],917840,세금계산서,PE,Y,인쇄,조회
20221208-1,백암지관공업사,지관 200 [지관 200＊8＊186] 외 2건,1770736,세금계산서,PP,Y,인쇄,조회
20221206-1,주식회사시몬사,피피클립 [19*28(2KG-삼성)],92400,세금계산서,상품,Y,인쇄,조회
20221205-2,진흥산업,폴리백 57*57 [폴리백 57*57],580800,세금계산서,PP,Y,인쇄,조회
20221205-1,신일이에프에스 주식회사,PP원료 [재생 PP-백색],11880000,세금계산서,PP,Y,인쇄,조회
20221202-2,금성포장,패드 540 [540*200],1155000,세금계산서,PP,Y,인쇄,조회
20221202-1,백암지관공업사,지관 200 [지관 200＊4＊189] 외 2건,2346344,세금계산서,PP,Y,인쇄,조회
20221201-1,(주)경남캐미칼,MB 820FL [M／B 820FL（BLACK）] 외 1건,1691250,세금계산서,PP,Y,인쇄,조회
20221130-6,제이케이머티리얼즈(주)／순성공장,PP원료,17763328,세금계산서,PP,Y,인쇄,조회
20221130-5,제이케이머티리얼즈(주)／순성공장,PP원료,4440832,세금계산서,PP,Y,인쇄,조회
20221130-4,제이케이머티리얼즈(주)／순성공장,PP원료,24634368,세금계산서,PP,Y,인쇄,조회
20221130-3,주식회사 썬에이스,Pelestat V H230_20KG [대전방지제],1584000,세금계산서,PP,Y,인쇄,조회
20221130-2,파코팩(PACO PACK),PP12M [PP12M／M9KG(인쇄)],1283040,세금계산서,상품,Y,인쇄,조회
20221129-1,삼보팩,스넬 C/T 260* [260*132*263],1023000,세금계산서,PP,Y,인쇄,조회
20221125-3,백암지관공업사,지관 200 [지관 200＊8＊186] 외 2건,1815616,세금계산서,PP,Y,인쇄,조회
20221125-2,금성포장,패드 400 [패드 400＊200 무지],1210000,세금계산서,PP,Y,인쇄,조회
20221125-1,가나수지,PP 재생원료 [투명(A)] 외 3건,8105900,세금계산서,PP,Y,인쇄,조회
20221124-1,(주)대원우드,팔레트 1080＊1080 [1080＊1080] 외 6건,580800,세금계산서,PP,Y,인쇄,조회
20221123-2,주식회사 썬에이스,Y-130_25kg,34531750,세금계산서,PP,Y,인쇄,조회
20221123-1,삼보팩,고메리 3입 (C/T) [360*355*385] 외 1건,2077777,세금계산서,PP,Y,인쇄,조회
20221122-2,삼보팩,박스 외부 PE (폴리밴드) [320 190 780] 외 2건,2075516,세금계산서,PP,Y,인쇄,조회
20221122-1,(주)스피드랩코리아,스트레치필름(일반 기계랩) [25*500mm*1400m] 외 1건,1906300,세금계산서,상품,Y,인쇄,조회
20221121-2,주식회사 썬에이스,MF5000(PE원료) [MF5000_500KG],21252000,세금계산서,PP,Y,인쇄,조회
20221121-1,백암지관공업사,지관 200 [지관 200＊4＊189] 외 2건,2346344,세금계산서,PP,Y,인쇄,조회
20221118-5,정우수지,PP원료 [PPA],33013750,세금계산서,PP,Y,인쇄,조회
20221118-4,(주)경남캐미칼,UV-NATURAL,618750,세금계산서,PP,Y,인쇄,조회
20221118-2,금정기획,라벨(아트지도안 파워팩) 4502 [120*65] 외 2건,572000,세금계산서,PP,Y,인쇄,조회
20221118-1,백암지관공업사,지관 50 [지관 50＊5＊182] 외 2건,2846448,세금계산서,PP,Y,인쇄,조회
20221116-2,(주)한국바코드시스템,라벨(아트지도안청색) [[86*46 ]] 외 3건,638000,세금계산서,PP,Y,인쇄,조회
20221116-1,주식회사 썬에이스,MF5000(PE원료) [MF5000_500KG],21252000,세금계산서,PP,Y,인쇄,조회
20221115-4,S-OIL(주)온산공장,HD500/PP50DW [500KG],41250000,세금계산서,PP,Y,인쇄,조회
20221115-3,금성포장,낙원패드 [패드 400＊200] 외 1건,711150,세금계산서,PP,Y,인쇄,조회
20221115-2,백암지관공업사,지관 200 [지관 200＊8＊190] 외 2건,2266264,세금계산서,PP,Y,인쇄,조회
20221115-1,덕흥수지,PP원료(A),24750000,세금계산서,PP,Y,인쇄,조회
20221114-2,재생산업,PP 재생원료 [PP원료(A)],35204400,세금계산서,PP,Y,인쇄,조회
20221114-1,(주)스피드랩코리아,스트레치필름(일반 기계랩) [20*500mm*1400m],3767500,세금계산서,상품,Y,인쇄,조회
20221111-1,일신케미칼,PP임가공 [PP임가공],2558160,세금계산서,PP,Y,인쇄,조회
20221110-1,성플(Sungple),PP 은색 [PP 은색],12936000,세금계산서,PP,Y,인쇄,조회
20221109-5,(주)경남캐미칼,MB 307 [M／B 307 Yellow] 외 1건,3905000,세금계산서,PP,Y,인쇄,조회
20221109-4,백암지관공업사,지관 406 [지관 406＊6＊155] 외 3건,2194544,세금계산서,PP,Y,인쇄,조회
20221109-3,삼보팩,미국박스 [420 200 425],1192620,세금계산서,PP,Y,인쇄,조회
20221109-2,우선산업,PP9MM [PP9M／M9.5KG(백색)],2198889,세금계산서,상품,Y,인쇄,조회
20221109-1,디엘에프엔씨 주식회사,PP원료 [대림 A],32815200,세금계산서,PP,Y,인쇄,조회
20221108-1,에어팩코리아,에어백 APK-818 [에어백 800*1800] 외 1건,953700,세금계산서,PP,N,인쇄,조회
20221107-1,(주)낙원포장,반자동밴딩기 [strapack IQ-400],825000,세금계산서,상품,Y,인쇄,조회
20221104-2,백암지관공업사,지관 200 [지관 200＊8＊190] 외 3건,2419516,세금계산서,PP,Y,인쇄,조회
20221104-1,삼보팩,미국박스 [600*170*605],438900,세금계산서,PP,Y,인쇄,조회
20221101-2,일신케미칼,PP임가공 [PP임가공],2684000,세금계산서,PP,Y,인쇄,조회
20221101-1,(주)영화수출포장,경인팩 2KG [320*190*780] 외 2건,2203850,세금계산서,PE,Y,인쇄,조회
20221031-1,삼보팩,패드 400 광림 [400*200 청색] 외 2건,2290266,세금계산서,PP,Y,인쇄,조회
20221028-2,S-OIL(주)온산공장,HD500/PP50DW [500KG],41250000,세금계산서,PP,Y,인쇄,조회
20221028-1,정우수지,PP원료 [PPA],16321250,세금계산서,PP,Y,인쇄,조회
20221027-5,(주)대원우드,팔레트 1290＊860 [1290＊860],132000,세금계산서,PP,Y,인쇄,조회
20221027-4,(주)대원우드,팔레트 1160*1160 [1160*1160] 외 7건,1452000,세금계산서,PP,Y,인쇄,조회
20221027-3,백암지관공업사,지관 200 [지관 200＊8＊190] 외 1건,2047848,세금계산서,PP,Y,인쇄,조회
20221027-2,파코팩(PACO PACK),동판비 [동판비],165000,세금계산서,상품,Y,인쇄,조회
20221027-1,파코팩(PACO PACK),"12 x 3,000M 0.63T Blue WOODONE Black printed [12 x 3,000M 0.63T Blue WOODONE Black printed]",2772000,영세율,상품,Y,인쇄,조회
20221026-2,진영프라스틱,PP 청색 [PP 청색],15015000,세금계산서,PP,Y,인쇄,조회
20221026-1,삼보팩,미국박스 [380 200 385] 외 1건,733315,세금계산서,PP,Y,인쇄,조회
20221025-3,삼보팩,미국박스 580 [580*170*580] 외 2건,1657920,세금계산서,PP,Y,인쇄,조회
20221025-2,주식회사 썬에이스,MF5000(PE원료) [MF5000_500KG],20856000,세금계산서,PE,Y,인쇄,조회
20221025-1,백암지관공업사,지관 200 [지관 200＊8＊186] 외 1건,1409408,세금계산서,PP,Y,인쇄,조회
20221021-6,디엘에프엔씨 주식회사,PP원료 [대림 A],32788800,세금계산서,PP,Y,인쇄,조회
20221021-5,S-OIL(주)온산공장,HD500/PP50DW [500KG],41250000,세금계산서,PP,Y,인쇄,조회
20221021-4,주식회사 썬에이스,MF5000(PE원료) [MF5000_500KG] 외 1건,20856000,세금계산서,PE,Y,인쇄,조회
20221021-3,금성포장,옴니원패드 430 [430*200] 외 1건,1782000,세금계산서,PP,Y,인쇄,조회
20221021-2,삼보팩,고메리 2입 (C/T) [450*445*400] 외 3건,2141062,세금계산서,PP,Y,인쇄,조회
20221021-1,백암지관공업사,지관 200 [지관 200＊4＊189] 외 1건,1329328,세금계산서,PP,Y,인쇄,조회
20221020-3,(주)스피드랩코리아,스트레치필름(일반 기계랩) [20*500mm*1400m],3767500,세금계산서,PP,Y,인쇄,조회
20221020-2,금성포장,옴니 C/T 350 [350*130*350(50.010)] 외 1건,842600,세금계산서,PP,Y,인쇄,조회
20221020-1,(주)대원우드,팔레트 1380＊920 [1380＊920] 외 5건,607200,세금계산서,PP,Y,인쇄,조회
20221019-2,백암지관공업사,지관 406 [지관 406＊6＊155],1685376,세금계산서,PP,Y,인쇄,조회
20221019-1,(주)스피드랩코리아,스트레치필름(일반 핸드랩) [20*300*380m],1268784,세금계산서,상품,Y,인쇄,조회
20221018-3,제이케이머티리얼즈(주)／순성공장,PP원료,34073952,세금계산서,PP,Y,인쇄,조회
20221018-2,백암지관공업사,지관 200 [지관 200＊8＊190] 외 2건,2346344,세금계산서,PP,Y,인쇄,조회
20221017-3,재생산업,PP 재생원료 [PP원료(A)],35204400,세금계산서,PP,Y,인쇄,조회
20221017-2,(주)경남캐미칼,MB 510-2 [M／B 510-2 (BLUE)],1925000,세금계산서,PP,Y,인쇄,조회
20221017-1,S-OIL(주)온산공장,HD500/PP50DW [500KG],41250000,세금계산서,PP,Y,인쇄,조회
20221014-3,(주)넥스텍케미칼,PP원료 [PP7032E3],93500,세금계산서,PP,Y,인쇄,조회
20221014-2,금성포장,패드 540 [540*200],1155000,세금계산서,PP,Y,인쇄,조회
20221013-1,(주)스피드랩코리아,스트레치필름(일반 기계랩) [25*500mm*1400m] 외 1건,1906300,세금계산서,상품,Y,인쇄,조회
20221012-1,백암지관공업사,지관 50 [지관 50＊5＊182] 외 3건,2440240,세금계산서,PP,Y,인쇄,조회
20221011-2,(주)영화수출포장,포리밴드 DF50 [470*460*205],808500,세금계산서,PE,Y,인쇄,조회
20221011-1,백암지관공업사,지관 200 [지관 200＊8＊190],1249248,세금계산서,PP,Y,인쇄,조회
20221010-1,가나수지,PP 재생원료 [투명(A)] 외 2건,7810000,세금계산서,PP,Y,인쇄,조회
20221007-5,제이케이머티리얼즈(주)／순성공장,PP원료,21153000,세금계산서,PP,Y,인쇄,조회
20221007-4,일신케미칼,PP임가공 [PP임가공],2776840,세금계산서,PP,Y,인쇄,조회
20221007-3,삼보팩,패드 450 [450*200 적색] 외 1건,1363120,세금계산서,PP,Y,인쇄,조회
20221007-2,덕흥수지,PP원료(A),25740000,세금계산서,PP,Y,인쇄,조회
20221007-1,(주)플라스틱과사람들,PPF [PPF 1136 ASL],618750,세금계산서,PP,Y,인쇄,조회
20221006-6,제이케이머티리얼즈(주)／순성공장,PP원료,6138000,세금계산서,PP,Y,인쇄,조회
20221006-5,(주)스피드랩코리아,스트레치필름(일반 기계랩) [20*500mm*1800m] 외 1건,153813,세금계산서,상품,Y,인쇄,조회
20221006-4,한국파렛트풀(주),팔레트 1100*1100*120 [1100*1100*120 7kg],2772000,세금계산서,PP,Y,인쇄,조회
20221006-3,성진산업롤,고무롤 [피복[240*220]] 외 1건,1144000,세금계산서,PE,Y,인쇄,조회
20221006-2,(주)한국바코드시스템,출장 A/S및 셋업,88000,세금계산서,PP,Y,인쇄,조회
20221006-1,백암지관공업사,지관 200 [지관 200＊8＊186],1249248,세금계산서,PP,Y,인쇄,조회
20221005-1,효창산업,CALPET [CALPET],4950000,세금계산서,PP,Y,인쇄,조회
20221004-1,(주)대원우드,팔레트 1200*1200 [1200*1200] 외 4건,660000,세금계산서,PP,Y,인쇄,조회
20221001-1,(주)스피드랩코리아,스트레치필름(일반 핸드랩 20) [20*500mm*350m] 외 2건,4515302,세금계산서,PP,Y,인쇄,조회
20220930-2,주식회사 썬에이스,CM-1120H_25KG 외 3건,9180600,세금계산서,PP,Y,인쇄,조회
20220930-1,삼보팩,미국박스 [420 200 425],1100880,세금계산서,PP,Y,인쇄,조회
20220929-2,(주)경남캐미칼,MB 307 [M／B 307 Yellow] 외 1건,3960000,세금계산서,PP,Y,인쇄,조회
20220929-1,백암지관공업사,지관 200 [지관 200＊8＊190],1561560,세금계산서,PP,Y,인쇄,조회
20220928-4,(주)넥스텍케미칼,PP원료 [VM 3020FL],1155000,세금계산서,PP,Y,인쇄,조회
20220928-3,동원화학수지,PP노랑 [PP노랑] 외 1건,10869650,세금계산서,PP,Y,인쇄,조회
20220928-2,(주)영화수출포장,박스 (#28*6kg박스) [465 455 245],828300,세금계산서,PE,Y,인쇄,조회
20220928-1,파코팩(PACO PACK),PP15M [PP15M／M10KG(자동용인쇄밴드)] 외 1건,2029500,세금계산서,상품,Y,인쇄,조회
20220927-3,백암지관공업사,지관 50 [지관 50＊5＊182] 외 1건,2032800,세금계산서,PE,Y,인쇄,조회
20220927-2,(주)스피드랩코리아,스트레치필름(일반 기계랩) [20*500mm*1800m] 외 3건,282722,세금계산서,상품,Y,인쇄,조회
20220927-1,주식회사 썬에이스,MF5000(PE원료) [MF5000_500KG],20196000,세금계산서,PE,Y,인쇄,조회
20220926-1,삼보팩,고메리 12입(IN) [410*275*180],2090000,세금계산서,PE,Y,인쇄,조회
20220923-3,S-OIL(주)온산공장,HD500/PP50DW [500KG],39875000,세금계산서,PP,Y,인쇄,조회
20220923-2,삼보팩,박스 외부 PE (폴리밴드) [320 190 780] 외 1건,1508760,세금계산서,PE,Y,인쇄,조회
20220923-1,백암지관공업사,지관 200 [지관 200＊4＊189] 외 1건,1329328,세금계산서,PP,Y,인쇄,조회
20220922-3,제이케이머티리얼즈(주)／순성공장,PP원료,32802132,세금계산서,PP,Y,인쇄,조회
20220922-2,(주)스피드랩코리아,스트레치필름(일반 핸드랩 20) [20*500mm*350m],1179552,세금계산서,상품,Y,인쇄,조회
20220922-1,재생산업,PP 재생원료 [PP원료(A)],36036000,세금계산서,PP,Y,인쇄,조회
20220921-2,금성포장,패드 540 [540*200] 외 1건,1952500,세금계산서,PP,Y,인쇄,조회
20220921-1,덕흥수지,PP원료(A),25740000,세금계산서,PP,Y,인쇄,조회
20220920-2,(주)스피드랩코리아,스트레치필름(일반 기계랩) [20*500mm*1400m],1883750,세금계산서,PP,Y,인쇄,조회
20220920-1,디엘에프엔씨 주식회사,PP원료 [대림 A] 외 1건,34422080,세금계산서,PP,Y,인쇄,조회
20220919-4,효창산업,CALPET [CALPET],110000,세금계산서,PP,Y,인쇄,조회
20220919-2,주식회사 썬에이스,Y-120_25kg,847000,세금계산서,PP,Y,인쇄,조회
20220919-1,백암지관공업사,지관 200 [지관 200＊8＊190],1249248,세금계산서,PP,Y,인쇄,조회
20220916-2,(주)스피드랩코리아,스트레치필름(일반 기계랩) [20*500mm*1400m],1883750,세금계산서,상품,Y,인쇄,조회
20220916-1,덕흥수지,PP원료(A),25740000,세금계산서,PP,Y,인쇄,조회
20220915-2,(주)대원우드,팔레트 1140*1140 [1140*1140] 외 8건,792000,세금계산서,PP,Y,인쇄,조회
20220915-1,백암지관공업사,지관 200 [지관 200＊8＊190] 외 2건,2266264,세금계산서,PP,Y,인쇄,조회
20220913-2,(주)경남캐미칼,MB 820FL [M／B 820FL（BLACK）] 외 1건,1485000,세금계산서,PP,Y,인쇄,조회
20220913-1,일신케미칼,PP임가공 [PP임가공],1902560,세금계산서,PP,Y,인쇄,조회
20220908-5,주식회사 썬에이스,MF5000(PE원료) [MF5000_500KG],20196000,세금계산서,PP,Y,인쇄,조회
20220908-4,S-OIL(주)온산공장,HD500/PP50DW [500KG],39875000,세금계산서,PP,Y,인쇄,조회
20220908-3,(주)경남캐미칼,MB 820FL [M／B 820FL（BLACK）] 외 1건,693000,세금계산서,PP,Y,인쇄,조회
20220908-2,삼진폴리텍,CALPET [강도보강제#1102-C] 외 1건,132000,세금계산서,PP,Y,인쇄,조회
20220908-1,백암지관공업사,지관 200 [지관 200＊4＊189] 외 1건,1409408,세금계산서,PP,Y,인쇄,조회
20220907-1,삼보팩,패드 400 [패드 400＊200 적색],1953600,세금계산서,PP,Y,인쇄,조회
20220906-3,재생산업,PP 재생원료 [PP원료(A)],37422000,세금계산서,PP,Y,인쇄,조회
20220906-2,백암지관공업사,지관 200 [지관 200＊8＊190],1249248,세금계산서,PP,Y,인쇄,조회
20220906-1,파코팩(PACO PACK),15M/M (수축밴드) [15mm*1300m* 0.6mm(T) 10KG(투명)] 외 1건,4490200,세금계산서,상품,Y,인쇄,조회
20220905-1,두성엔지니어링,와인다캠 가공 외 4건,2491500,세금계산서,PP,Y,인쇄,조회
20220901-3,일신케미칼,PP임가공 [PP임가공],2959000,세금계산서,PP,Y,인쇄,조회
20220901-2,백암지관공업사,지관 200 [지관 200＊4＊155] 외 3건,1907246,세금계산서,PP,Y,인쇄,조회
20220901-1,동원화학수지,PP원료 [투명] 외 1건,4974750,세금계산서,PP,Y,인쇄,조회
20220831-4,주식회사 썬에이스,원료 [LF511_25KG] 외 2건,1194875,세금계산서,PP,Y,인쇄,조회
20220831-3,제이케이머티리얼즈(주)／순성공장,PP원료,25618120,세금계산서,PP,Y,인쇄,조회
20220831-2,성진산업롤,고무롤 [연마[1100*210]] 외 2건,1243000,세금계산서,PP,Y,인쇄,조회
20220831-1,삼보팩,미국박스 [440 200 445] 외 1건,772772,세금계산서,PP,Y,인쇄,조회
20220830-2,(주)경남캐미칼,MB 307 [M／B 307 Yellow] 외 1건,3025000,세금계산서,PP,Y,인쇄,조회
20220830-1,(주)대원우드,팔레트 1080＊1080 [1080＊1080] 외 8건,1108800,세금계산서,PP,Y,인쇄,조회
20220826-4,제이케이머티리얼즈(주)／순성공장,PP원료,22991452,세금계산서,PP,Y,인쇄,조회
20220826-3,백암지관공업사,지관 200 [지관 200＊8＊186],1249248,세금계산서,PP,Y,인쇄,조회
20220826-2,백암지관공업사,지관 50 [지관 50＊5＊182],1597200,세금계산서,PP,Y,인쇄,조회
20220826-1,(주)스피드랩코리아,스트레치필름(기능 핸드랩) [15*500mm*400m] 외 1건,2647392,세금계산서,상품,Y,인쇄,조회
20220825-4,파코팩(PACO PACK),PP6MM [PP6M／M5KG(황)] 외 1건,952600,세금계산서,상품,Y,인쇄,조회
20220825-3,디엘에프엔씨 주식회사,PP원료 [대림 A],35904000,세금계산서,PP,Y,인쇄,조회
20220825-1,(주)영화수출포장,박스 내수PE(폴리밴드) [320 190 780],917840,세금계산서,PE,Y,인쇄,조회
20220824-1,(주)스피드랩코리아,스트레치필름(일반 기계랩) [20*500mm*1400m],2036650,세금계산서,상품,Y,인쇄,조회
20220823-4,(주)스피드랩코리아,스트레치필름(일반 기계랩) [20*500mm*1400m],2036650,세금계산서,상품,Y,인쇄,조회
20220823-3,백암지관공업사,지관 100 [지관 100*5.5*143] 외 3건,1995752,세금계산서,PP,Y,인쇄,조회
20220823-2,금성포장,패드 540 [540*200],1155000,세금계산서,PP,Y,인쇄,조회
20220823-1,덕흥수지,PP원료(A),22275000,세금계산서,PP,Y,인쇄,조회
20220822-3,동원화학수지,PP원료 [잡색] 외 2건,5643000,세금계산서,PP,Y,인쇄,조회
20220822-2,주식회사 썬에이스,Y-130 (PP원료) [Y-130_500kg],42350000,세금계산서,PP,Y,인쇄,조회
20220822-1,지영,팔레트 1100*1100 [1100*1100],2094400,세금계산서,PP,Y,인쇄,조회
20220819-3,제이케이머티리얼즈(주)／순성공장,PP원료,11508992,세금계산서,PP,Y,인쇄,조회
20220819-2,S-OIL(주)온산공장,HD500/PA25DW [25KG],37540800,세금계산서,PP,Y,인쇄,조회
20220819-1,백암지관공업사,지관 200 [지관 200＊8＊190],1249248,세금계산서,PP,Y,인쇄,조회
20220818-3,금성포장,타이거팩 4500 C/T 320 [320*130*320] 외 1건,1284250,세금계산서,PP,Y,인쇄,조회
20220818-2,(주)스피드랩코리아,스트레치필름(일반 핸드랩) [25*500mm*300m] 외 1건,229020,세금계산서,상품,Y,인쇄,조회
20220818-1,디엘에프엔씨 주식회사,PP원료 [대림 A],37303200,세금계산서,PP,Y,인쇄,조회
20220817-1,백암지관공업사,지관 200 [지관 200＊8＊190],1249248,세금계산서,PP,Y,인쇄,조회
20220816-3,주식회사 썬에이스,MF5000(PE원료) [MF5000_500KG] 외 1건,10098000,세금계산서,PE,Y,인쇄,조회
20220816-2,삼보팩,서플라이웨이BOX(White/SWPS12350WH) [440*200*445],1677406,세금계산서,PP,Y,인쇄,조회
20220816-1,금성포장,패드 540 [540*200],1155000,세금계산서,PP,Y,인쇄,조회
20220812-4,백암지관공업사,지관 200 [지관 200＊8＊190],1873872,세금계산서,PP,Y,인쇄,조회
20220812-2,파코팩(PACO PACK),동판비 [동판비] 외 1건,220000,세금계산서,상품,Y,인쇄,조회
20220812-1,파코팩(PACO PACK),"12 x 3,000M 0.63T Clear w/EST 2497 Black printed [12 x 3,000M 0.63T Clear w/EST 2497 Black printed]",3096000,영세율,상품,Y,인쇄,조회
20220811-2,삼환강업(주),STEEL 19MMx0.56x16KG BLACK MINI RIBBON [STEEL 19MMx0.56x16KG BLACK MINI RIBBON] 외 1건,17476223,영세율,상품,Y,인쇄,조회
20220811-1,재생산업,PP 재생원료 [PP원료(A)] 외 2건,36806000,세금계산서,PP,Y,인쇄,조회
20220810-9,금정기획,라벨(아트지도안 타이거팩) 4502 [120*65] 외 2건,330000,세금계산서,PP,Y,인쇄,조회
20220810-8,(주)경남캐미칼,MB 510-2 [M／B 510-2 (BLUE)] 외 1건,3795000,세금계산서,PP,Y,인쇄,조회
20220810-7,가나수지,PP 재생원료 [투명(A)] 외 1건,8421600,세금계산서,PP,Y,인쇄,조회
20220810-6,일신케미칼,PP임가공 [PP임가공],1801360,세금계산서,PP,Y,인쇄,조회
20220810-5,한국파렛트풀(주),팔레트 1100*1100*120 [1100*1100*120 7kg],2772000,세금계산서,PP,Y,인쇄,조회
20220810-4,(주)스피드랩코리아,스트레치필름(일반 핸드랩) [20*300*380m],1335840,세금계산서,상품,Y,인쇄,조회
20220810-3,백암지관공업사,지관 50 [지관 50＊5＊182] 외 2건,2614216,세금계산서,PP,Y,인쇄,조회
20220810-2,(주)낙원포장,반자동밴딩기 [strapack IQ-400],825000,세금계산서,상품,Y,인쇄,조회
20220810-1,우선산업,PP9MM [PP9M／M9.5KG(백색)],2198889,세금계산서,상품,Y,인쇄,조회
20220809-5,S-OIL(주)온산공장,ME100/PC25DW (O.G) [25KG],36575000,세금계산서,PP,Y,인쇄,조회
20220809-3,동원화학수지,PP원료 [투명],5751900,세금계산서,PP,Y,인쇄,조회
20220809-2,삼보팩,패드 450 [패드 450＊200 무지] 외 1건,1342343,세금계산서,PP,Y,인쇄,조회
20220809-1,금성포장,패드 420 [420＊200 (아이엠센트럴)],880000,세금계산서,PP,Y,인쇄,조회
20220804-1,(주)한국바코드시스템,바코드리본 60 [60*300 OUT] 외 1건,726000,세금계산서,PP,Y,인쇄,조회
20220803-1,S-OIL(주)온산공장,HD500/PP50DW [500KG],42075000,세금계산서,PP,Y,인쇄,조회
20220802-2,(주)스피드랩코리아,스트레치필름(일반 기계랩) [20*500mm*1400m],4073300,세금계산서,상품,Y,인쇄,조회
20220802-1,주식회사 썬에이스,MF5000(PE원료) [MF5000_500KG],10098000,세금계산서,PE,Y,인쇄,조회
20220801-1,덕흥수지,PP원료(A),23100000,세금계산서,PP,Y,인쇄,조회
20220731-2,주식회사 썬에이스,SFC원료 [SFC-851_25KG] 외 6건,3837900,세금계산서,PP,Y,인쇄,조회
20220731-1,제이케이머티리얼즈(주)／순성공장,PP원료,15435728,세금계산서,PP,Y,인쇄,조회
20220729-2,백암지관공업사,지관 200 [지관 200＊8＊190] 외 2건,1641640,세금계산서,PP,Y,인쇄,조회
20220729-1,금정기획,라벨(아트지0384) [110*45] 외 2건,198000,세금계산서,PP,Y,인쇄,조회
20220728-2,주식회사 썬에이스,Y-130SA(0.G) [(PP원료)],10692000,세금계산서,PP,Y,인쇄,조회
20220728-1,백암지관공업사,지관 200 [지관 200＊4＊189] 외 2건,2034032,세금계산서,PP,Y,인쇄,조회
20220727-3,S-OIL(주)온산공장,HD500/PP50DW [500KG],21516000,세금계산서,PP,Y,인쇄,조회
20220727-2,주식회사 썬에이스,MF5000SA(PE O.G) [25KG],42075000,세금계산서,PP,Y,인쇄,조회
20220727-1,두성엔지니어링,와인다캠 가공 외 3건,1430000,세금계산서,PP,N,인쇄,조회
20220726-2,금성포장,무지 460 [460*130*460] 외 1건,2541000,세금계산서,PP,Y,인쇄,조회
20220726-1,백암지관공업사,지관 406 [지관 406＊6＊155] 외 2건,2051632,세금계산서,PP,Y,인쇄,조회
20220721-2,효창산업,CALPET [CALPET] 외 1건,5038000,세금계산서,PP,Y,인쇄,조회
20220721-1,신일이에프에스 주식회사,PP원료 [재생 PP-백색] 외 1건,12347500,세금계산서,PP,Y,인쇄,조회
20220720-4,두성엔지니어링,밴드 가이드 로라 / 브라켓트 [Φ40*93 / Φ20*70],418000,세금계산서,PP,N,인쇄,조회
20220720-3,디엘에프엔씨 주식회사,PP원료 [대림 A],36696000,세금계산서,PP,Y,인쇄,조회
20220720-2,백암지관공업사,지관 200 [지관 200＊4＊189] 외 2건,2034032,세금계산서,PP,Y,인쇄,조회
20220720-1,금성포장,패드 430 [패드 430＊200 무지],1595000,세금계산서,PP,Y,인쇄,조회
20220719-2,진영프라스틱,PP 청색 [PP 청색],11495000,세금계산서,PP,Y,인쇄,조회
20220719-1,성은산업,수축필름 [220*145 (고메리)],2079000,세금계산서,PP,Y,인쇄,조회
20220718-1,삼보팩,고메리 12입(IN) [410*275*180],2090000,세금계산서,PP,Y,인쇄,조회
20220715-1,재생산업,PP 재생원료 [PP원료(OG)],39875000,세금계산서,PP,Y,인쇄,조회
20220713-2,삼보팩,써마크래프트 C/T 260 [260*132*263],2274316,세금계산서,PP,Y,인쇄,조회
20220713-1,진흥산업,폴리백 26＊44 [폴리백 24＊44] 외 1건,1952720,세금계산서,PE,Y,인쇄,조회
20220712-4,S-OIL(주)온산공장,HD500/PP50DW [500KG],44825000,세금계산서,PP,Y,인쇄,조회
20220712-3,백암지관공업사,지관 200 [지관 200＊4＊189] 외 1건,1721720,세금계산서,PP,Y,인쇄,조회
20220712-2,파코팩(PACO PACK),인쇄밴드(솔표) [PP15M／M10KG],2222000,세금계산서,상품,Y,인쇄,조회
20220712-1,삼보팩,패드 400 [패드 400＊200 적색] 외 1건,2904396,세금계산서,PP,Y,인쇄,조회
20220711-3,일신케미칼,PP임가공 [PP임가공],2647480,세금계산서,PP,Y,인쇄,조회
20220711-2,(주)영화수출포장,2020 B6 6KG [465 455 250] 외 2건,2409467,세금계산서,PP,Y,인쇄,조회
20220711-1,(주)영화수출포장,D-28 포리테이프 [780*315*205],719950,세금계산서,PP,Y,인쇄,조회
20220708-2,(주)스피드랩코리아,스트레치필름(일반 기계랩) [20*500mm*1400m],2036650,세금계산서,PP,Y,인쇄,조회
20220708-1,백암지관공업사,지관 50 [지관 50＊5＊182] 외 2건,2534136,세금계산서,PP,Y,인쇄,조회
20220707-2,(주)스피드랩코리아,스트레치필름(일반 기계랩) [20*500mm*1400m],2036650,세금계산서,PP,Y,인쇄,조회
20220707-1,금정기획,라벨(아트지도안 AWP) 2012 [115*55] 외 2건,151800,세금계산서,PP,Y,인쇄,조회
20220706-5,(주)경남캐미칼,MB 307 [M／B 307 Yellow],2035000,세금계산서,PP,Y,인쇄,조회
20220706-4,S-OIL(주)온산공장,HD500/PP50DW [500KG],44825000,세금계산서,PP,Y,인쇄,조회
20220706-3,금성포장,옴니원패드 430 [430*200] 외 2건,1876270,세금계산서,PP,Y,인쇄,조회
20220706-2,백암지관공업사,지관 406 [지관 406＊6＊155] 외 2건,1815132,세금계산서,PP,Y,인쇄,조회
20220706-1,(주)스피드랩코리아,스트레치필름(일반 기계랩) [25*500mm*1400m] 외 1건,1808950,세금계산서,상품,Y,인쇄,조회
20220705-2,성진산업롤,고무롤 [피복[240*220]] 외 1건,1034000,세금계산서,PP,Y,인쇄,조회
20220705-1,덕흥수지,PP원료(A),23100000,세금계산서,PP,Y,인쇄,조회
20220704-3,(주)대원우드,팔레트 1060＊1060 [1060＊1060] 외 8건,1135200,세금계산서,PP,Y,인쇄,조회
20220704-2,가나수지,PP 재생원료 [노랑] 외 2건,11920590,세금계산서,PP,Y,인쇄,조회
20220704-1,백암지관공업사,지관 200 [지관 200＊8＊190] 외 1건,1249248,세금계산서,PP,Y,인쇄,조회
20220701-1,(주)스피드랩코리아,스트레치필름(기능 핸드랩) [15*500mm*400m],2995520,세금계산서,PP,Y,인쇄,조회
20220630-1,두성엔지니어링,밴드노즐 가공 [(2.6*50/60/70*4)/38T*70*595],1980000,세금계산서,PP,Y,인쇄,조회
20220629-1,백암지관공업사,지관 406 [지관 406＊6＊155],1364352,세금계산서,PP,Y,인쇄,조회
20220628-3,주식회사 썬에이스,Pelestat PVL 외 2건,10733250,세금계산서,PP,Y,인쇄,조회
20220628-2,삼보팩,패드 610 [610*406 무지],1199000,세금계산서,PP,Y,인쇄,조회
20220628-1,백암지관공업사,지관 50 [지관 50＊5＊225] 외 3건,1648812,세금계산서,PP,Y,인쇄,조회
20220627-2,(주)낙원포장,콘트롤보드,418000,세금계산서,PP,Y,인쇄,조회
20220627-1,(주)경남캐미칼,MB 820FL [M／B 820FL（BLACK）] 외 2건,4647500,세금계산서,PP,Y,인쇄,조회
20220624-3,백암지관공업사,지관 200 [지관 200＊8＊186] 외 2건,1739320,세금계산서,PP,Y,인쇄,조회
20220624-2,일신케미칼,PP임가공 [PP임가공],2829640,세금계산서,PP,Y,인쇄,조회
20220624-1,재생산업,PP 재생원료 [PP원료(A)] 외 1건,38962000,세금계산서,PP,Y,인쇄,조회
20220623-2,재생산업,PP 재생원료 [PP원료(A)] 외 2건,37730000,세금계산서,PP,Y,인쇄,조회
20220623-1,에어팩코리아,에어백 APK-1022 (1000*2200) [에어백 1000*2200],508200,세금계산서,PP,Y,인쇄,조회
20220622-1,두성엔지니어링,밴드다이스 수리 외 3건,1078000,세금계산서,PP,Y,인쇄,조회
20220621-4,백암지관공업사,지관 200 [지관 200＊8＊190] 외 2건,1329328,세금계산서,PP,Y,인쇄,조회
20220621-2,삼보팩,박스 외부 PE (폴리밴드) [320 190 780],788480,세금계산서,PE,Y,인쇄,조회
20220621-1,금정기획,라벨(화살표) 60*45 [[60*45 ]],132000,세금계산서,PP,Y,인쇄,조회
20220620-1,디엘에프엔씨 주식회사,PP원료 [대림 A],39468000,세금계산서,PP,Y,인쇄,조회
20220617-1,백암지관공업사,지관 200 [지관 200＊8＊190] 외 1건,1249248,세금계산서,PP,Y,인쇄,조회
20220615-2,(주)경남캐미칼,4248 GRAY [4248 GRAY] 외 2건,1512500,세금계산서,PP,Y,인쇄,조회
20220615-1,금성포장,패드 540 [540*200],1155000,세금계산서,PP,Y,인쇄,조회
20220614-2,(주)스피드랩코리아,스트레치필름(일반 핸드랩) [20*500mm*350m],398475,세금계산서,PP,Y,인쇄,조회
20220614-1,삼보팩,스넬 C/T 260* [260*132*263],767250,세금계산서,PP,Y,인쇄,조회
20220613-1,백암지관공업사,지관 50 [지관 50＊5＊182] 외 2건,2418020,세금계산서,PP,Y,인쇄,조회
20220609-1,금정기획,라벨(아트지무지)108*50 [[108*50 ]],178750,세금계산서,PP,Y,인쇄,조회
20220608-2,덕흥수지,PP원료(A),23100000,세금계산서,PP,Y,인쇄,조회
20220608-1,파코팩(PACO PACK),PP12M [PP12M／M10KG인쇄밴드(대흥코리아)] 외 1건,2222000,세금계산서,상품,Y,인쇄,조회
20220607-1,금정기획,모조지 STICKER [모조지 STICKER],165000,세금계산서,PP,Y,인쇄,조회
20220602-3,성플(Sungple),PP 은색 [PP 은색],12650000,세금계산서,PP,Y,인쇄,조회
20220602-2,백암지관공업사,지관 200 [지관 200＊4＊189] 외 1건,1329328,세금계산서,PP,Y,인쇄,조회
20220602-1,재생산업,PP 재생원료 [PP원료(OG)],39077500,세금계산서,PP,Y,인쇄,조회
20220531-5,제이케이머티리얼즈(주)／순성공장,PP원료,14807320,세금계산서,PP,Y,인쇄,조회
20220531-4,삼보팩,평면골판지 [구래단 (1100mm x 40000mm)],958320,세금계산서,PP,Y,인쇄,조회
20220531-3,(주)스피드랩코리아,스트레치필름(일반 핸드랩) [25*500mm*300m] 외 1건,1089000,세금계산서,상품,Y,인쇄,조회
20220531-2,S-OIL(주)온산공장,HD500/PP50DW [500KG],47575000,세금계산서,PP,Y,인쇄,조회
20220531-1,(주)대원우드,팔레트 1080＊1080 [1080＊1080] 외 5건,580800,세금계산서,PP,Y,인쇄,조회
20220527-2,가나수지,PP 재생원료 [투명(A)] 외 2건,14810400,세금계산서,PP,Y,인쇄,조회
20220527-1,백암지관공업사,지관 200 [지관 200＊8＊186] 외 1건,1249248,세금계산서,PP,Y,인쇄,조회
20220526-6,(주)경남캐미칼,MB 510-2 [M／B 510-2 (BLUE)] 외 4건,2024000,세금계산서,PP,Y,인쇄,조회
20220526-4,한국파렛트풀(주),PP원료(재생),22968000,세금계산서,PP,Y,인쇄,조회
20220526-3,(주)스피드랩코리아,스트레치필름(일반 핸드랩) [20*300*380m],1335840,세금계산서,PP,Y,인쇄,조회
20220526-2,우선산업,PP12M [PP12M／M10KG(황)] 외 1건,62370,세금계산서,상품,Y,인쇄,조회
20220526-1,코아시스,PE28mm 2kg [PE28M／M(백)2KG],30096000,세금계산서,상품,Y,인쇄,조회
20220525-3,백암지관공업사,지관 200 [지관 200＊8＊190] 외 2건,2542540,세금계산서,PP,Y,인쇄,조회
20220525-2,(주)대원우드,팔레트 860*1290 [860*1290] 외 3건,580800,세금계산서,PP,Y,인쇄,조회
20220525-1,재생산업,PP 재생원료 [PP원료(A)],38808000,세금계산서,PP,Y,인쇄,조회
20220524-3,한국파렛트풀(주),팔레트 1100*1100*120 [1100*1100*120 7kg],2508000,세금계산서,PP,Y,인쇄,조회
20220524-2,주식회사 썬에이스,MF5000SA(PE O.G) [25KG],50050000,세금계산서,PE,Y,인쇄,조회
20220524-1,재생산업,PP 재생원료 [PP원료(OG)],39875000,세금계산서,PP,Y,인쇄,조회
20220523-1,일신케미칼,PP임가공 [PP임가공],1592800,세금계산서,PP,Y,인쇄,조회
20220520-2,제이케이머티리얼즈(주)／순성공장,PP원료,16856576,세금계산서,PP,Y,인쇄,조회
20220520-1,S-OIL(주)온산공장,HD500/PA25DW [25KG],45100000,세금계산서,PP,Y,인쇄,조회
20220519-2,덕흥수지,PP원료(A),23100000,세금계산서,PP,Y,인쇄,조회
20220519-1,백암지관공업사,지관 406 [지관 406＊6＊155] 외 1건,994312,세금계산서,PP,Y,인쇄,조회
20220518-1,디엘에프엔씨 주식회사,PP원료 [대림 A],41078400,세금계산서,PP,Y,인쇄,조회
20220517-1,삼보팩,고메리 3입 (C/T) [360*355*385] 외 3건,2458170,세금계산서,PP,Y,인쇄,조회
20220516-1,우선산업,PP9MM [PP9M／M9.5KG(백색)],2198889,세금계산서,상품,Y,인쇄,조회
20220512-4,삼진폴리텍,CALPET [340P],253000,세금계산서,PP,Y,인쇄,조회
20220512-3,삼보팩,파워팩 4500 C/T 320 [320*130*320] 외 2건,1920471,세금계산서,PP,Y,인쇄,조회
20220512-2,백암지관공업사,지관 200 [지관 200＊4＊189] 외 2건,2034032,세금계산서,PP,Y,인쇄,조회
20220512-1,(주)경남캐미칼,MB 510-2 [M／B 510-2 (BLUE)] 외 1건,3960000,세금계산서,PP,Y,인쇄,조회
20220511-3,크레텍책임(주),피피클립 [19*28(2KG-삼성)],122984,세금계산서,PP,Y,인쇄,조회
20220511-2,신일이에프에스 주식회사,PP원료 [재생 PP-백색],12540000,세금계산서,PP,Y,인쇄,조회
20220511-1,(주)스피드랩코리아,스트레치필름(일반 핸드랩) [15*500mm*350m] 외 1건,1243440,세금계산서,상품,Y,인쇄,조회
20220510-3,삼보팩,패드410(STRONG) [패드 410*200] 외 2건,2159850,세금계산서,PP,Y,인쇄,조회
20220510-2,백암지관공업사,지관 50 [지관 50＊5＊182] 외 1건,2221824,세금계산서,PP,Y,인쇄,조회
20220510-1,동원화학수지,PP노랑 [PP노랑],11688600,세금계산서,PP,Y,인쇄,조회
20220506-1,백암지관공업사,지관 50 [지관 50＊5＊225] 외 2건,1684848,세금계산서,PP,Y,인쇄,조회
20220504-2,제이케이머티리얼즈(주)／순성공장,PP원료,24003276,세금계산서,PP,Y,인쇄,조회
20220504-1,두성엔지니어링,압동 로라제작 [@160*280L] 외 8건,34705000,세금계산서,PP,N,인쇄,조회
20220503-3,일신케미칼,PP임가공 [PP임가공],1404480,세금계산서,PP,Y,인쇄,조회
20220503-2,백암지관공업사,지관 200 [지관 200＊8＊190] 외 2건,1953952,세금계산서,PP,Y,인쇄,조회
20220503-1,(주)낙원포장,반자동밴딩기 [strapack IQ-400],825000,세금계산서,PP,Y,인쇄,조회
20220502-1,파코팩(PACO PACK),PP15M [PP15M／M10KG(자동용인쇄밴드)],1287000,세금계산서,상품,Y,인쇄,조회
20220429-2,효창산업,CALPET [CALPET],4752000,세금계산서,PP,Y,인쇄,조회
20220429-1,(주)낙원포장,반자동밴딩기 [strapack IQ-400],825000,세금계산서,PP,Y,인쇄,조회
20220428-5,(주)태진케미칼,PP원료 [PPA],24244000,세금계산서,PP,Y,인쇄,조회
20220428-4,(주)스피드랩코리아,스트레치필름(일반 기계랩) [20*500mm*1400m],4073300,세금계산서,PP,Y,인쇄,조회
20220428-3,(주)경남캐미칼,MB 8210 외 1건,1925000,세금계산서,PP,Y,인쇄,조회
20220428-2,백암지관공업사,지관 200 [지관 200＊4＊189] 외 1건,1409408,세금계산서,PP,Y,인쇄,조회
20220428-1,두성엔지니어링,밴드노즐 와이어 수정(두께)가공,308000,세금계산서,PP,N,인쇄,조회
20220427-2,(주)경남캐미칼,406 [406(RED)] 외 1건,946000,세금계산서,PP,Y,인쇄,조회
20220427-1,경인산업,장갑 [가드맨_NBR],110000,세금계산서,PP,Y,인쇄,조회
20220426-2,백암지관공업사,지관 200 [지관 200＊8＊190] 외 2건,2382380,세금계산서,PP,Y,인쇄,조회
20220426-1,주식회사 썬에이스,MF5000(PE원료) [MF5000_500KG],25344000,세금계산서,PP,Y,인쇄,조회
20220425-1,재생산업,PP 재생원료 [PP원료(OG)],38500000,세금계산서,PP,Y,인쇄,조회
20220422-3,(주)영화수출포장,경인팩 2KG [320*190*780] 외 2건,2657270,세금계산서,PE,Y,인쇄,조회
20220422-2,금성포장,패드540(무인쇄) [패드540*200],1155000,세금계산서,PP,Y,인쇄,조회
20220422-1,일신케미칼,PP임가공 [PP임가공],2988920,세금계산서,PP,Y,인쇄,조회
20220421-4,(주)디에스에스,PET 15.5MM*1130M*0.88T [PET 15.5MM*1130M*0.88T(15510GS215)] 외 1건,9546000,영세율,상품,Y,인쇄,조회
20220421-3,덕흥수지,PP원료(A),21450000,세금계산서,PP,Y,인쇄,조회
20220421-2,백암지관공업사,지관 200 [지관 200＊8＊190] 외 1건,1409408,세금계산서,PP,Y,인쇄,조회
20220421-1,S-OIL(주)온산공장,HD500/PP50DW [500KG] 외 1건,47575000,세금계산서,PP,Y,인쇄,조회
20220420-1,S-OIL(주)온산공장,ME100/PC25DW (O.G) [25KG],45100000,세금계산서,PP,Y,인쇄,조회
20220419-5,한국파렛트풀(주),PP원료(재생),21384000,세금계산서,PP,Y,인쇄,조회
20220419-4,삼보팩,패드 400 [패드 400＊200 적색] 외 2건,3989656,세금계산서,PP,Y,인쇄,조회
20220419-3,가나수지,PP 재생원료 [투명(A)] 외 1건,7920000,세금계산서,PP,Y,인쇄,조회
20220419-2,백암지관공업사,지관 200 [지관 200＊8＊190],1249248,세금계산서,PP,Y,인쇄,조회
20220418-2,디엘에프엔씨 주식회사,PP원료 [대림 A],40576800,세금계산서,PP,Y,인쇄,조회
20220418-1,백암지관공업사,지관 200 [지관 200＊8＊190] 외 1건,1249248,세금계산서,PP,Y,인쇄,조회
20220415-3,금성포장,박스 셋트 [345*345*405] 외 2건,506000,세금계산서,PP,Y,인쇄,조회
20220415-2,재생산업,PP 재생원료 [PP원료(A)],37422000,세금계산서,PP,Y,인쇄,조회
20220415-1,백암지관공업사,지관 200 [지관 200＊8＊186] 외 1건,1249248,세금계산서,PP,Y,인쇄,조회
20220414-3,(주)태진케미칼,PP원료 [PPA],24004750,세금계산서,PP,Y,인쇄,조회
20220414-2,진영프라스틱,PP 은색 [PP 은색],14916000,세금계산서,PP,Y,인쇄,조회
20220414-1,금성포장,패드 540 [540*200] 외 1건,2750000,세금계산서,PP,Y,인쇄,조회
20220413-6,(주)스피드랩코리아,스트레치필름(일반 핸드랩) [25*500mm*300m] 외 1건,226270,세금계산서,상품,Y,인쇄,조회
20220413-5,(주)대원우드,팔레트 1160*1160 [1160*1160] 외 9건,792000,세금계산서,PP,Y,인쇄,조회
20220413-4,지영,팔레트 1100*1100 [1100*1100],2019600,세금계산서,PP,Y,인쇄,조회
20220413-3,(주)영화수출포장,박스 내수PE(폴리밴드) [320 190 780],917840,세금계산서,PE,Y,인쇄,조회
20220413-2,S-OIL(주)온산공장,HD500/PP50DW [500KG],47575000,세금계산서,PP,Y,인쇄,조회
20220412-4,(주)스피드랩코리아,스트레치필름(일반 기계랩) [20*500mm*1400m],4073300,세금계산서,상품,Y,인쇄,조회
20220412-2,백암지관공업사,지관 50 [지관 50＊5＊182] 외 2건,2520320,세금계산서,PP,Y,인쇄,조회
20220412-1,주식회사 썬에이스,MF5000SA(PE O.G) [25KG],103400000,세금계산서,PE,Y,인쇄,조회
20220411-1,삼보팩,패드410(STRONG) [패드 410*200] 외 4건,2441807,세금계산서,PP,Y,인쇄,조회
20220407-5,롯데케미칼 주식회사,FR원료 [FR-160_25KG],105600,세금계산서,PP,Y,인쇄,조회
20220407-4,롯데케미칼 주식회사,SFC원료 [SFC-650BT_25KG],118250,세금계산서,PP,Y,인쇄,조회
20220407-3,백암지관공업사,지관 50 [지관 50＊5＊182] 외 3건,2614216,세금계산서,PP,Y,인쇄,조회
20220407-2,재생산업,PP 재생원료 [PP원료(A)] 외 1건,37422000,세금계산서,PP,Y,인쇄,조회
20220407-1,(주)경남캐미칼,MB 100B（ [M／B 100B（WHITE）] 외 1건,1806750,세금계산서,PP,Y,인쇄,조회
20220406-1,(주)대창정밀,로라수리,660000,세금계산서,PP,Y,인쇄,조회
20220405-1,한국파렛트풀(주),PP원료(재생),21384000,세금계산서,PP,Y,인쇄,조회
20220404-3,(주)경남캐미칼,MB 6520 [M／B 6520 (GREEN)],731500,세금계산서,상품,Y,인쇄,조회
20220401-5,(주)스피드랩코리아,스트레치필름(기능 핸드랩) [15*500mm*400m],1497760,세금계산서,상품,Y,인쇄,조회
20220401-4,금정기획,라벨(아트지도안 AWP) 2015 [115*55] 외 1건,101200,세금계산서,PP,Y,인쇄,조회
20220401-3,재생산업,PP 재생원료 [PP원료(A)] 외 1건,36729000,세금계산서,PP,Y,인쇄,조회
20220401-2,(주)경남캐미칼,MB 307 [M／B 307 Yellow] 외 3건,4163500,세금계산서,PP,Y,인쇄,조회
20220401-1,백암지관공업사,지관 200 [지관 200＊8＊190] 외 1건,2034032,세금계산서,PP,Y,인쇄,조회
20220331-5,(주)스피드랩코리아,스트레치필름(기능 핸드랩) [15*500mm*400m] 외 1건,2638240,세금계산서,상품,Y,인쇄,조회
20220331-4,(주)넥스텍케미칼,PP원료 [VM 3588FL] 외 1건,869000,세금계산서,PP,Y,인쇄,조회
20220331-2,삼보팩,패드410(STRONG) [패드 410*200] 외 1건,1468676,세금계산서,PP,Y,인쇄,조회
20220330-4,(주)경남캐미칼,MB 307 [M／B 307 Yellow],1221000,세금계산서,PP,Y,인쇄,조회
20220330-3,신일이에프에스 주식회사,PP원료 [재생 PP-백색],8360000,세금계산서,PP,Y,인쇄,조회
20220330-1,백암지관공업사,지관 50 [지관 50＊5＊182] 외 2건,1815616,세금계산서,PP,Y,인쇄,조회
20220329-1,제이케이머티리얼즈(주)／순성공장,PP원료,22156816,세금계산서,PP,Y,인쇄,조회
20220328-3,가나수지,PP 재생원료 [투명(A)] 외 3건,12320000,세금계산서,PP,Y,인쇄,조회
20220328-2,S-OIL(주)온산공장,HD500/PP50DW [500KG],43450000,세금계산서,PP,Y,인쇄,조회
20220328-1,백암지관공업사,지관 200 [지관 200＊8＊186] 외 1건,1329328,세금계산서,PP,Y,인쇄,조회
20220325-3,한국파렛트풀(주),PP원료(재생),32076000,세금계산서,PP,Y,인쇄,조회
20220325-2,일신케미칼,PP임가공 [PP임가공],2673880,세금계산서,PP,Y,인쇄,조회
20220325-1,삼보팩,박스 외부 PE (폴리밴드) [320 190 780],791859,세금계산서,PE,Y,인쇄,조회
20220324-3,(주)영화수출포장,포리밴드 DF50 [470*460*205],970200,세금계산서,PP,Y,인쇄,조회
20220324-2,(주)스피드랩코리아,스트레치필름(일반 기계랩) [20*500mm*1400m],1771000,세금계산서,상품,Y,인쇄,조회
20220324-1,백암지관공업사,지관 200 [지관 200＊8＊190] 외 1건,2034032,세금계산서,PP,Y,인쇄,조회
20220323-2,성진산업롤,고무롤 [피복[340*220]] 외 1건,528000,세금계산서,PP,Y,인쇄,조회
20220323-1,(주)영화수출포장,박스 스트롱2KG [480 320 380],863940,세금계산서,PE,Y,인쇄,조회
20220322-2,(주)씨케이플러스,MF5000(PE원료) [MF5000_500KG] 외 1건,22968000,세금계산서,PE,Y,인쇄,조회
20220322-1,백암지관공업사,지관 200 [지관 200＊8＊190] 외 2건,1445444,세금계산서,PP,Y,인쇄,조회
20220321-2,(주)스피드랩코리아,스트레치필름(일반 기계랩) [20*500mm*1400m],1771000,세금계산서,상품,Y,인쇄,조회
20220321-1,백암지관공업사,지관 200 [지관 200＊8＊186] 외 1건,1249248,세금계산서,PP,Y,인쇄,조회
20220318-3,(주)경남캐미칼,MB 307 [M／B 307 Yellow],1221000,세금계산서,PP,Y,인쇄,조회
20220318-2,백암지관공업사,지관 50 [지관 50＊5＊225] 외 2건,1858824,세금계산서,PE,Y,인쇄,조회
20220317-5,롯데케미칼 주식회사,MF5000(PE원료) [MF5000_25KG],9570000,세금계산서,PE,Y,인쇄,조회
20220317-4,금정기획,라벨(아트지무지)108*50 [[108*50 ]] 외 3건,2928200,세금계산서,PP,Y,인쇄,조회
20220317-3,금성포장,패드 540 [540*200],1155000,세금계산서,PP,Y,인쇄,조회
20220317-2,백암지관공업사,지관 200 [지관 200＊8＊190] 외 2건,1229932,세금계산서,PP,Y,인쇄,조회
20220317-1,덕흥수지,PP원료(A),21450000,세금계산서,PP,Y,인쇄,조회
20220316-3,백암지관공업사,지관 406 [지관 406＊6＊155] 외 1건,1393568,세금계산서,PP,Y,인쇄,조회
20220316-2,(주)경남캐미칼,MB 100B（ [M／B 100B（WHITE）] 외 1건,3190000,세금계산서,PP,Y,인쇄,조회
20220316-1,재생산업,PP원료(OG),37125000,세금계산서,PP,Y,인쇄,조회
20220315-5,에어팩코리아,에어백 APK-1022 (1000*2200) [에어백 1000*2200] 외 1건,940500,세금계산서,PP,Y,인쇄,조회
20220315-4,(주)대원우드,팔레트 1260*840 [1260*840] 외 6건,660000,세금계산서,PP,Y,인쇄,조회
20220315-3,(주)스피드랩코리아,스트레치필름(일반 핸드랩) [25*500mm*300m] 외 1건,198550,세금계산서,상품,Y,인쇄,조회
20220315-2,(주)삼신,PP특A [PP특A(투명)],40975000,세금계산서,PP,Y,인쇄,조회
20220315-1,백암지관공업사,지관 200 [지관 200＊8＊190] 외 2건,1257784,세금계산서,PP,Y,인쇄,조회
20220314-2,(주)한국바코드시스템,라벨(아트지도안청색) [[86*46 ]] 외 2건,352000,세금계산서,PP,Y,인쇄,조회
20220314-1,동원화학수지,PP노랑 [PP노랑],16746400,세금계산서,PP,Y,인쇄,조회
20220311-2,(주)태진케미칼,PP원료 [PPA],22237600,세금계산서,PP,Y,인쇄,조회
20220311-1,파코팩(PACO PACK),PP14MM [PP14M／M 10KG (보라색)] 외 1건,3641880,세금계산서,상품,Y,인쇄,조회
20220310-5,백암지관공업사,지관 200 [지관 200＊8＊190] 외 2건,1851168,세금계산서,PP,Y,인쇄,조회
20220310-4,효창산업,CALPET [CALPET],4752000,세금계산서,PP,Y,인쇄,조회
20220310-3,(주)스피드랩코리아,스트레치필름(기능 핸드랩) [15*500mm*400m],1302400,세금계산서,상품,Y,인쇄,조회
20220310-2,S-OIL(주)온산공장,HD500/PP50DW [500KG],22594000,세금계산서,PP,Y,인쇄,조회
20220310-1,S-OIL(주)온산공장,HD500/PP50DW [500KG],20856000,세금계산서,PP,Y,인쇄,조회
20220308-4,제이케이머티리얼즈(주)／순성공장,PP원료,15326476,세금계산서,PP,Y,인쇄,조회
20220308-3,(주)경남캐미칼,MB 820FL [M／B 820FL（BLACK）],1188000,세금계산서,PP,Y,인쇄,조회
20220308-2,백암지관공업사,지관 200 [지관 200＊8＊190] 외 1건,1213212,세금계산서,PP,Y,인쇄,조회
20220308-1,백암지관공업사,지관 406 [지관 406＊6＊155],1203840,세금계산서,PP,Y,인쇄,조회
20220307-6,(주)원일상공,디지메틱 캘리퍼스 (LINE.ST) [MT-11-015 150mm*0.01] 외 1건,28600,카드,PP,N,인쇄,조회
20220307-5,(주)원일상공,베아링 NSK 29426 외 5건,1301300,카드,PP,N,인쇄,조회
20220307-4,한국파렛트풀(주),팔레트 1100*1100*120 [1100*1100*120 7kg],2376000,세금계산서,PP,Y,인쇄,조회
20220307-3,백암지관공업사,지관 406 [지관 406＊6＊155],1203840,세금계산서,PP,Y,인쇄,조회
20220307-2,금성포장,패드 540 [540*200] 외 1건,2017400,세금계산서,PP,Y,인쇄,조회
20220307-1,(주)대원우드,팔레트 1160*1160 [1160*1160] 외 8건,2560800,세금계산서,PP,Y,인쇄,조회
20220304-2,백암지관공업사,지관 200 [지관 200＊8＊190] 외 1건,1213212,세금계산서,PP,Y,인쇄,조회
20220304-1,(주)스피드랩코리아,스트레치필름(일반 핸드랩) [15*500mm*350m] 외 1건,2633840,세금계산서,상품,Y,인쇄,조회
20220303-2,재생산업,PP원료(A),36036000,세금계산서,PP,Y,인쇄,조회
20220303-1,삼보팩,미국박스 580 [580*170*580] 외 1건,2318967,세금계산서,PP,Y,인쇄,조회
20220302-4,주식회사 천강,PP펄렛 [PP펄렛],14067900,세금계산서,PP,Y,인쇄,조회
20220302-3,(주)경남캐미칼,MB 510-2 [M／B 510-2 (BLUE)],1347500,세금계산서,PP,Y,인쇄,조회
20220302-2,백암지관공업사,지관 50 [지관 50＊5＊182] 외 2건,2127928,세금계산서,PP,Y,인쇄,조회
20220302-1,삼보팩,미국박스 [420 200 425] 외 1건,2561372,세금계산서,PP,Y,인쇄,조회
20220228-1,덕흥수지,PP원료(A),19800000,세금계산서,PP,Y,인쇄,조회
20220225-2,백암지관공업사,지관 200 [지관 200＊8＊190] 외 1건,1017016,세금계산서,PP,Y,인쇄,조회
20220225-1,(주)대원우드,팔레트 1060＊1060 [1060＊1060] 외 8건,844800,세금계산서,PP,Y,인쇄,조회
20220224-5,삼보팩,써마크래프트 C/T 260 [260*132*263],1732280,세금계산서,PP,Y,인쇄,조회
20220224-4,성플(Sungple),PP 은색 [PP 은색],12276000,세금계산서,PP,Y,인쇄,조회
20220224-3,일신케미칼,PP임가공 [PP임가공],2867480,세금계산서,PP,Y,인쇄,조회
20220224-2,재생산업,PP원료(A),36036000,세금계산서,PP,Y,인쇄,조회
20220224-1,재생산업,PP원료(OG),36300000,세금계산서,PP,Y,인쇄,조회
20220223-4,삼보팩,패드 400 [패드 400＊200 적색] 외 2건,3337342,세금계산서,PP,Y,인쇄,조회
20220223-3,금성포장,패드 430 [패드 430＊200 무지],1595000,세금계산서,PP,Y,인쇄,조회
20220223-2,유진산업,PE28mm 2kg [PE28M／M(백)2KG],19602000,세금계산서,PP,Y,인쇄,조회
20220223-1,S-OIL(주)온산공장,HD500/PP50DW [500KG],39325000,세금계산서,PP,Y,인쇄,조회
20220222-2,파코팩(PACO PACK),PP15M [PP15M／M10KG(자동용인쇄밴드)] 외 1건,1914000,세금계산서,PP,Y,인쇄,조회
20220222-1,백암지관공업사,지관 200 [지관 200＊8＊186] 외 1건,1423224,세금계산서,PP,Y,인쇄,조회
20220221-2,(주)스피드랩코리아,스트레치필름(일반 기계랩) [20*500mm*1400m],1771000,세금계산서,상품,Y,인쇄,조회
20220221-1,금성포장,패드 380 [380*200 (무인쇄)] 외 1건,1212200,세금계산서,PP,Y,인쇄,조회
20220218-2,백암지관공업사,지관 200 [지관 200＊8＊190] 외 2건,1837836,세금계산서,PP,Y,인쇄,조회
20220218-1,태진지관(주),지관 200 [지관 200＊10＊186],1238160,세금계산서,PP,Y,인쇄,조회
20220217-4,가나수지,HDPE 가공(흰색) [PE 가공],585200,세금계산서,PE,Y,인쇄,조회
20220217-3,가나수지,PP 재생원료 [투명(A)] 외 2건,9357260,세금계산서,PP,Y,인쇄,조회
20220217-1,(주)스피드랩코리아,스트레치필름(일반 기계랩) [25*500mm*1400m] 외 1건,924000,세금계산서,상품,Y,인쇄,조회
20220216-4,삼보팩,미국박스 580 [580*170*580],1210000,세금계산서,PP,Y,인쇄,조회
20220216-3,백암지관공업사,지관 406 [지관 406＊6＊155] 외 2건,1156144,세금계산서,PP,Y,인쇄,조회
20220216-2,(주)스피드랩코리아,스트레치필름(일반 핸드랩) [20*300*380m] 외 2건,2707870,세금계산서,상품,Y,인쇄,조회
20220216-1,(주)폴리코,면장갑 [면장갑],280500,세금계산서,PP,Y,인쇄,조회
20220215-7,(주)씨케이플러스,MF5000(PE원료) [MF5000_500KG],20988000,세금계산서,PE,Y,인쇄,조회
20220215-5,파코팩(PACO PACK),PP9MM [PP9M／M7KG(백)] 외 2건,3269805,세금계산서,PP,Y,인쇄,조회
20220215-4,주식회사 썬에이스,MF5000SA(PE O.G) [25KG],43725000,세금계산서,PE,Y,인쇄,조회
20220215-3,S-OIL(주)온산공장,HD500/PP50DW [500KG],39325000,세금계산서,PP,Y,인쇄,조회
20220215-2,진흥산업,폴리백 40*57 [폴리백 40*57],457600,세금계산서,PE,Y,인쇄,조회
20220215-1,(주)경남캐미칼,MB 307 [M／B 307 Yellow] 외 1건,1980000,세금계산서,PP,Y,인쇄,조회
20220214-2,제이케이머티리얼즈(주)／순성공장,PP원료,13039840,세금계산서,PP,Y,인쇄,조회
20220214-1,금성포장,패드 540 [540*200],1155000,세금계산서,PP,Y,인쇄,조회
20220211-6,(주)스피드랩코리아,스트레치필름(일반 핸드랩) [25*500mm*300m] 외 1건,463320,세금계산서,상품,Y,인쇄,조회
20220211-5,(주)스피드랩코리아,스트레치필름(일반 기계랩) [25*500mm*1400m] 외 2건,1017280,세금계산서,상품,Y,인쇄,조회
20220211-4,(주)경남캐미칼,UV-NATURAL 외 1건,2277000,세금계산서,PP,Y,인쇄,조회
20220211-3,덕흥수지,PP원료(A),19800000,세금계산서,PP,Y,인쇄,조회
20220211-2,백암지관공업사,지관 200 [지관 200＊4＊189] 외 2건,2266264,세금계산서,PP,Y,인쇄,조회
20220211-1,동원화학수지,PP원료 [투명] 외 1건,5165600,세금계산서,PP,Y,인쇄,조회
20220209-2,삼보팩,박스 외부 PE (폴리밴드) [320 190 780] 외 4건,4205817,세금계산서,PP,Y,인쇄,조회
20220209-1,주식회사 썬에이스,MF5000SA(PE O.G) [25KG],23080750,세금계산서,PE,Y,인쇄,조회
20220208-4,일신케미칼,PP임가공 [PP임가공],4171640,세금계산서,PP,Y,인쇄,조회
20220208-3,재생산업,PP원료(OG),36300000,세금계산서,PP,Y,인쇄,조회
20220208-2,재생산업,PP원료(A),36036000,세금계산서,PP,Y,인쇄,조회
20220208-1,백암지관공업사,지관 200 [지관 200＊8＊190] 외 2건,1133132,세금계산서,PP,Y,인쇄,조회
20220207-2,(주)경남캐미칼,MB 100B（ [M／B 100B（WHITE）],1122000,세금계산서,PP,Y,인쇄,조회
20220207-1,동원화학수지,PP노랑 [PP노랑],15180000,세금계산서,PP,Y,인쇄,조회
20220204-2,백암지관공업사,지관 200 [지관 200＊8＊190],1249248,세금계산서,PP,Y,인쇄,조회
20220204-1,재생산업,PP원료(건조품) 외 1건,34177000,세금계산서,PP,Y,인쇄,조회
20220203-1,백암지관공업사,지관 50 [지관 50＊5＊182] 외 2건,1735536,세금계산서,PP,Y,인쇄,조회
20220128-4,백암지관공업사,지관 200 [지관 200＊8＊190],1249248,세금계산서,PP,Y,인쇄,조회
20220128-3,(주)태진케미칼,PP원료 [PPA],21120000,세금계산서,PP,Y,인쇄,조회
20220128-2,우선산업,PP9MM [PP9M／M9.5KG(백색)],1745150,세금계산서,PP,Y,인쇄,조회
20220128-1,금성포장,무인쇄톰슨접착 320 [320*130*320] 외 2건,4246000,세금계산서,PP,Y,인쇄,조회
20220127-5,주식회사 썬에이스,Y-130SA(0.G) [(PP원료)],2970000,세금계산서,PP,Y,인쇄,조회
20220127-4,주식회사 썬에이스,Y-130SA(0.G) [(PP원료)],34155000,세금계산서,PP,Y,인쇄,조회
20220127-3,덕흥수지,PP원료(A),19800000,세금계산서,PP,Y,인쇄,조회
20220127-2,재생산업,PP원료(A),36036000,세금계산서,PP,Y,인쇄,조회
20220127-1,백암지관공업사,지관 200 [지관 200＊8＊190],1561560,세금계산서,PP,Y,인쇄,조회
20220125-2,(주)씨케이플러스,MF5000(PE원료) [MF5000_500KG],19668000,세금계산서,PE,Y,인쇄,조회
20220125-1,(주)태진케미칼,PP원료 [PPA],15206400,세금계산서,PP,Y,인쇄,조회
20220124-1,금성포장,패드 540 [540*200],1178100,세금계산서,PP,Y,인쇄,조회
20220121-3,(주)경남캐미칼,UV-NATURAL 외 2건,2288000,세금계산서,PP,Y,인쇄,조회
20220121-2,삼보팩,고메리 3입 (C/T) [360*355*385] 외 1건,767896,세금계산서,PP,Y,인쇄,조회
20220121-1,백암지관공업사,지관 200 [지관 200＊8＊190],1249248,세금계산서,PP,Y,인쇄,조회
20220120-4,제이케이머티리얼즈(주)／순성공장,PP원료,14016464,세금계산서,PP,Y,인쇄,조회
20220120-3,파코팩(PACO PACK),PP15M [PP15MM*10KG(황색)],979000,세금계산서,상품,Y,인쇄,조회
20220120-2,(주)경남캐미칼,MB 307 [M／B 307 Yellow],852500,세금계산서,PP,Y,인쇄,조회
20220120-1,백암지관공업사,지관 406 [지관 406＊6＊155] 외 3건,1253516,세금계산서,PP,Y,인쇄,조회
20220119-4,재생산업,PP원료(A) 외 1건,36283500,세금계산서,PP,Y,인쇄,조회
20220119-3,삼보팩,패드 430 [패드 430＊200 무지] 외 3건,3559333,세금계산서,PP,Y,인쇄,조회
20220119-2,주식회사 썬에이스,Y-130SA(0.G) [(PP원료)] 외 1건,37081000,세금계산서,PP,Y,인쇄,조회
20220119-1,삼보팩,고메리 2입 (C/T) [450*445*400] 외 1건,1392702,세금계산서,PP,Y,인쇄,조회
20220118-4,(주)태진케미칼,PP원료 [PPA] 외 1건,15892800,세금계산서,PP,Y,인쇄,조회
20220118-3,(주)태진케미칼,PP가공 [PP가공],6600000,세금계산서,PP,Y,인쇄,조회
20220118-2,주식회사 썬에이스,Y-130SA(0.G) [(PP원료)],11301675,세금계산서,PP,Y,인쇄,조회
20220118-1,주식회사 썬에이스,MF5000(PE원료) [MF5000_500KG],19932000,세금계산서,PE,Y,인쇄,조회
20220117-4,파코팩(PACO PACK),인쇄밴드(금동) [PP15M／M10KG] 외 1건,1061500,세금계산서,상품,Y,인쇄,조회
20220117-3,파코팩(PACO PACK),PP14MM [PP14M / M10KG(백색) [PP14MM*10KG(백색)] 외 1건,1918840,세금계산서,상품,Y,인쇄,조회
20220117-2,파코팩(PACO PACK),"자동인쇄밴드 (EST 206) [12 x 3,000M 0.65T]",7350000,영세율,상품,Y,인쇄,조회
20220117-1,백암지관공업사,지관 200 [지관 200＊8＊186] 외 1건,1249248,세금계산서,PP,Y,인쇄,조회
20220114-4,(주)스피드랩코리아,스트레치필름(일반 기계랩) [20*500mm*1400m],1771000,세금계산서,상품,Y,인쇄,조회
20220114-3,(주)경남캐미칼,MB 307 [M／B 307 Yellow],682000,세금계산서,PP,Y,인쇄,조회
20220114-2,두성엔지니어링,밴드노즐 와이어 수정(사이즈변경)가공 [1.8*15*3EA],165000,세금계산서,PP,Y,인쇄,조회
20220114-1,파코팩(PACO PACK),PP14MM [PP14M／M 10KG (황색)],1566400,세금계산서,상품,Y,인쇄,조회
20220113-2,S-OIL(주)온산공장,HD500/PP50DW [500KG],37950000,세금계산서,PP,Y,인쇄,조회
20220113-1,삼보팩,평면골판지 [구래단 (1100mm x 40000mm)],958320,세금계산서,PP,Y,인쇄,조회
20220112-3,주식회사 썬에이스,Y-130SA(0.G) [(PP원료)],36575000,세금계산서,PP,Y,인쇄,조회
20220112-2,파코팩(PACO PACK),PP10.5M [PP10.5M10KG(청)] 외 1건,1996500,세금계산서,상품,Y,인쇄,조회
20220112-1,백암지관공업사,지관 200 [지관 200＊4＊189],980980,세금계산서,PP,Y,인쇄,조회
20220111-4,효창산업,CALPET [CALPET],4356000,세금계산서,PP,Y,인쇄,조회
20220111-2,금성포장,패드 540 [540*200],1155000,세금계산서,PP,Y,인쇄,조회
20220111-1,주식회사 썬에이스,5000STSA(PE원료 O.G),0,세금계산서,PE,Y,인쇄,조회
20220110-4,백암지관공업사,지관 406 [지관 406＊6＊155],1203840,세금계산서,PP,Y,인쇄,조회
20220110-3,(주)경남캐미칼,4248 GRAY [4248 GRAY],107250,세금계산서,PP,Y,인쇄,조회
20220110-2,(주)스피드랩코리아,스트레치필름(기능 핸드랩) [15*500mm*400m],1302400,세금계산서,PP,Y,인쇄,조회
20220107-2,두성엔지니어링,쵸크핀 [캠 쵸크 핀(알루미늄 청동)] 외 1건,2365000,세금계산서,PP,Y,인쇄,조회
20220107-1,(주)대원우드,팔레트 450*1270*180 [450*1270*180] 외 6건,589600,세금계산서,PP,Y,인쇄,조회
20220106-4,(주)경남캐미칼,MB 820FL [M／B 820FL（BLACK）],990000,세금계산서,PP,Y,인쇄,조회
20220106-3,(주)스피드랩코리아,스트레치필름(일반 핸드랩) [20*500mm*350m],1039500,세금계산서,상품,Y,인쇄,조회
20220106-2,백암지관공업사,지관 200 [지관 200＊8＊190] 외 1건,2034032,세금계산서,PP,Y,인쇄,조회
20220106-1,재생산업,PP원료(A) 외 1건,33577500,세금계산서,PP,Y,인쇄,조회
20220105-3,백암지관공업사,지관 50 [지관 50＊5＊182],1597200,세금계산서,PE,Y,인쇄,조회
20220105-2,(주)스피드랩코리아,스트레치필름(일반 핸드랩) [25*500mm*300m] 외 1건,992200,세금계산서,상품,Y,인쇄,조회
20220105-1,덕흥수지,PP원료(A),19800000,세금계산서,PP,Y,인쇄,조회
20220104-3,(주)영화수출포장,박스 스트롱2KG [480 320 380],719950,세금계산서,PE,Y,인쇄,조회
20220104-2,백암지관공업사,지관 50 [지관 50＊5＊225],435600,세금계산서,PE,Y,인쇄,조회
20220104-1,백암지관공업사,지관 200 [지관 200＊8＊190] 외 1건,508508,세금계산서,PP,Y,인쇄,조회
20220103-3,주식회사 썬에이스,MF5000(PE원료),35750000,세금계산서,PE,Y,인쇄,조회
20220103-2,백암지관공업사,지관 406 [지관 406＊6＊155],1685376,세금계산서,PP,Y,인쇄,조회
20220103-1,(주)스피드랩코리아,스트레치필름(일반 기계랩) [20*500mm*1400m],1771000,세금계산서,상품,Y,인쇄,조회
20211231-1,(주)낙원포장,반자동밴딩기 [strapack IQ-400],825000,세금계산서,상품,Y,인쇄,조회
20211230-3,백암지관공업사,지관 200 [지관 200＊8＊190] 외 1건,1837836,세금계산서,PP,Y,인쇄,조회
20211230-2,(주)넥스텍케미칼,PP원료 [VM 3588FL] 외 2건,203500,세금계산서,PP,Y,인쇄,조회
20211230-1,한국파렛트풀(주),팔레트 1100*1100*120 [1100*1100*120 7kg],1650000,세금계산서,PP,Y,인쇄,조회
20211229-1,(주)경남캐미칼,MB 100B（ [M／B 100B（WHITE）],1237500,세금계산서,PP,Y,인쇄,조회
20211228-6,제이케이머티리얼즈(주)／순성공장,PP원료,10104512,세금계산서,PP,Y,인쇄,조회
20211228-5,경인산업,정전기장갑 [탑피드백색 s*300 / xs*200] 외 2건,1186900,세금계산서,상품,Y,인쇄,조회
20211228-4,삼보팩,미국박스 570 [570*170*570],1875500,세금계산서,PP,Y,인쇄,조회
20211228-3,백암지관공업사,지관 200 [지관 200＊8＊190] 외 2건,1329328,세금계산서,PP,Y,인쇄,조회
20211228-2,지영,팔레트 1100*1100 [1100*1100],2034560,세금계산서,PP,Y,인쇄,조회
20211228-1,(주)영화수출포장,박스 내수PE(폴리밴드) [320 190 780] 외 1건,1956311,세금계산서,PE,Y,인쇄,조회
20211224-4,(주)영화수출포장,포리밴드 DF50 [470*460*205] 외 2건,2465100,세금계산서,PE,Y,인쇄,조회
20211224-3,(주)스피드랩코리아,스트레치필름(일반 핸드랩) [18*500mm*350m],2124320,세금계산서,상품,Y,인쇄,조회
20211224-2,(주)낙원포장,스프링 외 2건,154000,세금계산서,PP,Y,인쇄,조회
20211223-3,백암지관공업사,지관 200 [지관 200＊8＊190] 외 2건,1757756,세금계산서,PP,Y,인쇄,조회
20211223-2,(주)스피드랩코리아,스트레치필름(일반 핸드랩) [18*500mm*350m],999680,세금계산서,상품,Y,인쇄,조회
20211223-1,한국파렛트풀(주),팔레트 1100*1100*120 [1100*1100*120 7kg],990000,세금계산서,PP,Y,인쇄,조회
20211222-4,진흥산업,폴리백 26＊44 [폴리백 26＊44],1320000,세금계산서,PE,Y,인쇄,조회
20211222-3,(주)스피드랩코리아,스트레치필름(일반 핸드랩) [20*300*380m],1161600,세금계산서,상품,Y,인쇄,조회
20211222-2,삼보팩,서플라이웨이BOX(White/SWPS12350WH) [440*200*445] 외 1건,1810146,세금계산서,PP,Y,인쇄,조회
20211222-1,(주)경남캐미칼,MB 510-2 [M／B 510-2 (BLUE)],1485000,세금계산서,PP,Y,인쇄,조회
20211221-2,(주)경남캐미칼,406 [406(RED)],585750,세금계산서,PP,Y,인쇄,조회
20211221-1,백암지관공업사,지관 200 [지관 200＊8＊186] 외 1건,1249248,세금계산서,PP,Y,인쇄,조회
20211217-2,백암지관공업사,지관 200 [지관 200＊8＊190] 외 2건,1329328,세금계산서,PP,Y,인쇄,조회
20211217-1,(주)태진케미칼,PP원료 [PPA],21120000,세금계산서,PP,Y,인쇄,조회
20211216-3,(주)대원우드,팔레트 860*860 [860*860] 외 16건,1342000,세금계산서,PP,Y,인쇄,조회
20211216-2,파코팩(PACO PACK),PP14MM [PP14M／M 10KG (적색)],1566400,세금계산서,상품,Y,인쇄,조회
20211216-1,백암지관공업사,지관 50 [지관 50＊5＊182] 외 2건,2614216,세금계산서,PP,Y,인쇄,조회
20211215-2,(주)낙원포장,스프링,220000,세금계산서,PP,Y,인쇄,조회
20211215-1,파코팩(PACO PACK),"12 x 2,500M 0.60T [12 x 2,500M 0.60T 녹색] 외 2건",11900000,영세율,상품,Y,인쇄,조회
20211214-3,백암지관공업사,지관 200 [지관 200＊8＊190] 외 1건,1329328,세금계산서,PP,Y,인쇄,조회
20211214-2,(주)씨케이플러스,MF5000(PE원료) [MF5000_500KG],19668000,세금계산서,PE,Y,인쇄,조회
20211214-1,삼보팩,무인쇄톰슨접착 460 [460*130*460],943800,세금계산서,PP,Y,인쇄,조회
20211213-4,가나수지,PP 재생원료 [투명(A)] 외 1건,6884625,세금계산서,PP,Y,인쇄,조회
20211213-3,금성포장,패드540(무인쇄) [패드540*200],1155000,세금계산서,PP,Y,인쇄,조회
20211213-2,동원화학수지,PP노랑 [PP노랑] 외 1건,18837500,세금계산서,PP,Y,인쇄,조회
20211213-1,(주)경남캐미칼,MB 820FL [M／B 820FL（BLACK）],1100000,세금계산서,PP,Y,인쇄,조회
20211210-1,백암지관공업사,지관 200 [지관 200＊4＊189] 외 1건,704704,세금계산서,PP,Y,인쇄,조회
20211208-4,진영프라스틱,PP 은색 [PP 은색],12584000,세금계산서,PP,Y,인쇄,조회
20211208-3,주식회사 천강,PP펄렛 [PP펄렛],14270850,세금계산서,상품,Y,인쇄,조회
20211208-2,(주)대원우드,팔레트 1080＊1080 [1080＊1080] 외 6건,580800,세금계산서,PP,Y,인쇄,조회
20211208-1,백암지관공업사,지관 406 [지관 406＊6＊155] 외 2건,1667776,세금계산서,PP,Y,인쇄,조회
20211207-2,덕흥수지,PP원료(A),19800000,세금계산서,PP,Y,인쇄,조회
20211207-1,재생산업,PP원료(A),36036000,세금계산서,PP,Y,인쇄,조회
20211206-1,삼보팩,패드 400 [패드 400＊200 적색] 외 3건,4714037,세금계산서,PE,Y,인쇄,조회
20211203-3,(주)경남캐미칼,MB 100B（ [M／B 100B（WHITE）] 외 2건,2090000,세금계산서,PP,Y,인쇄,조회
20211203-2,백암지관공업사,지관 50 [지관 50＊5＊182] 외 2건,1423224,세금계산서,PP,Y,인쇄,조회
20211202-1,백암지관공업사,지관 200 [지관 200＊8＊186] 외 2건,1953952,세금계산서,PP,Y,인쇄,조회
20211130-3,주식회사 천강,PP펄렛 [PP펄렛],14572800,세금계산서,PP,Y,인쇄,조회
20211130-2,(주)스피드랩코리아,스트레치필름(일반 기계랩) [20*500mm*1400m],1771000,세금계산서,상품,Y,인쇄,조회
20211130-1,백암지관공업사,지관 200 [지관 200＊8＊186] 외 1건,704704,세금계산서,PP,Y,인쇄,조회
20211129-2,주식회사 썬에이스,Y-130 (PP원료) [Y-130SB_25kg],33000000,세금계산서,PP,Y,인쇄,조회
20211129-1,파코팩(PACO PACK),PP12M [PP12MM / 9.5KG(황)] 외 1건,4491575,세금계산서,상품,Y,인쇄,조회
20211126-4,백암지관공업사,지관 200 [지관 200＊4＊189],467852,세금계산서,PP,Y,인쇄,조회
20211126-3,(주)스피드랩코리아,스트레치필름(기능 핸드랩) [15*500mm*400m],1302400,세금계산서,상품,Y,인쇄,조회
20211126-2,(주)낙원포장,반자동밴딩기 [strapack IQ-400] 외 1건,880000,세금계산서,상품,Y,인쇄,조회
20211126-1,태진지관(주),지관 200 [지관 200＊10＊186],1238160,세금계산서,PP,Y,인쇄,조회
20211125-5,롯데케미칼 주식회사,SFC원료 [SFC-550_25KG],91300,세금계산서,PP,Y,인쇄,조회
20211125-4,(주)경남캐미칼,MB 510-2 [M／B 510-2 (BLUE)],1980000,세금계산서,PP,Y,인쇄,조회
20211125-3,백암지관공업사,지관 200 [지관 200＊8＊186] 외 1건,704704,세금계산서,PP,Y,인쇄,조회
20211125-2,금성포장,패드 430 [패드 430＊200 무지],1595000,세금계산서,PP,Y,인쇄,조회
20211125-1,롯데케미칼 주식회사,FR원료 [FR-150H_25KG],87450,세금계산서,PP,Y,인쇄,조회
20211124-3,S-OIL(주)온산공장,ME100/PC25DW (O.G) [25KG],34650000,세금계산서,PP,Y,인쇄,조회
20211124-2,백암지관공업사,지관 200 [지관 200＊4＊189] 외 1건,704704,세금계산서,PP,Y,인쇄,조회
20211124-1,금성포장,타이거팩 4500 C/T 320 [320*130*320] 외 4건,1677555,세금계산서,PP,Y,인쇄,조회
20211123-2,주식회사 썬에이스,Y-130 (PP원료) [Y-130SB_25kg] 외 1건,66000000,세금계산서,PP,Y,인쇄,조회
20211123-1,(주)스피드랩코리아,스트레치필름(일반 핸드랩) [20*500mm*350m] 외 1건,187000,세금계산서,상품,Y,인쇄,조회
20211122-3,(주)스피드랩코리아,스트레치필름(일반 핸드랩) [18*500mm*350m] 외 1건,1542420,세금계산서,상품,Y,인쇄,조회
20211122-2,(주)영화수출포장,박스 내수PE(폴리밴드) [320 190 780],596200,세금계산서,PE,Y,인쇄,조회
20211122-1,백암지관공업사,지관 50 [지관 50＊5＊182] 외 1건,1423224,세금계산서,PP,Y,인쇄,조회
20211119-6,(주)스피드랩코리아,스트레치필름(일반 기계랩) [20*500mm*1400m],1771000,세금계산서,상품,Y,인쇄,조회
20211119-5,파코팩(PACO PACK),PP14MM [PP14M／M 10KG (보라색)] 외 1건,1897500,세금계산서,상품,Y,인쇄,조회
20211119-4,제이케이머티리얼즈(주)／순성공장,PP원료,20428254,세금계산서,PP,Y,인쇄,조회
20211119-3,신일이에프에스 주식회사,PP원료 [PP-RP],9900000,세금계산서,PP,Y,인쇄,조회
20211119-2,(주)씨케이플러스,MF5000(PE원료) [MF5000_500KG],19668000,세금계산서,PE,Y,인쇄,조회
20211119-1,주식회사 썬에이스,Y-130 (PP원료) [Y-130SB_25kg],38500000,세금계산서,PP,Y,인쇄,조회
20211118-1,백암지관공업사,지관 200 [지관 200＊8＊190] 외 2건,1953952,세금계산서,PP,Y,인쇄,조회
20211117-4,덕흥수지,PP원료(A),19800000,세금계산서,PP,Y,인쇄,조회
20211117-3,진영프라스틱,PP 은색 [PP 은색],5808000,세금계산서,PP,Y,인쇄,조회
20211117-2,파코팩(PACO PACK),PP12M [PP12M／M10KG(백)] 외 3건,4842750,세금계산서,상품,Y,인쇄,조회
20211117-1,S-OIL(주)온산공장,HD500/PP50DW [500KG],38775000,세금계산서,PP,Y,인쇄,조회
20211115-1,백암지관공업사,지관 200 [지관 200＊8＊190] 외 2건,1837836,세금계산서,PP,Y,인쇄,조회
20211112-3,한국파렛트풀(주),팔레트 1100*1100*120 [1100*1100*120 7kg],825000,세금계산서,PP,Y,인쇄,조회
20211112-2,금성포장,옴니원패드 430 [430*200] 외 1건,1141690,세금계산서,PP,Y,인쇄,조회
20211112-1,재생산업,PP원료(A) 외 1건,35481600,세금계산서,PP,Y,인쇄,조회
20211111-3,(주)스피드랩코리아,스트레치필름(일반 기계랩) [25*500mm*1400m] 외 1건,1820500,세금계산서,상품,Y,인쇄,조회
20211111-2,백암지관공업사,지관 200 [지관 200＊8＊190] 외 1건,820820,세금계산서,PP,Y,인쇄,조회
20211111-1,대원목재,팔레트 1100*1200 [1100*1200] 외 6건,950400,세금계산서,PP,Y,인쇄,조회
20211110-1,삼보팩,패드 450 광림 [450*200 청색],448800,세금계산서,PP,Y,인쇄,조회
20211109-2,백암지관공업사,지관 200 [지관 200＊8＊186],936936,세금계산서,PP,Y,인쇄,조회
20211109-1,백암지관공업사,지관 200 [지관 200＊8＊190] 외 2건,2520320,세금계산서,PP,Y,인쇄,조회
20211106-2,(주)경남캐미칼,MB 820FL [M／B 820FL（BLACK）] 외 1건,1430000,세금계산서,PP,Y,인쇄,조회
20211106-1,S-OIL(주)온산공장,HD500/PP50DW [500KG],38775000,세금계산서,PP,Y,인쇄,조회
20211105-3,덕흥수지,PP원료(A),19800000,세금계산서,PP,Y,인쇄,조회
20211105-2,백암지관공업사,지관 200 [지관 200＊8＊190] 외 2건,820820,세금계산서,PP,Y,인쇄,조회
20211105-1,에어팩코리아,에어백 APK-1022 (1000*2200) [에어백 1000*2200],660000,세금계산서,PP,Y,인쇄,조회
20211104-3,백암지관공업사,지관 200 [지관 200＊8＊190],1561560,세금계산서,PP,Y,인쇄,조회
20211104-2,파코팩(PACO PACK),PP15M [PP15MM*10KG(황색)] 외 2건,5384500,세금계산서,상품,Y,인쇄,조회
20211103-4,재생산업,PP원료(건조품),34650000,세금계산서,PP,Y,인쇄,조회
20211103-3,삼보팩,패드 400 광림 [400*200 청색] 외 3건,4956050,세금계산서,PP,Y,인쇄,조회
20211103-2,백암지관공업사,지관 200 [지관 200＊8＊190] 외 1건,820820,세금계산서,PP,Y,인쇄,조회
20211103-1,(주)경남캐미칼,MB 6520 [M／B 6520 (GREEN)],96250,세금계산서,PP,Y,인쇄,조회
20211102-4,경인산업,정전기장갑 [탑피드백색] 외 2건,228250,세금계산서,상품,Y,인쇄,조회
20211102-3,가나수지,PP 재생원료 [투명(A)] 외 6건,12345300,세금계산서,PP,Y,인쇄,조회
20211102-2,파코팩(PACO PACK),PP15M [PP15MM*10KG(황색)] 외 2건,6391550,세금계산서,상품,Y,인쇄,조회
20211102-1,파코팩(PACO PACK),PP12M [PP12M／M10KG(황)] 외 4건,13879250,세금계산서,상품,Y,인쇄,조회
20211101-2,(주)경남캐미칼,MB 6520 [M／B 6520 (GREEN)] 외 2건,1683000,세금계산서,PP,Y,인쇄,조회
20211029-4,롯데케미칼 주식회사,MF5000(PE원료) [연구개발샘플],86350,세금계산서,PE,Y,인쇄,조회
20211029-3,삼보팩,고메리 12입(C/T) [570*430*390] 외 1건,1292610,세금계산서,PP,Y,인쇄,조회
20211029-2,롯데케미칼 주식회사,MF5000(PE원료) [MF5000_500KG],19800000,세금계산서,PE,Y,인쇄,조회
20211029-1,S-OIL(주)온산공장,HD500/PP50DW [500KG],37950000,세금계산서,PP,Y,인쇄,조회
20211028-3,백암지관공업사,지관 200 [지관 200＊8＊190] 외 2건,1547392,세금계산서,PP,Y,인쇄,조회
20211028-2,진영프라스틱,PP 은색 [PP 은색],11616000,세금계산서,PP,Y,인쇄,조회
20211028-1,금정기획,라벨(화살표) 60*45 [[60*45 ]],132000,세금계산서,PP,Y,인쇄,조회
20211027-3,(주)스피드랩코리아,스트레치필름(일반 기계랩) [20*500mm*1400m],3256000,세금계산서,PP,Y,인쇄,조회
20211027-2,효창산업,CALPET [CALPET],4356000,세금계산서,PP,Y,인쇄,조회
20211027-1,(주)경남캐미칼,MB 307 [M／B 307 Yellow] 외 2건,2904000,세금계산서,PP,Y,인쇄,조회
20211026-5,동원화학수지,PP 청색 [PP 청색],1980000,세금계산서,PP,Y,인쇄,조회
20211026-4,재생산업,PP원료(건조품),33264000,세금계산서,PP,Y,인쇄,조회
20211026-3,S-OIL(주)온산공장,ME100/PC25DW (O.G) [25KG],34100000,세금계산서,PP,Y,인쇄,조회
20211026-2,파코팩(PACO PACK),PP12M [PP12M／M12KG(황)] 외 3건,5744750,세금계산서,상품,Y,인쇄,조회
20211026-1,백암지관공업사,지관 50 [지관 50＊5＊182] 외 1건,1423224,세금계산서,PP,Y,인쇄,조회
20211025-3,동원화학수지,PP 청색 [PP 청색],4059000,세금계산서,PP,Y,인쇄,조회
20211025-2,금성포장,패드 540 [540*200],1072500,세금계산서,PP,Y,인쇄,조회
20211025-1,금성포장,패드 430 [패드 430＊200 무지] 외 1건,1402500,세금계산서,PP,Y,인쇄,조회
20211022-2,S-OIL(주)온산공장,HD500/PP50DW [500KG],37950000,세금계산서,PP,Y,인쇄,조회
20211022-1,(주)대원우드,팔레트 1080＊1080 [1080＊1080] 외 7건,750200,세금계산서,PP,Y,인쇄,조회
20211021-2,디엘에프엔씨 주식회사,PP원료 [대림 A],34531200,세금계산서,PP,Y,인쇄,조회
20211021-1,백암지관공업사,지관 200 [지관 200＊8＊186] 외 1건,796565,세금계산서,PP,Y,인쇄,조회
20211020-6,디엘에프엔씨 주식회사,PP원료 [대림 A],34531200,세금계산서,PP,Y,인쇄,조회
20211020-5,파코팩(PACO PACK),"자동인쇄밴드 (EST 206) [12 x 3,000M 0.65T]",3525120,영세율,상품,Y,인쇄,조회
20211020-4,파코팩(PACO PACK),PP14MM [PP14M／M 10KG (황색)] 외 2건,2007500,세금계산서,상품,Y,인쇄,조회
20211020-3,가나수지,PP 재생원료 [회색],3465000,세금계산서,PP,Y,인쇄,조회
20211020-2,삼보팩,미국박스 560 [560*170*565],271469,세금계산서,PP,Y,인쇄,조회
20211020-1,백암지관공업사,지관 200 [지관 200＊4＊189],588588,세금계산서,PP,Y,인쇄,조회
20211019-3,(주)스피드랩코리아,스트레치필름(기능 핸드랩) [15*500mm*400m],1196800,세금계산서,PP,Y,인쇄,조회
20211019-2,(주)씨케이플러스,MF5000(PE원료) [MF5000_500KG],19140000,세금계산서,PE,Y,인쇄,조회
20211019-1,백암지관공업사,지관 200 [지관 200＊4＊189],588588,세금계산서,PP,Y,인쇄,조회
20211018-6,(주)윤성,종이앵글(각대) [50*50*5*200] 외 1건,418000,세금계산서,PP,Y,인쇄,조회
20211018-5,성진산업롤,고무롤 [연마 [340*220]] 외 2건,660000,세금계산서,PP,Y,인쇄,조회
20211018-2,한국파렛트풀(주),팔레트 1100*1100*120 [1100*1100*120] 외 1건,1815000,세금계산서,PP,Y,인쇄,조회
20211018-1,백암지관공업사,지관 406 [지관 406＊6＊155] 외 2건,1739320,세금계산서,PP,Y,인쇄,조회
20211015-6,롯데케미칼 주식회사,MF5000(PE원료) [MF5000_500KG],19800000,세금계산서,PE,Y,인쇄,조회
20211015-5,백암지관공업사,지관 200 [지관 200＊8＊190] 외 1건,704704,세금계산서,PP,Y,인쇄,조회
20211015-4,백암지관공업사,지관 406 [지관 406＊6＊155],722304,세금계산서,PP,Y,인쇄,조회
20211015-3,삼보팩,미국박스 [380 200 385] 외 2건,1896400,세금계산서,PP,Y,인쇄,조회
20211015-2,삼보팩,박스 외부 PE (폴리밴드) [320 190 780],556441,세금계산서,PE,Y,인쇄,조회
20211015-1,(주)스피드랩코리아,스트레치필름(일반 기계랩) [20*500mm*1400m],1628000,세금계산서,상품,Y,인쇄,조회
20211014-4,백암지관공업사,지관 406 [지관 406＊6＊155],1605120,세금계산서,PP,Y,인쇄,조회
20211014-3,금정기획,라벨(아트지도안) 무지 [70*140],475200,세금계산서,PP,Y,인쇄,조회
20211014-2,백암지관공업사,지관 406 [지관 406＊6＊155],1564992,세금계산서,PP,Y,인쇄,조회
20211014-1,백암지관공업사,지관 200 [지관 200＊4＊189] 외 2건,944108,세금계산서,PP,Y,인쇄,조회
20211013-4,(주)태진케미칼,PP가공 [PP가공],6336000,세금계산서,PP,Y,인쇄,조회
20211013-3,백암지관공업사,지관 200 [지관 200＊8＊186] 외 1건,936936,세금계산서,PP,Y,인쇄,조회
20211013-2,두성엔지니어링,밴드노즐(5*12L*R60.5*2EA) 가공 [38*70*366L],440000,세금계산서,PP,Y,인쇄,조회
20211013-1,(주)경남캐미칼,MB 820FL [M／B 820FL（BLACK）],1320000,세금계산서,PP,Y,인쇄,조회
20211012-4,파코팩(PACO PACK),PP12M [PP12M／M10KG(황)] 외 1건,10780000,세금계산서,PP,Y,인쇄,조회
20211012-3,(주)스피드랩코리아,스트레치필름(일반 핸드랩) [15*500mm*400m],1196800,세금계산서,상품,Y,인쇄,조회
20211012-2,백암지관공업사,지관 200 [지관 200＊8＊186] 외 1건,936936,세금계산서,PP,Y,인쇄,조회
20211012-1,백암지관공업사,지관 406 [지관 406＊6＊155],618640,세금계산서,PP,Y,인쇄,조회
20211008-3,(주)스피드랩코리아,스트레치필름(일반 핸드랩) [20*300*380m],1161600,세금계산서,상품,Y,인쇄,조회
20211008-2,(주)대원우드,팔레트 1160*1160 [1160*1160] 외 12건,1936000,세금계산서,PP,Y,인쇄,조회
20211008-1,백암지관공업사,지관 200 [지관 200＊8＊190] 외 1건,820820,세금계산서,PP,Y,인쇄,조회
20211007-3,덕흥수지,PP원료(A),19800000,세금계산서,PP,Y,인쇄,조회
20211007-2,백암지관공업사,지관 200 [지관 200＊4＊189] 외 1건,704704,세금계산서,PP,Y,인쇄,조회
20211007-1,(주)영화수출포장,박스 (#28*6kg박스) [465 455 245] 외 2건,2142250,세금계산서,PE,Y,인쇄,조회
20211005-3,파코팩(PACO PACK),PP15M [PP15MM*10KG(황색)] 외 3건,7392000,세금계산서,상품,Y,인쇄,조회
20211005-2,(주)경남캐미칼,MB 510-2 [M／B 510-2 (BLUE)] 외 1건,2002000,세금계산서,PP,Y,인쇄,조회
20211005-1,백암지관공업사,지관 200 [지관 200＊8＊190],936936,세금계산서,PP,Y,인쇄,조회
20211001-7,삼보팩,파워팩 4500 C/T 320 [320*130*320] 외 7건,2686232,세금계산서,PP,Y,인쇄,조회
20211001-6,(주)태진케미칼,PP원료 [PPA],19800000,세금계산서,상품,Y,인쇄,조회
20211001-5,우선산업,PP9MM [PP9M／M9.5KG(백색)],2198889,세금계산서,상품,Y,인쇄,조회
20211001-4,경인산업,OPP-TAPE [OPP-TAPE 50＊50],199375,세금계산서,PP,Y,인쇄,조회
20211001-3,금성포장,패드540(무인쇄) [패드540*200],1072500,세금계산서,PP,Y,인쇄,조회
20210930-1,(주)씨케이플러스,MF5000(PE원료) [MF5000_500KG],18480000,세금계산서,PE,Y,인쇄,조회
20210929-3,S-OIL(주)온산공장,HD500/PA25DW [25KG],35200000,세금계산서,PP,Y,인쇄,조회
20210929-2,재생산업,PP원료(A) 외 1건,33818400,세금계산서,PP,Y,인쇄,조회
20210929-1,백암지관공업사,지관 200 [지관 200＊4＊189] 외 1건,680680,세금계산서,PP,Y,인쇄,조회
20210928-4,롯데케미칼 주식회사,SFC원료 [SFC-650BT_25KG],262900,세금계산서,PP,Y,인쇄,조회
20210928-3,S-OIL(주)온산공장,HD500/PP50DW [500KG],37125000,세금계산서,PP,Y,인쇄,조회
20210928-1,금성포장,패드 430 [패드 430＊200 무지] 외 1건,1512500,세금계산서,PP,N,인쇄,조회
20210927-2,백암지관공업사,지관 50 [지관 50＊5＊182],1548800,세금계산서,PE,Y,인쇄,조회
20210927-1,백암지관공업사,지관 200 [지관 200＊8＊186] 외 2건,2274272,세금계산서,PP,Y,인쇄,조회
20210924-5,한화토탈 주식회사,HY301(PP원료) [Z],31801000,세금계산서,PP,Y,인쇄,조회
20210924-4,(주)대원우드,팔레트 1080＊1080 [1080＊1080] 외 6건,1064800,세금계산서,PP,Y,인쇄,조회
20210924-3,한국파렛트풀(주),팔레트 1100*1100*120 [1100*1100*120],825000,세금계산서,PP,Y,인쇄,조회
20210924-2,가나수지,PP 재생원료 [투명(A)],6050000,세금계산서,PP,Y,인쇄,조회
20210924-1,(주)스피드랩코리아,스트레치필름(일반 핸드랩) [20*500mm*350m],660000,세금계산서,상품,Y,인쇄,조회
20210923-1,파코팩(PACO PACK),PP15M [PP15MM*10KG(황색)],962500,세금계산서,상품,Y,인쇄,조회
20210917-3,(주)경남캐미칼,MB 510-2 [M／B 510-2 (BLUE)],1320000,세금계산서,PP,Y,인쇄,조회
20210917-2,파코팩(PACO PACK),PP12M [PP12M／M10KG(황)] 외 1건,3520000,세금계산서,상품,Y,인쇄,조회
20210917-1,백암지관공업사,지관 200 [지관 200＊8＊190],912912,세금계산서,PP,Y,인쇄,조회
20210916-2,한화토탈 주식회사,HY301(PP원료) [A],34925000,세금계산서,PP,Y,인쇄,조회
20210916-1,백암지관공업사,지관 200 [지관 200＊4＊189] 외 1건,680680,세금계산서,PP,Y,인쇄,조회
20210915-3,삼보팩,패드 400 [패드 400＊200 적색] 외 1건,4842336,세금계산서,PP,Y,인쇄,조회
20210915-2,태진지관(주),지관 200 [지관 200＊10＊186],1145760,세금계산서,PP,Y,인쇄,조회
20210915-1,디엘에프엔씨 주식회사,PP원료 [대림 A],27075840,세금계산서,PP,Y,인쇄,조회
20210914-4,롯데케미칼 주식회사,FR원료 [FR-150H_25KG] 외 1건,165550,세금계산서,PP,Y,인쇄,조회
20210914-3,파코팩(PACO PACK),PP14MM [PP14M／M 10KG (보라색)] 외 1건,2310000,세금계산서,상품,Y,인쇄,조회
20210914-2,백암지관공업사,지관 200 [지관 200＊4＊189] 외 1건,1477476,세금계산서,PP,Y,인쇄,조회
20210914-1,(주)대원우드,팔레트 1380＊920 [1380＊920] 외 10건,1306800,세금계산서,PP,Y,인쇄,조회
20210913-1,한화토탈 주식회사,HY301(PP원료) [A],12992100,세금계산서,PP,Y,인쇄,조회
20210911-1,경인산업,정전기장갑 [탑피드백색] 외 1건,203500,세금계산서,상품,Y,인쇄,조회
20210910-5,덕흥수지,PP원료(A),19800000,세금계산서,PP,Y,인쇄,조회
20210910-4,금성포장,패드 430 [패드 430＊200 무지],657800,세금계산서,PP,Y,인쇄,조회
20210910-3,파코팩(PACO PACK),PP15M [PP15MM*10KG(황색)],3465000,세금계산서,상품,Y,인쇄,조회
20210910-2,디엘에프엔씨 주식회사,PP원료 [대림 A],27075840,세금계산서,PP,Y,인쇄,조회
20210910-1,백암지관공업사,지관 200 [지관 200＊8＊190] 외 1건,796796,세금계산서,PP,Y,인쇄,조회
20210909-2,(주)한국바코드시스템,라벨(아트지도안청색) [[86*46 ]] 외 4건,440000,세금계산서,PP,Y,인쇄,조회
20210909-1,파코팩(PACO PACK),PP14MM [PP14M／M 10KG (주황색)] 외 1건,1925000,세금계산서,상품,Y,인쇄,조회
20210908-5,(주)영화수출포장,박스 내수PE(폴리밴드) [320 190 780] 외 1건,1945350,세금계산서,PE,Y,인쇄,조회
20210908-4,(주)삼신,PP특A [PP특A(효성MI3.0오지)],2794000,세금계산서,PP,Y,인쇄,조회
20210908-3,금성프라스틱,PP원료(PP특A) [PP T/A],12650000,세금계산서,PP,Y,인쇄,조회
20210908-2,금성포장,무인쇄톰슨접착 460 [460*130*460],943800,세금계산서,PP,Y,인쇄,조회
20210907-4,S-OIL(주)온산공장,HD500/PP50DW [500KG],37125000,세금계산서,PP,Y,인쇄,조회
20210907-3,한국파렛트풀(주),팔레트 1100*1100*120 [1100*1100*120],825000,세금계산서,PP,Y,인쇄,조회
20210907-2,(주)태진케미칼,PP원료 [PPA],9900000,세금계산서,PP,Y,인쇄,조회
20210907-1,백암지관공업사,지관 200 [지관 200＊8＊190] 외 2건,1781780,세금계산서,PP,Y,인쇄,조회
20210906-2,금성프라스틱,PP원료(PP특A) [PP T/A],12498750,세금계산서,PP,Y,인쇄,조회
20210906-1,(주)경남캐미칼,MB 820FL [M／B 820FL（BLACK）] 외 2건,2332000,세금계산서,PP,Y,인쇄,조회
20210904-1,진영프라스틱,PP 은색 [PP 은색],11616000,세금계산서,PP,Y,인쇄,조회
20210903-4,파코팩(PACO PACK),PP12M [PP12M／M10KG(황)] 외 5건,11806135,세금계산서,PP,Y,인쇄,조회
20210903-3,(주)스피드랩코리아,스트레치필름(일반 기계랩) [20*500mm*1400m],3256000,세금계산서,상품,Y,인쇄,조회
20210903-2,금성포장,패드540(무인쇄) [패드540*200],1051050,세금계산서,PP,Y,인쇄,조회
20210903-1,효창산업,CALPET [CALPET],4356000,세금계산서,PP,Y,인쇄,조회
20210902-2,(주)스피드랩코리아,스트레치필름(일반 기계랩) [25*500mm*1400m] 외 1건,919600,세금계산서,PE,Y,인쇄,조회
20210902-1,백암지관공업사,지관 50 [지관 50＊5＊182] 외 2건,1396868,세금계산서,PP,Y,인쇄,조회
20210901-2,삼보팩,패드 450 [450*200 적색],748000,세금계산서,PP,Y,인쇄,조회
20210901-1,백암지관공업사,지관 200 [지관 200＊8＊190] 외 3건,1939256,세금계산서,PP,Y,인쇄,조회
20210831-2,S-OIL(주)온산공장,HD500/PP75DW [500KG],35640000,세금계산서,PP,Y,인쇄,조회
20210831-1,금성포장,패드 420 [420＊200 무지],412500,세금계산서,PP,Y,인쇄,조회
20210830-2,제이케이머티리얼즈(주)／순성공장,PP원료,13655598,세금계산서,PP,Y,인쇄,조회
20210830-1,파코팩(PACO PACK),PP12M [PP12M／M10KG(황)] 외 4건,10092500,세금계산서,PP,Y,인쇄,조회
20210827-3,S-OIL(주)온산공장,HD100/PA25DW [25KG],35200000,세금계산서,PP,Y,인쇄,조회
20210827-2,(주)경남캐미칼,MB 100B（ [M／B 100B（WHITE）],1100000,세금계산서,PP,Y,인쇄,조회
20210827-1,백암지관공업사,지관 200 [지관 200＊4＊189] 외 1건,542850,세금계산서,PP,Y,인쇄,조회
20210826-1,재생산업,PP원료(A) 외 1건,25009600,세금계산서,PP,Y,인쇄,조회
20210825-2,백암지관공업사,지관 50 [지관 50＊5＊225],422400,세금계산서,PE,Y,인쇄,조회
20210825-1,백암지관공업사,지관 200 [지관 200＊8＊190] 외 2건,1781780,세금계산서,PP,Y,인쇄,조회
20210824-3,(주)스피드랩코리아,스트레치필름(일반 핸드랩) [20*300*380m],1161600,세금계산서,상품,Y,인쇄,조회
20210824-2,롯데케미칼 주식회사,MF5000(PE원료)/OG [MF5000_25KG],34375000,세금계산서,PE,Y,인쇄,조회
20210824-1,삼보팩,서플라이웨이BOX(White) [440*200*445],1474486,세금계산서,PP,Y,인쇄,조회
20210820-7,S-OIL(주)온산공장,HD100/PA25DW [25KG],35200,세금계산서,PP,Y,인쇄,조회
20210820-6,두성엔지니어링,압출기 다이스 제작,7150000,세금계산서,PP,Y,인쇄,조회
20210820-5,재생산업,PP원료(A),32463200,세금계산서,PP,Y,인쇄,조회
20210820-4,금성포장,무인쇄톰슨접착 320 [320*130*320],1178100,세금계산서,PP,Y,인쇄,조회
20210820-2,파코팩(PACO PACK),PP15M [PP15M／M10KG(자동용인쇄밴드)] 외 3건,2263250,세금계산서,PP,Y,인쇄,조회
20210820-1,백암지관공업사,지관 200 [지관 200＊8＊190] 외 1건,912912,세금계산서,PP,Y,인쇄,조회
20210819-3,롯데케미칼 주식회사,MF5000(PE원료) [MF5000_500KG] 외 1건,18548750,세금계산서,PE,Y,인쇄,조회
20210819-2,덕흥수지,PP원료(A),19800000,세금계산서,PP,Y,인쇄,조회
20210819-1,가나수지,PP 재생원료 [투명(A)] 외 1건,2804450,세금계산서,PP,Y,인쇄,조회
20210818-6,금성포장,패드540(무인쇄) [패드540*200] 외 1건,2372700,세금계산서,PP,Y,인쇄,조회
20210818-5,(주)경남캐미칼,MB 510-2 [M／B 510-2 (BLUE)] 외 1건,1650000,세금계산서,PP,Y,인쇄,조회
20210818-4,경인산업,정전기장갑 [탑피드백색],162250,세금계산서,상품,Y,인쇄,조회
20210818-3,S-OIL(주)온산공장,HD500/PP50DW [500KG],37125000,세금계산서,PP,Y,인쇄,조회
20210818-2,에어팩코리아,에어백 APK-1022 (1000*2200) [에어백 1000*2200],642400,세금계산서,PP,Y,인쇄,조회
20210818-1,파코팩(PACO PACK),PP12M [PP12M／M10KG(황)],3542000,세금계산서,PP,Y,인쇄,조회
20210817-2,제이케이머티리얼즈(주)／순성공장,PP원료,12206260,세금계산서,PP,Y,인쇄,조회
20210817-1,백암지관공업사,지관 200 [지관 200＊8＊190] 외 2건,1969968,세금계산서,PP,Y,인쇄,조회
20210813-5,재생산업,PP원료(A) 외 1건,11396000,세금계산서,PP,Y,인쇄,조회
20210813-4,백암지관공업사,지관 200 [지관 200＊4＊189],564564,세금계산서,PP,Y,인쇄,조회
20210813-3,파코팩(PACO PACK),PP15M [PP15MM*10KG(황색)],3503500,세금계산서,PP,Y,인쇄,조회
20210813-2,(주)대원우드,팔레트 950*950 [950*950],24200,세금계산서,PP,Y,인쇄,조회
20210813-1,(주)대원우드,팔레트 1320*880 [1320*880] 외 4건,484000,세금계산서,PP,Y,인쇄,조회
20210811-6,백암지관공업사,지관 50 [지관 50＊5＊182],774400,세금계산서,PE,Y,인쇄,조회
20210811-5,백암지관공업사,지관 406 [지관 406＊6＊155] 외 1건,1446896,세금계산서,PP,Y,인쇄,조회
20210811-4,(주)태진케미칼,PP원료 [PPA],12375000,세금계산서,PP,Y,인쇄,조회
20210811-3,동원화학수지,PP 청색 [PP 청색],18491000,세금계산서,PP,Y,인쇄,조회
20210811-2,금성프라스틱,PP원료(PP특A) [PP T/A],11272800,세금계산서,PP,Y,인쇄,조회
20210810-2,(주)태진케미칼,PP원료 [PPA],9900000,세금계산서,PP,Y,인쇄,조회
20210810-1,백암지관공업사,지관 406 [지관 406＊6＊155] 외 1건,1297648,세금계산서,PP,Y,인쇄,조회
20210809-2,금정기획,VEXEL 13043 외 1건,106040,세금계산서,PP,Y,인쇄,조회
20210809-1,(주)영화수출포장,박스 내수PE(폴리밴드) [320 190 780],596200,세금계산서,PE,Y,인쇄,조회
20210807-1,재생산업,PP원료(A),34372800,세금계산서,PP,Y,인쇄,조회
20210806-1,백암지관공업사,지관 406 [지관 406＊6＊155] 외 2건,1788864,세금계산서,PP,Y,인쇄,조회
20210805-7,(주)스피드랩코리아,스트레치필름(일반 핸드랩) [15*500mm*400m] 외 1건,4452800,세금계산서,PP,Y,인쇄,조회
20210805-6,(주)한국바코드시스템,바코드리본 60 [60*300 OUT] 외 1건,726000,세금계산서,PP,Y,인쇄,조회
20210805-5,경인산업,정전기장갑 [탑피드백색] 외 1건,466400,세금계산서,상품,Y,인쇄,조회
20210805-4,아륭산업,펌프외 [200-1259SUB],217800,세금계산서,PP,Y,인쇄,조회
20210805-3,(주)종일기공사,디지메틱 캘리퍼스 500-181-30 [0-150mm 0.01mm] 외 4건,352000,세금계산서,PP,Y,인쇄,조회
20210805-2,백암지관공업사,지관 200 [지관 200＊8＊190] 외 2건,796796,세금계산서,PP,Y,인쇄,조회
20210805-1,(주)씨케이플러스,MF5000(PE원료) [MF5000_500KG],18348000,세금계산서,PE,Y,인쇄,조회
20210804-1,도영기계,초코핀,440000,세금계산서,PP,Y,인쇄,조회
20210731-1,S-OIL(주)온산공장,HD500/PA25DW [25KG],35200000,세금계산서,PP,Y,인쇄,조회
20210730-1,(주)대원우드,팔레트 1080＊1080 [1080＊1080] 외 6건,847000,세금계산서,PP,Y,인쇄,조회
20210729-3,S-OIL(주)온산공장,HD500/PP50DW [500KG],37125000,세금계산서,PP,Y,인쇄,조회
20210729-2,(주)삼신,PP특A [PP특A],1562000,세금계산서,PP,Y,인쇄,조회
20210729-1,백암지관공업사,지관 200 [지관 200＊4＊189],564564,세금계산서,PP,Y,인쇄,조회
20210728-2,파코팩(PACO PACK),PP15M [PP15M／M10KG(백색)] 외 1건,3234000,세금계산서,상품,Y,인쇄,조회
20210728-1,우선산업,PP9MM [PP9M／M9.5KG(백색)],1745150,세금계산서,상품,Y,인쇄,조회
20210727-3,금성포장,옴니원패드 430 [430*200],633600,세금계산서,PP,Y,인쇄,조회
20210727-2,(주)경남캐미칼,MB 510-2 [M／B 510-2 (BLUE)],1980000,세금계산서,PP,Y,인쇄,조회
20210727-1,한국파렛트풀(주),팔레트 1100*1100*120 [1100*1100*120],825000,세금계산서,PP,Y,인쇄,조회
20210726-3,삼보팩,PB청 540* (삼성) [540*200],1831500,세금계산서,PP,Y,인쇄,조회
20210726-2,가나수지,PP 재생원료 [투명(A)] 외 2건,13431000,세금계산서,PP,Y,인쇄,조회
20210726-1,백암지관공업사,지관 200 [지관 200＊8＊190] 외 1건,1897896,세금계산서,PP,Y,인쇄,조회
20210723-2,금성프라스틱,PP원료(PP특A) [PP T/A],12276000,세금계산서,PP,Y,인쇄,조회
20210722-4,(주)태진케미칼,PP원료 [PPA],9900000,세금계산서,PP,Y,인쇄,조회
20210722-3,(주)태진케미칼,PP원료 [PPA],9900000,세금계산서,PP,Y,인쇄,조회
20210722-2,S-OIL(주)온산공장,ME100/PC25DW (O.G) [25KG],33275000,세금계산서,PP,Y,인쇄,조회
20210722-1,금성포장,패드 430 [패드 430＊200 무지],772200,세금계산서,PP,Y,인쇄,조회
20210721-1,백암지관공업사,지관 200 [지관 200＊4＊189] 외 1건,1665664,세금계산서,PP,Y,인쇄,조회
20210720-4,크레텍책임(주),피피클립 [19*28(2KG-삼성)],106669,세금계산서,PP,Y,인쇄,조회
20210720-3,금성포장,타이거팩 4500 [320*130*312],220000,세금계산서,PP,Y,인쇄,조회
20210720-2,삼보팩,무인쇄톰슨접착 430 [430*130*430] 외 1건,1815968,세금계산서,PP,Y,인쇄,조회
20210720-1,제이케이머티리얼즈(주)／순성공장,PP원료,12553200,세금계산서,PP,Y,인쇄,조회
20210719-2,파코팩(PACO PACK),PP8M [PP8M／M10KG(백)] 외 1건,1023000,세금계산서,상품,Y,인쇄,조회
20210719-1,백암지관공업사,지관 200 [지관 200＊4＊189] 외 1건,680680,세금계산서,PP,Y,인쇄,조회
20210716-4,진영프라스틱,PP 은색 [PP 은색],12584000,세금계산서,PP,Y,인쇄,조회
20210716-2,금성프라스틱,PP원료(PP특A) [PP T/A],12276000,세금계산서,PP,Y,인쇄,조회
20210716-1,한국파렛트풀(주),팔레트 1100*1100*120 [1100*1100*120],825000,세금계산서,PP,Y,인쇄,조회
20210715-3,(주)경남캐미칼,MB 820FL [M／B 820FL（BLACK）],1320000,세금계산서,PP,Y,인쇄,조회
20210715-2,백암지관공업사,지관 50 [지관 50＊5＊182],774400,세금계산서,PE,Y,인쇄,조회
20210715-1,백암지관공업사,지관 200 [지관 200＊4＊189],376376,세금계산서,PP,Y,인쇄,조회
20210714-3,(주)스피드랩코리아,스트레치필름(일반 핸드랩) [18*500mm*350m] 외 1건,1468500,세금계산서,상품,Y,인쇄,조회
20210714-2,덕흥수지,PP원료(A),19800000,세금계산서,PP,Y,인쇄,조회
20210714-1,삼보팩,무인쇄톰슨접착 320 [320*130*320] 외 1건,2478300,세금계산서,PP,Y,인쇄,조회
20210713-4,삼보팩,패드 420 [420＊200 적색] 외 2건,2826989,세금계산서,PP,Y,인쇄,조회
20210713-3,파코팩(PACO PACK),PP14MM [PP14M／M 10KG (주황색)] 외 1건,2887500,세금계산서,상품,Y,인쇄,조회
20210713-2,백암지관공업사,지관 200 [지관 200＊8＊190],912912,세금계산서,PP,Y,인쇄,조회
20210713-1,금정기획,라벨(아트지도안옴니) [160*110],275000,세금계산서,PP,Y,인쇄,조회
20210712-2,두성엔지니어링,와인다캠 가공,385000,세금계산서,PP,Y,인쇄,조회
20210712-1,(주)경남캐미칼,MB 100B（ [M／B 100B（WHITE）],1375000,세금계산서,PP,Y,인쇄,조회
20210709-3,성은산업,수축필름 [220*145 (고메리)],1925000,세금계산서,PP,Y,인쇄,조회
20210709-2,파코팩(PACO PACK),PP14MM [PP14M／M 10KG (주황색)],962500,세금계산서,상품,Y,인쇄,조회
20210709-1,(주)스피드랩코리아,스트레치필름(일반 기계랩) [20*500mm*1400m] 외 1건,1688500,세금계산서,상품,Y,인쇄,조회
20210708-1,백암지관공업사,지관 200 [지관 200＊4＊189] 외 2건,1969968,세금계산서,PP,Y,인쇄,조회
20210707-6,금성포장,옴니원패드 430 [430*200] 외 1건,426800,세금계산서,PP,Y,인쇄,조회
20210707-5,금성포장,패드 400 [패드 400＊200 무지],687500,세금계산서,PP,Y,인쇄,조회
20210707-4,(주)경남캐미칼,MB 307 [M／B 307 Yellow],1705000,세금계산서,PP,Y,인쇄,조회
20210707-1,재생산업,PP원료(건조품),33264000,세금계산서,PP,Y,인쇄,조회
20210706-4,(주)영화수출포장,박스 D-28 폴리테잎 [780 315 205],654500,세금계산서,PE,Y,인쇄,조회
20210706-3,금성포장,패드 420 [420＊200 아이엠센트럴] 외 2건,1331715,세금계산서,PP,Y,인쇄,조회
20210706-2,백암지관공업사,지관 200 [지관 200＊8＊190] 외 1건,1643422,세금계산서,PP,Y,인쇄,조회
20210706-1,백암지관공업사,지관 50 [지관 50＊5＊182],774400,세금계산서,PE,Y,인쇄,조회
20210702-5,신일피엔에스 주식회사,PP원료 [PP-L],9900000,세금계산서,PP,Y,인쇄,조회
20210702-4,경인산업,청코팅장갑 [송학이중 청] 외 1건,775500,세금계산서,상품,Y,인쇄,조회
20210702-3,삼보팩,PB청 540* (삼성) [540*200],2017295,세금계산서,PP,Y,인쇄,조회
20210702-2,태진지관(주),지관 200 [지관 200＊10＊186],1145760,세금계산서,PP,Y,인쇄,조회
20210702-1,백암지관공업사,지관 200 [지관 200＊8＊190],912912,세금계산서,PP,Y,인쇄,조회
20210701-5,롯데케미칼 주식회사,MF5000(PE원료) [MF5000_500KG],18480000,세금계산서,PE,Y,인쇄,조회
20210701-4,동원화학수지,PP 청색 [PP 청색],10604000,세금계산서,PP,Y,인쇄,조회
20210701-2,(주)대원우드,팔레트 1080＊1080 [1080＊1080] 외 8건,1064800,세금계산서,PP,Y,인쇄,조회
20210701-1,효창산업,CALPET [CALPET],4356000,세금계산서,PP,Y,인쇄,조회
20210630-5,제이케이머티리얼즈(주)／순성공장,PP원료,13327875,세금계산서,PP,Y,인쇄,조회
20210630-4,(주)경남캐미칼,MB 820FL [M／B 820FL（BLACK）],1100000,세금계산서,PP,Y,인쇄,조회
20210630-3,백암지관공업사,지관 200 [지관 200＊8＊190],912912,세금계산서,PP,Y,인쇄,조회
20210630-2,금성프라스틱,PP원료(PP특A) [PP T/A],12141250,세금계산서,PP,Y,인쇄,조회
20210630-1,금정기획,라벨(화살표) 60*45 [[60*45 ]],66000,세금계산서,PP,Y,인쇄,조회
20210629-4,백암지관공업사,지관 406 [지관 406＊6＊155],1378080,세금계산서,PP,Y,인쇄,조회
20210629-3,한국파렛트풀(주),팔레트 1100*1100*120 [1100*1100*120],825000,세금계산서,PP,Y,인쇄,조회
20210629-2,동원화학수지,PP 청색 [PP 청색],4620000,세금계산서,PP,Y,인쇄,조회
20210628-6,금정기획,라벨(아트지무지)108*50 [[108*50 ]],1430000,세금계산서,PP,Y,인쇄,조회
20210628-5,S-OIL(주)온산공장,ME100/PC25DW (O.G) [25KG],16632000,세금계산서,PP,Y,인쇄,조회
20210628-4,금성포장,패드 540 [540*200],123750,세금계산서,PP,Y,인쇄,조회
20210628-3,가나수지,PP 재생원료 [투명(A)] 외 6건,15323000,세금계산서,PP,Y,인쇄,조회
20210628-2,가나수지,PE임가공 [PE임가공],638000,세금계산서,PE,Y,인쇄,조회
20210628-1,백암지관공업사,지관 200 [지관 200＊8＊190] 외 2건,796796,세금계산서,PP,Y,인쇄,조회
20210625-1,백암지관공업사,지관 406 [지관 406＊6＊155],842160,세금계산서,PP,Y,인쇄,조회
20210623-2,삼보팩,패드 400 [패드 400＊200 적색] 외 1건,2389327,세금계산서,PP,Y,인쇄,조회
20210623-1,재생산업,PP원료(건조품),33264000,세금계산서,PP,Y,인쇄,조회
20210622-2,디엘에프엔씨 주식회사,PP원료 [대림 A],34531200,세금계산서,PP,Y,인쇄,조회
20210622-1,백암지관공업사,지관 200 [지관 200＊8＊190] 외 1건,1477476,세금계산서,PP,Y,인쇄,조회
20210621-2,S-OIL(주)온산공장,HD500/PP50DW [500KG] 외 1건,18018000,세금계산서,PP,Y,인쇄,조회
20210621-1,(주)경남캐미칼,MB 100B（ [M／B 100B（WHITE）],1100000,세금계산서,PP,Y,인쇄,조회
20210618-1,(주)스피드랩코리아,스트레치필름(일반 핸드랩) [20*300*380m],1161600,세금계산서,PP,Y,인쇄,조회
20210617-2,(주)디에스에스,PET 15.5MM*1130M*0.88T [PET 15.5MM*1130M*0.88T(15510GS215)] 외 1건,7998000,영세율,상품,Y,인쇄,조회
20210617-1,백암지관공업사,지관 200 [지관 200＊8＊190] 외 1건,796796,세금계산서,PP,Y,인쇄,조회
20210616-3,재생산업,PP원료(건조품),33264000,세금계산서,PP,Y,인쇄,조회
20210616-2,덕흥수지,PP원료(A),19800000,세금계산서,PP,Y,인쇄,조회
20210616-1,(주)대원우드,팔레트 1140*1140 [1140*1140] 외 11건,1694000,세금계산서,PP,Y,인쇄,조회
20210615-2,(주)경남캐미칼,UV-NATURAL,1540000,세금계산서,PP,Y,인쇄,조회
20210615-1,백암지관공업사,지관 200 [지관 200＊8＊190],912912,세금계산서,PP,Y,인쇄,조회
20210614-6,주식회사 천강,PP펄렛 [PP펄렛],16654000,세금계산서,PP,Y,인쇄,조회
20210614-5,삼보팩,미국박스 [420 200 425] 외 5건,5203736,세금계산서,PP,Y,인쇄,조회
20210614-4,제이케이머티리얼즈(주)／순성공장,PP원료,11481250,세금계산서,PP,Y,인쇄,조회
20210614-3,금성프라스틱,PP원료(PP특A) [PP T/A],12626900,세금계산서,PP,Y,인쇄,조회
20210614-2,파코팩(PACO PACK),PP14MM [PP14M／M 10KG (적색)] 외 1건,2310000,세금계산서,상품,Y,인쇄,조회
20210611-3,(주)경남캐미칼,MB 307 [M／B 307 Yellow] 외 3건,2147750,세금계산서,PP,Y,인쇄,조회
20210611-2,백암지관공업사,지관 200 [지관 200＊8＊190] 외 1건,680680,세금계산서,PP,Y,인쇄,조회
20210611-1,백암지관공업사,지관 50 [지관 50＊5＊182],1548800,세금계산서,PE,Y,인쇄,조회
20210610-2,(주)태진케미칼,PP원료 [PPA],9900000,세금계산서,PP,Y,인쇄,조회
20210610-1,(주)태진케미칼,PP원료 [PPA],9900000,세금계산서,PP,Y,인쇄,조회
20210609-3,삼보팩,패드 430 [패드 430＊200 무지] 외 2건,2463164,세금계산서,PP,Y,인쇄,조회
20210609-2,백암지관공업사,지관 200 [지관 200＊8＊190],912912,세금계산서,PP,Y,인쇄,조회
20210609-1,금성프라스틱,PP원료(PP특A) [PP T/A],11368500,세금계산서,PP,Y,인쇄,조회
20210608-2,(주)경남캐미칼,MB 820FL [M／B 820FL（BLACK）],880000,세금계산서,PP,Y,인쇄,조회
20210608-1,(주)대원우드,팔레트 1080＊1080 [1080＊1080] 외 10건,774400,세금계산서,PP,Y,인쇄,조회
20210607-1,백암지관공업사,지관 200 [지관 200＊4＊189] 외 1건,680680,세금계산서,PP,Y,인쇄,조회
20210604-2,금성포장,타이거팩 4500 C/T 320 [320*130*320],354200,세금계산서,PP,Y,인쇄,조회
20210604-1,백암지관공업사,지관 200 [지관 200＊8＊190] 외 1건,680680,세금계산서,PP,Y,인쇄,조회
20210602-1,한국파렛트풀(주),팔레트 1100*1100*120 [1100*1100*120],825000,세금계산서,PP,Y,인쇄,조회
20210601-7,백암지관공업사,지관 200 [지관 200＊8＊190] 외 2건,1897896,세금계산서,PP,Y,인쇄,조회
20210601-6,에어팩코리아,에어백 APK-1022 (1000*2200) [에어백 1000*2200],481800,세금계산서,PP,Y,인쇄,조회
20210601-5,동원화학수지,PP 청색 [PP 청색],18491000,세금계산서,PP,Y,인쇄,조회
20210601-4,(주)태진케미칼,PP원료 [PPA],9900000,세금계산서,PP,Y,인쇄,조회
20210601-3,(주)태진케미칼,PP가공 [PP가공],3168000,세금계산서,PP,Y,인쇄,조회
20210601-2,백암지관공업사,지관 50 [지관 50＊5＊182] 외 1건,1196800,세금계산서,PE,Y,인쇄,조회
20210531-2,금성포장,무인쇄톰슨접착 320 [320*130*320],1188000,세금계산서,PP,Y,인쇄,조회
20210531-1,제이케이머티리얼즈(주)／순성공장,PP원료,16304860,세금계산서,PP,Y,인쇄,조회
20210528-4,(주)경남캐미칼,MB 510-2 [M／B 510-2 (BLUE)],1320000,세금계산서,PP,Y,인쇄,조회
20210528-3,백암지관공업사,지관 200 [지관 200＊4＊189] 외 1건,680680,세금계산서,PP,Y,인쇄,조회
20210528-2,S-OIL(주)온산공장,ME100/PC25DW (O.G) [25KG],21056200,세금계산서,PP,Y,인쇄,조회
20210528-1,S-OIL(주)온산공장,HD500/PP75DW [500KG],19800000,세금계산서,PP,Y,인쇄,조회
20210526-4,덕흥수지,원료지당,11330000,세금계산서,PP,Y,인쇄,조회
20210526-3,롯데케미칼 주식회사,MF6000(PE원료) [MF6000_500KG],19800000,세금계산서,PE,Y,인쇄,조회
20210526-2,덕흥수지,PP원료(A),13200000,세금계산서,PP,Y,인쇄,조회
20210526-1,백암지관공업사,지관 200 [지관 200＊8＊190] 외 1건,796796,세금계산서,PP,Y,인쇄,조회
20210525-1,(주)스피드랩코리아,스트레치필름(일반 핸드랩) [20*500mm*350m],660000,세금계산서,상품,Y,인쇄,조회
20210524-5,(주)천강,PP펄렛 [PP펄렛],16874000,세금계산서,PP,Y,인쇄,조회
20210524-4,금성프라스틱,PP원료(PP특A) [PP T/A],12291840,세금계산서,PP,Y,인쇄,조회
20210524-3,가나수지,PP 재생원료 [투명(A)] 외 4건,17299150,세금계산서,PP,Y,인쇄,조회
20210524-2,백암지관공업사,지관 200 [지관 200＊8＊190],1217216,세금계산서,PP,Y,인쇄,조회
20210524-1,(주)경남캐미칼,MB 510-2 [M／B 510-2 (BLUE)],990000,세금계산서,PP,Y,인쇄,조회
20210521-4,(주)경남캐미칼,MB 510-2 [M／B 510-2 (BLUE)],660000,세금계산서,PP,Y,인쇄,조회
20210521-3,백암지관공업사,지관 50 [지관 50＊5＊182],774400,세금계산서,PE,Y,인쇄,조회
20210521-2,백암지관공업사,지관 200 [지관 200＊4＊189] 외 2건,1173172,세금계산서,PP,Y,인쇄,조회
20210521-1,삼보팩,평면골판지 [구래단 (1100mm x 40000mm)],895620,세금계산서,PP,Y,인쇄,조회
20210520-3,(주)씨케이플러스,MF5000(PE원료),19800000,세금계산서,PE,Y,인쇄,조회
20210520-2,(주)경남캐미칼,MB 820FL [M／B 820FL（BLACK）] 외 2건,2035000,세금계산서,PP,Y,인쇄,조회
20210520-1,(주)대원우드,팔레트 1160*1160 [1160*1160] 외 7건,653400,세금계산서,PP,Y,인쇄,조회
20210518-2,(주)태진케미칼,PP원료 [PPA],9741600,세금계산서,PP,Y,인쇄,조회
20210518-1,백암지관공업사,지관 200 [지관 200＊8＊190] 외 2건,796796,세금계산서,PP,Y,인쇄,조회
20210517-1,제이케이머티리얼즈(주)／순성공장,PP원료,12369500,세금계산서,PP,Y,인쇄,조회
20210514-5,금정기획,라벨(아트지도안 파워팩) 4502 [120*65] 외 4건,1320000,세금계산서,PP,Y,인쇄,조회
20210514-3,(주)한국바코드시스템,라벨(아트지도안청색) [[86*46 ]] 외 4건,220000,세금계산서,PP,Y,인쇄,조회
20210514-2,디엘에프엔씨 주식회사,PP원료 [대림 A],36220800,세금계산서,PP,Y,인쇄,조회
20210514-1,(주)한국바코드시스템,라벨(아트지도안황색) [[86*46 ]] 외 1건,550000,세금계산서,PP,Y,인쇄,조회
20210513-1,백암지관공업사,지관 406 [지관 406＊6＊155] 외 2건,1592316,세금계산서,PP,Y,인쇄,조회
20210512-1,동원화학수지,PP 청색 [PP 청색],18491000,세금계산서,PP,Y,인쇄,조회
20210511-2,백암지관공업사,지관 50 [지관 50＊5＊182],774400,세금계산서,PE,Y,인쇄,조회
20210511-1,백암지관공업사,지관 200 [지관 200＊8＊190],912912,세금계산서,PP,Y,인쇄,조회
20210510-1,백암지관공업사,지관 200 [지관 200＊4＊189] 외 1건,680680,세금계산서,PP,Y,인쇄,조회
20210507-5,백암지관공업사,지관 406 [지관 406＊6＊155],1224960,세금계산서,PP,Y,인쇄,조회
20210507-4,(주)태진케미칼,PP원료 [PPA],19483200,세금계산서,PP,Y,인쇄,조회
20210507-3,(주)대원우드,팔레트 1050＊1050 [1050＊1050] 외 8건,651200,세금계산서,PP,Y,인쇄,조회
20210507-2,(주)경남캐미칼,MB 820FL [M／B 820FL（BLACK）] 외 2건,2046000,세금계산서,PP,Y,인쇄,조회
20210507-1,(주)영화수출포장,포리밴드 DF50 [470*460*205] 외 1건,1331000,세금계산서,PE,Y,인쇄,조회
20210506-5,한국파렛트풀(주),팔레트 1100*1100*120 [1100*1100*120],825000,세금계산서,PP,Y,인쇄,조회
20210506-4,우선산업,PP9MM [PP9M／M9.5KG(백색)],1745150,세금계산서,상품,Y,인쇄,조회
20210506-3,덕흥수지,PP원료(A) 외 1건,23397000,세금계산서,PE,Y,인쇄,조회
20210506-2,백암지관공업사,지관 200 [지관 200＊8＊190] 외 2건,796796,세금계산서,PP,Y,인쇄,조회
20210506-1,(주)경남캐미칼,MB 820FL [M／B 820FL（BLACK）] 외 1건,561000,세금계산서,PP,Y,인쇄,조회
20210504-2,(주)대원우드,팔레트 1160*1160 [1160*1160] 외 7건,610500,세금계산서,PP,Y,인쇄,조회
20210504-1,S-OIL(주)온산공장,ME100/PC25DW (O.G) [25KG],36091000,세금계산서,PP,Y,인쇄,조회
20210503-3,제이케이머티리얼즈(주)／순성공장,PP원료,24684000,세금계산서,PP,Y,인쇄,조회
20210503-1,(주)태진케미칼,PP원료 [PPA],9345600,세금계산서,PP,Y,인쇄,조회
20210501-3,금성프라스틱,PP원료(PP특A) [PP T/A],1100000,세금계산서,PP,Y,인쇄,조회
20210501-1,(주)영화수출포장,박스 경인팩 6KG [465 455 250] 외 3건,2396900,세금계산서,PE,Y,인쇄,조회
20210430-10,파워네트정보통신(주),NMG-SMF30 9P [연장 - 3M] 외 1건,22800,세금계산서,상품,Y,인쇄,조회
20210430-7,롯데케미칼 주식회사,XL610,117150,세금계산서,PE,Y,인쇄,조회
20210430-6,삼보팩,패드 450 [450*200 적색] 외 1건,1270500,세금계산서,PP,Y,인쇄,조회
20210430-5,롯데케미칼 주식회사,SFI-740T(25KG),100650,세금계산서,PE,Y,인쇄,조회
20210430-4,백암지관공업사,지관 50 [지관 50＊5＊182],701800,세금계산서,PE,Y,인쇄,조회
20210430-3,백암지관공업사,지관 406 [지관 406＊6＊155] 외 2건,2083796,세금계산서,PP,Y,인쇄,조회
20210430-1,(주)넥스텍케미칼,PP원료 [VM 6102],704000,세금계산서,PP,Y,인쇄,조회
20210429-2,S-OIL(주)온산공장,HD500/PP75DW [500KG],39600000,세금계산서,PP,Y,인쇄,조회
20210428-3,(주)경남캐미칼,MB 100B（ [M／B 100B（WHITE）],1100000,세금계산서,PP,Y,인쇄,조회
20210428-2,S-OIL(주)온산공장,ME100/PC25DW (O.G) [25KG],37400000,세금계산서,PP,Y,인쇄,조회
20210428-1,백암지관공업사,지관 200 [지관 200＊4＊189],492492,세금계산서,PP,Y,인쇄,조회
20210427-4,백암지관공업사,지관 200 [지관 200＊8＊190] 외 1건,1316744,세금계산서,PP,Y,인쇄,조회
20210427-3,(주)대원우드,팔레트 1160*1160 [1160*1160] 외 5건,671550,세금계산서,PP,Y,인쇄,조회
20210427-2,효창산업,CALPET [CALPET],4356000,세금계산서,PP,Y,인쇄,조회
20210427-1,디엘에프엔씨 주식회사,PP원료 [대림 A],35983200,세금계산서,PP,Y,인쇄,조회
20210426-3,(주)씨케이플러스,MF6000(PE원료) [MF6000_500KG],20196000,세금계산서,PE,Y,인쇄,조회
20210426-2,가나수지,PP 재생원료 [노랑] 외 4건,16318500,세금계산서,PP,Y,인쇄,조회
20210426-1,지영,팔레트 1100*1100 [1100*1100],2169200,세금계산서,PP,Y,인쇄,조회
20210423-1,백암지관공업사,지관 200 [지관 200＊8＊190] 외 1건,1169168,세금계산서,PP,Y,인쇄,조회
20210422-1,백암지관공업사,지관 200 [지관 200＊8＊190],768768,세금계산서,PP,Y,인쇄,조회
20210421-6,S-OIL(주)온산공장,HD500/PP75DW [500KG],39600000,세금계산서,PP,Y,인쇄,조회
20210421-5,삼보팩,서플라이웨이BOX(White/SWPS12350WH) [440*200*445] 외 1건,1823412,세금계산서,PP,Y,인쇄,조회
20210421-4,(주)경남캐미칼,MB 307 [M／B 307 Yellow] 외 3건,2772000,세금계산서,PP,Y,인쇄,조회
20210421-3,백암지관공업사,지관 50 [지관 50＊5＊182],701800,세금계산서,PE,Y,인쇄,조회
20210421-2,백암지관공업사,지관 200 [지관 200＊8＊190] 외 1건,420420,세금계산서,PP,Y,인쇄,조회
20210421-1,(주)스피드랩코리아,스트레치필름(일반 기계랩) [25*500mm*1400m] 외 1건,1213740,세금계산서,상품,Y,인쇄,조회
20210420-3,덕흥수지,PP원료(A),19800000,세금계산서,PP,Y,인쇄,조회
20210420-2,롯데케미칼 주식회사,MF6000(PE원료) [MF6000_750KG],8835750,세금계산서,PE,Y,인쇄,조회
20210420-1,삼보팩,무인쇄톰슨접착 320 [320*130*320] 외 4건,4845566,세금계산서,PP,Y,인쇄,조회
20210419-1,파코팩(PACO PACK),PP15M [PP15M／M12KG (황색)] 외 1건,3388000,세금계산서,상품,Y,인쇄,조회
20210416-4,(주)스피드랩코리아,스트레치필름(일반 핸드랩) [20*300*380m],1161600,세금계산서,PP,Y,인쇄,조회
20210416-3,백암지관공업사,지관 406 [지관 406＊6＊155],749320,세금계산서,PP,Y,인쇄,조회
20210416-2,삼보팩,박스 외부 PE (폴리밴드) [320 190 780] 외 6건,4866081,세금계산서,PP,Y,인쇄,조회
20210416-1,디엘에프엔씨 주식회사,PP원료 [대림 A],35983200,세금계산서,PP,Y,인쇄,조회
20210415-4,제이케이머티리얼즈(주)／순성공장,PP원료,11404800,세금계산서,PP,Y,인쇄,조회
20210415-3,진영프라스틱,PP 은색 [PP 은색] 외 1건,5681500,세금계산서,PP,Y,인쇄,조회
20210415-2,백암지관공업사,지관 200 [지관 200＊8＊190] 외 2건,1609608,세금계산서,PP,Y,인쇄,조회
20210415-1,디엘에프엔씨 주식회사,PP원료 [대림 A],35983200,세금계산서,PP,Y,인쇄,조회
20210414-2,(주)태진케미칼,PP원료 [PPA],18691200,세금계산서,PP,Y,인쇄,조회
20210414-1,백암지관공업사,지관 200 [지관 200＊8＊190] 외 1건,676676,세금계산서,PP,Y,인쇄,조회
20210413-7,파코팩(PACO PACK),PP12M [PP12M／M10KG(백)] 외 2건,3063500,세금계산서,상품,Y,인쇄,조회
20210413-6,파코팩(PACO PACK),PP14MM [PP14M／M 10KG (주황색)] 외 1건,3850000,세금계산서,상품,Y,인쇄,조회
20210413-5,(주)대원우드,팔레트 1290＊860 [1290＊860] 외 9건,798600,세금계산서,PP,Y,인쇄,조회
20210413-4,(주)영화수출포장,박스 스트롱2KG [480 320 380],683100,세금계산서,PE,Y,인쇄,조회
20210413-3,(주)씨케이플러스,MF5000(PE원료),40392000,세금계산서,PE,Y,인쇄,조회
20210413-2,(주)경남캐미칼,MB 820FL [M／B 820FL（BLACK）] 외 2건,1771000,세금계산서,PP,Y,인쇄,조회
20210413-1,한국파렛트풀(주),팔레트 1100*1100*120 [1100*1100*120],825000,세금계산서,PP,Y,인쇄,조회
20210409-3,금정기획,라벨(아트지도안) 무지 [70*140],356400,세금계산서,PP,Y,인쇄,조회
20210409-2,(주)동신밴드,PP특A [PP특A 투명] 외 1건,20553500,세금계산서,PP,Y,인쇄,조회
20210409-1,백암지관공업사,지관 200 [지관 200＊8＊190] 외 2건,1937936,세금계산서,PP,Y,인쇄,조회
20210408-3,제이케이머티리얼즈(주)／순성공장,PP원료,3845160,세금계산서,PP,Y,인쇄,조회
20210408-2,삼보팩,패드 450 [패드 450＊200 무지],558800,세금계산서,PP,Y,인쇄,조회
20210408-1,삼보팩,박스 외부 PE (폴리밴드) [320 190 780] 외 1건,804925,세금계산서,PE,Y,인쇄,조회
20210407-2,동원화학수지,PP 청색 [PP 청색],19140000,세금계산서,PP,Y,인쇄,조회
20210407-1,(주)태진케미칼,PP원료 [PPA],19470000,세금계산서,PP,Y,인쇄,조회
20210405-4,파코팩(PACO PACK),PP14MM [PP14M／M 10KG (적색)],962500,세금계산서,상품,Y,인쇄,조회
20210405-3,백암지관공업사,지관 200 [지관 200＊4＊189],492492,세금계산서,PP,Y,인쇄,조회
20210405-2,백암지관공업사,지관 50 [지관 50＊5＊225],382800,세금계산서,PE,Y,인쇄,조회
20210405-1,삼보팩,써마크래프트 C/T 260 [260*132*263],2006400,세금계산서,PP,Y,인쇄,조회
20210402-3,(주)태진케미칼,PP가공 노랑 [PP가공 노랑] 외 2건,2640000,세금계산서,PP,Y,인쇄,조회
20210402-2,(주)경남캐미칼,MB 100B（ [M／B 100B（WHITE）] 외 2건,2090000,세금계산서,PP,Y,인쇄,조회
20210402-1,롯데케미칼 주식회사,MF6000(PE원료) [MF6000_500KG] 외 1건,30294000,세금계산서,PE,Y,인쇄,조회
20210401-3,(주)씨케이플러스,MF5000(PE원료),20196000,세금계산서,PE,Y,인쇄,조회
20210401-1,백암지관공업사,지관 200 [지관 200＊8＊190],1025024,세금계산서,PP,Y,인쇄,조회
20210331-5,(주)태진케미칼,PP원료 [PPA],0,세금계산서,PP,N,인쇄,조회
20210331-4,(주)영화수출포장,박스-내수PE(무인쇄) [320*190*780],1037300,세금계산서,PE,Y,인쇄,조회
20210331-2,금성프라스틱,PP원료(PP특A) [PP T/A],12553200,세금계산서,PP,Y,인쇄,조회
20210331-1,삼보팩,써마크래프트 C/T 260 [260*132*263] 외 2건,3398169,세금계산서,PP,Y,인쇄,조회
20210330-4,(주)태진케미칼,PP원료 [PPA],8949600,세금계산서,PP,Y,인쇄,조회
20210330-3,덕흥수지,PP원료(A),16170000,세금계산서,PP,Y,인쇄,조회
20210330-2,백암지관공업사,지관 200 [지관 200＊8＊190] 외 1건,512512,세금계산서,PP,Y,인쇄,조회
20210330-1,백암지관공업사,지관 50 [지관 50＊5＊182],1403600,세금계산서,PE,Y,인쇄,조회
20210329-2,파코팩(PACO PACK),PP15M [PP15M／M10KG(자동용인쇄밴드)],1925000,세금계산서,상품,Y,인쇄,조회
20210329-1,백암지관공업사,지관 200 [지관 200＊8＊190] 외 2건,1353352,세금계산서,PP,Y,인쇄,조회
20210326-3,가나수지,PP 재생원료 [투명] 외 3건,13310000,세금계산서,PP,Y,인쇄,조회
20210326-2,제이엠코퍼레이션(주),MB 2302 [M / B 2302 Yellow] 외 1건,1914000,세금계산서,PP,Y,인쇄,조회
20210326-1,백암지관공업사,지관 200 [지관 200＊8＊190] 외 1건,676676,세금계산서,PP,Y,인쇄,조회
20210325-3,(주)태진케미칼,PP가공 [PP가공] 외 1건,1377200,세금계산서,PP,Y,인쇄,조회
20210325-2,S-OIL(주)온산공장,HD500/PP75DW [500KG],36960000,세금계산서,PP,Y,인쇄,조회
20210325-1,(주)한국바코드시스템,바코드리본 60 [60*300 OUT] 외 1건,495000,세금계산서,PP,Y,인쇄,조회
20210324-3,에어팩코리아,에어백 APK-1022 (1000*2200) [에어백 1000*2200] 외 1건,618200,세금계산서,PP,Y,인쇄,조회
20210324-2,금성프라스틱,PP원료(PP특A) [PP T/A],11385000,세금계산서,PP,Y,인쇄,조회
20210323-1,삼보팩,고메리 12입(C/T) [570*430*390] 외 5건,6226293,세금계산서,PP,Y,인쇄,조회
20210322-6,(주)대원우드,팔레트 1060＊1060 [1060＊1060] 외 7건,490050,세금계산서,PP,Y,인쇄,조회
20210322-5,(주)태진케미칼,PP원료 [PPA],19639400,세금계산서,PP,Y,인쇄,조회
20210322-4,파코팩(PACO PACK),PP12M [PP12M／M10KG(녹)],1815000,세금계산서,상품,Y,인쇄,조회
20210322-3,진흥산업,폴리백 26＊44 [폴리백 24＊44],1320000,세금계산서,PE,Y,인쇄,조회
20210322-2,롯데케미칼 주식회사,MF6000(PE원료) [MF6000_500KG],18876000,세금계산서,PE,Y,인쇄,조회
20210322-1,백암지관공업사,지관 200 [지관 200＊8＊190] 외 2건,676676,세금계산서,PP,Y,인쇄,조회
20210320-1,백암지관공업사,지관 200 [지관 200＊8＊190],768768,세금계산서,PP,Y,인쇄,조회
20210319-2,동방포장기자재,스트레치필름 [15*25*500M.76M/M],660000,세금계산서,PP,Y,인쇄,조회
20210319-1,진영프라스틱,PP 은색 [PP 은색],10296000,세금계산서,PP,Y,인쇄,조회
20210318-5,삼보팩,패드 400 [패드 400＊200 적색],1716000,세금계산서,PP,Y,인쇄,조회
20210318-4,백암지관공업사,지관 200 [지관 200＊8＊190] 외 1건,1261260,세금계산서,PP,Y,인쇄,조회
20210318-3,백암지관공업사,지관 50 [지관 50＊5＊182],701800,세금계산서,PE,Y,인쇄,조회
20210318-2,한화토탈 주식회사,HY301(PP원료) [Z],66000000,세금계산서,PP,Y,인쇄,조회
20210318-1,한국파렛트풀(주),팔레트 1100*1100*120 [1100*1100*120],825000,세금계산서,PP,Y,인쇄,조회
20210317-2,코아시스,PE28mm 2kg [PE28M／M(백)2KG],23812800,세금계산서,상품,Y,인쇄,조회
20210317-1,동원화학수지,PP원료(원색) [B],15851000,세금계산서,PP,Y,인쇄,조회
20210316-2,(주)삼신,PP특A [PP특A],38500000,세금계산서,PP,Y,인쇄,조회
20210316-1,덕흥수지,PP원료(A),18975000,세금계산서,PP,Y,인쇄,조회
20210315-3,(주)경남캐미칼,MB 307 [M／B 307 Yellow] 외 1건,2024000,세금계산서,PP,Y,인쇄,조회
20210315-2,S-OIL(주)온산공장,HD500/PP75DW [500KG],36960000,세금계산서,PP,Y,인쇄,조회
20210315-1,삼보팩,옴니 C/T 320(50.005) [320*130*320] 외 6건,2653400,세금계산서,PP,Y,인쇄,조회
20210312-1,백암지관공업사,지관 200 [지관 200＊8＊186] 외 2건,1517516,세금계산서,PP,Y,인쇄,조회
20210311-2,크레텍책임(주),피피클립 [19*28(2KG-삼성)],95356,세금계산서,상품,Y,인쇄,조회
20210311-1,(주)경남캐미칼,MB 307 [M／B 307 Yellow] 외 1건,767250,세금계산서,PP,Y,인쇄,조회
20210310-4,백암지관공업사,지관 200 [지관 200＊8＊190],512512,세금계산서,PP,Y,인쇄,조회
20210310-3,백암지관공업사,지관 50 [지관 50＊5＊182],701800,세금계산서,PE,Y,인쇄,조회
20210310-2,(주)태진케미칼,PP원료 [PPA],17899200,세금계산서,PP,Y,인쇄,조회
20210310-1,신일피엔에스 주식회사,PP원료 [PP-L],9900000,세금계산서,PP,Y,인쇄,조회
20210309-1,제이케이머티리얼즈(주)／순성공장,PP원료,7770620,세금계산서,PP,Y,인쇄,조회
20210308-3,제이케이머티리얼즈(주)／순성공장,PP원료,21901000,세금계산서,PP,Y,인쇄,조회
20210308-2,금정기획,라벨(아트지도안 AWP) 2012 [115*55] 외 4건,253000,세금계산서,PP,Y,인쇄,조회
20210308-1,백암지관공업사,지관 200 [지관 200＊8＊186] 외 1건,768768,세금계산서,PP,Y,인쇄,조회
20210305-2,금성프라스틱,PP원료(PP특A) [PP T/A],11385000,세금계산서,PP,Y,인쇄,조회
20210305-1,백암지관공업사,지관 200 [지관 200＊8＊190] 외 1건,676676,세금계산서,PP,Y,인쇄,조회
20210304-2,(주)태진케미칼,PP가공 [PP가공],3168000,세금계산서,PP,Y,인쇄,조회
20210304-1,백암지관공업사,지관 200 [지관 200＊4＊189] 외 1건,584584,세금계산서,PP,Y,인쇄,조회
20210303-1,(주)태진케미칼,PP원료 [PPA],17899200,세금계산서,PP,Y,인쇄,조회
20210302-4,제이엠코퍼레이션(주),MB 2302 [M / B 2302 Yellow] 외 1건,1276000,세금계산서,PP,Y,인쇄,조회
20210302-3,백암지관공업사,지관 200 [지관 200＊8＊190] 외 1건,718432,세금계산서,PP,Y,인쇄,조회
20210302-1,(주)경남캐미칼,MB 820FL [M／B 820FL（BLACK）],880000,세금계산서,PP,Y,인쇄,조회
20210226-2,(주)대원우드,팔레트 1260*840 [1260*840] 외 4건,330000,세금계산서,PP,Y,인쇄,조회
20210225-5,(주)디에스아이,자동밴딩기 [(1250*600 / 자동-220V3ph)],1661000,세금계산서,상품,Y,인쇄,조회
20210225-4,백암지관공업사,지관 200 [지관 200＊8＊190] 외 1건,676676,세금계산서,PP,Y,인쇄,조회
20210225-3,삼보팩,PB적 540* (삼성) [540*200],1854473,세금계산서,PP,Y,인쇄,조회
20210225-2,(주)영화수출포장,박스 경인팩 6KG [465 455 250] 외 1건,961950,세금계산서,PE,Y,인쇄,조회
20210225-1,S-OIL(주)온산공장,HD500/PP50DW [500KG],30030000,세금계산서,PP,Y,인쇄,조회
20210224-2,백암지관공업사,지관 50 [지관 50＊5＊182],701800,세금계산서,PE,Y,인쇄,조회
20210224-1,백암지관공업사,지관 200 [지관 200＊8＊186],512512,세금계산서,PP,Y,인쇄,조회
20210223-5,(주)스피드랩코리아,스트레치필름(일반 기계) [25*500*1400] 외 1건,1122000,세금계산서,상품,Y,인쇄,조회
20210223-4,한국파렛트풀(주),팔레트 1100*1100*120 [1100*1100*120],825000,세금계산서,PP,Y,인쇄,조회
20210223-3,롯데케미칼 주식회사,MF6000(PE원료) [MF6000_500KG],17556000,세금계산서,PE,Y,인쇄,조회
20210223-2,금성프라스틱,PP원료(PP특A) [PP T/A],11385000,세금계산서,PP,Y,인쇄,조회
20210223-1,백암지관공업사,지관 200 [지관 200＊4＊189],492492,세금계산서,PP,Y,인쇄,조회
20210222-2,금정기획,라벨(아트지3003021) [110*45] 외 6건,957000,세금계산서,PP,Y,인쇄,조회
20210222-1,백암지관공업사,지관 200 [지관 200＊8＊190],768768,세금계산서,PP,Y,인쇄,조회
20210219-3,삼보팩,무인쇄톰슨접착 320 [320*130*320] 외 6건,4176506,세금계산서,PP,Y,인쇄,조회
20210219-2,백암지관공업사,지관 200 [지관 200＊8＊190],768768,세금계산서,PP,Y,인쇄,조회
20210219-1,덕흥수지,PP원료(A),16995000,세금계산서,PP,Y,인쇄,조회
20210218-3,두성엔지니어링,밴드노즐 와이어 수정(두께)가공 [1.7mm~2.5mm],165000,세금계산서,PP,Y,인쇄,조회
20210218-2,(주)스피드랩코리아,스트레치필름(일반 핸드랩) [25*500mm*300m] 외 1건,165550,세금계산서,상품,Y,인쇄,조회
20210218-1,(주)씨케이플러스,MF6000(PE원료) [25KG],15365900,세금계산서,PE,Y,인쇄,조회
20210217-2,(주)디에스에스,PET 16mm x 0.8T x 1200m [PET 16mm x 0.8T x 1200m Embossed (반투명 녹색)],422400,세금계산서,상품,Y,인쇄,조회
20210217-1,삼보팩,미국박스 [430 200 435] 외 3건,1951923,세금계산서,PP,Y,인쇄,조회
20210216-4,금성프라스틱,PP원료(PP특A) [PP T/A],10916950,세금계산서,PP,Y,인쇄,조회
20210216-3,(주)대원우드,팔레트 1380＊920 [1380＊920] 외 7건,693000,세금계산서,PP,Y,인쇄,조회
20210216-2,(주)경남캐미칼,MB 820FL [M／B 820FL（BLACK）] 외 2건,2365000,세금계산서,PP,Y,인쇄,조회
20210216-1,(주)삼신,PP특A [PP특A],21120000,세금계산서,PP,Y,인쇄,조회
20210215-4,백암지관공업사,지관 200 [지관 200＊8＊190] 외 2건,676676,세금계산서,PP,Y,인쇄,조회
20210215-3,S-OIL(주)온산공장,HD500/PP50DW [500KG],35750000,세금계산서,PP,Y,인쇄,조회
20210215-2,(주)씨케이플러스,MF5000(PE원료),17556000,세금계산서,PE,Y,인쇄,조회
20210215-1,(주)태진케미칼,PP원료 [PPA],17899200,세금계산서,PP,Y,인쇄,조회
20210210-2,금성프라스틱,PP원료(PP특A) [PP T/A],10890000,세금계산서,PP,Y,인쇄,조회
20210210-1,백암지관공업사,지관 200 [지관 200＊8＊190],768768,세금계산서,PP,Y,인쇄,조회
20210209-3,신일피엔에스 주식회사,PP원료 [PP-L],9900000,세금계산서,PP,Y,인쇄,조회
20210209-2,(주)경남캐미칼,MB 307 [M／B 307 Yellow] 외 1건,1232000,세금계산서,PP,Y,인쇄,조회
20210209-1,(주)태진케미칼,PP원료 [PPA],17899200,세금계산서,PP,Y,인쇄,조회
20210208-3,성보펙,고메리 12입(IN) [410*275*180],1342000,세금계산서,PP,Y,인쇄,조회
20210208-2,S-OIL(주)온산공장,HD500/PP50DW [500KG],35750000,세금계산서,PP,Y,인쇄,조회
20210208-1,백암지관공업사,지관 200 [지관 200＊4＊155],158752,세금계산서,PP,Y,인쇄,조회
20210205-6,(주)윤성,종이앵글(각대) [50*50*5*200] 외 1건,222200,세금계산서,PP,Y,인쇄,조회
20210205-5,백암지관공업사,지관 50 [지관 50＊5＊182] 외 1건,1084600,세금계산서,PE,Y,인쇄,조회
20210205-4,백암지관공업사,지관 200 [지관 200＊8＊190] 외 2건,1097096,세금계산서,PP,Y,인쇄,조회
20210205-3,제이케이머티리얼즈(주)／순성공장,PP원료,15275040,세금계산서,PE,Y,인쇄,조회
20210205-2,롯데케미칼 주식회사,MF6000(PE원료) [MF6000_500KG],4389000,세금계산서,PE,Y,인쇄,조회
20210205-1,제이엠코퍼레이션(주),MB 2302 [M / B 2302 Yellow],616000,세금계산서,PP,Y,인쇄,조회
20210204-2,백암지관공업사,지관 200 [지관 200＊4＊189],492492,세금계산서,PP,Y,인쇄,조회
20210204-1,효창산업,CALPET [CALPET],4356000,세금계산서,PP,Y,인쇄,조회
20210203-5,두성엔지니어링,와인다캠 가공,1628000,세금계산서,PP,Y,인쇄,조회
20210203-4,파코팩(PACO PACK),"12 x 3,000M 0.63T White w/EST 206 Black printed [12 x 3,000M 0.63T White w/EST 206 Black printed]",1710720,영세율,상품,Y,인쇄,조회
20210203-3,파코팩(PACO PACK),PP12M [PP12M／M10KG(녹)] 외 1건,2949375,세금계산서,상품,Y,인쇄,조회
20210203-1,제이엠코퍼레이션(주),MB 9218 [MB 9218（BLACK）],627000,세금계산서,PP,Y,인쇄,조회
20210202-5,백암지관공업사,지관 406 [지관 406＊6＊155] 외 3건,1527240,세금계산서,PP,Y,인쇄,조회
20210202-4,금성프라스틱,PP원료(PP특A) [PP T/A],10890000,세금계산서,PP,Y,인쇄,조회
20210202-3,가나수지,PP 재생원료 [투명(B)(색깔용)] 외 2건,15849350,세금계산서,PP,Y,인쇄,조회
20210202-2,신일피엔에스 주식회사,PP원료 [PP-L],9900000,세금계산서,PP,Y,인쇄,조회
20210202-1,덕흥수지,PP원료(A),16995000,세금계산서,PP,Y,인쇄,조회
20210201-2,우선산업,PP9MM [PP9M／M9.5KG(백색)],1640650,세금계산서,상품,Y,인쇄,조회
20210201-1,백암지관공업사,지관 200 [지관 200＊8＊190],768768,세금계산서,PP,Y,인쇄,조회
20210129-4,백암지관공업사,지관 50 [지관 50＊5＊182],701800,세금계산서,PE,Y,인쇄,조회
20210129-2,백암지관공업사,지관 200 [지관 200＊8＊190],512512,세금계산서,PP,Y,인쇄,조회
20210129-1,금성포장,패드 540 [540*200],1148400,세금계산서,PP,Y,인쇄,조회
20210128-2,S-OIL(주)온산공장,HD500/PP50DW [500KG],17160000,세금계산서,PP,Y,인쇄,조회
20210128-1,한국파렛트풀(주),팔레트 1100*1100*120 [1100*1100*120],825000,세금계산서,PP,Y,인쇄,조회
20210127-2,경인팩,결속기용 칼날 외 1건,113300,세금계산서,상품,Y,인쇄,조회
20210127-1,백암지관공업사,지관 200 [지관 200＊8＊190],768768,세금계산서,PP,Y,인쇄,조회
20210126-4,(주)영화수출포장,박스 D-28 폴리테잎 [780 315 205],569250,세금계산서,PE,Y,인쇄,조회
20210126-3,백암지관공업사,지관 200 [지관 200＊8＊190],768768,세금계산서,PP,Y,인쇄,조회
20210126-2,S-OIL(주)온산공장,ME100/PC25DW (O.G) [25KG],31900000,세금계산서,PP,Y,인쇄,조회
20210125-3,S-OIL(주)온산공장,HD500/PP50DW [500KG],17160000,세금계산서,PP,Y,인쇄,조회
20210125-2,금성프라스틱,PP원료(PP특A) [PP T/A],10890000,세금계산서,PP,Y,인쇄,조회
20210125-1,(주)동신밴드,PP18MMx 21kg 삼성(내수) [2300M두께0.80mm단중8.8g],24948000,세금계산서,상품,Y,인쇄,조회
20210122-3,파코팩(PACO PACK),PP12M [PP12M／M10KG(투명)],1925000,세금계산서,상품,Y,인쇄,조회
20210122-2,백암지관공업사,지관 406 [지관 406＊6＊155] 외 2건,2026024,세금계산서,PP,Y,인쇄,조회
20210122-1,덕흥수지,PP원료(A) 외 1건,16445000,세금계산서,PP,Y,인쇄,조회
20210121-2,삼보팩,미국박스 580 [580*170*580] 외 2건,3348488,세금계산서,PP,Y,인쇄,조회
20210121-1,성진산업롤,고무롤 [피복 [1000*165*215]] 외 5건,1435500,세금계산서,PE,Y,인쇄,조회
20210120-5,성보펙,고메리 2입(IN) [445*440*410],693132,세금계산서,PP,Y,인쇄,조회
20210120-4,백암지관공업사,지관 200 [지관 200＊8＊186] 외 1건,668096,세금계산서,PP,Y,인쇄,조회
20210120-3,(주)경남캐미칼,MB 325 [M / B 325 orange] 외 2건,1122000,세금계산서,PP,Y,인쇄,조회
20210120-1,백암지관공업사,지관 406 [지관 406＊6＊155] 외 1건,668096,세금계산서,PP,Y,인쇄,조회
20210119-4,파코팩(PACO PACK),PP15M [PP15M／M10KG(백색)],880000,세금계산서,상품,Y,인쇄,조회
20210119-3,(주)영화수출포장,박스-내수PE [320*190*780],518650,세금계산서,PE,Y,인쇄,조회
20210119-2,금성프라스틱,PP원료(PP특A) [PP T/A],10502800,세금계산서,PP,Y,인쇄,조회
20210119-1,(주)태진케미칼,PP가공 [PP가공] 외 1건,9266400,세금계산서,PP,Y,인쇄,조회
20210118-3,한국파렛트풀(주),팔레트 1100*1100*120 [1100*1100*120],825000,세금계산서,PP,Y,인쇄,조회
20210118-2,진흥산업,폴리백 40*57 [폴리백 40*57],466400,세금계산서,PE,Y,인쇄,조회
20210115-2,(주)경남캐미칼,MB 100B（ [M／B 100B（WHITE）] 외 1건,1215500,세금계산서,PP,Y,인쇄,조회
20210115-1,금성프라스틱,PP원료(PP특A) [PP T/A],10890000,세금계산서,PP,Y,인쇄,조회
20210114-6,S-OIL(주)온산공장,HD500/PP50DW [500KG],35750000,세금계산서,PP,Y,인쇄,조회
20210114-5,백암지관공업사,지관 200 [지관 200＊4＊189] 외 3건,1444740,세금계산서,PP,Y,인쇄,조회
20210114-4,(주)대원우드,팔레트 1290＊860 [1290＊860] 외 11건,1343100,세금계산서,PP,Y,인쇄,조회
20210114-3,제이케이머티리얼즈(주)／순성공장,PP원료,10899020,세금계산서,PP,Y,인쇄,조회
20210114-2,(주)영화수출포장,박스 경인팩 6KG [465 455 250],654500,세금계산서,PE,Y,인쇄,조회
20210114-1,삼보팩,패드 430 [패드 430＊200 무지] 외 4건,4645806,세금계산서,PP,Y,인쇄,조회
20210112-3,백암지관공업사,지관 50 [지관 50＊5＊182],1403600,세금계산서,PE,Y,인쇄,조회
20210112-2,(주)영화수출포장,포리밴드 DF50 [470*460*205] 외 2건,1468940,세금계산서,PE,Y,인쇄,조회
20210112-1,백암지관공업사,지관 200 [지관 200＊8＊190] 외 2건,1097096,세금계산서,PP,Y,인쇄,조회
20210111-1,파코팩(PACO PACK),"12 x 2,500M 0.60T [12 x 2,500M 0.60T Blue]",11220000,영세율,상품,Y,인쇄,조회
20210108-3,삼보팩,패드 400 [패드 400＊200 무지] 외 2건,1298000,세금계산서,PP,Y,인쇄,조회
20210108-2,S-OIL(주)온산공장,HD500/PP50DW [500KG],17160000,세금계산서,PP,Y,인쇄,조회
20210108-1,백암지관공업사,지관 200 [지관 200＊4＊189] 외 1건,676676,세금계산서,PP,Y,인쇄,조회
20210107-3,백암지관공업사,지관 200 [지관 200＊4＊189],492492,세금계산서,PP,Y,인쇄,조회
20210107-2,(주)영화수출포장,박스 스트롱2KG [480 320 380] 외 1건,1089000,세금계산서,PE,Y,인쇄,조회
20210107-1,가나수지,PP 재생원료 [투명],4620000,세금계산서,PP,Y,인쇄,조회
20210106-1,금성포장,타이거팩 4506 [430*125*430] 외 1건,893200,세금계산서,PP,Y,인쇄,조회
20210105-2,백암지관공업사,지관 200 [지관 200＊8＊190] 외 2건,1189188,세금계산서,PP,Y,인쇄,조회
20210105-1,금성프라스틱,PP원료(PP특A) [PP T/A],10890000,세금계산서,PP,Y,인쇄,조회
20210104-2,(주)경남캐미칼,MB 510-2 [M／B 510-2 (BLUE)] 외 1건,1980000,세금계산서,PP,Y,인쇄,조회
20210104-1,삼보팩,무인쇄톰슨접착 460 [460*130*460] 외 1건,2206600,세금계산서,PP,Y,인쇄,조회
20201231-1,(주)씨케이플러스,MF5000(PE원료),16896000,세금계산서,PE,Y,인쇄,조회
20201230-2,백암지관공업사,지관 200 [지관 200＊8＊190] 외 3건,1410178,세금계산서,PP,Y,인쇄,조회
20201230-1,샘(SAEM),PE28mm 2kg [PE28M／M(백)2KG],7367360,세금계산서,상품,Y,인쇄,조회
20201229-5,S-OIL(주)온산공장,ME100/PC25DW (O.G) [25KG],28600000,세금계산서,PP,Y,인쇄,조회
20201229-4,정우수지,PP원료 [PPA],26793360,세금계산서,PP,Y,인쇄,조회
20201229-3,금성프라스틱,PP원료(PP특A) [PP T/A],10395000,세금계산서,PP,Y,인쇄,조회
20201229-2,태진전열,세라믹플레이트히터(大) [220V / 800W] 외 1건,418000,세금계산서,PP,Y,인쇄,조회
20201229-1,백암지관공업사,지관 200 [지관 200＊8＊190] 외 1건,768768,세금계산서,PP,Y,인쇄,조회
20201228-3,제이케이머티리얼즈(주)／순성공장,PP원료,14998896,세금계산서,PP,Y,인쇄,조회
20201228-2,두성엔지니어링,밴드노즐가공1.7*78L*4EA [38*70*449L],550000,세금계산서,PP,Y,인쇄,조회
20201228-1,(주)대원우드,팔레트 1080＊1080 [1080＊1080] 외 6건,627000,세금계산서,PP,Y,인쇄,조회
20201224-2,백암지관공업사,지관 50 [지관 50＊5＊182],701800,세금계산서,PE,Y,인쇄,조회
20201224-1,백암지관공업사,지관 200 [지관 200＊8＊190] 외 1건,1281280,세금계산서,PP,Y,인쇄,조회
20201223-2,한국파렛트풀(주),팔레트 1100*1100*120 [1100*1100*120],825000,세금계산서,PP,Y,인쇄,조회
20201223-1,(주)동신밴드,PB청 470*200 (삼성-적색) [470＊200] 외 1건,686400,세금계산서,PP,Y,인쇄,조회
20201222-2,(주)경남캐미칼,MB 820FL [M／B 820FL（BLACK）] 외 1건,1540000,세금계산서,PP,Y,인쇄,조회
20201222-1,삼보팩,무인쇄톰슨접착 430 [430*130*430] 외 1건,2944535,세금계산서,PP,Y,인쇄,조회
20201221-6,백암지관공업사,지관 406 [지관 406＊6＊155] 외 2건,1034748,세금계산서,PP,Y,인쇄,조회
20201221-5,금성프라스틱,PP원료(PP특A) [PP T/A],10395000,세금계산서,PP,Y,인쇄,조회
20201221-4,제이엠코퍼레이션(주),MB 2302 [M / B 2302 Yellow],924000,세금계산서,PP,Y,인쇄,조회
20201221-3,가나수지,PP 재생원료 [투명],3465000,세금계산서,PP,Y,인쇄,조회
20201221-2,이타코리아(주),결속기 수리비 [결속기수리비],72600,세금계산서,상품,Y,인쇄,조회
20201221-1,에어팩코리아,에어백 APK-1022 (1000*2200) [에어백 1000*2200] 외 1건,618200,세금계산서,PP,Y,인쇄,조회
20201219-1,S-OIL(주)온산공장,HD500/PP50DW [500KG],33825000,세금계산서,PP,Y,인쇄,조회
20201217-5,백암지관공업사,지관 50 [지관 50＊5＊225],382800,세금계산서,PE,Y,인쇄,조회
20201217-4,정우수지,PP원료 [PPA],1155660,세금계산서,PP,Y,인쇄,조회
20201217-3,백암지관공업사,지관 406 [지관 406＊6＊155] 외 2건,1449943,세금계산서,PP,Y,인쇄,조회
20201217-1,금성포장,박스 외부 PE (폴리밴드) [320 190 785],1045000,세금계산서,PE,Y,인쇄,조회
20201216-3,(주)디에스에스,PET 12MM*0.70MM*1950MM [EMBOSSED 12MM*0.70MM*1950MM] 외 1건,620000,영세율,상품,Y,인쇄,조회
20201215-3,(주)씨케이플러스,MF6000(PE원료) [25KG],33000000,세금계산서,PE,Y,인쇄,조회
20201215-2,백암지관공업사,지관 406 [지관 406＊6＊155] 외 2건,1458600,세금계산서,PP,Y,인쇄,조회
20201215-1,금성프라스틱,PP원료(PP특A) [PP T/A],10395000,세금계산서,PP,Y,인쇄,조회
20201214-6,동원팩,자동밴딩기 [고속밴딩기],22000000,세금계산서,상품,N,인쇄,조회
20201214-5,삼환강업(주),STEEL 12.7MM*0.50MM*10KG ZINC COATED MINI RIBBON [12.7MM*0.50MM*10KG ZINC COATED MINI RIBBON] 외 1건,9722659,영세율,상품,Y,인쇄,조회
20201214-4,(주)한국바코드시스템,라벨(아트지도안청색) [[86*46 ]] 외 4건,220000,세금계산서,PP,Y,인쇄,조회
20201214-3,신일피엔에스 주식회사,PP원료 [PP-L],1936000,세금계산서,PP,Y,인쇄,조회
20201214-2,가나수지,PE재생 [PE재생],5775000,세금계산서,PE,Y,인쇄,조회
20201214-1,가나수지,PP 재생원료 [투명] 외 3건,15675000,세금계산서,PP,Y,인쇄,조회
20201212-3,제이케이머티리얼즈(주)／순성공장,PP원료,17837556,세금계산서,PP,Y,인쇄,조회
20201212-2,가나수지,PE재생 [투명],1155000,세금계산서,PP,Y,인쇄,조회
20201212-1,가나수지,PP 재생원료 [투명(색깔용)] 외 4건,2392500,세금계산서,PP,Y,인쇄,조회
20201211-1,백암지관공업사,지관 200 [지관 200＊8＊190] 외 1건,584584,세금계산서,PP,Y,인쇄,조회
20201210-1,롯데케미칼 주식회사,MF5000(PE원료) [MF5000_500KG],17160000,세금계산서,PE,Y,인쇄,조회
20201209-2,삼보팩,패드 400 [패드 400＊200 적색],975150,세금계산서,PP,Y,인쇄,조회
20201209-1,효창산업,CALPET [CALPET],4356000,세금계산서,PP,Y,인쇄,조회
20201208-4,백암지관공업사,지관 50 [지관 50＊5＊182],1403600,세금계산서,PE,Y,인쇄,조회
20201208-3,백암지관공업사,지관 200 [지관 200＊8＊190] 외 1건,768768,세금계산서,PP,Y,인쇄,조회
20201208-2,삼보팩,패드 400 [패드 400＊200 적색],495000,세금계산서,PP,Y,인쇄,조회
20201208-1,S-OIL(주)온산공장,HD500/PP50DW [500KG],33825000,세금계산서,PP,Y,인쇄,조회
20201207-2,(주)경남캐미칼,MB 510-2 [M／B 510-2 (BLUE)] 외 1건,1870000,세금계산서,PP,Y,인쇄,조회
20201204-1,진영프라스틱,PP 은색 [PP 은색],8580000,세금계산서,PP,Y,인쇄,조회
20201203-4,백암지관공업사,지관 406 [지관 406＊6＊155] 외 1건,938652,세금계산서,PP,Y,인쇄,조회
20201203-3,(주)태진케미칼,PP가공 [PP가공],3168000,세금계산서,PP,Y,인쇄,조회
20201203-1,한국파렛트풀(주),팔레트 1100*1100*120 [1100*1100*120],825000,세금계산서,PP,Y,인쇄,조회
20201202-1,백암지관공업사,지관 200 [지관 200＊8＊190] 외 1건,1097096,세금계산서,PP,Y,인쇄,조회
20201201-2,(주)스피드랩코리아,스트레치필름(일반 핸드랩) [25*500mm*300m] 외 1건,165550,세금계산서,상품,Y,인쇄,조회
20201130-5,(주)스피드랩코리아,스트레치필름(일반 핸드랩) [20*350m] 외 1건,547800,세금계산서,상품,Y,인쇄,조회
20201130-4,(주)대원우드,팔레트 1200*1200 [1200*1200] 외 5건,363000,세금계산서,PP,Y,인쇄,조회
20201130-3,(주)씨케이플러스,MF6000(PE원료) [MF6000_500KG],31944000,세금계산서,PE,Y,인쇄,조회
20201130-2,금성포장,패드 540 [540*200] 외 1건,2574000,세금계산서,PP,Y,인쇄,조회
20201130-1,백암지관공업사,지관 200 [지관 200＊8＊190] 외 1건,676676,세금계산서,PP,Y,인쇄,조회
20201127-3,(주)한국바코드시스템,라벨(아트지도안백색) [[76*156]],374000,세금계산서,PP,Y,인쇄,조회
20201127-2,S-OIL(주)온산공장,HD500/PP50DW [500KG],15576000,세금계산서,PP,Y,인쇄,조회
20201127-1,백암지관공업사,지관 200 [지관 200＊8＊190] 외 1건,676676,세금계산서,PP,Y,인쇄,조회
20201126-1,성보펙,미국박스 [400*400*405],86212,세금계산서,PP,Y,인쇄,조회
20201125-2,(주)경남캐미칼,MB 820FL [M／B 820FL（BLACK）] 외 1건,1650000,세금계산서,PP,Y,인쇄,조회
20201125-1,(주)대원우드,팔레트 1080＊1080 [1080＊1080] 외 6건,676500,세금계산서,PP,Y,인쇄,조회
20201124-7,백암지관공업사,지관 50 [지관 50＊5＊182],701800,세금계산서,PE,Y,인쇄,조회
20201124-5,성은산업,수축필름 [220*145 (고메리)],1277650,세금계산서,PP,Y,인쇄,조회
20201124-4,덕흥수지,PP원료(A),12936000,세금계산서,PP,Y,인쇄,조회
20201124-3,한국파렛트풀(주),PP원료(PP특A) [PP T/A],16632000,세금계산서,PP,Y,인쇄,조회
20201124-2,백암지관공업사,지관 200 [지관 200＊4＊189],328328,세금계산서,PP,Y,인쇄,조회
20201124-1,삼보팩,무인쇄톰슨접착 320 [320*130*320] 외 2건,1578324,세금계산서,PP,Y,인쇄,조회
20201123-1,(주)경남캐미칼,MB 100B（ [M／B 100B（WHITE）],825000,세금계산서,PP,Y,인쇄,조회
20201120-1,백암지관공업사,지관 200 [지관 200＊8＊190] 외 1건,1281280,세금계산서,PP,Y,인쇄,조회
20201119-2,두성엔지니어링,밴드노즐가공1.6*78L*3EA [38*70*449L] 외 3건,2046000,세금계산서,PP,Y,인쇄,조회
20201118-1,삼보팩,패드 400 [패드 400＊200 적색],990000,세금계산서,PP,Y,인쇄,조회
20201117-5,백암지관공업사,지관 50 [지관 50＊5＊182],701800,세금계산서,PE,Y,인쇄,조회
20201117-4,(주)경남캐미칼,MB 307 [M／B 307 Yellow],1705000,세금계산서,PP,Y,인쇄,조회
20201117-3,백암지관공업사,지관 200 [지관 200＊8＊186] 외 1건,1097096,세금계산서,PP,Y,인쇄,조회
20201117-2,성보펙,미국박스(SWPS12350WH) [440 200 445],1208900,세금계산서,PP,Y,인쇄,조회
20201117-1,백암지관공업사,지관 200 [지관 200＊8＊190] 외 1건,1261260,세금계산서,PP,Y,인쇄,조회
20201116-2,재생산업,PP원료(건조품) 외 1건,27181000,세금계산서,PP,Y,인쇄,조회
20201116-1,롯데케미칼 주식회사,MF5000(PE원료) [MF5000_500KG],16632000,세금계산서,PE,Y,인쇄,조회
20201113-3,가나수지,PP 재생원료,11550000,세금계산서,PP,Y,인쇄,조회
20201113-2,금성프라스틱,PP원료(PP특A) [PP T/A],5500000,세금계산서,PP,Y,인쇄,조회
20201113-1,제이케이머티리얼즈(주)／순성공장,PP원료,17949756,세금계산서,PP,Y,인쇄,조회
20201111-3,(주)경남캐미칼,MB 510-2 [M／B 510-2 (BLUE)],1650000,세금계산서,PP,Y,인쇄,조회
20201111-2,백암지관공업사,지관 200 [지관 200＊8＊190] 외 1건,1189188,세금계산서,PP,Y,인쇄,조회
20201111-1,두성엔지니어링,와인다캠 가공,1155000,세금계산서,PP,Y,인쇄,조회
20201110-4,삼보팩,평면골판지 [구래단 (1100mm x 40000mm)],778800,세금계산서,PP,Y,인쇄,조회
20201110-3,파코팩(PACO PACK),동판비 [동판비] 외 1건,220000,세금계산서,상품,Y,인쇄,조회
20201110-2,덕흥수지,PP원료(A),12936000,세금계산서,PP,Y,인쇄,조회
20201110-1,S-OIL(주)온산공장,HD500/PP50DW [500KG],32450000,세금계산서,PP,Y,인쇄,조회
20201109-1,금성프라스틱,PP원료(PP특A) [PP T/A],10395000,세금계산서,PP,Y,인쇄,조회
20201106-1,백암지관공업사,지관 200 [지관 200＊8＊190] 외 2건,1609608,세금계산서,PP,Y,인쇄,조회
20201105-3,(주)영화수출포장,경인팩 2KG [320*190*780] 외 1건,902000,세금계산서,PE,Y,인쇄,조회
20201105-2,삼보팩,무인쇄톰슨접착 430 [430*130*430] 외 2건,1611500,세금계산서,PP,Y,인쇄,조회
20201105-1,(주)경남캐미칼,MB 100B（ [M／B 100B（WHITE）],1100000,세금계산서,PP,Y,인쇄,조회
20201104-2,성보펙,고메리 3입(IN) [345*340*390] 외 1건,531300,세금계산서,PP,Y,인쇄,조회
20201103-3,재생산업,PP원료(건조품),26334000,세금계산서,PP,Y,인쇄,조회
20201103-2,(주)영화수출포장,박스 (#28*6kg 박스) [465 455 250] 외 2건,1182654,세금계산서,PE,Y,인쇄,조회
20201103-1,백암지관공업사,지관 200 [지관 200＊4＊189] 외 1건,716639,세금계산서,PP,Y,인쇄,조회
20201102-1,정우수지,PP원료 [PPA],18433910,세금계산서,PP,Y,인쇄,조회
20201030-4,정우수지,PP원료 [PPA],31576710,세금계산서,PP,Y,인쇄,조회
20201030-3,S-OIL(주)온산공장,ME100/PC25DW (O.G) [25KG],27225000,세금계산서,PP,Y,인쇄,조회
20201030-2,롯데케미칼 주식회사,MF5000(PE원료) [MF5000_500KG],16632000,세금계산서,PE,Y,인쇄,조회
20201030-1,백암지관공업사,지관 200 [지관 200＊8＊186] 외 1건,676676,세금계산서,PP,Y,인쇄,조회
20201028-4,(주)영화수출포장,박스 (#28*6kg 박스) [465 455 250],341550,세금계산서,PE,Y,인쇄,조회
20201028-3,금성프라스틱,PP원료(PP특A) [PP T/A],10395000,세금계산서,PP,Y,인쇄,조회
20201028-2,백암지관공업사,지관 200 [지관 200＊8＊190],1025024,세금계산서,PP,Y,인쇄,조회
20201028-1,샘(SAEM),PP특A [PP특A],30525000,세금계산서,PP,Y,인쇄,조회
20201027-2,S-OIL(주)온산공장,HD500/PP50DW [500KG],32450000,세금계산서,PP,Y,인쇄,조회
20201027-1,금성포장,고메리 3입 (C/T) [360*355*385] 외 1건,651420,세금계산서,PP,Y,인쇄,조회
20201026-5,파코팩(PACO PACK),"12 x 3,000M 0.63T White w/EST 206 Black printed [12 x 3,000M 0.63T White w/EST 206 Black printed]",1710720,영세율,상품,Y,인쇄,조회
20201026-4,삼보팩,무인쇄톰슨접착 320 [320*130*320] 외 2건,1182500,세금계산서,PP,Y,인쇄,조회
20201026-2,백암지관공업사,지관 50 [지관 50＊5＊182],1403600,세금계산서,PE,Y,인쇄,조회
20201026-1,백암지관공업사,지관 200 [지관 200＊8＊190] 외 1건,676676,세금계산서,PP,Y,인쇄,조회
20201023-1,금성프라스틱,PP원료(PP특A) [PP T/A],5844300,세금계산서,PP,Y,인쇄,조회
20201022-5,경인팩,결속기용 칼날,110000,세금계산서,상품,Y,인쇄,조회
20201022-4,(주)대원우드,팔레트 1080＊1080 [1080＊1080] 외 5건,346500,세금계산서,PP,Y,인쇄,조회
20201022-3,(주)경남캐미칼,MB 510-2 [M／B 510-2 (BLUE)] 외 2건,2343000,세금계산서,PP,Y,인쇄,조회
20201022-2,덕흥수지,PP원료(A),12936000,세금계산서,PP,Y,인쇄,조회
20201021-4,재생산업,PP원료(B),26125000,세금계산서,PP,Y,인쇄,조회
20201021-3,백암지관공업사,지관 200 [지관 200＊8＊190] 외 1건,1425424,세금계산서,PP,Y,인쇄,조회
20201021-2,두성엔지니어링,캠 쵸크 핀(알루미늄 청동) 외 1건,324500,세금계산서,PP,Y,인쇄,조회
20201020-2,롯데케미칼 주식회사,MF5000(PE원료) [MF5000_500KG],16632000,세금계산서,PE,Y,인쇄,조회
20201020-1,(주)삼신,PP특A [PP특A],16324000,세금계산서,PP,Y,인쇄,조회
20201016-2,금성프라스틱,PP원료(PP특A) [PP T/A],10395000,세금계산서,PP,Y,인쇄,조회
20201016-1,백암지관공업사,지관 200 [지관 200＊4＊189] 외 2건,1609608,세금계산서,PP,Y,인쇄,조회
20201015-6,백암지관공업사,지관 50 [지관 50＊5＊182] 외 1건,1084600,세금계산서,PE,Y,인쇄,조회
20201015-5,S-OIL(주)온산공장,HD500/PP50DW [500KG],32450000,세금계산서,PP,Y,인쇄,조회
20201015-4,금성프라스틱,PP원료(PP특A) [PP T/A],10348800,세금계산서,PP,Y,인쇄,조회
20201015-3,삼보팩,패드 400 [패드 400＊200 적색] 외 2건,3190000,세금계산서,PP,Y,인쇄,조회
20201015-2,백암지관공업사,지관 200 [지관 200＊8＊190],256256,세금계산서,PP,Y,인쇄,조회
20201015-1,한국파렛트풀(주),PP원료(PP특A) [PP T/A],10395000,세금계산서,PP,Y,인쇄,조회
20201014-3,파코팩(PACO PACK),PP15M [PP15M／M10KG(백색)] 외 1건,2805000,세금계산서,상품,Y,인쇄,조회
20201014-2,백암지관공업사,지관 200 [지관 200＊8＊186],768768,세금계산서,PP,Y,인쇄,조회
20201014-1,한국파렛트풀(주),팔레트 1100*1100*120 [1100*1100*120],825000,세금계산서,PP,Y,인쇄,조회
20201013-5,제이케이머티리얼즈(주)／순성공장,PP원료,11558646,세금계산서,PP,Y,인쇄,조회
20201013-4,(주)대원우드,팔레트 1280＊960 [1280＊960],16500,세금계산서,PP,Y,인쇄,조회
20201013-3,백암지관공업사,지관 200 [지관 200＊8＊190],768768,세금계산서,PP,Y,인쇄,조회
20201013-2,(주)경남캐미칼,MB 100B（ [M／B 100B（WHITE）] 외 3건,2266000,세금계산서,PP,Y,인쇄,조회
20201013-1,백암지관공업사,지관 406 [지관 406＊6＊155] 외 1건,668096,세금계산서,PP,Y,인쇄,조회
20201012-5,금성포장,고메리 12입(C/T) [570*430*390],624800,세금계산서,PP,Y,인쇄,조회
20201012-4,효창산업,CALPET [CALPET],4356000,세금계산서,PP,Y,인쇄,조회
20201012-3,백암지관공업사,지관 200 [지관 200＊8＊190] 외 1건,768768,세금계산서,PP,Y,인쇄,조회
20201012-2,성보펙,고메리 12입(IN) [410*275*180],1628000,세금계산서,PP,Y,인쇄,조회
20201012-1,가나수지,PE임가공 [PE임가공],1992760,세금계산서,PE,Y,인쇄,조회
20201007-2,가나수지,PP 재생원료,5775000,세금계산서,PP,Y,인쇄,조회
20201007-1,백암지관공업사,지관 200 [지관 200＊4＊189],492492,세금계산서,PP,Y,인쇄,조회
20201006-1,에어팩코리아,에어백 capk [에어백 850*1800] 외 1건,330000,세금계산서,PP,Y,인쇄,조회
20201005-5,금정기획,라벨(아트지무지)108*50 [[108*50 ]] 외 1건,990000,세금계산서,PP,Y,인쇄,조회
20201005-4,성보펙,패드 400 [패드 400＊200 (레드)] 외 2건,1848000,세금계산서,PP,Y,인쇄,조회
20201005-3,백암지관공업사,지관 200 [지관 200＊8＊190],768768,세금계산서,PP,Y,인쇄,조회
20201005-2,진영프라스틱,PP 은색 [PP 은색] 외 1건,4356000,세금계산서,PP,Y,인쇄,조회
20201005-1,(주)경남캐미칼,MB 307 [M／B 307 Yellow] 외 3건,2123000,세금계산서,PP,Y,인쇄,조회
20200929-5,금성프라스틱,PP원료(PP특A) [PP T/A],10395000,세금계산서,PP,Y,인쇄,조회
20200929-4,S-OIL(주)온산공장,HD500/PP50DW [500KG],32175000,세금계산서,PP,Y,인쇄,조회
20200929-3,롯데케미칼 주식회사,MF5000(PE원료) [MF5000_500KG],16236000,세금계산서,PE,Y,인쇄,조회
20200929-2,백암지관공업사,지관 200 [지관 200＊4＊189],328328,세금계산서,PP,Y,인쇄,조회
20200929-1,백암지관공업사,지관 50 [지관 50＊5＊182],701800,세금계산서,PE,Y,인쇄,조회
20200928-2,대광기계공업,원료배합기,7700000,세금계산서,PP,Y,인쇄,조회
20200928-1,백암지관공업사,지관 200 [지관 200＊8＊190] 외 1건,768768,세금계산서,PP,Y,인쇄,조회
20200926-2,성보펙,무인쇄톰슨접착 350 [350*130*350] 외 1건,1045000,세금계산서,PP,Y,인쇄,조회
20200926-1,(주)삼원목재합판,마감재(2*4) [40*90*3600] 외 2건,282150,세금계산서,PP,N,인쇄,조회
20200925-4,백암지관공업사,지관 200 [지관 200＊8＊190] 외 1건,1537536,세금계산서,PP,Y,인쇄,조회
20200925-3,금성포장,PB 540* (삼성) 적색 [540*200] 외 1건,1652200,세금계산서,PP,Y,인쇄,조회
20200925-2,금성프라스틱,PP원료(A) 외 1건,9229000,세금계산서,PP,Y,인쇄,조회
20200925-1,성보펙,무인쇄톰슨접착 320 [320*130*320],319000,세금계산서,PP,Y,인쇄,조회
20200924-2,(주)삼신,PP특A [PP특A],29150000,세금계산서,PP,Y,인쇄,조회
20200924-1,롯데케미칼 주식회사,MF6000(PE원료) [MF6000_500KG],16236000,세금계산서,PE,Y,인쇄,조회
20200922-6,우선산업,PP9MM [PP9M／M9.5KG(백색)],1640650,세금계산서,상품,Y,인쇄,조회
20200922-5,(주)삼신,PP특A [PP특A],4664000,세금계산서,PP,Y,인쇄,조회
20200922-4,금성포장,PB 540* (삼성) 적색 [540*200] 외 1건,1254000,세금계산서,PP,Y,인쇄,조회
20200922-3,(주)태진케미칼,PP원료 [PPA],7920000,세금계산서,PP,Y,인쇄,조회
20200922-2,금성프라스틱,PP원료(PP특A) [PP T/A] 외 1건,10395000,세금계산서,PP,Y,인쇄,조회
20200922-1,백암지관공업사,지관 200 [지관 200＊8＊190] 외 1건,676676,세금계산서,PE,Y,인쇄,조회
20200921-4,제이케이머티리얼즈(주)／순성공장,PP원료,17008002,세금계산서,PP,Y,인쇄,조회
20200921-3,(주)삼신,PP특A [PP특A],2332000,세금계산서,PP,Y,인쇄,조회
20200921-1,백암지관공업사,지관 200 [지관 200＊8＊190] 외 2건,1408264,세금계산서,PP,Y,인쇄,조회
20200918-5,한국파렛트풀(주),PP원료(PP특A) [PP T/A],16315200,세금계산서,PP,Y,인쇄,조회
20200918-4,재생산업,PP원료(A),27192000,세금계산서,PP,Y,인쇄,조회
20200918-3,S-OIL(주)온산공장,HD500/PP50DW [500KG],32175000,세금계산서,PP,Y,인쇄,조회
20200918-2,(주)경남캐미칼,MB 100B（ [M／B 100B（WHITE）] 외 2건,1496000,세금계산서,PP,Y,인쇄,조회
20200918-1,한국파렛트풀(주),팔레트 1100*1100*120 [1100*1100*120],825000,세금계산서,PP,Y,인쇄,조회
20200917-2,금성포장,패드 540 [540*200],440000,세금계산서,PP,Y,인쇄,조회
20200917-1,백암지관공업사,지관 406 [지관 406＊6＊155] 외 1건,621192,세금계산서,PP,Y,인쇄,조회
20200916-2,금성프라스틱,PP원료(PP특A) [PP T/A] 외 1건,9631875,세금계산서,PP,Y,인쇄,조회
20200916-1,금성포장,박스 외부 PE (폴리밴드) [320 190 785],891000,세금계산서,PE,Y,인쇄,조회
20200915-6,지영,팔레트 1100*1100 [1100*1100],1842500,세금계산서,PP,Y,인쇄,조회
20200915-4,백암지관공업사,지관 406 [지관 406＊6＊155] 외 2건,1644456,세금계산서,PE,Y,인쇄,조회
20200915-3,(주)대원우드,팔레트 880*1320 [880*1320] 외 1건,33000,세금계산서,PP,Y,인쇄,조회
20200915-1,대림에프엔씨(주),PP원료 [대림 A],16869600,세금계산서,PP,Y,인쇄,조회
20200914-1,(주)경남캐미칼,MB 6520 [M／B 6520 (GREEN)] 외 1건,1826000,세금계산서,PP,Y,인쇄,조회
20200911-2,S-OIL(주)온산공장,HD500/PP50DW [500KG],32175000,세금계산서,PP,Y,인쇄,조회
20200911-1,백암지관공업사,지관 200 [지관 200＊8＊190],768768,세금계산서,PE,Y,인쇄,조회
20200910-7,백암지관공업사,지관 406 [지관 406＊6＊155] 외 1건,1491776,세금계산서,PP,Y,인쇄,조회
20200910-6,(주)대원우드,팔레트 1140*1140 [1140*1140] 외 9건,924000,세금계산서,PP,Y,인쇄,조회
20200910-5,(주)경남캐미칼,MB 820FL [M／B 820FL（BLACK）] 외 1건,1001000,세금계산서,상품,Y,인쇄,조회
20200910-4,롯데케미칼 주식회사,MF5000(PE원료) [MF5000_500KG],16236000,세금계산서,PP,Y,인쇄,조회
20200910-3,금성프라스틱,PP원료(PP특A) [PP T/A],495000,세금계산서,PP,Y,인쇄,조회
20200910-2,성보펙,패드 400 [패드 400＊200 (레드)],693000,세금계산서,PP,Y,인쇄,조회
20200910-1,(주)태진케미칼,PP원료 [PPA],8157600,세금계산서,PP,Y,인쇄,조회
20200909-3,금정기획,라벨(아트지3003536) [110*45] 외 1건,176000,세금계산서,PP,Y,인쇄,조회
20200909-2,한국파렛트풀(주),PP원료(PP특A) [PP T/A],16315200,세금계산서,PP,Y,인쇄,조회
20200909-1,백암지관공업사,지관 200 [지관 200＊8＊190] 외 1건,676676,세금계산서,PE,Y,인쇄,조회
20200908-1,금성프라스틱,PP원료(PP특A) [PP T/A],9823000,세금계산서,PP,Y,인쇄,조회
20200907-4,백암지관공업사,지관 50 [지관 50＊5＊182],701800,세금계산서,PE,Y,인쇄,조회
20200907-3,백암지관공업사,지관 200 [지관 200＊4＊189] 외 1건,1169168,세금계산서,PP,Y,인쇄,조회
20200907-2,(주)디에스아이,포장기(랩핑기) 공임,198000,세금계산서,PP,Y,인쇄,조회
20200907-1,파코팩(PACO PACK),PP12M [PP12M／M10KG],1760000,세금계산서,상품,Y,인쇄,조회
20200904-3,(주)경남캐미칼,MB 820FL [M／B 820FL（BLACK）] 외 4건,2772000,세금계산서,PP,Y,인쇄,조회
20200904-2,(주)태진케미칼,PP원료 [PPA],8157600,세금계산서,PP,Y,인쇄,조회
20200904-1,백암지관공업사,지관 200 [지관 200＊8＊190] 외 1건,676676,세금계산서,PP,Y,인쇄,조회
20200903-2,(주)영화수출포장,박스 스트롱2KG [480 320 380] 외 3건,1943040,세금계산서,PP,Y,인쇄,조회
20200903-1,진영프라스틱,PP 은색 [PP 은색],8580000,세금계산서,PP,Y,인쇄,조회
20200902-1,덕흥수지,PP원료 외 1건,12716000,세금계산서,PP,Y,인쇄,조회
20200901-6,호성수출포장,면보루 외 4건,267300,세금계산서,PP,N,인쇄,조회
20200901-5,(주)영일전업,MOTOR DV UX990Y [DV UX990Y],357500,세금계산서,PP,Y,인쇄,조회
20200901-4,에어팩코리아,에어백 APK-1022 (1000*2200) [에어백 1000*2200],481800,세금계산서,PP,Y,인쇄,조회
20200901-3,영창프라스틱,"STOPPER 5,000 PC [STOPPER 5,000 PC투명]",1485000,세금계산서,상품,Y,인쇄,조회
20200901-2,(주)대원우드,팔레트 1160*1160 [1160*1160] 외 5건,726000,세금계산서,PP,Y,인쇄,조회
20200901-1,금성프라스틱,PP원료(PP특A) [PP T/A],9823000,세금계산서,PP,Y,인쇄,조회
20200831-3,한국파렛트풀(주),팔레트 렌탈 [팔레트 렌탈],245520,세금계산서,PP,Y,인쇄,조회
20200831-2,한국파렛트풀(주),팔레트 1100*1100*120 [1100*1100*120],825000,세금계산서,PP,Y,인쇄,조회
20200831-1,백암지관공업사,지관 200 [지관 200＊8＊190] 외 1건,1261260,세금계산서,PP,Y,인쇄,조회
20200829-1,성보펙,미국박스 580 [580*170*580],1501500,세금계산서,PP,Y,인쇄,조회
20200828-9,S-OIL(주)온산공장,HD500/PP50DW [500KG],31900000,세금계산서,PP,Y,인쇄,조회
20200828-5,백암지관공업사,지관 200 [지관 200＊8＊190],768768,세금계산서,PP,Y,인쇄,조회
20200828-4,제이케이머티리얼즈(주)／순성공장,PP원료,9097506,세금계산서,PP,Y,인쇄,조회
20200828-3,금성프라스틱,PP원료(PP특A) [PP T/A] 외 1건,3916000,세금계산서,PP,Y,인쇄,조회
20200828-2,(주)태진케미칼,PP가공 [PP가공],2640000,세금계산서,PP,Y,인쇄,조회
20200827-3,백암지관공업사,지관 50 [지관 50＊5＊182],701800,세금계산서,PE,Y,인쇄,조회
20200827-2,백암지관공업사,지관 200 [지관 200＊8＊190] 외 1건,1025024,세금계산서,PP,Y,인쇄,조회
20200827-1,성보펙,박스 40-20 [400 200 405] 외 4건,2440625,세금계산서,PP,Y,인쇄,조회
20200826-3,금성프라스틱,PP원료(PP특A) [PP T/A],10021000,세금계산서,PP,Y,인쇄,조회
20200826-2,(주)호스114,투명일반호스 [50mm] 외 1건,315700,세금계산서,PP,Y,인쇄,조회
20200826-1,백암지관공업사,지관 200 [지관 200＊8＊190] 외 1건,768768,세금계산서,PP,Y,인쇄,조회
20200825-3,(주)경남캐미칼,MB 100B（ [M／B 100B（WHITE）] 외 3건,1842500,세금계산서,PP,Y,인쇄,조회
20200825-2,덕흥수지,PP원료,12936000,세금계산서,PP,Y,인쇄,조회
20200825-1,성보펙,패드 400 [패드 400＊200 (레드)] 외 1건,1160500,세금계산서,PP,Y,인쇄,조회
20200822-1,금성프라스틱,PP원료(PP특A) [PP T/A],9262000,세금계산서,PP,Y,인쇄,조회
20200821-3,삼영계전,공구 소모품 [SENA] 외 1건,202400,세금계산서,PP,N,인쇄,조회
20200821-2,진흥산업,폴리백 26＊44 [폴리백 24＊44],1320000,세금계산서,PE,Y,인쇄,조회
20200821-1,(주)태진케미칼,PP가공 [PP가공],3168000,세금계산서,PP,Y,인쇄,조회
20200820-3,(주)동신밴드,PP특A [PP특A 투명],27086400,세금계산서,PP,Y,인쇄,조회
20200820-2,백암지관공업사,지관 50 [지관 50＊5＊182],701800,세금계산서,PE,Y,인쇄,조회
20200820-1,백암지관공업사,지관 200 [지관 200＊8＊190] 외 2건,1353352,세금계산서,PP,Y,인쇄,조회
20200819-1,S-OIL(주)온산공장,HD500/PP50DW [500KG],31900000,세금계산서,PP,Y,인쇄,조회
20200818-7,성보펙,무인쇄톰슨접착 320 [320*130*320] 외 1건,1093400,세금계산서,PP,Y,인쇄,조회
20200818-6,지영,팔레트 1100*1100 [1100*1100],707520,세금계산서,PP,Y,인쇄,조회
20200818-5,(주)대원우드,팔레트 1080＊1080 [1080＊1080] 외 2건,346500,세금계산서,PP,Y,인쇄,조회
20200818-4,한국파렛트풀(주),팔레트 1100*1100*120 [1100*1100*120],825000,세금계산서,PP,Y,인쇄,조회
20200818-3,효창산업,CALPET [CALPET],4356000,세금계산서,PP,Y,인쇄,조회
20200818-2,백암지관공업사,지관 200 [지관 200＊8＊190] 외 2건,676676,세금계산서,PP,Y,인쇄,조회
20200818-1,금성포장,박스 외부 PE (폴리밴드) [320 190 785],533500,세금계산서,PP,Y,인쇄,조회
20200814-1,금성프라스틱,PP원료(PP특A) [PP T/A],9823000,세금계산서,PP,Y,인쇄,조회
20200813-4,백암지관공업사,지관 200 [지관 200＊8＊190] 외 2건,1353352,세금계산서,PP,Y,인쇄,조회
20200813-3,금성프라스틱,PP원료(PP특A) [PP T/A],9757000,세금계산서,PP,Y,인쇄,조회
20200813-2,덕흥수지,PP원료,12936000,세금계산서,PP,Y,인쇄,조회
20200813-1,파코팩(PACO PACK),PP14MM [PP14M／M 10KG (녹색)] 외 1건,2992000,세금계산서,상품,Y,인쇄,조회
20200812-3,금성프라스틱,PP원료(PP특A) [PP T/A],9691000,세금계산서,PP,Y,인쇄,조회
20200812-2,파코팩(PACO PACK),"12 x 3,000M 0.60T Clear w/Talleys Red printed [12 x 3,000M 0.60T Clear w/Talleys Red printed] 외 5건",4989600,영세율,상품,Y,인쇄,조회
20200812-1,(주)경남캐미칼,MB 820FL [M／B 820FL（BLACK）] 외 2건,1969000,세금계산서,PP,Y,인쇄,조회
20200810-4,성플(Sungple),PP 은색 [PP 은색] 외 1건,137280,세금계산서,PP,Y,인쇄,조회
20200810-3,금성포장,PB 540* (삼성) 적색 [540*200],2580600,세금계산서,PP,Y,인쇄,조회
20200810-2,금성프라스틱,PP원료(PP특A) [PP T/A],9873600,세금계산서,PP,Y,인쇄,조회
20200810-1,백암지관공업사,지관 200 [지관 200＊8＊190] 외 1건,676676,세금계산서,PP,Y,인쇄,조회
20200808-1,금성프라스틱,PP원료(PP특A) [PP T/A],9974580,세금계산서,PP,Y,인쇄,조회
20200807-2,(주)영일전업,MOTOR DV UX990Y [DV UX990Y],357500,세금계산서,PP,Y,인쇄,조회
20200807-1,금성포장,PB적 540* (삼성) [540*200],227700,세금계산서,PP,Y,인쇄,조회
20200806-5,금정기획,라벨(아트지도안 AWP) 2119 [115*55] 외 8건,506000,세금계산서,PP,Y,인쇄,조회
20200806-4,(주)태진케미칼,PP원료 [PPA] 외 1건,6600000,세금계산서,PP,Y,인쇄,조회
20200806-3,(주)대원우드,팔레트 1290＊860 [1290＊860] 외 1건,148500,세금계산서,PP,Y,인쇄,조회
20200806-2,백암지관공업사,지관 200 [지관 200＊8＊186] 외 1건,768768,세금계산서,PP,Y,인쇄,조회
20200806-1,(주)씨케이플러스,Y-130 (PP원료),33000000,세금계산서,PE,Y,인쇄,조회
20200804-1,S-OIL(주)온산공장,HD500/PP50DW [500KG],15312000,세금계산서,PP,Y,인쇄,조회
20200801-1,금성프라스틱,PP원료(PP특A) [PP T/A],9896040,세금계산서,PP,Y,인쇄,조회
20200730-3,백암지관공업사,지관 50 [지관 50＊5＊182] 외 1건,1084600,세금계산서,PE,Y,인쇄,조회
20200730-2,백암지관공업사,지관 200 [지관 200＊8＊190],256256,세금계산서,PP,Y,인쇄,조회
20200730-1,백암지관공업사,지관 200 [지관 200＊8＊190],1537536,세금계산서,PP,Y,인쇄,조회
20200729-2,진영프라스틱,PP 은색 [PP 은색],8580000,세금계산서,PP,Y,인쇄,조회
20200729-1,성보펙,패드 400 [패드 400＊200 (레드)],693000,세금계산서,PP,Y,인쇄,조회
20200728-7,(주)경남캐미칼,MB 307 [M／B 307 Yellow],682000,세금계산서,PP,Y,인쇄,조회
20200728-6,우선산업,PP9MM [PP9M／M9.5KG(백색)],1640650,세금계산서,PP,Y,인쇄,조회
20200728-5,(주)한국바코드시스템,바코드리본 110 [110*300 OUT],264000,세금계산서,PP,Y,인쇄,조회
20200728-4,(주)동신밴드,PP18MMx 21kg 삼성 [2300M두께0.9mm단중9.1g] 외 1건,23433300,세금계산서,상품,Y,인쇄,조회
20200728-3,(주)씨케이플러스,MF6000_500Kg(PE원료),32208000,세금계산서,PE,Y,인쇄,조회
20200728-2,롯데케미칼 주식회사,5000S(PE원료),16236000,세금계산서,PE,Y,인쇄,조회
20200728-1,(주)태진케미칼,PP원료 [PPA],8316000,세금계산서,PP,Y,인쇄,조회
20200727-4,금성포장,옴니 C/T 320 (12mm) [320*130*320] 외 4건,1277100,세금계산서,PP,Y,인쇄,조회
20200727-3,제이케이머티리얼즈(주)／순성공장,PP원료,9912430,세금계산서,PP,Y,인쇄,조회
20200727-2,(주)대원우드,팔레트 1200*1200 [1200*1200] 외 3건,214500,세금계산서,PP,Y,인쇄,조회
20200727-1,S-OIL(주)온산공장,HD500/PP50DW [500KG],31900000,세금계산서,PP,Y,인쇄,조회
20200724-3,성보펙,패드 400 [패드 400＊200 (레드)] 외 1건,1188000,세금계산서,PP,Y,인쇄,조회
20200724-2,두성엔지니어링,와인다캠 가공,1155000,세금계산서,PP,Y,인쇄,조회
20200724-1,한국파렛트풀(주),팔레트 1100*1100*120 [1100*1100*120],825000,세금계산서,PP,N,인쇄,조회
20200723-1,금성포장,타이거팩 4506 [430*125*430] 외 1건,750750,세금계산서,PP,Y,인쇄,조회
20200722-3,백암지관공업사,지관 200 [지관 200＊8＊190] 외 2건,840840,세금계산서,PE,Y,인쇄,조회
20200722-2,롯데케미칼 주식회사,5000S(PE원료),16236000,세금계산서,PE,Y,인쇄,조회
20200722-1,백암지관공업사,지관 200 [지관 200＊8＊190] 외 2건,676676,세금계산서,PP,Y,인쇄,조회
20200720-2,금성포장,파워팩 4500 C/T 320 [320*130*320] 외 3건,909700,세금계산서,PP,Y,인쇄,조회
20200720-1,(주)경남캐미칼,MB 100B（ [M／B 100B（WHITE）] 외 3건,2986500,세금계산서,PP,Y,인쇄,조회
20200717-5,대림에프엔씨(주),PP원료 [대림 A],28300800,세금계산서,PP,Y,인쇄,조회
20200717-4,롯데케미칼 주식회사,MF6000(PE원료) [MF6000_500KG],13530000,세금계산서,PE,Y,인쇄,조회
20200717-3,(주)태진케미칼,PP원료 [PPA],8316000,세금계산서,PP,Y,인쇄,조회
20200717-2,백암지관공업사,지관 200 [지관 200＊8＊190],1025024,세금계산서,PP,Y,인쇄,조회
20200717-1,덕흥수지,PP원료,12936000,세금계산서,PP,Y,인쇄,조회
20200716-2,금산포장,스트레치필름(일반 핸드랩 20) [20*500mm*350m],594880,세금계산서,상품,Y,인쇄,조회
20200715-3,백암지관공업사,지관 200 [지관 200＊8＊190] 외 2건,1189188,세금계산서,PP,Y,인쇄,조회
20200715-2,S-OIL(주)온산공장,HD500/PP50DW [500KG],6380000,세금계산서,PP,Y,인쇄,조회
20200715-1,S-OIL(주)온산공장,ME100/PC25DW (O.G) [25KG],23292500,세금계산서,PP,Y,인쇄,조회
20200714-5,S-OIL(주)온산공장,HD500/PP50DW [500KG],31900000,세금계산서,PP,Y,인쇄,조회
20200714-4,금성포장,써마크래프트 C/T 260 [260*132*260],600600,세금계산서,PP,Y,인쇄,조회
20200714-3,(주)대원우드,팔레트 1080＊1080 [1080＊1080] 외 3건,297000,세금계산서,PP,Y,인쇄,조회
20200714-2,성보펙,패드 430 [패드 430＊200 (무지)] 외 1건,1170400,세금계산서,PP,Y,인쇄,조회
20200714-1,백암지관공업사,지관 200 [지관 200＊8＊190] 외 1건,584584,세금계산서,PP,Y,인쇄,조회
20200713-2,백암지관공업사,지관 200 [지관 200＊8＊190],768768,세금계산서,PP,Y,인쇄,조회
20200713-1,(주)영화수출포장,박스 (#28*6kg 박스) [465 455 250] 외 1건,1003750,세금계산서,PE,Y,인쇄,조회
20200710-3,금산포장,스트레치필름(일반 핸드랩 20) [20*500mm*350m],29744,세금계산서,상품,Y,인쇄,조회
20200710-2,한국파렛트풀(주),팔레트 1100*1100*120 [1100*1100*120],825000,세금계산서,PP,N,인쇄,조회
20200710-1,대림에프엔씨(주),PP원료 [대림 A],28300800,세금계산서,PP,Y,인쇄,조회
20200709-5,금산포장,스트레치필름(일반 기계랩) [18*500mm*1700m] 외 1건,8579120,세금계산서,상품,Y,인쇄,조회
20200709-4,백암지관공업사,지관 200 [지관 200＊8＊190],768768,세금계산서,PP,Y,인쇄,조회
20200709-3,롯데케미칼 주식회사,MF5000(PE원료) [MF5000_500KG],16236000,세금계산서,PE,Y,인쇄,조회
20200709-2,성보펙,무인쇄톰슨접착 350 [350*130*350] 외 1건,995500,세금계산서,PP,Y,인쇄,조회
20200709-1,금성포장,PB적 540* (삼성) [540*200],1366200,세금계산서,PP,Y,인쇄,조회
20200708-4,(주)동신밴드,PP특A [PP특A 투명],15939000,세금계산서,PP,Y,인쇄,조회
20200708-3,금성포장,PB청 540* (삼성) [540*200],1669800,세금계산서,PP,Y,인쇄,조회
20200708-2,백암지관공업사,지관 50 [지관 50＊5＊182],1403600,세금계산서,PE,Y,인쇄,조회
20200708-1,백암지관공업사,지관 200 [지관 200＊8＊190] 외 2건,932932,세금계산서,PP,Y,인쇄,조회
20200707-2,파코팩(PACO PACK),"12 x 3,000M 0.65T White w/ THE UNION DAIRY COMPANY EST 2729 Blue Printed [12 x 3,000M 0.65T 백색 (THE UNION DAIRY COMPANY EST 2729 청색 인쇄)]",3465000,영세율,상품,Y,인쇄,조회
20200707-1,뿌리장갑상사,면장갑 [면장갑] 외 2건,426800,세금계산서,PP,Y,인쇄,조회
20200706-2,(주)경남캐미칼,MB 100B（ [M／B 100B（WHITE）] 외 2건,2200000,세금계산서,PP,Y,인쇄,조회
20200706-1,백암지관공업사,지관 200 [지관 200＊8＊190],768768,세금계산서,PP,Y,인쇄,조회
20200703-1,덕흥수지,PP원료,12936000,세금계산서,PP,Y,인쇄,조회
20200702-6,(주)한국바코드시스템,라벨(아트지도안황색) [[86*46 ]] 외 2건,264000,세금계산서,PP,Y,인쇄,조회
20200702-5,금성프라스틱,PP원료(PP특A) [PP T/A],8515980,세금계산서,PP,Y,인쇄,조회
20200702-4,(주)동신밴드,PP특A [PP특A],20790000,세금계산서,PP,Y,인쇄,조회
20200702-3,효창산업,CALPET [CALPET],4356000,세금계산서,PP,Y,인쇄,조회
20200702-2,백암지관공업사,지관 200 [지관 200＊8＊190] 외 1건,676676,세금계산서,PP,Y,인쇄,조회
20200702-1,파코팩(PACO PACK),PP14MM [PP14M／M 10KG (주황색)] 외 1건,1870000,세금계산서,상품,Y,인쇄,조회
20200701-3,백암지관공업사,지관 406 [지관 406＊6＊155] 외 2건,1197768,세금계산서,PP,Y,인쇄,조회
20200701-1,(주)폴리코,면장갑 [면장갑],187000,세금계산서,상품,Y,인쇄,조회
20200630-9,코아시스,거래처 포장라인 전체점검 [신대한/대영(발안)/대영(대구)],4686000,세금계산서,상품,N,인쇄,조회
20200630-7,두성엔지니어링,와인다 캡 가공,1155000,세금계산서,PP,Y,인쇄,조회
20200630-6,백암지관공업사,지관 200 [지관 200＊8＊186] 외 1건,768768,세금계산서,PP,Y,인쇄,조회
20200630-5,(주)영화수출포장,경인팩 2KG [320*190*780] 외 2건,1434818,세금계산서,PE,Y,인쇄,조회
20200630-4,롯데케미칼 주식회사,MF5000(PE원료) [MF5000_500KG],7920000,세금계산서,PE,Y,인쇄,조회
20200630-3,금정기획,라벨(아트지무지)108*50 [[108*50 ]],429000,세금계산서,PP,Y,인쇄,조회
20200630-2,성보펙,패드 400 [패드 400＊200 (레드)] 외 1건,1391720,세금계산서,PP,Y,인쇄,조회
20200629-4,경인팩,결속기용 칼날,165000,세금계산서,상품,Y,인쇄,조회
20200629-3,S-OIL(주)온산공장,HD500/PP50DW [500KG],31075000,세금계산서,PP,Y,인쇄,조회
20200629-2,(주)대원우드,팔레트 1050＊1050 [1050＊1050] 외 3건,115500,세금계산서,PP,Y,인쇄,조회
20200629-1,백암지관공업사,지관 200 [지관 200＊8＊186] 외 1건,584584,세금계산서,PP,Y,인쇄,조회
20200626-2,제이케이머티리얼즈(주)／순성공장,PP원료,10879132,세금계산서,PP,Y,인쇄,조회
20200626-1,(주)경남캐미칼,MB 100B（ [M／B 100B（WHITE）],891000,세금계산서,PP,Y,인쇄,조회
20200625-2,백암지관공업사,지관 200 [지관 200＊8＊190] 외 1건,676676,세금계산서,PP,Y,인쇄,조회
20200625-1,성플(Sungple),PP 은색 [PP 은색],4290000,세금계산서,PP,Y,인쇄,조회
20200624-2,덕흥수지,PP원료 외 1건,12408000,세금계산서,PP,Y,인쇄,조회
20200624-1,백암지관공업사,지관 200 [지관 200＊8＊190] 외 1건,676676,세금계산서,PP,Y,인쇄,조회
20200623-3,한국파렛트풀(주),팔레트 1100*1100*120 [1100*1100*120],825000,세금계산서,PP,Y,인쇄,조회
20200623-2,(주)경남캐미칼,MB 7308 [M／B 7308],242000,세금계산서,PP,Y,인쇄,조회
20200623-1,백암지관공업사,지관 200 [지관 200＊8＊190] 외 1건,768768,세금계산서,PP,Y,인쇄,조회
20200619-1,성보펙,패드 400 [패드 400＊200 (레드)] 외 2건,881683,세금계산서,PP,Y,인쇄,조회
20200618-2,덕흥수지,PP원료,12936000,세금계산서,PP,Y,인쇄,조회
20200618-1,백암지관공업사,지관 200 [지관 200＊8＊190],768768,세금계산서,PP,Y,인쇄,조회
20200617-4,(주)씨케이플러스,MF5000SA_25KG(PE원료),15826800,세금계산서,PE,Y,인쇄,조회
20200617-3,금성포장,PB청 540* (삼성) [540*200],1518000,세금계산서,PP,Y,인쇄,조회
20200617-2,두성엔지니어링,캠용 M1.25*91T 기어가공 외 1건,330000,세금계산서,PP,N,인쇄,조회
20200617-1,(주)경남캐미칼,MB 307 [M／B 307 Yellow] 외 2건,2310000,세금계산서,PP,Y,인쇄,조회
20200616-3,성보펙,미국박스(WCP) [440 200 445 백색],1277980,세금계산서,PP,Y,인쇄,조회
20200616-2,백암지관공업사,지관 50 [지관 50＊5＊182],1403600,세금계산서,PE,Y,인쇄,조회
20200616-1,S-OIL(주)온산공장,HD500/PP50DW [500KG],31075000,세금계산서,PP,Y,인쇄,조회
20200615-4,파코팩(PACO PACK),동판비 [동판비],165000,세금계산서,상품,Y,인쇄,조회
20200615-3,파코팩(PACO PACK),PP15M [PP15M／M10KG(백색)],897600,세금계산서,상품,Y,인쇄,조회
20200615-2,도영기계,초코핀,440000,세금계산서,PP,Y,인쇄,조회
20200615-1,백암지관공업사,지관 200 [지관 200＊8＊190],768768,세금계산서,PP,Y,인쇄,조회
20200611-3,덕흥수지,PP원료,12936000,세금계산서,PP,Y,인쇄,조회
20200611-2,대림에프엔씨(주),PP원료 [대림 A],27218400,세금계산서,PP,Y,인쇄,조회
20200611-1,한국파렛트풀(주),팔레트 1100*1100*120 [1100*1100*120],825000,세금계산서,PP,Y,인쇄,조회
20200610-2,백암지관공업사,지관 200 [지관 200＊8＊186] 외 1건,768768,세금계산서,PP,Y,인쇄,조회
20200610-1,금성포장,박스 외부 PE (폴리밴드) [320 190 785],544170,세금계산서,PE,Y,인쇄,조회
20200609-1,성보펙,PP청 400*(광림) [400*200] 외 3건,1826000,세금계산서,PP,Y,인쇄,조회
20200608-1,백암지관공업사,지관 200 [지관 200＊8＊190],768768,세금계산서,PP,Y,인쇄,조회
20200604-2,백암지관공업사,지관 200 [지관 200＊8＊190],768768,세금계산서,PP,Y,인쇄,조회
20200604-1,롯데케미칼 주식회사,MF5000(PE원료) [MF5000_500KG],15840000,세금계산서,PE,Y,인쇄,조회
20200603-3,(주)태진케미칼,PP가공 [PP가공],3168000,세금계산서,PP,Y,인쇄,조회
20200603-2,백암지관공업사,지관 200 [지관 200＊8＊186],512512,세금계산서,PP,Y,인쇄,조회
20200603-1,백암지관공업사,지관 50 [지관 50＊5＊182] 외 1건,1084600,세금계산서,PE,Y,인쇄,조회
20200602-2,백암지관공업사,지관 200 [지관 200＊4＊189],492492,세금계산서,PP,Y,인쇄,조회
20200602-1,백암지관공업사,지관 200 [지관 200＊8＊190] 외 1건,613756,세금계산서,PP,Y,인쇄,조회
20200528-2,S-OIL(주)온산공장,ME100/PC25DW (O.G) [25KG],26675000,세금계산서,PP,Y,인쇄,조회
20200528-1,성보펙,패드 400 [패드 400＊200 (레드)] 외 1건,1441000,세금계산서,PP,Y,인쇄,조회
20200527-3,(주)경남캐미칼,MB 820FL [M／B 820FL（BLACK）] 외 2건,1666500,세금계산서,PP,Y,인쇄,조회
20200527-2,S-OIL(주)온산공장,ME100/PC25DW(O.G) [25KG],26675000,세금계산서,PP,Y,인쇄,조회
20200527-1,백암지관공업사,지관 200 [지관 200＊8＊190],768768,세금계산서,PP,Y,인쇄,조회
20200526-2,S-OIL(주)온산공장,HD500/PP50DW [500KG],30250000,세금계산서,PP,Y,인쇄,조회
20200526-1,파코팩(PACO PACK),"12 x 3,000M 0.60T Clear w/Talleys Red printed [12 x 3,000M 0.60T Clear w/Talleys Red printed]",4989600,영세율,상품,Y,인쇄,조회
20200525-1,대림에프엔씨(주),PP원료 [대림 A],26690400,세금계산서,PP,Y,인쇄,조회
20200522-2,백암지관공업사,지관 50 [지관 50＊5＊182],701800,세금계산서,PE,Y,인쇄,조회
20200522-1,백암지관공업사,지관 200 [지관 200＊8＊190] 외 1건,420420,세금계산서,PP,Y,인쇄,조회
20200521-1,제이케이머티리얼즈(주)／순성공장,PP원료,13800578,세금계산서,PP,Y,인쇄,조회
20200520-5,(주)씨케이플러스,MF6000_500Kg(PE원료),7656000,세금계산서,PE,Y,인쇄,조회
20200520-4,(주)씨케이플러스,MF5000SA_25KG(PE원료),14124000,세금계산서,PE,Y,인쇄,조회
20200520-3,백암지관공업사,지관 200 [지관 200＊8＊186] 외 1건,768768,세금계산서,PP,Y,인쇄,조회
20200520-2,(주)대원우드,팔레트 1440＊840 [1440＊850] 외 4건,132000,세금계산서,PP,Y,인쇄,조회
20200519-1,백암지관공업사,지관 200 [지관 200＊4＊189],492492,세금계산서,PP,Y,인쇄,조회
20200518-1,백암지관공업사,지관 200 [지관 200＊8＊186] 외 1건,768768,세금계산서,PP,Y,인쇄,조회
20200515-3,진흥산업,폴리백 57*57 [폴리백 57*57] 외 1건,1192400,세금계산서,PP,Y,인쇄,조회
20200515-2,(주)경남캐미칼,MB 307 [M／B 307 Yellow] 외 1건,2013000,세금계산서,PP,Y,인쇄,조회
20200515-1,에이원코리아,스트레치필름(일반 핸드랩) [25*500mm*300m],159500,세금계산서,상품,Y,인쇄,조회
20200514-9,파코팩(PACO PACK),"12 x 3,000M 0.60T White w/Blue Midfield Meat International Pty Ltd EST 180 printed [12x3,000M 0.60T 백색 (Midfield Meat EST 180 청색 인쇄)] 외 5건",10001250,영세율,상품,Y,인쇄,조회
20200514-8,파코팩(PACO PACK),동판비 [동판비],165000,영세율,상품,Y,인쇄,조회
20200514-7,성플(Sungple),PP 은색 [PP 은색] 외 1건,12144000,세금계산서,PP,Y,인쇄,조회
20200514-2,코아시스,밴딩기 A/S [신대한 기계 overhaul],880000,세금계산서,상품,N,인쇄,조회
20200514-1,백암지관공업사,지관 200 [지관 200＊8＊190] 외 1건,676676,세금계산서,PP,Y,인쇄,조회
20200513-2,덕흥수지,PP원료,13200000,세금계산서,PP,Y,인쇄,조회
20200513-1,백암지관공업사,지관 200 [지관 200＊8＊190] 외 1건,676676,세금계산서,PP,Y,인쇄,조회
20200512-4,S-OIL(주)온산공장,HD500/PP50DW [500KG],30250000,세금계산서,PP,Y,인쇄,조회
20200512-3,코아시스,밴딩기부품 [파렛트 밴딩기 부품 일체],560010,세금계산서,상품,N,인쇄,조회
20200512-2,금성포장,써마크래프트 C/T 260 [260*132*260] 외 1건,1232000,세금계산서,PP,Y,인쇄,조회
20200512-1,우선산업,PP9MM [PP9M／M9.5KG(백색)],1640650,세금계산서,PP,Y,인쇄,조회
20200511-4,성보펙,패드 400 [패드 400＊200 (레드)] 외 1건,1496440,세금계산서,PP,Y,인쇄,조회
20200511-3,백암지관공업사,지관 406 [지관 406＊6＊155],523380,세금계산서,PP,Y,인쇄,조회
20200511-2,백암지관공업사,지관 200 [지관 200＊8＊190],512512,세금계산서,PP,Y,인쇄,조회
20200511-1,백암지관공업사,지관 50 [지관 50＊5＊182],701800,세금계산서,PE,Y,인쇄,조회
20200508-1,금성포장,고메리 3입 (C/T) [360*360*385],208010,세금계산서,PP,Y,인쇄,조회
20200507-4,금성포장,PB청 540* (삼성) [540*200],1518000,세금계산서,PP,Y,인쇄,조회
20200507-2,두성엔지니어링,캠용 M1.25*79T 기어가공 외 1건,93500,세금계산서,PP,Y,인쇄,조회
20200507-1,성보펙,고메리 2입(IN) [445*440*413] 외 1건,590700,세금계산서,PP,Y,인쇄,조회
20200506-3,금성포장,박스 외부 PE (폴리밴드) [320 190 785],533500,세금계산서,PE,Y,인쇄,조회
20200506-2,금성포장,고메리 2입 (C/T) [450*450*400],336600,세금계산서,PP,Y,인쇄,조회
20200506-1,백암지관공업사,지관 200 [지관 200＊8＊190] 외 1건,1279872,세금계산서,PP,Y,인쇄,조회
20200504-3,롯데케미칼 주식회사,MF5000(PE원료) [MF5000_500KG],15444000,세금계산서,PE,Y,인쇄,조회
20200504-2,S-OIL(주)온산공장,HD500/PP50DW [500KG],30250000,세금계산서,PP,Y,인쇄,조회
20200504-1,제이케이머티리얼즈(주)／순성공장,PP원료,10975162,세금계산서,PP,Y,인쇄,조회
20200429-5,(주)대원우드,팔레트 1060＊1060 [1060＊1060] 외 5건,363000,세금계산서,PP,Y,인쇄,조회
20200429-3,덕흥수지,PP원료 외 1건,25872000,세금계산서,PP,Y,인쇄,조회
20200429-2,백암지관공업사,지관 200 [지관 200＊4＊189],119966,세금계산서,PP,Y,인쇄,조회
20200429-1,삼진폴리텍,CALPET [강도보강제#1102-C],49500,세금계산서,PP,Y,인쇄,조회
20200428-1,S-OIL(주)온산공장,HD500/PP50DW [500KG],14916000,세금계산서,PP,Y,인쇄,조회
20200427-3,성보펙,고메리 12입(IN) [410*275*180] 외 1건,1329900,세금계산서,PP,Y,인쇄,조회
20200427-2,백암지관공업사,지관 200 [지관 200＊8＊186] 외 1건,768768,세금계산서,PP,Y,인쇄,조회
20200427-1,백암지관공업사,지관 200 [지관 200＊4＊186] 외 1건,549318,세금계산서,PP,Y,인쇄,조회
20200424-2,(주)대원우드,팔레트 1440＊840 [1440＊850] 외 3건,330000,세금계산서,PP,Y,인쇄,조회
20200424-1,이타코리아(주),ITA20용 배터리 [14.8V 2AH Li-Po],484000,세금계산서,상품,Y,인쇄,조회
20200423-4,두성엔지니어링,와인다 캡 가공 외 1건,2475000,세금계산서,PP,Y,인쇄,조회
20200423-3,백암지관공업사,지관 50 [지관 50＊5＊182],701800,세금계산서,PE,Y,인쇄,조회
20200423-2,백암지관공업사,지관 200 [지관 200＊4＊186] 외 1건,544082,세금계산서,PP,Y,인쇄,조회
20200423-1,백암지관공업사,지관 200 [지관 200＊8＊186] 외 1건,584584,세금계산서,PP,Y,인쇄,조회
20200422-3,(주)경남캐미칼,MB 100B（ [M／B 100B（WHITE）] 외 1건,1661000,세금계산서,PP,Y,인쇄,조회
20200422-2,금성포장,미국박스 [420 200 425],56210,세금계산서,PP,Y,인쇄,조회
20200422-1,성보펙,패드 430 [패드 430＊200 (무지)] 외 1건,1163800,세금계산서,PE,Y,인쇄,조회
20200421-5,(주)씨케이플러스,5000S(PE원료),58850,세금계산서,PE,Y,인쇄,조회
20200421-4,백암지관공업사,지관 200 [지관 200＊4＊189],248050,세금계산서,PP,Y,인쇄,조회
20200421-3,제이케이머티리얼즈(주)／순성공장,PP원료,2926176,세금계산서,PP,Y,인쇄,조회
20200421-2,백암지관공업사,지관 230 [지관 230＊5＊187] 외 3건,725186,세금계산서,PP,Y,인쇄,조회
20200421-1,백암지관공업사,지관 200 [지관 200＊4＊189] 외 1건,584584,세금계산서,PP,Y,인쇄,조회
20200417-1,덕흥수지,원료지당,2970000,세금계산서,PP,Y,인쇄,조회
20200416-1,(주)대원우드,팔레트 1080＊1080 [1080＊1080] 외 4건,181500,세금계산서,PP,Y,인쇄,조회
20200415-2,백암지관공업사,지관 200 [지관 200＊8＊190] 외 2건,868868,세금계산서,PP,Y,인쇄,조회
20200415-1,에어팩코리아,에어백 APK-1022 (1000*2200) [에어백 1000*2200],481800,세금계산서,PP,N,인쇄,조회
20200414-4,S-OIL(주)온산공장,HD500/PP50DW [500KG],31075000,세금계산서,PP,Y,인쇄,조회
20200414-3,(주)경남캐미칼,MB 307 [M／B 307 Yellow] 외 4건,2609750,세금계산서,PP,Y,인쇄,조회
20200414-2,성보펙,패드 400 [패드 400＊200 (레드)] 외 2건,1768800,세금계산서,PP,Y,인쇄,조회
20200414-1,백암지관공업사,지관 406 [지관 406＊6＊155] 외 3건,1279564,세금계산서,PP,Y,인쇄,조회
20200413-5,코아시스,밴딩기 A/S [신대한 기계 overhaul],858000,세금계산서,상품,Y,인쇄,조회
20200413-4,백암지관공업사,지관 50 [지관 50＊5＊182],701800,세금계산서,PE,Y,인쇄,조회
20200413-3,백암지관공업사,지관 200 [지관 200＊4＊189],328328,세금계산서,PP,Y,인쇄,조회
20200413-2,백암지관공업사,지관 406 [지관 406＊6＊155],429000,세금계산서,PP,Y,인쇄,조회
20200413-1,파코팩(PACO PACK),PP14MM [PP14M／M 10KG (황색)] 외 1건,1870000,세금계산서,상품,Y,인쇄,조회
20200410-3,백암지관공업사,지관 200 [지관 200＊4＊189],328328,세금계산서,PP,Y,인쇄,조회
20200410-2,두성엔지니어링,밴드노즐가공1.2/1.4*40L*2EA [38*70*449L],550000,세금계산서,PP,Y,인쇄,조회
20200410-1,성보펙,패드 430 [패드 430＊200 (무지)],748000,세금계산서,PP,Y,인쇄,조회
20200409-7,백암지관공업사,지관 406 [지관 406＊6＊155],617760,세금계산서,PP,Y,인쇄,조회
20200409-6,롯데케미칼 주식회사,UT404_25Kg,35750,세금계산서,PE,Y,인쇄,조회
20200409-5,롯데케미칼 주식회사,B-310_25Kg,222750,세금계산서,PE,Y,인쇄,조회
20200409-4,효창산업,CALPET [CALPET],4356000,세금계산서,PP,Y,인쇄,조회
20200409-3,제이케이머티리얼즈(주)／순성공장,PP원료,14869470,세금계산서,PP,Y,인쇄,조회
20200409-2,(주)대원우드,팔레트 1160*1160 [1160*1160] 외 7건,561000,세금계산서,PP,Y,인쇄,조회
20200409-1,백암지관공업사,지관 200 [지관 200＊8＊190] 외 1건,676676,세금계산서,PP,Y,인쇄,조회
20200408-2,(주)경남캐미칼,MB 100B（ [M／B 100B（WHITE）] 외 3건,1974500,세금계산서,PP,Y,인쇄,조회
20200408-1,금성포장,박스 40-20 [400 200 405] 외 4건,1567390,세금계산서,PP,Y,인쇄,조회
20200407-3,롯데케미칼 주식회사,MF5000(PE원료) [MF5000_500KG],15840000,세금계산서,PE,Y,인쇄,조회
20200407-2,S-OIL(주)온산공장,HD500/PP50DW [500KG],31075000,세금계산서,PP,Y,인쇄,조회
20200407-1,백암지관공업사,지관 200 [지관 200＊4＊189] 외 1건,584584,세금계산서,PP,Y,인쇄,조회
20200406-3,성보펙,패드 400 [패드 400＊200 (레드)],693000,세금계산서,PP,Y,인쇄,조회
20200406-2,금성포장,박스 외부 PE (폴리밴드) [320 190 785],538835,세금계산서,PE,Y,인쇄,조회
20200406-1,(주)영화수출포장,박스 스트롱2KG [480 320 380],522500,세금계산서,PE,Y,인쇄,조회
20200403-2,두성엔지니어링,와인다 캠 용접 및 가공 [100/m Type],264000,세금계산서,PP,Y,인쇄,조회
20200403-1,백암지관공업사,지관 200 [지관 200＊8＊190] 외 1건,676676,세금계산서,PP,Y,인쇄,조회
20200402-6,롯데케미칼 주식회사,Y-120H [pp원료] 외 1건,135300,세금계산서,PP,Y,인쇄,조회
20200402-5,덕흥수지,PP원료,12100000,세금계산서,PP,Y,인쇄,조회
20200402-4,금성포장,PB청 540* (삼성) [540*200],1239700,세금계산서,PP,Y,인쇄,조회
20200402-3,성플(Sungple),PPTA [PPTA],15015000,세금계산서,PP,Y,인쇄,조회
20200402-2,백암지관공업사,지관 50 [지관 50*5*225],382800,세금계산서,PE,Y,인쇄,조회
20200402-1,백암지관공업사,지관 200 [지관 200＊8＊190] 외 2건,676676,세금계산서,PP,Y,인쇄,조회
20200401-1,코아시스,PE28mm 2kg [PE28M／M(백)2KG],26188800,세금계산서,상품,Y,인쇄,조회
20200331-4,(주)영화수출포장,수지대금 [수지대금(DF50 5kg)] 외 2건,694732,세금계산서,PE,Y,인쇄,조회
20200331-3,대림산업(주)전주공장,PP원료 [대림 A],28248000,세금계산서,PP,Y,인쇄,조회
20200331-1,진영프라스틱,PP 은색 [PP 은색],3432000,세금계산서,PP,Y,인쇄,조회
20200330-5,백암지관공업사,지관 200 [지관 200＊8＊190] 외 1건,1261260,세금계산서,PP,Y,인쇄,조회
20200330-4,(주)한국바코드시스템,라벨(아트지도안HR-801) [[125*65 ]] 외 3건,337700,세금계산서,PP,Y,인쇄,조회
20200330-3,금정기획,라벨(아트지도안 타이거팩) 4504 [120*65] 외 1건,330000,세금계산서,PP,Y,인쇄,조회
20200330-2,성보펙,패드 420 [패드 420＊200 (적색패드)] 외 4건,1650880,세금계산서,PP,Y,인쇄,조회
20200330-1,프로켐 주식회사,H5300SB(O.G) [25KG],7260000,세금계산서,PE,Y,인쇄,조회
20200327-3,(주)영화수출포장,박스 (#28*6kg 박스) [465 455 250] 외 3건,2054250,세금계산서,PE,Y,인쇄,조회
20200327-2,한국파렛트풀(주),팔레트 1100*1100*120 [1100*1100*120],825000,세금계산서,PP,Y,인쇄,조회
20200327-1,S-OIL(주)온산공장,HD500/PP50DW [500KG],32450000,세금계산서,PP,Y,인쇄,조회
20200326-2,롯데케미칼 주식회사,UT404 외 1건,156750,세금계산서,PP,Y,인쇄,조회
20200326-1,금성포장,고메리 12입(C/T) [570*430*390] 외 2건,1111550,세금계산서,PP,Y,인쇄,조회
20200325-2,백암지관공업사,지관 200 [지관 200＊8＊190] 외 1건,768768,세금계산서,PP,Y,인쇄,조회
20200325-1,(주)씨케이플러스,MF6000H(PE원료) [25KG(AP13B)],15180000,세금계산서,PE,Y,인쇄,조회
20200324-1,S-OIL(주)온산공장,HD500-A (O.G) [25KG],13860000,세금계산서,PP,Y,인쇄,조회
20200323-3,백암지관공업사,지관 50 [지관 50＊5＊182],701800,세금계산서,PE,Y,인쇄,조회
20200323-2,백암지관공업사,지관 200 [지관 200＊4＊189] 외 2건,1169168,세금계산서,PP,Y,인쇄,조회
20200323-1,(주)태진케미칼,PP원료 [PPA] 외 1건,8844000,세금계산서,PP,Y,인쇄,조회
20200320-1,파코팩(PACO PACK),동판비 [동판비(미국)],165000,세금계산서,상품,Y,인쇄,조회
20200319-6,S-OIL(주)온산공장,HD500/PP50DW [500KG],32450000,세금계산서,PP,Y,인쇄,조회
20200319-5,백암지관공업사,지관 200 [지관 200＊8＊190] 외 1건,676676,세금계산서,PP,Y,인쇄,조회
20200319-4,(주)대원우드,팔레트 1290＊860 [1290＊860] 외 7건,775500,세금계산서,PP,Y,인쇄,조회
20200319-3,(주)경남캐미칼,MB 100B（ [M／B 100B（WHITE）] 외 3건,2134000,세금계산서,PP,Y,인쇄,조회
20200319-2,백암지관공업사,지관 200 [지관 200＊4＊189] 외 2건,490820,세금계산서,PP,Y,인쇄,조회
20200319-1,백암지관공업사,지관 50 [지관 50＊5＊182],701800,세금계산서,PE,Y,인쇄,조회
20200318-2,(주)영화수출포장,박스 경인팩 6KG [465 455 250] 외 2건,311850,세금계산서,PE,Y,인쇄,조회
20200318-1,S-OIL(주)온산공장,HD500-A (O.G) [25KG],28875000,세금계산서,PP,Y,인쇄,조회
20200317-1,롯데케미칼 주식회사,MF5000(PE원료) [MF5000_500KG] 외 1건,16500000,세금계산서,PE,Y,인쇄,조회
20200316-2,도영기계,초코핀 외 1건,1100000,세금계산서,PP,Y,인쇄,조회
20200316-1,백암지관공업사,지관 200 [지관 200＊8＊190] 외 2건,1445444,세금계산서,PP,Y,인쇄,조회
20200313-8,롯데케미칼 주식회사,SFI-740T(25KG),90750,세금계산서,PE,Y,인쇄,조회
20200313-7,(주)영화수출포장,경인팩 2KG [320*190*780] 외 1건,1020250,세금계산서,PE,Y,인쇄,조회
20200313-6,성보펙,패드 400 [패드 400＊200 (레드)],693000,세금계산서,PP,Y,인쇄,조회
20200313-5,성플(Sungple),PPTA [PPTA],15015000,세금계산서,PP,Y,인쇄,조회
20200313-4,금성포장,PB청 540* (삼성) [540*200],1265000,세금계산서,PP,Y,인쇄,조회
20200313-3,코아시스,밴딩기 A/S [강원농협] 외 1건,880000,세금계산서,상품,Y,인쇄,조회
20200313-2,백암지관공업사,지관 200 [지관 200＊4＊189],492492,세금계산서,PP,Y,인쇄,조회
20200313-1,S-OIL(주)온산공장,HD500/PP50DW [500KG],32450000,세금계산서,PP,Y,인쇄,조회
20200312-1,(주)경남캐미칼,MB 100B（ [M／B 100B（WHITE）],594000,세금계산서,PP,Y,인쇄,조회
20200311-1,(주)경남캐미칼,MB 820FL [M／B 820FL（BLACK）] 외 2건,1276000,세금계산서,PP,Y,인쇄,조회
20200310-2,백암지관공업사,지관 200 [지관 200＊8＊190] 외 1건,676676,세금계산서,PP,Y,인쇄,조회
20200310-1,백암지관공업사,지관 200 [지관 200＊4＊189],492492,세금계산서,PP,Y,인쇄,조회
20200309-1,백암지관공업사,지관 200 [지관 200＊8＊190],768768,세금계산서,PP,Y,인쇄,조회
20200305-5,S-OIL(주)온산공장,HD500/PP50DW [500KG],32450000,세금계산서,PP,Y,인쇄,조회
20200305-4,파코팩(PACO PACK),"12 x 2,500M 0.60T [12 x 2,500M 0.60T Green] 외 1건",11220000,영세율,상품,Y,인쇄,조회
20200305-3,성보펙,패드 430 [패드 430＊200 (무지)] 외 1건,1419000,세금계산서,PP,Y,인쇄,조회
20200305-2,백암지관공업사,지관 200 [지관 200＊8＊190] 외 1건,420420,세금계산서,PP,Y,인쇄,조회
20200305-1,백암지관공업사,지관 50 [지관 50＊5＊182],701800,세금계산서,PE,Y,인쇄,조회
20200304-3,금성프라스틱,PP원료(PP특A) [PP T/A],6050000,세금계산서,PP,Y,인쇄,조회
20200304-2,한국파렛트풀(주),팔레트 1100*1100*120 [1100*1100*120],825000,세금계산서,PP,Y,인쇄,조회
20200304-1,파워엠팩,밴딩기부품 [strapack 부품 일체],1320000,세금계산서,상품,Y,인쇄,조회
20200303-5,성진산업롤,고무로라 피복 [240*165*215] 외 1건,357500,세금계산서,PP,Y,인쇄,조회
20200303-4,금성포장,고메리 3입 (C/T) [360*360*385] 외 1건,1040490,세금계산서,PP,Y,인쇄,조회
20200303-3,제이케이머티리얼즈(주)／순성공장,PP원료,10383450,세금계산서,PP,Y,인쇄,조회
20200303-2,백암지관공업사,지관 200 [지관 200＊8＊186] 외 1건,676676,세금계산서,PP,Y,인쇄,조회
20200303-1,(주)대원우드,팔레트 1290＊860 [1290＊860] 외 4건,247500,세금계산서,PP,Y,인쇄,조회
20200302-1,(주)경남캐미칼,MB 510-2 [M／B 510-2 (BLUE)] 외 5건,2876500,세금계산서,PP,Y,인쇄,조회
20200228-2,(주)씨케이플러스,MF6000(PE원료) [25KG] 외 1건,23837000,세금계산서,PP,Y,인쇄,조회
20200228-1,(주)태진케미칼,PP원료 [PPA] 외 1건,8976000,세금계산서,PP,Y,인쇄,조회
20200227-2,백암지관공업사,지관 200 [지관 200＊8＊190] 외 1건,1261260,세금계산서,PP,Y,인쇄,조회
20200227-1,진영프라스틱,PP 은색 [PP 은색],5478000,세금계산서,PP,Y,인쇄,조회
20200226-2,S-OIL(주)온산공장,HD500/PP50DW [500KG],32450000,세금계산서,PP,Y,인쇄,조회
20200226-1,롯데케미칼 주식회사,MF5000(PE원료) [MF5000_500KG] 외 1건,16764000,세금계산서,PE,Y,인쇄,조회
20200224-6,대림산업(주)전주공장,PP원료 [대림 A],28512000,세금계산서,PP,Y,인쇄,조회
20200224-5,(주)영화수출포장,경인팩 2KG [320*190*780] 외 1건,624800,세금계산서,PE,Y,인쇄,조회
20200224-4,성보펙,패드 450 [패드 450＊200 무지] 외 2건,1263900,세금계산서,PP,Y,인쇄,조회
20200224-3,백암지관공업사,지관 50 [지관 50＊5＊182],701800,세금계산서,PE,Y,인쇄,조회
20200224-2,백암지관공업사,지관 200 [지관 200＊8＊186] 외 1건,512512,세금계산서,PP,Y,인쇄,조회
20200224-1,(주)대원우드,팔레트 1320*880 [1320*880] 외 1건,363000,세금계산서,PP,Y,인쇄,조회
20200221-1,효창산업,CALPET [CALPET],4356000,세금계산서,PP,Y,인쇄,조회
20200220-2,(주)태진케미칼,PP원료 [PPA] 외 1건,8844000,세금계산서,PP,Y,인쇄,조회
20200220-1,백암지관공업사,지관 200 [지관 200＊8＊190] 외 1건,1537536,세금계산서,PP,Y,인쇄,조회
20200219-2,제이케이머티리얼즈(주)／순성공장,PP원료,13846140,세금계산서,PP,Y,인쇄,조회
20200219-1,백암지관공업사,지관 200 [지관 200＊8＊186] 외 1건,584584,세금계산서,PP,Y,인쇄,조회
20200218-4,(주)경남캐미칼,MB 820FL [M／B 820FL（BLACK）] 외 3건,2051500,세금계산서,PP,Y,인쇄,조회
20200218-3,창미포장기계,수축필름 22인치 [22인치x1332mx0.015T (sanyu 포장)] 외 1건,217360,세금계산서,PP,Y,인쇄,조회
20200218-2,우선산업,반자동수동밴드 [9mm*0.9T * 9.5Kg 청색],1640650,세금계산서,PP,Y,인쇄,조회
20200218-1,금성포장,패드 380 [380*200 (무인쇄)] 외 1건,1044450,세금계산서,PP,Y,인쇄,조회
20200217-2,(주)대원우드,팔레트 1100*1100 [1100*1100] 외 2건,165000,세금계산서,PP,Y,인쇄,조회
20200217-1,성보펙,미국박스 [440 200 445 백색] 외 2건,1969990,세금계산서,PP,Y,인쇄,조회
20200214-3,코아시스,밴딩기 A/S [대영포장(발안)] 외 1건,968000,세금계산서,상품,N,인쇄,조회
20200214-2,S-OIL(주)온산공장,HD500/PP50DW [500KG],32450000,세금계산서,상품,Y,인쇄,조회
20200214-1,백암지관공업사,지관 200 [지관 200＊4＊189] 외 1건,641410,세금계산서,PP,Y,인쇄,조회
20200213-4,백암지관공업사,지관 200 [지관 200＊8＊186] 외 2건,1445444,세금계산서,PP,Y,인쇄,조회
20200213-3,S-OIL(주)온산공장,HD500-A (O.G) [25KG],28297500,세금계산서,PP,Y,인쇄,조회
20200213-2,금성포장,산유(HR812) [355*355*575] 외 2건,1992210,세금계산서,PP,Y,인쇄,조회
20200213-1,금성포장,박스 외부 PE (폴리밴드) [320 190 785],522830,세금계산서,PE,Y,인쇄,조회
20200211-1,금성프라스틱,PP원료(PP특A) [PP T/A] 외 1건,15730000,세금계산서,PP,Y,인쇄,조회
20200210-4,영창프라스틱,STOPPER 50 PCS [STOPPER 50 PCS 투명],0,영세율,상품,N,인쇄,조회
20200210-3,금성프라스틱,PP원료(PP특A) [PP T/A],8470000,세금계산서,PP,Y,인쇄,조회
20200210-2,백암지관공업사,지관 50 [지관 50＊5＊182],701800,세금계산서,PE,Y,인쇄,조회
20200210-1,백암지관공업사,지관 200 [지관 200＊8＊190],1281280,세금계산서,PP,Y,인쇄,조회
20200207-2,성보펙,패드 430 [패드 430＊200 (무지)] 외 1건,1101100,세금계산서,PP,Y,인쇄,조회
20200207-1,S-OIL(주)온산공장,HD500-A (O.G) [25KG],28875,세금계산서,PP,Y,인쇄,조회
20200206-1,백암지관공업사,지관 406 [지관 406＊6＊155],617760,세금계산서,PP,Y,인쇄,조회
20200205-3,(주)태진케미칼,PP원료 [PPA],9108000,세금계산서,PP,Y,인쇄,조회
20200205-2,(주)경남캐미칼,MB 307 [M／B 307 Yellow],1023000,세금계산서,PP,Y,인쇄,조회
20200205-1,S-OIL(주)온산공장,HD500/PP50DW [500KG],32450000,세금계산서,PP,Y,인쇄,조회
20200204-4,백암지관공업사,지관 50 [지관 50*5*225],382800,세금계산서,PP,Y,인쇄,조회
20200204-3,백암지관공업사,지관 200 [지관 200＊8＊190],512512,세금계산서,PP,Y,인쇄,조회
20200204-2,금성프라스틱,PP원료(PP특A) [PP T/A],8470000,세금계산서,PP,Y,인쇄,조회
20200204-1,백암지관공업사,지관 200 [지관 200＊8＊186] 외 1건,797181,세금계산서,PP,Y,인쇄,조회
20200203-3,금성포장,인더스트리얼 무지박스 C/T [425*425*405] 외 1건,446325,세금계산서,PP,Y,인쇄,조회
20200203-2,금성프라스틱,PP원료(PP특A) [PP T/A],8470000,세금계산서,PP,Y,인쇄,조회
20200203-1,한국파렛트풀(주),팔레트 1100*1100*120 [1100*1100*120],825000,세금계산서,PP,Y,인쇄,조회
20200131-4,롯데케미칼 주식회사,SFI-740T(25KG) [샘플],90750,세금계산서,PE,N,인쇄,조회
20200131-3,백암지관공업사,지관 200 [지관 200＊8＊190],768768,세금계산서,PP,Y,인쇄,조회
20200131-2,성보펙,고메리 12입(IN) [410*275*180],907500,세금계산서,PP,Y,인쇄,조회
20200131-1,제이케이머티리얼즈(주)／순성공장,PP원료,8556240,세금계산서,PP,Y,인쇄,조회
20200130-1,(주)씨케이플러스,MF5000(PE원료),34650000,세금계산서,PP,Y,인쇄,조회
20200129-3,S-OIL(주)온산공장,HD500-A (O.G) [25KG],28297500,세금계산서,PP,Y,인쇄,조회
20200129-2,성보펙,패드 450 [패드 450＊200 무지] 외 1건,1188000,세금계산서,PP,Y,인쇄,조회
20200129-1,(주)대원우드,팔레트 1150*1160 [1150*1150] 외 6건,561000,세금계산서,PP,Y,인쇄,조회
20200128-2,파코팩(PACO PACK),동판비 [동판비],165000,세금계산서,상품,Y,인쇄,조회
20200128-1,파코팩(PACO PACK),"12 x 3,000M 0.63T White w/EST 206 Black printed [12 x 3,000M 0.63T White w/EST 206 Black printed]",1782000,영세율,상품,Y,인쇄,조회
20200123-2,백암지관공업사,지관 200 [지관 200＊8＊190],768768,세금계산서,PP,Y,인쇄,조회
20200123-1,코아시스,랩핑기 보급형 [1500*3000],3850000,세금계산서,상품,Y,인쇄,조회
20200122-2,금성포장,미국박스 580 무지 [580*170*585],554400,세금계산서,PP,Y,인쇄,조회
20200122-1,두성엔지니어링,캠용 M1.5*51T 기어가공,88000,세금계산서,PP,Y,인쇄,조회
20200121-5,백암지관공업사,지관 50 [지관 50＊5＊182],701800,세금계산서,PE,Y,인쇄,조회
20200121-4,백암지관공업사,지관 200 [지관 200＊8＊186] 외 2건,1261260,세금계산서,PP,Y,인쇄,조회
20200121-3,(주)대원우드,팔레트 1080＊1080 [1080＊1080] 외 5건,396000,세금계산서,PP,Y,인쇄,조회
20200121-2,파코팩(PACO PACK),"12 x 3,000M 0.55T [12 x 3,000M 0.55T 백색 W/Blue print]",6534000,영세율,상품,Y,인쇄,조회
20200121-1,S-OIL(주)온산공장,HD500/PP50DW [500KG],32450000,세금계산서,PP,Y,인쇄,조회
20200120-3,대림산업(주)전주공장,PP원료 [대림 A],28512000,세금계산서,PP,Y,인쇄,조회
20200120-2,(주)경남캐미칼,MB 510-2 [M／B 510-2 (BLUE)] 외 1건,1463000,세금계산서,PP,Y,인쇄,조회
20200120-1,(주)한국바코드시스템,라벨(아트지도안2T) [[76*156 ]],280500,세금계산서,PP,Y,인쇄,조회
20200117-4,크레텍책임(주),피피클립 [19*28(2KG-삼성)],61353,세금계산서,PP,N,인쇄,조회
20200117-3,(주)태진케미칼,PP원료 [PPA],9108000,세금계산서,PP,Y,인쇄,조회
20200117-2,금성프라스틱,PP원료(PP특A) [PP T/A],8470000,세금계산서,PP,Y,인쇄,조회
20200117-1,백암지관공업사,지관 200 [지관 200＊8＊190] 외 1건,676676,세금계산서,PP,Y,인쇄,조회
20200116-1,성보펙,PP청 400*(광림) [400*200] 외 2건,1006500,세금계산서,PP,Y,인쇄,조회
20200115-2,백암지관공업사,지관 200 [지관 200＊8＊190] 외 2건,676676,세금계산서,PP,Y,인쇄,조회
20200115-1,제이케이머티리얼즈(주)／순성공장,PP원료,3358740,세금계산서,PP,Y,인쇄,조회
20200114-2,금성프라스틱,PP원료(PP특A) [PP T/A],10890000,세금계산서,PP,Y,인쇄,조회
20200114-1,(주)경남캐미칼,MB 510-2 [M／B 510-2 (BLUE)] 외 2건,1633500,세금계산서,PP,Y,인쇄,조회
20200113-5,진흥산업,폴리백 47*57 [폴리백 47*57],534600,세금계산서,PP,Y,인쇄,조회
20200113-4,금성포장,PB청 540* (삼성) [540*200] 외 1건,1276000,세금계산서,PP,Y,인쇄,조회
20200113-3,백암지관공업사,지관 406 [지관 406＊6＊155] 외 1건,1320176,세금계산서,PP,Y,인쇄,조회
20200113-2,성보펙,패드 400 [패드 400＊200 (레드)] 외 1건,1221000,세금계산서,PP,Y,인쇄,조회
20200113-1,금성포장,옴니원패드 430 [430*200] 외 7건,2325950,세금계산서,PP,Y,인쇄,조회
20200110-3,두성엔지니어링,밴드노즐 와이어 수정(두께)가공 [2.5mm~3.0mm] 외 1건,297000,세금계산서,PP,Y,인쇄,조회
20200110-2,코아시스,밴딩기 A/S [강원농협],528000,세금계산서,상품,Y,인쇄,조회
20200110-1,백암지관공업사,지관 200 [지관 200＊4＊189] 외 2건,1425424,세금계산서,PP,Y,인쇄,조회
20200109-3,S-OIL(주)온산공장,HD500/PP50DW [500KG],32450000,세금계산서,PP,Y,인쇄,조회
20200109-2,백암지관공업사,지관 406 [지관 406＊6＊155],617760,세금계산서,PP,Y,인쇄,조회
20200109-1,(주)태진케미칼,PP가공 [PP가공] 외 1건,5731000,세금계산서,PP,Y,인쇄,조회
20200108-6,(주)한국바코드시스템,바코드리본 60 [60*300 OUT] 외 1건,207900,세금계산서,PP,Y,인쇄,조회
20200108-5,금정기획,라벨(아트지도안) 무지 [140*70] 외 1건,103400,세금계산서,PP,Y,인쇄,조회
20200108-4,S-OIL(주)온산공장,HD500-A (O.G) [25KG],28297500,세금계산서,PP,Y,인쇄,조회
20200108-3,(주)태진케미칼,PP가공 [PP가공],3168000,세금계산서,PP,Y,인쇄,조회
20200108-2,백암지관공업사,지관 230 [지관 230＊5＊187] 외 1건,586047,세금계산서,PP,Y,인쇄,조회
20200107-3,성보펙,무인쇄톰슨접착 320 [320*130*320],422400,세금계산서,PP,Y,인쇄,조회
20200107-2,(주)경남캐미칼,MB 100B（ [M／B 100B（WHITE）] 외 1건,1567500,세금계산서,PP,Y,인쇄,조회
20200107-1,S-OIL(주)온산공장,HD500-A (O.G) [25KG],28297500,세금계산서,PP,Y,인쇄,조회
20200106-2,금정기획,라벨(아트지무지)108*50 [[108*50 ]] 외 4건,1179200,세금계산서,PP,Y,인쇄,조회
20200106-1,두성엔지니어링,밴드 S Type 고리 브라켓트 외 1건,874500,세금계산서,PP,Y,인쇄,조회
20200103-5,백암지관공업사,지관 406 [지관 406＊6＊155],469040,세금계산서,PP,Y,인쇄,조회
20200103-4,금성포장,미국박스 580 무지 [580*170*585],866250,세금계산서,PP,Y,인쇄,조회
20200103-3,백암지관공업사,지관 200 [지관 200＊4＊189] 외 1건,994268,세금계산서,PP,Y,인쇄,조회
20200103-2,(주)태진케미칼,PP원료 [PPA],6831000,세금계산서,PP,Y,인쇄,조회
20200103-1,성은지관산업,지관 50 [지관 50＊5＊182],616000,세금계산서,PE,Y,인쇄,조회
20200102-5,(주)대원우드,팔레트 1080＊1080 [1080＊1080] 외 6건,742500,세금계산서,PP,Y,인쇄,조회
20200102-4,(주)제이에스수출포장,합판 1070*2300 [1100*1100] 외 1건,100100,세금계산서,PP,Y,인쇄,조회
20200102-3,(주)씨케이플러스,Y-130 (PP원료),32725000,세금계산서,PP,Y,인쇄,조회
20200102-2,백암지관공업사,지관 200 [지관 200＊4＊189] 외 1건,584584,세금계산서,PP,Y,인쇄,조회
20200102-1,효창산업,CALPET [CALPET],4653000,세금계산서,PP,Y,인쇄,조회
20200101-1,(주)경남캐미칼,MB 510-2 [M／B 510-2 (BLUE)] 외 4건,2112000,세금계산서,PP,Y,인쇄,조회
20191231-3,성보펙,패드 430 [패드 430＊200 (무지)] 외 1건,1674200,세금계산서,PP,Y,인쇄,조회
20191231-2,백암지관공업사,지관 200 [지관 200＊4＊189],492492,세금계산서,PP,Y,인쇄,조회
20191231-1,(주)대원우드,팔레트 1320*880 [1320*880] 외 4건,693000,세금계산서,PP,Y,인쇄,조회
20191230-4,제이케이머티리얼즈(주)／순성공장,PP원료,10929600,세금계산서,PP,N,인쇄,조회
20191230-3,백암지관공업사,지관 406 [지관 406＊6＊155] 외 1건,1285856,세금계산서,PP,Y,인쇄,조회
20191230-2,금성포장,패드 380 [380*200 (무인쇄)] 외 1건,1025200,세금계산서,PP,Y,인쇄,조회
20191227-2,백암지관공업사,지관 406 [지관 406＊6＊155] 외 1건,668096,세금계산서,PP,Y,인쇄,조회
20191227-1,에어팩코리아,에어백 APK-1022 (1000*2200) [에어백 1000*2200],321200,세금계산서,PP,Y,인쇄,조회
20191226-8,백암지관공업사,지관 200 [지관 200＊8＊190] 외 1건,718432,세금계산서,PP,Y,인쇄,조회
20191226-7,한국파렛트풀(주),팔레트 1100*1100*120 [1100*1100*120],825000,세금계산서,PP,Y,인쇄,조회
20191226-6,성보펙,패드 400 [패드 400＊200 (레드)] 외 1건,1498750,세금계산서,PP,Y,인쇄,조회
20191226-5,(주)씨케이플러스,Y-130 (PP원료),32175000,세금계산서,PP,Y,인쇄,조회
20191226-4,대림산업(주)전주공장,PP원료 [대림 A],29066400,세금계산서,PP,Y,인쇄,조회
20191226-3,(주)씨케이플러스,5000S(PE원료),32725000,세금계산서,PE,Y,인쇄,조회
20191226-2,(주)경남캐미칼,MB 307 [M／B 307 Yellow] 외 1건,1496000,세금계산서,PP,Y,인쇄,조회
20191226-1,(주)태진케미칼,PP원료 [PPA] 외 1건,8976000,세금계산서,PP,Y,인쇄,조회
20191224-1,백암지관공업사,지관 200 [지관 200＊8＊190] 외 1건,718432,세금계산서,PP,Y,인쇄,조회
20191223-2,롯데케미칼 주식회사,MF5000(PE원료) [MF5000_500KG],13266000,세금계산서,PE,Y,인쇄,조회
20191223-1,코아시스,PE28mm 2kg [PE28M／M(백)2KG],25238400,세금계산서,상품,Y,인쇄,조회
20191220-3,(주)경남캐미칼,MB 510-2 [M／B 510-2 (BLUE)] 외 4건,1424500,세금계산서,PP,Y,인쇄,조회
20191220-2,백암지관공업사,지관 200 [지관 200＊8＊186] 외 1건,768768,세금계산서,PP,Y,인쇄,조회
20191220-1,S-OIL(주)온산공장,HD500/PP50DW [500KG],32450000,세금계산서,PP,Y,인쇄,조회
20191218-3,백암지관공업사,지관 50 [지관 50＊5＊182],701800,세금계산서,PE,Y,인쇄,조회
20191218-2,백암지관공업사,지관 200 [지관 200＊8＊186] 외 1건,1281280,세금계산서,PP,Y,인쇄,조회
20191218-1,(주)태진케미칼,PP원료 [PPA],9108000,세금계산서,PP,Y,인쇄,조회
20191217-2,두성엔지니어링,밴드노즐가공2.8*60L*2EA [38*70*366L] 외 2건,792000,세금계산서,PP,Y,인쇄,조회
20191217-1,S-OIL(주)온산공장,HD500-A (O.G) [25KG],28297500,세금계산서,PP,Y,인쇄,조회
20191216-3,백암지관공업사,지관 200 [지관 200＊8＊190],768768,세금계산서,PP,Y,인쇄,조회
20191216-2,성보펙,패드 400 [패드 400＊200 (레드)],715000,세금계산서,PP,Y,인쇄,조회
20191216-1,코아시스,밴딩기 A/S [신대한판지] 외 1건,1078000,세금계산서,상품,Y,인쇄,조회
20191213-3,백암지관공업사,지관 50 [지관 50＊5＊182],701800,세금계산서,PE,Y,인쇄,조회
20191213-2,백암지관공업사,지관 200 [지관 200＊8＊190],571648,세금계산서,PP,Y,인쇄,조회
20191213-1,(주)태진케미칼,PP원료 [PPA],9108000,세금계산서,PP,Y,인쇄,조회
20191212-5,파코팩(PACO PACK),PP14MM [PP14M／M 10KG (적색)] 외 1건,1870000,세금계산서,PP,Y,인쇄,조회
20191212-4,금성포장,고메리 12입(C/T) [570*430*390],476410,세금계산서,PP,Y,인쇄,조회
20191212-3,제이케이머티리얼즈(주)／순성공장,PP원료,3300264,세금계산서,PP,Y,인쇄,조회
20191212-2,S-OIL(주)온산공장,HD500-A (O.G) [25KG],28875,세금계산서,PP,Y,인쇄,조회
20191212-1,금성포장,미국박스 580 무지 [580*170*580] 외 1건,1209450,세금계산서,PE,Y,인쇄,조회
20191211-3,백암지관공업사,지관 406 [지관 406＊6＊155],617760,세금계산서,PP,Y,인쇄,조회
20191211-2,(주)태진케미칼,PP원료 [PPA],9108000,세금계산서,PP,Y,인쇄,조회
20191211-1,파코팩(PACO PACK),PP15M [PP15M／M10KG(자동용인쇄밴드)],1925000,세금계산서,PP,Y,인쇄,조회
20191210-5,S-OIL(주)온산공장,HD500/PP50DW [500KG],32450000,세금계산서,PP,Y,인쇄,조회
20191210-4,(주)경남캐미칼,MB 510-2 [M／B 510-2 (BLUE)] 외 3건,3080000,세금계산서,PP,Y,인쇄,조회
20191210-3,성보펙,패드 430 [패드 430＊200 (무지)] 외 1건,1254000,세금계산서,PP,Y,인쇄,조회
20191210-2,(주)대원우드,팔레트 1080＊1080 [1080＊1080] 외 7건,610500,세금계산서,PP,N,인쇄,조회
20191210-1,금성프라스틱,PP원료(PP특A) [PP T/A],7590000,세금계산서,PP,Y,인쇄,조회
20191209-4,금성포장,박스 외부 PE (폴리밴드) [320 190 785] 외 1건,1091200,세금계산서,PE,Y,인쇄,조회
20191209-3,성보펙,미국박스 [420 200 425] 외 1건,1800370,세금계산서,PP,Y,인쇄,조회
20191209-2,백암지관공업사,지관 200 [지관 200＊8＊186] 외 3건,2328040,세금계산서,PP,Y,인쇄,조회
20191209-1,우선산업,반자동 수동밴딩기 8mm [8mm*0.85T*9.5Kg청],820325,세금계산서,PP,Y,인쇄,조회
20191207-1,(주)경남캐미칼,MB 510-2 [M／B 510-2 (BLUE)],330000,세금계산서,PP,Y,인쇄,조회
20191206-2,롯데케미칼 주식회사,MF5000(PE원료) [MF5000_500KG],17688000,세금계산서,PE,Y,인쇄,조회
20191206-1,(주)영화수출포장,박스 경인팩 6KG [465 455 250] 외 2건,1573000,세금계산서,PE,Y,인쇄,조회
20191205-1,(주)태진케미칼,PP가공 [PP가공],3168000,세금계산서,PP,Y,인쇄,조회
20191204-4,백암지관공업사,지관 200 [지관 200＊4＊189],492492,세금계산서,PP,Y,인쇄,조회
20191204-3,성보펙,패드 420 [패드 420＊200 (적색패드)] 외 1건,1083500,세금계산서,PE,Y,인쇄,조회
20191204-2,금성포장,PB청 540* (삼성) [540*200],1518000,세금계산서,PP,Y,인쇄,조회
20191204-1,백암지관공업사,지관 200 [지관 200＊8＊186] 외 1건,676676,세금계산서,PP,Y,인쇄,조회
20191203-2,한국파렛트풀(주),팔레트 1100*1100*120 [1100*1100*120],825000,세금계산서,PP,Y,인쇄,조회
20191203-1,(주)대원우드,팔레트 1050＊1050 [1050＊1050] 외 5건,363000,세금계산서,PP,N,인쇄,조회
20191202-5,진흥산업,폴리백 26＊44 [폴리백 26＊44],1320000,세금계산서,PP,N,인쇄,조회
20191202-4,백암지관공업사,지관 50 [지관 50*5*225],382800,세금계산서,PE,Y,인쇄,조회
20191202-3,백암지관공업사,지관 200 [지관 200＊4＊189] 외 2건,1261260,세금계산서,PP,Y,인쇄,조회
20191202-2,S-OIL(주)온산공장,HD500/PP50DW [500KG],32450000,세금계산서,PP,Y,인쇄,조회
20191129-3,파코팩(PACO PACK),PP15M [PP15M／M10KG(백색)],844800,세금계산서,PP,Y,인쇄,조회
20191129-2,제이케이머티리얼즈(주)／순성공장,PP원료,17806360,세금계산서,PP,Y,인쇄,조회
20191129-1,성보펙,고메리 3입(IN) [345*340*390] 외 1건,1489400,세금계산서,PP,Y,인쇄,조회
20191128-2,(주)태진케미칼,PP원료 [PPA],9266400,세금계산서,PP,Y,인쇄,조회
20191128-1,백암지관공업사,지관 200 [지관 200＊8＊190],768768,세금계산서,PP,Y,인쇄,조회
20191127-1,대림산업(주)전주공장,PP원료 [대림 A],30096000,세금계산서,PP,Y,인쇄,조회
20191126-5,백암지관공업사,지관 200 [지관 200＊8＊190] 외 1건,1201200,세금계산서,PP,Y,인쇄,조회
20191126-4,(주)태진케미칼,PP가공 [PP가공],3168000,세금계산서,PP,Y,인쇄,조회
20191126-3,금정기획,라벨(아트지도안) SD50906 [140*70] 외 8건,396000,세금계산서,PP,Y,인쇄,조회
20191126-2,두성엔지니어링,밴드노즐가공3.0*40L*3EA [38*70*366L],440000,세금계산서,PP,Y,인쇄,조회
20191125-2,금성포장,타이거팩 4506 C/T 430 [430*125*430] 외 3건,817415,세금계산서,PP,Y,인쇄,조회
20191125-1,파코팩(PACO PACK),PP10.5M(폭10.4/두께0.73mm/단중4.1g/길이2250m) [PP10.5M10KG(청)],1870000,세금계산서,상품,Y,인쇄,조회
20191122-3,성보펙,패드 430 [패드 430＊200 (무지)] 외 2건,1985500,세금계산서,PP,Y,인쇄,조회
20191122-2,(주)경남캐미칼,MB 820FL [M／B 820FL（BLACK）] 외 2건,1727000,세금계산서,PP,Y,인쇄,조회
20191122-1,두성엔지니어링,와인다 캠 용접 및 가공 [100/m Type],264000,세금계산서,PP,Y,인쇄,조회
20191121-2,백암지관공업사,지관 200 [지관 200＊8＊190] 외 2건,684684,세금계산서,PP,Y,인쇄,조회
20191121-1,(주)태진케미칼,PP원료 [PPA],9266400,세금계산서,PP,Y,인쇄,조회
20191120-1,금정기획,라벨(아트지 무지) [50*30],132000,세금계산서,PP,Y,인쇄,조회
20191119-1,백암지관공업사,지관 200 [지관 200＊8＊190],1025024,세금계산서,PP,Y,인쇄,조회
20191118-6,파코팩(PACO PACK),PP15M [PP15M／M10KG(백색)],880000,세금계산서,PP,Y,인쇄,조회
20191118-5,S-OIL(주)온산공장,HD500-A (O.G) [25KG],29645000,세금계산서,PP,Y,인쇄,조회
20191118-4,롯데케미칼 주식회사,MF5000(PE원료) [MF5000_500KG] 외 1건,18348000,세금계산서,PE,Y,인쇄,조회
20191118-3,백암지관공업사,지관 200 [지관 200＊8＊186] 외 1건,856856,세금계산서,PP,Y,인쇄,조회
20191118-2,백암지관공업사,지관 50 [지관 50＊5＊182],1403600,세금계산서,PE,Y,인쇄,조회
20191118-1,금성포장,고메리 2입 (C/T) [450*450*400] 외 1건,1117820,세금계산서,PP,Y,인쇄,조회
20191115-1,S-OIL(주)온산공장,HD500-A (O.G) [25KG],29106000,세금계산서,PP,Y,인쇄,조회
20191114-5,(주)한국바코드시스템,라벨(아트지도안황색) [[86*46 ]] 외 4건,308000,세금계산서,PP,Y,인쇄,조회
20191114-4,(주)대원우드,팔레트 1260*840 [1260*840] 외 1건,49500,세금계산서,PP,Y,인쇄,조회
20191114-3,백암지관공업사,지관 200 [지관 200＊4＊189],516516,세금계산서,PP,Y,인쇄,조회
20191114-2,파코팩(PACO PACK),PP14MM [PP14M／M 10KG (청색)] 외 1건,5610000,세금계산서,PP,Y,인쇄,조회
20191114-1,성보펙,PP청 450*(광림) [450*200] 외 2건,1630200,세금계산서,PP,Y,인쇄,조회
20191113-3,백암지관공업사,지관 200 [지관 200＊8＊190] 외 1건,684684,세금계산서,PP,Y,인쇄,조회
20191113-2,(주)경남캐미칼,MB 510-2 [M／B 510-2 (BLUE)] 외 1건,2013000,세금계산서,PP,Y,인쇄,조회
20191113-1,주식회사 제일CPT,CALPET [CALPET],3861000,세금계산서,PP,Y,인쇄,조회
20191112-6,코아시스,밴딩기 A/S [대영포장(발안)],616000,세금계산서,PP,Y,인쇄,조회
20191112-5,금성포장,타이거팩 4501 C/T 350 [350*125*350] 외 1건,519200,세금계산서,PP,Y,인쇄,조회
20191112-4,진영프라스틱,PP 은색 [PP 은색],10956000,세금계산서,PP,Y,인쇄,조회
20191112-3,한국파렛트풀(주),팔레트 1100*1100*120 [1100*1100*120],825000,세금계산서,PP,N,인쇄,조회
20191112-2,S-OIL(주)온산공장,HD500-A (O.G) [25KG] 외 1건,32983500,세금계산서,PP,Y,인쇄,조회
20191112-1,(주)태진케미칼,PP원료 [PPA],9266400,세금계산서,PP,Y,인쇄,조회
20191108-1,백암지관공업사,지관 200 [지관 200＊4＊189] 외 1건,600600,세금계산서,PP,Y,인쇄,조회
20191107-2,금정기획,라벨(아트지무지)108*50 [[108*50 ]],660000,세금계산서,PP,Y,인쇄,조회
20191107-1,금성프라스틱,PP원료(PP특A) [PP T/A],10218780,세금계산서,PP,Y,인쇄,조회
20191106-2,두성엔지니어링,캠 쵸크 핀(알루미늄 청동) 외 3건,1424500,세금계산서,PP,Y,인쇄,조회
20191106-1,백암지관공업사,지관 200 [지관 200＊8＊190] 외 1건,684684,세금계산서,PP,Y,인쇄,조회
20191105-2,성보펙,패드 400 [패드 400＊200 (레드)] 외 1건,1485000,세금계산서,PP,Y,인쇄,조회
20191105-1,S-OIL(주)온산공장,HD500/PP50DW [500KG],33275000,세금계산서,PP,Y,인쇄,조회
20191102-1,코아시스,밴딩기 A/S [강원농협],440000,세금계산서,PP,Y,인쇄,조회
20191101-2,백암지관공업사,지관 200 [지관 200＊8＊190] 외 2건,1369368,세금계산서,PP,Y,인쇄,조회
20191101-1,롯데케미칼 주식회사,MF5000(PE원료) [MF5000_500KG],18348000,세금계산서,PE,Y,인쇄,조회
20191031-1,성보펙,무인쇄톰슨접착 320 [320*130*320] 외 1건,979000,세금계산서,PP,Y,인쇄,조회
20191030-3,(주)경남캐미칼,MB 510-2 [M／B 510-2 (BLUE)] 외 3건,1936000,세금계산서,PP,Y,인쇄,조회
20191030-2,제이케이머티리얼즈(주)／순성공장,PP원료,14747480,세금계산서,PP,Y,인쇄,조회
20191030-1,(주)태진케미칼,PP원료 [PPA],9266400,세금계산서,PP,Y,인쇄,조회
20191029-6,(주)영화수출포장,수지대금 [포리밴드 내수 2Kg] 외 1건,395915,세금계산서,PE,Y,인쇄,조회
20191029-4,백암지관공업사,지관 50 [지관 50＊5＊182],701800,세금계산서,PE,Y,인쇄,조회
20191029-3,백암지관공업사,지관 200 [지관 200＊8＊186] 외 1건,600600,세금계산서,PP,Y,인쇄,조회
20191029-2,금성포장,PB청 540* (삼성) [540*200],1265000,세금계산서,PP,Y,인쇄,조회
20191029-1,금산포장,스트레치필름(일반 기계랩) [18*500mm*1700m],2244000,세금계산서,상품,Y,인쇄,조회
20191028-2,(주)태진케미칼,PP원료 [PPA],9266400,세금계산서,PP,Y,인쇄,조회
20191028-1,(주)제이에스수출포장,팔레트 1060＊1040 [1060＊1060] 외 1건,17050,세금계산서,PP,Y,인쇄,조회
20191025-4,백암지관공업사,지관 200 [지관 200＊4＊189] 외 1건,812196,세금계산서,PP,Y,인쇄,조회
20191025-3,(주)제이에스수출포장,팔레트 1380＊920 [1380＊920] 외 2건,35750,세금계산서,PP,Y,인쇄,조회
20191025-2,S-OIL(주)온산공장,HD500-A (O.G) [25KG],29914500,세금계산서,PP,Y,인쇄,조회
20191025-1,성보펙,고메리 2입(IN) [445*440*410] 외 1건,1606000,세금계산서,PP,Y,인쇄,조회
20191023-1,대림산업(주)전주공장,PP원료 [대림 A],31706400,세금계산서,PP,Y,인쇄,조회
20191022-6,금성포장,고메리 2입 (C/T) [450*450*400],555390,세금계산서,PP,Y,인쇄,조회
20191022-5,백암지관공업사,지관 50 [지관 50＊5＊182],701800,세금계산서,PE,Y,인쇄,조회
20191022-4,백암지관공업사,지관 200 [지관 200＊4＊189] 외 2건,1541540,세금계산서,PP,Y,인쇄,조회
20191022-3,신도DSL,A4복사용지 [BOX],37400,세금계산서,PP,N,인쇄,조회
20191022-2,S-OIL(주)온산공장,HD500-A (O.G) [25KG],28297500,세금계산서,PP,Y,인쇄,조회
20191022-1,S-OIL(주)온산공장,HD500-A (O.G) [25KG] 외 1건,17246625,세금계산서,PP,Y,인쇄,조회
20191021-4,두성엔지니어링,밴드노즐가공1.5*75*3EA [38*70*449L] 외 1건,671000,세금계산서,PP,Y,인쇄,조회
20191021-3,(주)태진케미칼,PP원료 [PPb],8316000,세금계산서,PP,Y,인쇄,조회
20191021-2,(주)제이에스수출포장,팔레트 1290*1290 [1290*1290] 외 1건,18700,세금계산서,PP,Y,인쇄,조회
20191021-1,금성포장,평면골판지 [구래단 (1100mm x 40000mm)],695200,세금계산서,PP,Y,인쇄,조회
20191017-4,금성포장,써마크래프트 C/T 260 [260*132*263] 외 1건,2299000,세금계산서,PP,Y,인쇄,조회
20191017-3,(주)경남캐미칼,MB 307 [M／B 307 Yellow] 외 2건,1254000,세금계산서,PP,Y,인쇄,조회
20191017-2,백암지관공업사,지관 200 [지관 200＊8＊190],768768,세금계산서,PP,Y,인쇄,조회
20191017-1,금성프라스틱,PP원료(PP특A) [PP T/A],11220000,세금계산서,PP,Y,인쇄,조회
20191016-3,(주)영화수출포장,경인팩 2KG [320*190*780] 외 1건,1006500,세금계산서,PP,Y,인쇄,조회
20191016-2,금성포장,고메리 12입(C/T) [570*430*390] 외 1건,961015,세금계산서,PP,Y,인쇄,조회
20191016-1,(주)태진케미칼,PP가공 [PP가공],3168000,세금계산서,PP,Y,인쇄,조회
20191015-5,S-OIL(주)온산공장,HD500/PP50DW [500KG],33825000,세금계산서,PP,Y,인쇄,조회
20191015-4,코아시스,반자동밴딩기(Transpack),1100000,세금계산서,PP,N,인쇄,조회
20191015-3,백암지관공업사,지관 200 [지관 200＊8＊186] 외 1건,684684,세금계산서,PP,Y,인쇄,조회
20191015-2,S-OIL(주)온산공장,HD500-A (O.G) [25KG],28297500,세금계산서,PP,Y,인쇄,조회
20191015-1,성보펙,패드 430 [패드 430＊200 (무지)] 외 3건,2112000,세금계산서,PP,Y,인쇄,조회
20191014-1,두성엔지니어링,밴드노즐가공1.5*38*4EA [38*70*449L] 외 4건,2145000,세금계산서,PP,Y,인쇄,조회
20191011-3,금성포장,박스 외부 PE (폴리밴드) [320 190 780],533500,세금계산서,PP,Y,인쇄,조회
20191011-2,백암지관공업사,지관 50 [지관 50＊5＊182],701800,세금계산서,PP,Y,인쇄,조회
20191011-1,백암지관공업사,지관 200 [지관 200＊8＊190],512512,세금계산서,PP,Y,인쇄,조회
20191010-2,(주)경남캐미칼,M45K420B COMPOUND,249480,세금계산서,PP,Y,인쇄,조회
20191010-1,롯데케미칼 주식회사,MF5000(PE원료) [MF5000_500KG] 외 1건,18546000,세금계산서,PE,Y,인쇄,조회
20191009-2,백암지관공업사,지관 200 [지관 200＊8＊186] 외 2건,1285284,세금계산서,PP,Y,인쇄,조회
20191009-1,진영프라스틱,PP 은색 [PP 은색],9130000,세금계산서,PP,Y,인쇄,조회
20191008-4,성보펙,무인쇄톰슨접착 460 [460*130*460] 외 2건,1286560,세금계산서,PP,Y,인쇄,조회
20191008-3,(주)제이에스수출포장,팔레트 1200*1200 [1200*1200] 외 1건,18700,세금계산서,PP,Y,인쇄,조회
20191008-2,(주)태진케미칼,PP원료 [PPA],9266400,세금계산서,PP,Y,인쇄,조회
20191008-1,(주)경남캐미칼,MB 510（B [M／B 510（BLUE）],121000,세금계산서,PE,Y,인쇄,조회
20191007-1,백암지관공업사,지관 200 [지관 200＊8＊190],1419264,세금계산서,PE,Y,인쇄,조회
20191004-7,S-OIL(주)온산공장,HD500/PP50DW [500KG],33825000,세금계산서,PP,Y,인쇄,조회
20191004-6,파코팩(PACO PACK),PP12M(0.70T)*10kg [PP12M／M10KG(청)],2206600,세금계산서,상품,N,인쇄,조회
20191004-5,파코팩(PACO PACK),"12 x 3,000M 0.60T Clear w/Talleys Red printed [12 x 3,000M 0.60T Clear w/Talleys Red printed] 외 4건",4195800,영세율,PP,N,인쇄,조회
20191004-4,금성포장,PB청 540* (삼성) [540*200],1265000,세금계산서,PP,Y,인쇄,조회
20191004-3,(주)태진케미칼,PP원료 [PPA],9266400,세금계산서,PP,Y,인쇄,조회
20191004-2,백암지관공업사,지관 50 [지관 50*5*225],382800,세금계산서,PE,Y,인쇄,조회
20191004-1,백암지관공업사,지관 200 [지관 200＊8＊186] 외 1건,611072,세금계산서,PP,Y,인쇄,조회
20191003-1,성보펙,패드 420 [패드 420＊200 (적색패드)] 외 1건,1117600,세금계산서,PP,Y,인쇄,조회
20191002-1,백암지관공업사,지관 200 [지관 200＊8＊190],768768,세금계산서,PP,Y,인쇄,조회
20191001-1,(주)경남캐미칼,MB 510-2 [M／B 510-2 (BLUE)] 외 2건,2172500,세금계산서,PP,Y,인쇄,조회
20190930-4,백암지관공업사,지관 200 [지관 200＊8＊190],768768,세금계산서,PP,Y,인쇄,조회
20190930-3,파코팩(PACO PACK),PP14MM [PP14M／M 10KG (황색)] 외 1건,1870000,세금계산서,PP,Y,인쇄,조회
20190930-2,(주)태진케미칼,PP원료 [PPA],9266400,세금계산서,PP,Y,인쇄,조회
20190930-1,제이케이머티리얼즈(주)／순성공장,PP원료,11398310,세금계산서,PP,N,인쇄,조회
20190927-3,(주)영화수출포장,박스 경인팩 6KG [465 455 245] 외 1건,1064250,세금계산서,PE,Y,인쇄,조회
20190927-2,성보펙,패드 430 [패드 430＊200 (무지)] 외 1건,1205600,세금계산서,PP,Y,인쇄,조회
20190927-1,영창프라스틱,STOPPER 50 PCS [STOPPER 50 PCS 투명],0,영세율,상품,N,인쇄,조회
20190926-3,백암지관공업사,지관 200 [지관 200＊8＊190],768768,세금계산서,PP,Y,인쇄,조회
20190926-2,롯데케미칼 주식회사,MF5000(PE원료) [MF5000_500KG],18678000,세금계산서,PE,Y,인쇄,조회
20190926-1,(주)태진케미칼,PP원료 [PPA],9266400,세금계산서,PP,N,인쇄,조회
20190925-2,금성포장,고메리 2입 (C/T) [450*445*400],336600,세금계산서,PP,Y,인쇄,조회
20190925-1,S-OIL(주)온산공장,HD500-A (O.G) [25KG] 외 1건,16764000,세금계산서,PP,Y,인쇄,조회
20190924-1,(주)경남캐미칼,M45K420B COMPOUND,99000,세금계산서,PP,Y,인쇄,조회
20190923-6,파코팩(PACO PACK),PP12M [PP12M／M10KG(청)] 외 2건,2805000,세금계산서,PP,Y,인쇄,조회
20190923-5,우선산업,반자동 수동밴딩기 8mm [8mm*0.85T*9.5Kg청],1640650,세금계산서,PP,Y,인쇄,조회
20190923-4,백암지관공업사,지관 200 [지관 200＊4＊189] 외 2건,668063,세금계산서,PP,Y,인쇄,조회
20190923-3,(주)제이에스수출포장,팔레트 1260*840 [1260*840] 외 2건,74800,세금계산서,PP,Y,인쇄,조회
20190923-2,(주)제이에스수출포장,팔레트 1060＊1040 [1060＊1060] 외 6건,402050,세금계산서,PP,Y,인쇄,조회
20190923-1,백암지관공업사,지관 200 [지관 200＊8＊186] 외 2건,1217568,세금계산서,PP,Y,인쇄,조회
20190920-5,백암지관공업사,지관 200 [지관 200＊4＊189],516516,세금계산서,PP,Y,인쇄,조회
20190920-4,(주)경남캐미칼,MB 510-2 [M／B 510-2 (BLUE)] 외 3건,1331000,세금계산서,PP,Y,인쇄,조회
20190920-3,(주)경남캐미칼,MB 7308 [M／B 7308],242000,세금계산서,PP,Y,인쇄,조회
20190920-2,대림산업(주)전주공장,PP원료 [대림 A],31812000,세금계산서,PP,Y,인쇄,조회
20190920-1,(주)제이에스수출포장,합판 1100*1100 [1100*1100],146300,세금계산서,PP,Y,인쇄,조회
20190919-1,대림산업(주)전주공장,PP원료 [대림 A],31812000,세금계산서,PP,Y,인쇄,조회
20190918-3,(주)경남캐미칼,M45K420B COMPOUND,198000,세금계산서,PP,Y,인쇄,조회
20190918-2,백암지관공업사,지관 200 [지관 200＊4＊189] 외 1건,684684,세금계산서,PP,Y,인쇄,조회
20190917-5,S-OIL(주)온산공장,HD500-A (O.G) [25KG],32879000,세금계산서,PP,Y,인쇄,조회
20190917-4,한국파렛트풀(주),팔레트 1100*1100*120 [1100*1100*120],825000,세금계산서,PP,Y,인쇄,조회
20190917-3,(주)제이에스수출포장,팔레트 1290＊860 [1290＊860] 외 9건,817300,세금계산서,PP,Y,인쇄,조회
20190917-2,금성프라스틱,PP원료(PP특A) [PP T/A],11033000,세금계산서,PP,Y,인쇄,조회
20190917-1,(주)디에스아이,자동밴딩기 [W850 H600 (3상)] 외 2건,3075600,세금계산서,상품,N,인쇄,조회
20190916-1,주식회사 제일CPT,CALPET [CALPET],3861000,세금계산서,PP,Y,인쇄,조회
20190911-2,뿌리장갑상사,면장갑 [면장갑] 외 2건,302500,세금계산서,PP,Y,인쇄,조회
20190911-1,(주)태진케미칼,PP원료 [PPA],9266400,세금계산서,PP,Y,인쇄,조회
20190910-3,백암지관공업사,지관 200 [지관 200＊8＊186] 외 2건,1453452,세금계산서,PP,Y,인쇄,조회
20190910-2,신도DSL,복합기 임대료,143000,세금계산서,PP,N,인쇄,조회
20190910-1,S-OIL(주)온산공장,HD500/PP50DW [500KG] 외 1건,35200000,세금계산서,PP,Y,인쇄,조회
20190909-10,백암지관공업사,지관 50 [지관 50＊5＊182],1403600,세금계산서,PE,Y,인쇄,조회
20190909-9,백암지관공업사,지관 406 [지관 406＊6＊155],430848,세금계산서,PP,Y,인쇄,조회
20190909-8,제이케이머티리얼즈(주)／순성공장,PP원료,3577354,세금계산서,PP,Y,인쇄,조회
20190909-7,(주)세우케미칼,E308 [E308],35904000,세금계산서,PE,Y,인쇄,조회
20190909-6,롯데케미칼 주식회사,MF5000(PE원료) [MF5000_500KG],18678000,세금계산서,PP,Y,인쇄,조회
20190909-5,동원화학수지,PP원료(원색) [B] 외 1건,13556400,세금계산서,PP,Y,인쇄,조회
20190909-4,(주)태진케미칼,PP원료 [PPA],9266400,세금계산서,PP,Y,인쇄,조회
20190909-3,금성포장,PB청 540* (삼성) [540*200] 외 1건,2059090,세금계산서,PP,Y,인쇄,조회
20190909-2,성보펙,PP청 400*(광림) [400*200] 외 2건,1710500,세금계산서,PP,Y,인쇄,조회
20190909-1,(주)디에스아이,밴딩기부품 [Sealing Head Unit] 외 1건,1579600,세금계산서,PP,N,인쇄,조회
20190906-1,백암지관공업사,지관 200 [지관 200＊8＊190] 외 3건,1656600,세금계산서,PP,Y,인쇄,조회
20190905-2,S-OIL(주)온산공장,HD500/PP50DW [500KG] 외 1건,35200000,세금계산서,PP,Y,인쇄,조회
20190905-1,(주)경남캐미칼,MB 307 [M／B 307 Yellow] 외 1건,1650000,세금계산서,PP,Y,인쇄,조회
20190903-3,우선산업,PP8M [PP8M／M10KG(백)],39600,세금계산서,상품,Y,인쇄,조회
20190903-2,백암지관공업사,지관 200 [지관 200＊8＊190],768768,세금계산서,PP,Y,인쇄,조회
20190903-1,(주)태진케미칼,PP원료 [PPA],9504000,세금계산서,PP,Y,인쇄,조회
20190902-2,파코팩(PACO PACK),"12 x 3,000M 0.63T White w/EST 84 Black printed [12 x 3,000M 0.63T White w/EST 84 Black printed]",5040000,영세율,상품,Y,인쇄,조회
20190902-1,(주)태진케미칼,PP원료 [PPA],9504000,세금계산서,PP,Y,인쇄,조회
20190830-2,성보펙,패드 430 [패드 430＊200 (무지)] 외 1건,1204500,세금계산서,PP,Y,인쇄,조회
20190830-1,두성엔지니어링,밴드노즐가공2.5*60L*2EA [38*70*366L],99000,세금계산서,PP,Y,인쇄,조회
20190829-4,(주)한국바코드시스템,라벨(아트지도안2T) [[76*156 ]] 외 2건,282700,세금계산서,PP,N,인쇄,조회
20190829-3,S-OIL(주)온산공장,HD500/PP50DW [500KG] 외 1건,16267625,세금계산서,PP,Y,인쇄,조회
20190829-2,(주)태진케미칼,PP원료 [PPA],9504000,세금계산서,PP,Y,인쇄,조회
20190829-1,한국파렛트풀(주),팔레트 1100*1100*120 [1100*1100*120],825000,세금계산서,PP,Y,인쇄,조회
20190828-2,(주)경남캐미칼,MB 8210 [M/B 8210 BROWN] 외 2건,665500,세금계산서,PP,Y,인쇄,조회
20190828-1,에어팩코리아,에어백 APK-1018 (1000*1800) [에어백 1000*1800] 외 1건,325600,세금계산서,PP,Y,인쇄,조회
20190827-5,(주)태진케미칼,PP가공 [PP가공],2046000,세금계산서,PP,N,인쇄,조회
20190827-4,백암지관공업사,지관 200 [지관 200＊8＊190] 외 1건,1369368,세금계산서,PP,Y,인쇄,조회
20190827-3,성보펙,무인쇄톰슨접착 460 [460*130*460] 외 2건,963600,세금계산서,PP,Y,인쇄,조회
20190827-2,(주)태진케미칼,PP원료 [PPA],9504000,세금계산서,PP,Y,인쇄,조회
20190827-1,금성프라스틱,PP원료(PP특A) [PP T/A],9086000,세금계산서,PP,Y,인쇄,조회
20190826-3,금성포장,파워팩 4500 C/T 320 [320*130*320] 외 4건,1540550,세금계산서,PP,Y,인쇄,조회
20190826-2,(주)제이에스수출포장,팔레트1160*1160 [1160*1160] 외 4건,336600,세금계산서,PP,Y,인쇄,조회
20190826-1,제이케이머티리얼즈(주)／순성공장,PP원료,11252780,세금계산서,PP,Y,인쇄,조회
20190823-2,(주)영화수출포장,박스 경인팩 6KG [465 455 245],569250,세금계산서,PP,Y,인쇄,조회
20190823-1,(주)태진케미칼,PP원료 [PPA],9504000,세금계산서,PP,Y,인쇄,조회
20190822-3,대림산업(주)전주공장,PP원료 [대림 A(재생)],24552000,세금계산서,PP,Y,인쇄,조회
20190822-2,백암지관공업사,지관 200 [지관 200＊8＊190],1281280,세금계산서,PP,Y,인쇄,조회
20190822-1,백암지관공업사,지관 50 [지관 50＊5＊182],701800,세금계산서,PE,Y,인쇄,조회
20190821-2,S-OIL(주)온산공장,HD500/PP50DW [500KG] 외 1건,33910250,세금계산서,PP,Y,인쇄,조회
20190821-1,롯데케미칼 주식회사,MF5000(PE원료) [MF5000_500KG],18942000,세금계산서,PE,Y,인쇄,조회
20190820-2,백암지관공업사,지관 200 [지관 200＊8＊190] 외 1건,1285284,세금계산서,PP,Y,인쇄,조회
20190820-1,(주)태진케미칼,PP원료 [PPA],9504000,세금계산서,PP,Y,인쇄,조회
20190819-2,(주)경남케미칼,MB 510-2 [M／B 510-2 (BLUE)] 외 2건,2337500,세금계산서,PP,Y,인쇄,조회
20190819-1,금성프라스틱,PP원료(PP특A) [PP T/A],11682000,세금계산서,PP,Y,인쇄,조회
20190816-5,금정기획,라벨(아트지무지)45*180 [[45*180 ]],49500,세금계산서,PP,Y,인쇄,조회
20190816-4,백암지관공업사,지관 200 [지관 200＊8＊190] 외 1건,684684,세금계산서,PP,Y,인쇄,조회
20190816-3,백암지관공업사,지관 50 [지관 50*5*225],382800,세금계산서,PE,Y,인쇄,조회
20190816-2,백암지관공업사,지관 200 [지관 200＊8＊186] 외 1건,428428,세금계산서,PP,Y,인쇄,조회
20190816-1,성보펙,패드 400 [패드 400＊200 (레드)] 외 3건,1706650,세금계산서,PP,Y,인쇄,조회
20190815-1,백암지관공업사,지관 200 [지관 200＊4＊189] 외 1건,600600,세금계산서,PP,Y,인쇄,조회
20190814-2,(주)태진케미칼,PP원료 [PPA],9504000,세금계산서,PP,Y,인쇄,조회
20190814-1,(주)제이에스수출포장,팔레트 860*1290 [860*1290] 외 1건,168300,세금계산서,PP,Y,인쇄,조회
20190813-5,제이케이머티리얼즈(주)／순성공장,PP원료,11236456,세금계산서,PP,Y,인쇄,조회
20190813-4,백암지관공업사,지관 200 [지관 200＊8＊190] 외 1건,1202432,세금계산서,PP,Y,인쇄,조회
20190813-3,두성엔지니어링,밴드노즐가공1.5*19*4EA [38*70*449L] 외 1건,1100000,세금계산서,PP,Y,인쇄,조회
20190813-2,금성포장,고메리 3입(IN) [345*340*390] 외 1건,687192,세금계산서,PP,Y,인쇄,조회
20190813-1,(주)경남케미칼,MB 820FL [M／B 820FL（BLACK）] 외 1건,1562000,세금계산서,PP,Y,인쇄,조회
20190812-3,(주)태진케미칼,PP원료 [PPA],9504000,세금계산서,PP,Y,인쇄,조회
20190812-2,S-OIL(주)온산공장,HD500-A (O.G) [25KG] 외 1건,32535250,세금계산서,PP,Y,인쇄,조회
20190812-1,(주)태진케미칼,PP가공 [PP가공],2920500,세금계산서,PP,N,인쇄,조회
20190809-4,제이케이머티리얼즈(주)／순성공장,PP원료,3624060,세금계산서,PP,N,인쇄,조회
20190809-3,금성포장,박스 외부 PE (폴리밴드) [320 190 780],533500,세금계산서,PP,Y,인쇄,조회
20190809-2,성보펙,패드 400 [패드 400＊200(무인쇄)] 외 1건,1117600,세금계산서,PP,Y,인쇄,조회
20190809-1,청호케미칼,PP원료(PP특A) [PP T/A],15584800,세금계산서,PP,Y,인쇄,조회
20190808-1,(주)제이에스수출포장,팔레트 1100*1100 [1100*1100] 외 9건,183700,세금계산서,PP,Y,인쇄,조회
20190807-2,진영프라스틱,PP 은색 [PP 은색] 외 1건,11605000,세금계산서,PP,N,인쇄,조회
20190807-1,백암지관공업사,지관 200 [지관 200＊4＊189] 외 1건,856856,세금계산서,PP,Y,인쇄,조회
20190806-5,(주)태진케미칼,PP원료 [PPA],9504000,세금계산서,PP,Y,인쇄,조회
20190806-4,한국파렛트풀(주),팔레트 1100*1100*120 [1100*1100*120],825000,세금계산서,PP,Y,인쇄,조회
20190806-3,(주)태진케미칼,PP원료 [PPA],9504000,세금계산서,PP,Y,인쇄,조회
20190806-2,(주)제이에스수출포장,팔레트 1100*1100 [1100*1100] 외 4건,183700,세금계산서,PP,Y,인쇄,조회
20190806-1,TSUKASA CHEMICAL INDUSTRY,PE28mm 2kg [PE28M／M(백)2KG] 외 1건,50824198,수입,상품,N,인쇄,조회
20190805-6,금성프라스틱,PP원료(PP특A) [PP T/A] 외 1건,9482000,세금계산서,PP,Y,인쇄,조회
20190805-5,(주)경남케미칼,MB 820FL [M／B 820FL（BLACK）] 외 2건,1771000,세금계산서,PP,Y,인쇄,조회
20190805-4,백암지관공업사,지관 50 [지관 50＊5＊182],701800,세금계산서,PE,Y,인쇄,조회
20190805-3,백암지관공업사,지관 200 [지관 200＊4＊189] 외 1건,1201200,세금계산서,PP,Y,인쇄,조회
20190805-2,(주)영화수출포장,박스 스트롱2KG [480 320 385],869000,세금계산서,PP,Y,인쇄,조회
20190805-1,S-OIL(주)온산공장,HD500/PP50DW [500KG] 외 1건,33910250,세금계산서,PP,Y,인쇄,조회
20190803-1,신도DSL,A4복사용지 [BOX],37400,세금계산서,PP,N,인쇄,조회
20190801-1,(주)동신밴드,PP18MMx 21kg 삼성 [2300M두께0.9mm단중9.1g] 외 2건,9524460,세금계산서,상품,Y,인쇄,조회
20190730-4,(주)세우케미칼,E308 [E308] 외 1건,15510000,세금계산서,PE,Y,인쇄,조회
20190730-3,금성포장,고메리 12입(C/T) [570*430*390],324896,세금계산서,PP,Y,인쇄,조회
20190730-2,성보펙,고메리 12입(IN) [410*275*180] 외 1건,1001000,세금계산서,PP,Y,인쇄,조회
20190730-1,(주)태진케미칼,PP가공 [PP가공] 외 1건,12672000,세금계산서,PP,Y,인쇄,조회
20190729-6,백암지관공업사,지관 200 [지관 200＊4＊189] 외 1건,600600,세금계산서,PP,Y,인쇄,조회
20190729-5,금정기획,라벨(아트지도안 타이거팩) 4502 [120*65] 외 3건,616000,세금계산서,PP,Y,인쇄,조회
20190729-4,(주)경남케미칼,UV-NATURAL,528000,세금계산서,PP,Y,인쇄,조회
20190729-3,덕흥수지,PP원료 외 1건,18920000,세금계산서,PP,N,인쇄,조회
20190729-2,성보펙,패드 400 [패드 400＊200 (레드)] 외 1건,2200000,세금계산서,PP,Y,인쇄,조회
20190729-1,(주)동신밴드,PP18MMx 21kg 삼성 [2300M두께0.9mm단중9.1g] 외 1건,16673580,세금계산서,상품,Y,인쇄,조회
20190727-1,백암지관공업사,지관 200 [지관 200＊8＊190] 외 1건,768768,세금계산서,PP,Y,인쇄,조회
20190726-2,롯데케미칼 주식회사,MF5000(PE원료) [MF5000_500KG],19206000,세금계산서,PE,Y,인쇄,조회
20190726-1,(주)제이에스수출포장,팔레트 1380＊920 [1380＊920] 외 1건,37400,세금계산서,PP,Y,인쇄,조회
20190725-3,S-OIL(주)온산공장,HD500-A (O.G) [25KG],16709000,세금계산서,PP,Y,인쇄,조회
20190725-2,파코팩(PACO PACK),PP12M [PP12M／M12.5(백색)],508750,세금계산서,상품,Y,인쇄,조회
20190725-1,(주)경남케미칼,UV-NATURAL 외 3건,1586750,세금계산서,PP,Y,인쇄,조회
20190724-5,S-OIL(주)온산공장,HD500/PP50DW [500KG] 외 1건,17880500,세금계산서,PP,Y,인쇄,조회
20190724-4,백암지관공업사,지관 200 [지관 200＊4＊189] 외 1건,856856,세금계산서,PP,Y,인쇄,조회
20190724-3,백암지관공업사,지관 50 [지관 50＊5＊182],701800,세금계산서,PE,Y,인쇄,조회
20190724-2,(주)제이에스수출포장,팔레트 1100*1100 [1100*1100] 외 4건,163020,세금계산서,PP,Y,인쇄,조회
20190724-1,(주)태진케미칼,PP원료 [PPA],9504000,세금계산서,PP,Y,인쇄,조회
20190723-3,S-OIL(주)온산공장,HD500-A (O.G) [25KG],34100,세금계산서,PP,Y,인쇄,조회
20190723-2,백암지관공업사,지관 200 [지관 200＊4＊189],516516,세금계산서,PP,Y,인쇄,조회
20190723-1,(주)경남케미칼,MB 100B（ [M／B 100B（WHITE）] 외 3건,2040500,세금계산서,PP,Y,인쇄,조회
20190722-5,(주)태진케미칼,PP원료 [PPA],9504000,세금계산서,PP,N,인쇄,조회
20190722-3,(주)태진케미칼,PP원료 [PPA],9504000,세금계산서,PP,N,인쇄,조회
20190722-2,금성포장,PB청 540* (삼성) [540*200],2530000,세금계산서,PP,Y,인쇄,조회
20190722-1,(주)태진케미칼,PP원료 [PPA],9504000,세금계산서,PP,N,인쇄,조회
20190719-4,백암지관공업사,지관 200 [지관 200＊8＊186] 외 1건,1029028,세금계산서,PP,Y,인쇄,조회
20190719-3,백암지관공업사,지관 50 [지관 50＊5＊182],701800,세금계산서,PE,Y,인쇄,조회
20190719-2,금성상회,PP원료(PP특A) [PP T/A],4543000,세금계산서,PP,Y,인쇄,조회
20190719-1,(주)제이에스수출포장,팔레트 1290＊860 [1290＊860] 외 2건,187000,세금계산서,PP,Y,인쇄,조회
20190718-3,(주)동신밴드,PP18MMx 21kg 삼성 [2300M두께0.9mm단중9.1g] 외 1건,9527760,세금계산서,상품,Y,인쇄,조회
20190717-3,(주)영화수출포장,경인팩 2KG [320*190*780],902000,세금계산서,PP,Y,인쇄,조회
20190717-2,(주)경남케미칼,MB 510（B [M／B 510（BLUE）] 외 7건,1412125,세금계산서,PP,Y,인쇄,조회
20190717-1,덕흥수지,PP원료 외 1건,18920000,세금계산서,PP,Y,인쇄,조회
20190716-4,성보펙,스넬 C/T 260* [260*132*263] 외 2건,1761320,세금계산서,PP,Y,인쇄,조회
20190716-3,백암지관공업사,지관 200 [지관 200＊8＊190] 외 1건,684684,세금계산서,PP,Y,인쇄,조회
20190716-2,제이케이머티리얼즈(주)／순성공장,PP원료,13161984,세금계산서,PP,Y,인쇄,조회
20190715-3,롯데케미칼 주식회사,MF5000(PE원료) [MF5000_500KG],9603000,세금계산서,PE,Y,인쇄,조회
20190715-2,S-OIL(주)온산공장,HD500/PP50DW [500KG] 외 1건,33964700,세금계산서,PP,Y,인쇄,조회
20190715-1,금성포장,목형대 [목형대] 외 1건,550000,세금계산서,PP,Y,인쇄,조회
20190712-3,금성상회,PP원료(PP특A) [PP T/A],10124400,세금계산서,PP,Y,인쇄,조회
20190712-2,롯데케미칼 주식회사,MF5000(PE원료) [MF5000_500KG],9603000,세금계산서,PE,Y,인쇄,조회
20190712-1,백암지관공업사,지관 200 [지관 200＊8＊190] 외 1건,684684,세금계산서,PP,Y,인쇄,조회
20190711-2,신도DSL,ST4500토너 [ST4500토너],35200,세금계산서,PP,N,인쇄,조회
20190711-1,금성상회,PP원료 [은색],4290000,세금계산서,PP,Y,인쇄,조회
20190710-5,백암지관공업사,지관 200 [지관 200＊4＊189],344344,세금계산서,PP,Y,인쇄,조회
20190710-4,백암지관공업사,지관 50 [지관 50＊5＊182],701800,세금계산서,PE,Y,인쇄,조회
20190710-3,금성포장,박스 외부 PE (폴리밴드) [320 190 780] 외 1건,698500,세금계산서,PE,Y,인쇄,조회
20190710-2,금성포장,수지대금 [수지대금] 외 1건,660000,세금계산서,PP,Y,인쇄,조회
20190710-1,성신목재,팔레트 1100*1100 [1100*1100] 외 6건,366080,세금계산서,PP,N,인쇄,조회
20190709-1,백암지관공업사,지관 200 [지관 200＊8＊190] 외 1건,768768,세금계산서,PP,Y,인쇄,조회
20190708-3,(주)경남케미칼,MB 100B（ [M／B 100B（WHITE）] 외 6건,2970000,세금계산서,PP,Y,인쇄,조회
20190708-2,금성상회,PP원료 (백색) 외 1건,10824000,세금계산서,PP,Y,인쇄,조회
20190708-1,금정기획,라벨(아트지) [50*30] 외 4건,418000,세금계산서,PP,Y,인쇄,조회
20190705-4,(주)영화수출포장,박스 (#28*6kg 박스) [465 455 255],569250,세금계산서,PE,Y,인쇄,조회
20190705-3,(주)한국바코드시스템,라벨(아트지도안황색) [[86*46 ]] 외 1건,176000,세금계산서,PP,Y,인쇄,조회
20190705-2,지영,팔레트 1100*1100 [1100*1100],1608750,세금계산서,PP,N,인쇄,조회
20190705-1,한국파렛트풀(주),팔레트 1100*1100*120 [1100*1100*120],825000,세금계산서,PP,Y,인쇄,조회
20190704-1,성신목재,팔레트 1100*1100 [1100*1100] 외 12건,811690,세금계산서,PP,N,인쇄,조회
20190703-6,우선산업,반자동 수동밴딩기 8mm [8mm*0.85T*9.5Kg청],1640650,세금계산서,상품,Y,인쇄,조회
20190703-5,백암지관공업사,지관 200 [지관 200＊8＊190] 외 1건,1537536,세금계산서,PP,Y,인쇄,조회
20190703-4,금정기획,라벨(아트지무지)108*50 [[108*50 ]] 외 1건,547250,세금계산서,PP,Y,인쇄,조회
20190703-3,(주)한국바코드시스템,바코드리본 60 [60*300 OUT] 외 1건,165000,세금계산서,PP,Y,인쇄,조회
20190703-1,(주)동신밴드,PP18MMx 21kg 삼성 [2300M두께0.9mm단중9.1g] 외 2건,10917258,세금계산서,상품,Y,인쇄,조회
20190702-4,파코팩(PACO PACK),PP12M [PP12M／M12.5(청)] 외 1건,1933250,세금계산서,상품,Y,인쇄,조회
20190702-3,신도DSL,A4복사용지 [BOX],18700,세금계산서,PP,N,인쇄,조회
20190702-2,백암지관공업사,지관 200 [지관 200＊8＊190] 외 1건,1281280,세금계산서,PP,Y,인쇄,조회
20190702-1,파코팩(PACO PACK),PP12M [PP12M／M10KG(투명)] 외 2건,3256000,세금계산서,상품,N,인쇄,조회
20190701-1,(주)세우케미칼,E308 [E308] 외 1건,15510000,세금계산서,PE,N,인쇄,조회
20190628-3,금성포장,PB청 470*200 (삼성-적색) [470＊200] 외 1건,1826000,세금계산서,PP,Y,인쇄,조회
20190628-2,성보펙,패드 400 [패드 400＊200 (레드)] 외 1건,2200000,세금계산서,PP,Y,인쇄,조회
20190628-1,백암지관공업사,지관 50 [지관 50＊5＊182] 외 1건,1008040,세금계산서,PE,Y,인쇄,조회
20190627-5,(주)영화수출포장,박스 D-28폴리테잎 [760 310 200 (미국수출용/#4.0)],968000,세금계산서,PE,N,인쇄,조회
20190627-4,(주)동신밴드,PP18MMx 21kg 삼성 [2300M두께0.9mm단중9.1g] 외 1건,22438350,세금계산서,상품,N,인쇄,조회
20190627-3,파코팩(PACO PACK),PP12M [PP12M／M10KG(투명)] 외 2건,3256000,세금계산서,PP,Y,인쇄,조회
20190627-2,롯데케미칼 주식회사,MF5000(PE원료) [MF5000_500KG],19602000,세금계산서,PE,Y,인쇄,조회
20190627-1,주식회사 제일CPT,CALPET [CALPET],3861000,세금계산서,PP,Y,인쇄,조회
20190626-4,금성상회,PP원료(PP특A) [PP T/A],11682000,세금계산서,PP,N,인쇄,조회
20190626-3,성보펙,미국박스 [440 200 445] 외 1건,1514260,세금계산서,PP,Y,인쇄,조회
20190626-1,S-OIL(주)온산공장,HD500-A (O.G) [25KG],34226500,세금계산서,PP,N,인쇄,조회
20190625-1,(주)동신밴드,PP18MMx 21kg 삼성 [2300M두께0.9mm단중9.1g] 외 1건,5983560,세금계산서,상품,N,인쇄,조회
20190624-3,S-OIL(주)온산공장,HD500-A (O.G) [25KG],34226500,세금계산서,PP,N,인쇄,조회
20190624-2,파코팩(PACO PACK),PP10.5M [PP10.5M10KG투명],2035000,세금계산서,상품,Y,인쇄,조회
20190624-1,(주)태진케미칼,PP가공 [PP가공],1848000,세금계산서,PP,N,인쇄,조회
20190620-1,금성상회,PP원료(PP특A) [PP T/A],15537060,세금계산서,PP,N,인쇄,조회
20190614-2,(주)동신밴드,PP18MMx 21kg 삼성 [2300M두께0.9mm단중9.1g] 외 2건,26075940,세금계산서,상품,N,인쇄,조회
20190614-1,뿌리장갑상사,면장갑 [면장갑] 외 1건,115500,세금계산서,PP,N,인쇄,조회
20190613-1,TSUKASA CHEMICAL INDUSTRY,PE28mm 2kg [PE28M／M(백)2KG] 외 1건,50824198,수입,상품,N,인쇄,조회
20190610-1,성보펙,고메리 12입(IN) [410*275*180],654500,세금계산서,PP,Y,인쇄,조회
20190605-9,성신목재,아피통 [1100*55*15],82500,세금계산서,PP,N,인쇄,조회
20190605-8,백암지관공업사,지관 50 [지관 50*5*225],38280,세금계산서,PE,Y,인쇄,조회
20190605-7,백암지관공업사,지관 200 [지관 200＊8＊190],256256,세금계산서,PP,Y,인쇄,조회
20190605-6,제이케이머티리얼즈(주)／순성공장,PP원료,3929376,세금계산서,PP,Y,인쇄,조회
20190605-5,코아시스,자동밴딩기 [(자동고상형 / 자동-380L)] 외 1건,2604030,세금계산서,상품,N,인쇄,조회
20190605-4,코아시스,반자동 밴딩기 히타 [Strapack D-53],308000,세금계산서,PP,N,인쇄,조회
20190605-1,(주)경남케미칼,MB 820FL [M／B 820FL（BLACK）],506000,세금계산서,PP,Y,인쇄,조회
20190604-4,S-OIL(주)온산공장,HD500-A (O.G) [25KG] 외 2건,17334625,세금계산서,PP,N,인쇄,조회
20190604-3,성보펙,미국박스 [440 200 445] 외 1건,1195150,세금계산서,PP,Y,인쇄,조회
20190604-2,성보펙,미국박스 [400*200*405],169400,세금계산서,PP,Y,인쇄,조회
20190604-1,동진씨엔피,박스 D-28V폴리테잎 [780*315*205],533500,세금계산서,PE,Y,인쇄,조회
20190603-3,백암지관공업사,지관 50 [지관 50＊5＊182],175450,세금계산서,PE,Y,인쇄,조회
20190603-2,백암지관공업사,지관 406 [지관 406＊6＊155] 외 1건,649803,세금계산서,PP,Y,인쇄,조회
20190603-1,금성상회,PP원료(PP특A) [PP T/A],11033000,세금계산서,PP,Y,인쇄,조회
20190601-1,파코팩(PACO PACK),PP15M [PP15M／M10KG(백색)],880000,세금계산서,상품,Y,인쇄,조회
20190531-5,롯데케미칼 주식회사,MF5000(PE원료) [MF5000_500KG],8167500,세금계산서,PP,Y,인쇄,조회
20190531-4,S-OIL(주)온산공장,HD500/PP50DW [500KG],11968000,세금계산서,PP,Y,인쇄,조회
20190531-3,동원화학수지,PP가공 [PP가공],2398550,세금계산서,PP,N,인쇄,조회
20190531-2,(주)경남케미칼,MB 100B（ [M／B 100B（WHITE）] 외 3건,1240250,세금계산서,PP,Y,인쇄,조회
20190531-1,백암지관공업사,지관 406 [지관 406＊6＊155] 외 1건,1051248,세금계산서,PP,Y,인쇄,조회
20190530-6,성보펙,미국박스 560 [560*170*565] 외 2건,1276000,세금계산서,PP,Y,인쇄,조회
20190530-5,한국파렛트풀(주),팔레트 1100*1100*120 [1100*1100*120],825000,세금계산서,PP,Y,인쇄,조회
20190530-4,성신목재,팔레트 870*1300 [870*1300] 외 1건,18700,세금계산서,PP,Y,인쇄,조회
20190530-3,백암지관공업사,지관 50 [지관 50＊5＊182] 외 1건,164285,세금계산서,PE,Y,인쇄,조회
20190530-2,백암지관공업사,지관 200 [지관 200＊4＊189] 외 2건,1543960,세금계산서,PP,Y,인쇄,조회
20190530-1,성보펙,고메리 12입(IN) [410*275*180] 외 1건,1930500,세금계산서,PP,Y,인쇄,조회
20190529-3,(주)동신밴드,PP18MMx 21kg 삼성 [2300M두께0.9mm단중9.1g] 외 1건,26926020,세금계산서,상품,Y,인쇄,조회
20190529-2,성신목재,팔레트 1160*1160 [1160*1160] 외 6건,755700,세금계산서,PP,Y,인쇄,조회
20190529-1,금정기획,라벨(아트지도안) NSM738WH [140*70] 외 7건,352000,세금계산서,PP,Y,인쇄,조회
20190528-2,(주)경남케미칼,MB 7308 [M／B 7308],251680,세금계산서,PP,Y,인쇄,조회
20190528-1,백암지관공업사,지관 406 [지관 406＊6＊155],430848,세금계산서,PP,Y,인쇄,조회
20190527-2,(주)경남케미칼,MB 100B（ [M／B 100B（WHITE）] 외 2건,1190750,세금계산서,PP,Y,인쇄,조회
20190527-1,두산전동지게차,BR리치실린더 수리,165000,세금계산서,PP,Y,인쇄,조회
20190524-4,세영전열,히터 [260*150 38w] 외 5건,420200,카드,PP,Y,인쇄,조회
20190524-3,백암지관공업사,지관 200 [지관 200＊8＊186] 외 1건,1064448,세금계산서,PP,Y,인쇄,조회
20190524-2,덕흥수지,PP원료 외 1건,18920000,세금계산서,PP,Y,인쇄,조회
20190524-1,성보펙,패드 400 [패드 400＊200 (레드)] 외 1건,1567500,세금계산서,PP,Y,인쇄,조회
20190523-1,(주)세우케미칼,E308 [E308],9570000,세금계산서,PE,Y,인쇄,조회
20190522-4,에어팩코리아,에어백 APK-1018 (1000*1800) [에어백 1000*1800] 외 1건,325600,세금계산서,PP,Y,인쇄,조회
20190522-3,금성상회,PP원료(PP특A) [PP T/A],11682000,세금계산서,PP,Y,인쇄,조회
20190522-2,도영기계,축제작 외 1건,572000,세금계산서,PP,Y,인쇄,조회
20190522-1,도영기계,판넬 외 5건,9746000,세금계산서,PP,Y,인쇄,조회
20190521-6,성신목재,팔레트 1440*830 [1440*830] 외 3건,224400,세금계산서,PP,Y,인쇄,조회
20190521-5,백암지관공업사,지관 200 [지관 200＊8＊190],1064448,세금계산서,PP,Y,인쇄,조회
20190521-4,(주)세우케미칼,E308 [E308],6380000,세금계산서,PE,Y,인쇄,조회
20190521-3,주식회사 제일CPT,CALPET [CALPET],1287000,세금계산서,PP,Y,인쇄,조회
20190521-2,제이케이머티리얼즈(주)／순성공장,PP원료,16785736,세금계산서,PP,Y,인쇄,조회
20190521-1,(주)경남케미칼,MB 605（G [M／B 605（GREEN）] 외 5건,1306250,세금계산서,PP,Y,인쇄,조회
20190520-2,백암지관공업사,지관 200 [지관 200＊8＊186] 외 1건,883344,세금계산서,PP,Y,인쇄,조회
20190517-2,파코팩(PACO PACK),동판비 [동판비],143000,세금계산서,PP,Y,인쇄,조회
20190517-1,파코팩(PACO PACK),"12 x 3,000M 0.63T White w/EST 84 Black printed [12 x 3,000M 0.63T White w/EST 84 Black printed] 외 1건",5410800,영세율,PP,Y,인쇄,조회
20190516-6,창미포장기계,수축필름(시맥스) 15인치-타공 [15인치x1332mx0.015T (sanyu 포장)],125400,세금계산서,PP,Y,인쇄,조회
20190516-5,성신목재,팔레트 1100*1100 [1100*1100] 외 3건,145640,세금계산서,PP,Y,인쇄,조회
20190516-4,S-OIL(주)온산공장,HD500-A (O.G) [25KG],23413500,세금계산서,PP,Y,인쇄,조회
20190516-3,S-OIL(주)온산공장,HD500-A (O.G) [25KG],11174625,세금계산서,PP,Y,인쇄,조회
20190516-2,금성상회,PP원료(PP특A) [PP T/A] 외 1건,16082000,세금계산서,PP,Y,인쇄,조회
20190516-1,백암지관공업사,지관 200 [지관 200＊8＊186] 외 1건,799260,세금계산서,PP,Y,인쇄,조회
20190515-6,전열사,히터 [380v 1.5w 앞면],1050500,세금계산서,PP,Y,인쇄,조회
20190515-5,(주)경남케미칼,MB 100B（ [M／B 100B（WHITE）] 외 2건,1182500,세금계산서,PP,Y,인쇄,조회
20190515-4,두성엔지니어링,밴드 가이드 브라켓트 [5m/m Type] 외 8건,654500,세금계산서,PP,Y,인쇄,조회
20190515-3,영창프라스틱,STOPPER 50 PCS [STOPPER 50 PCS 투명],1959313,영세율,상품,Y,인쇄,조회
20190515-2,S-OIL(주)온산공장,HD500/PP50DW [500KG],3740000,세금계산서,PP,Y,인쇄,조회
20190515-1,S-OIL(주)온산공장,HD500/PP50DW [500KG],11220000,세금계산서,PP,Y,인쇄,조회
20190514-1,성보펙,무인쇄톰슨접착 460 [460*130*460] 외 1건,725560,세금계산서,PP,Y,인쇄,조회
20190513-3,(주)경남케미칼,MB 820FL [M／B 820FL（BLACK）] 외 1건,803000,세금계산서,PP,Y,인쇄,조회
20190513-2,백암지관공업사,지관 200 [지관 200＊4＊186] 외 2건,1035342,세금계산서,PP,Y,인쇄,조회
20190513-1,광림파워팩,OPP-TAPE [OPP-TAPE 48＊50],107250,세금계산서,PE,Y,인쇄,조회
20190510-3,주식회사 케이피엠,스트레치필름(기능 핸드랩) [12* 500mm *400m],2739010,세금계산서,상품,N,인쇄,조회
20190510-2,샘(SAEM),PE28mm 2kg [PE28M／M(백)2KG] 외 1건,0,세금계산서,상품,N,인쇄,조회
20190510-1,백암지관공업사,지관 200 [지관 200＊8＊186] 외 1건,799260,세금계산서,PP,Y,인쇄,조회
20190509-4,금성포장,고메리 12입(C/T) [570*430*390] 외 4건,864050,세금계산서,PP,Y,인쇄,조회
20190509-3,성신목재,팔레트 1050＊1050 [1050＊1050] 외 5건,202180,세금계산서,PP,Y,인쇄,조회
20190509-2,동진씨엔피,박스 DF [480 320 380],467500,세금계산서,PE,Y,인쇄,조회
20190509-1,성보펙,패드 400 [패드 400＊200 (레드)] 외 1건,1375000,세금계산서,PP,Y,인쇄,조회
20190508-2,코아시스,밴딩기 A/S [강원농협],440000,세금계산서,PP,Y,인쇄,조회
20190508-1,백암지관공업사,지관 200 [지관 200＊8＊190] 외 1건,959343,세금계산서,PP,Y,인쇄,조회
20190507-4,S-OIL(주)온산공장,HD500-A (O.G) [25KG],34765500,세금계산서,PP,Y,인쇄,조회
20190507-3,성보펙,패드 430 [패드 430＊200 (무지)] 외 2건,1485000,세금계산서,PP,Y,인쇄,조회
20190507-2,도영기계,고무로라연마 [연마] 외 4건,1738000,세금계산서,PP,Y,인쇄,조회
20190507-1,백암지관공업사,지관 200 [지관 200＊8＊186] 외 1건,1064448,세금계산서,PP,Y,인쇄,조회
20190502-3,(주)경남케미칼,MB 307 [M／B 307 Yellow] 외 3건,1584000,세금계산서,PP,Y,인쇄,조회
20190502-2,(주)서은에프에이,볼베아링 [UCP208] 외 3건,173514,세금계산서,PP,Y,인쇄,조회
20190430-4,(주)동신밴드,PP18MMx 21kg 삼성 [2300M두께0.9mm단중9.1g] 외 1건,25928100,세금계산서,상품,Y,인쇄,조회
20190430-3,백암지관공업사,지관 200 [지관 200＊8＊186] 외 1건,1064448,세금계산서,PP,Y,인쇄,조회
20190430-2,(주)태진케미칼,PP원료 [PPA],9504000,세금계산서,PP,Y,인쇄,조회
20190430-1,TSUKASA CHEMICAL INDUSTRY,PE28mm 2kg [PE28M／M(백)2KG] 외 1건,50351160,수입,상품,Y,인쇄,조회
20190429-1,두성엔지니어링,L Type 타이밍 [풀리가공10T],275000,세금계산서,PP,Y,인쇄,조회
20190426-4,성보펙,패드 430 [패드 430＊200 (무지)] 외 2건,1489400,세금계산서,PP,Y,인쇄,조회
20190426-3,(주)경남케미칼,MB 307 [M／B 307 Yellow] 외 1건,998250,세금계산서,PP,Y,인쇄,조회
20190426-2,백암지관공업사,지관 50 [지관 50＊5＊182],701800,세금계산서,PE,Y,인쇄,조회
20190426-1,백암지관공업사,지관 200 [지관 200＊8＊186] 외 1건,1025024,세금계산서,PP,Y,인쇄,조회
20190425-3,롯데케미칼 주식회사,Y-130 (PP원료) [500KG],18744000,세금계산서,PP,Y,인쇄,조회
20190425-2,롯데케미칼 주식회사,MF5000(PE원료) [MF5000_500KG],8167500,세금계산서,PP,Y,인쇄,조회
20190425-1,금성상회,PP원료(PP특A) [PP T/A],11682000,세금계산서,PP,Y,인쇄,조회
20190424-1,우선산업,반자동 수동밴딩기 8mm [8mm*0.85T*9.5Kg청],1640650,세금계산서,상품,Y,인쇄,조회
20190423-5,S-OIL(주)온산공장,HD500-A (O.G) [25KG],34226500,세금계산서,PP,Y,인쇄,조회
20190423-4,제이케이머티리얼즈(주)／순성공장,PP원료,15021864,세금계산서,PP,Y,인쇄,조회
20190423-3,도영기계,"기계다이(철판) [어나어링,설치,로라] 외 3건",5610000,세금계산서,PP,Y,인쇄,조회
20190423-2,덕흥수지,PP원료 외 1건,18678000,세금계산서,PP,Y,인쇄,조회
20190423-1,(주)경남케미칼,MB 100B（ [M／B 100B（WHITE）] 외 3건,1603250,세금계산서,PP,Y,인쇄,조회
20190419-2,백암지관공업사,지관 200 [지관 200＊4＊189],688688,세금계산서,PP,Y,인쇄,조회
20190419-1,백암지관공업사,지관 50 [지관 50＊5＊182],701800,세금계산서,PE,Y,인쇄,조회
20190418-2,대림산업(주)전주공장,PP원료 [대림 A],31864800,세금계산서,PP,Y,인쇄,조회
20190418-1,두성엔지니어링,밴드노즐가공2.5*60L*2EA [38*70*366L] 외 1건,1760000,세금계산서,PP,Y,인쇄,조회
20190417-5,대림산업(주)전주공장,PP원료 [대림 A],31864800,세금계산서,PP,Y,인쇄,조회
20190417-4,성보펙,패드 400 [패드 400＊200 (레드)],715000,세금계산서,PP,Y,인쇄,조회
20190417-3,광진,압출기 로타리 조인트 [좌우세트],220000,세금계산서,PP,Y,인쇄,조회
20190417-2,파코팩(PACO PACK),"12 x 3,000M 0.60T White w/Blue Midfield Meat International Pty Ltd EST 180 printed [12x3,000M 0.60T 백색 (M",3628800,영세율,PP,Y,인쇄,조회
20190417-1,백암지관공업사,지관 200 [지관 200＊8＊190],1064448,세금계산서,PP,Y,인쇄,조회
20190416-3,금성상회,PP원료(PP특A) [PP T/A],7788000,세금계산서,PP,Y,인쇄,조회
20190416-2,(주)성일테크,압출기체인 [OCM RS050-2R],77000,세금계산서,PP,Y,인쇄,조회
20190416-1,금성상회,PP원료 (백색),6237000,세금계산서,PP,Y,인쇄,조회
20190415-2,성은산업,수축필름 [220*145 (고메리)],1100000,세금계산서,PP,Y,인쇄,조회
20190415-1,백암지관공업사,지관 200 [지관 200＊4＊189],715176,세금계산서,PP,Y,인쇄,조회
20190412-3,삼보팩,고메리 12입(C/T) [570*430*390],350900,세금계산서,PP,Y,인쇄,조회
20190412-2,주식회사 케이피엠,스트레치랩(일반 기계랩) [25*500mm*1400m],7290140,세금계산서,상품,Y,인쇄,조회
20190412-1,유진산업,PE28mm 1.8kg [PE28M／M(백) 1.8KG] 외 6건,52869132,세금계산서,상품,Y,인쇄,조회
20190411-3,백암지관공업사,지관 200 [지관 200＊8＊186] 외 1건,1064448,세금계산서,PP,Y,인쇄,조회
20190411-2,제이케이머티리얼즈(주)／순성공장,PP원료,32388642,세금계산서,PP,Y,인쇄,조회
20190411-1,성보펙,패드 430 [패드 430＊200 (무지)] 외 1건,1056000,세금계산서,PP,Y,인쇄,조회
20190410-3,(주)한온,OPP-TAPE [OPP-TAPE 50＊50] 외 2건,176000,세금계산서,PE,Y,인쇄,조회
20190410-2,(주)경남케미칼,MB 100B（ [M／B 100B（WHITE）] 외 2건,1331000,세금계산서,PP,Y,인쇄,조회
20190410-1,두성엔지니어링,밴드노즐가공 4호기 [1.6*63*3EA] 외 1건,555500,세금계산서,PP,Y,인쇄,조회
20190409-4,백암지관공업사,지관 200 [지관 200＊4＊189] 외 1건,896280,세금계산서,PP,Y,인쇄,조회
20190409-3,성신목재,팔레트 1100*1100 [1100*1100] 외 4건,386100,세금계산서,PP,Y,인쇄,조회
20190409-2,삼보팩,PB청 540* (삼성) [540*200],844800,세금계산서,PP,Y,인쇄,조회
20190409-1,한국파렛트풀(주),팔레트 1100*1100*120 [1100*1100*120],825000,세금계산서,PP,Y,인쇄,조회
20190405-4,금성상회,PP원료(PP특A) [PP T/A],11682000,세금계산서,PP,Y,인쇄,조회
20190405-3,대양스트랩(주),PET 19mm x 1.0T x 780m [PET 19mm x 1.0T x 780m Embossed (검정)] 외 1건,316800,세금계산서,상품,Y,인쇄,조회
20190405-2,우양,벨트 [V-Belt A40] 외 3건,164824,세금계산서,PP,Y,인쇄,조회
20190405-1,성신목재,팔레트 1100*1100 [1100*1100] 외 5건,332640,세금계산서,PP,Y,인쇄,조회
20190404-1,(주)디에스아이,반자동밴딩기 [대만제 저상형],649000,세금계산서,상품,Y,인쇄,조회
20190403-2,(주)경남케미칼,UV-NATURAL 외 2건,1509750,세금계산서,PP,Y,인쇄,조회
20190403-1,도영기계,샤프트촉제작 외 5건,2211000,세금계산서,PP,Y,인쇄,조회
20190402-3,S-OIL(주)온산공장,HD500-A (O.G) [25KG],34226500,세금계산서,PP,Y,인쇄,조회
20190402-2,백암지관공업사,지관 50 [지관 50*5*225],421080,세금계산서,PE,Y,인쇄,조회
20190402-1,백암지관공업사,지관 200 [지관 200＊8＊186],768768,세금계산서,PP,Y,인쇄,조회
20190401-6,금성상회,PP원료 (백색),5544000,세금계산서,PP,Y,인쇄,조회
20190401-5,백암지관공업사,지관 200 [지관 200＊8＊190] 외 1건,1113112,세금계산서,PP,Y,인쇄,조회
20190401-4,태진공사,공구및 페인트,105600,카드,PP,Y,인쇄,조회
20190401-3,(주)서은에프에이,볼베아링 [6004zz] 외 1건,27720,카드,PP,Y,인쇄,조회
20190401-2,(주)서은에프에이,볼베아링 [ss6209zz] 외 4건,364672,카드,PP,Y,인쇄,조회
20190401-1,삼보팩,PB청 470*200 (삼성-적색) [470＊200],627000,세금계산서,PP,Y,인쇄,조회
20190329-3,(주)태진케미칼,PP가공 [PP가공],2986500,세금계산서,PP,Y,인쇄,조회
20190329-2,우성에퍼트코리아(서울사무소),윤활유 [BR#46],143000,세금계산서,PP,Y,인쇄,조회
20190329-1,성보펙,PP청 450*(광림) [450*200] 외 1건,915200,세금계산서,PP,Y,인쇄,조회
20190328-5,S-OIL(주)온산공장,HD500/PP50DW [500KG],14300000,세금계산서,PP,Y,인쇄,조회
20190328-4,S-OIL(주)온산공장,HD500/PP50DW [500KG],14300000,세금계산서,PP,Y,인쇄,조회
20190328-3,진흥산업,폴리백 57*58 [폴리백 57*58] 외 1건,2719200,세금계산서,PE,Y,인쇄,조회
20190328-2,백암지관공업사,지관 50 [지관 50＊5＊182],1403600,세금계산서,PE,Y,인쇄,조회
20190328-1,백암지관공업사,지관 406 [지관 406＊6＊155] 외 2건,859276,세금계산서,PP,Y,인쇄,조회
20190327-3,성보펙,패드 400 [패드 400＊200 (레드)],715000,세금계산서,PP,Y,인쇄,조회
20190327-2,성신목재,팔레트 1200*1200 [1200*1200] 외 1건,79200,세금계산서,PP,Y,인쇄,조회
20190327-1,금성상회,PP원료(PP특A) [PP T/A],6490000,세금계산서,PP,Y,인쇄,조회
20190326-5,백암지관공업사,지관 200 [지관 200＊8＊190],1064448,세금계산서,PP,Y,인쇄,조회
20190326-4,백암지관공업사,지관 406 [지관 406＊6＊155],430848,세금계산서,PP,Y,인쇄,조회
20190326-3,금정기획,라벨(아트지무지)108*50 [[108*50 ]],286000,세금계산서,PP,Y,인쇄,조회
20190326-2,(주)디에스아이,PP밴딩기 부속 [12mm슈터] 외 4건,54120,세금계산서,상품,Y,인쇄,조회
20190326-1,제이케이머티리얼즈(주)／순성공장,PP원료,3691116,세금계산서,PP,Y,인쇄,조회
20190325-8,두성엔지니어링,밴드노즐와이어수정 [기장및 코너] 외 1건,357500,세금계산서,PP,Y,인쇄,조회
20190325-7,(주)경남케미칼,MB 307 [M／B 307 Yellow] 외 1건,1034000,세금계산서,PP,Y,인쇄,조회
20190325-6,백암지관공업사,지관 200 [지관 200＊8＊186] 외 1건,1064448,세금계산서,PP,Y,인쇄,조회
20190325-5,대림산업(주)전주공장,PP원료 [대림 A],31680000,세금계산서,PP,Y,인쇄,조회
20190325-4,롯데케미칼 주식회사,MF6000H(PE원료) [25KG],0,세금계산서,PE,Y,인쇄,조회
20190325-3,롯데케미칼 주식회사,MF5000SB(PE O.G) [25KG],13216500,세금계산서,PE,Y,인쇄,조회
20190325-2,주식회사 제일CPT,CALPET [CALPET],3861000,세금계산서,PP,Y,인쇄,조회
20190325-1,성신목재,팔레트 1200*1200 [1200*1200] 외 1건,138600,세금계산서,PP,Y,인쇄,조회
20190322-1,TSUKASA CHEMICAL INDUSTRY,PE50mm 2kg [PE50M／M(백)2KG] 외 1건,24348036,수입,상품,Y,인쇄,조회
20190321-3,성보펙,패드 400 [패드 400＊200 (레드)],429000,세금계산서,PP,Y,인쇄,조회
20190321-2,(주)영화수출포장,포리밴드 DF50 [470*460*205],1111000,세금계산서,PE,Y,인쇄,조회
20190321-1,진영프라스틱,PP 은색 [PP 은색] 외 1건,11385000,세금계산서,PP,Y,인쇄,조회
20190320-1,진영프라스틱,PP 은색 [PP 은색],1760000,세금계산서,PP,Y,인쇄,조회
20190319-4,성보펙,고메리 2입(IN) [445*440*410] 외 1건,1309990,세금계산서,PP,Y,인쇄,조회
20190319-3,성신목재,팔레트 1290＊860 [1290＊860] 외 4건,260480,세금계산서,PP,Y,인쇄,조회
20190319-2,대림산업(주)전주공장,PP원료 [대림 A],31680000,세금계산서,PP,Y,인쇄,조회
20190319-1,백암지관공업사,지관 200 [지관 200＊8＊190],1064448,세금계산서,PP,Y,인쇄,조회
20190318-7,롯데케미칼 주식회사,MF5000SB(PE O.G) [25KG],2937000,세금계산서,PE,Y,인쇄,조회
20190318-6,롯데케미칼 주식회사,MF5000(PE원료) [MF5000_500KG],4900500,세금계산서,PE,Y,인쇄,조회
20190318-5,롯데케미칼 주식회사,MF6000(PE원료) [MF6000_25KG],0,세금계산서,PE,Y,인쇄,조회
20190318-4,삼환강업(주),STEEL 19MMx0.80MM ZINC COATED HT ROPE [STEEL 19MMx0.80MM ZINC COATED HT ROPE],5903289,영세율,상품,Y,인쇄,조회
20190318-3,백암지관공업사,지관 200 [지관 200＊8＊186] 외 1건,600600,세금계산서,PP,Y,인쇄,조회
20190318-2,백암지관공업사,지관 50 [지관 50＊5＊182],701800,세금계산서,PE,Y,인쇄,조회
20190318-1,파코팩(PACO PACK),PP15M [PP15M／M10KG(자동용인쇄밴드)] 외 1건,1925000,세금계산서,PE,Y,인쇄,조회
20190315-3,삼보팩,파워팩 4506 [430*130*430] 외 1건,1143087,세금계산서,PP,Y,인쇄,조회
20190315-2,(주)한국바코드시스템,라벨(아트지도안청색) [[86*46 ]] 외 3건,539000,세금계산서,PP,Y,인쇄,조회
20190315-1,(주)동신밴드,PP18MMx 21kg 삼성 [2300M두께0.9mm단중9.1g] 외 1건,25595460,세금계산서,상품,Y,인쇄,조회
20190314-3,금성상회,PP원료(PP특A) [PP T/A],6490000,세금계산서,PP,Y,인쇄,조회
20190314-2,뿌리장갑상사,면장갑 [면장갑] 외 2건,149600,세금계산서,PP,Y,인쇄,조회
20190314-1,(주)경남케미칼,MB 307 [M／B 307 Yellow],644875,세금계산서,PP,Y,인쇄,조회
20190313-3,삼보팩,고메리 2입 (C/T) [450*445*400] 외 1건,1150710,세금계산서,PP,Y,인쇄,조회
20190313-2,백암지관공업사,지관 200 [지관 200＊4＊189] 외 1건,896280,세금계산서,PP,Y,인쇄,조회
20190313-1,백암지관공업사,지관 200 [지관 200＊8＊186] 외 1건,1064448,세금계산서,PP,Y,인쇄,조회
20190312-2,성보펙,PP청 400*(광림) [400*200] 외 1건,775500,세금계산서,PP,Y,인쇄,조회
20190312-1,(주)경남케미칼,MB 510-2 [M／B 510-2 (BLUE)] 외 3건,1886500,세금계산서,PP,Y,인쇄,조회
20190308-4,성신목재,팔레트 1100*1100 [1100*1100] 외 4건,204380,세금계산서,PP,Y,인쇄,조회
20190308-3,동진씨엔피,박스 D-28폴리테잎 [760 310 205 (미국수출용/#4.0)] 외 5건,4035955,세금계산서,PE,Y,인쇄,조회
20190308-2,파코팩(PACO PACK),"12 x 3,000M 0.60T Clear w/Talleys Red printed [12 x 3,000M 0.60T Clear w/Talleys Red printed] 외 4건",3885000,영세율,PP,Y,인쇄,조회
20190308-1,제이케이머티리얼즈(주)／순성공장,PP원료,24864840,세금계산서,PP,Y,인쇄,조회
20190307-4,S-OIL(주)온산공장,HD500-A (O.G) [25KG],33418000,세금계산서,PP,Y,인쇄,조회
20190307-3,광일벨트,벨트 교환 [A-36] 외 3건,37400,세금계산서,PP,Y,인쇄,조회
20190307-2,도영기계,"로라코팅 [로라코팅 ""대,소""] 외 2건",891000,세금계산서,PP,Y,인쇄,조회
20190307-1,백암지관공업사,지관 200 [지관 200＊8＊190] 외 1건,1064448,세금계산서,PP,Y,인쇄,조회
20190306-8,금정기획,모조지 STICKER [모조지 STICKER],165000,세금계산서,PP,Y,인쇄,조회
20190306-7,금성상회,PP원료(PP특A) [PP T/A],6490000,세금계산서,PP,Y,인쇄,조회
20190306-6,S-OIL(주)온산공장,HD500-A (O.G) [25KG],33418000,세금계산서,PP,Y,인쇄,조회
20190306-5,성보펙,고메리 12입(IN) [410*275*180] 외 1건,1210000,세금계산서,PP,Y,인쇄,조회
20190306-4,우성에퍼트코리아(서울사무소),윤활유 [BR#46],143000,세금계산서,PP,Y,인쇄,조회
20190306-3,중앙기획,동판비 [동판비] 외 1건,104500,세금계산서,PP,Y,인쇄,조회
20190306-2,백암지관공업사,지관 50 [지관 50＊5＊182],701800,세금계산서,PE,Y,인쇄,조회
20190305-2,삼보팩,파워팩 4500 C/T 320 [320*130*320] 외 6건,1807465,세금계산서,PP,Y,인쇄,조회
20190305-1,백암지관공업사,지관 200 [지관 200＊4＊189],519827,세금계산서,PP,Y,인쇄,조회
20190304-3,(주)동신밴드,PP18MM 10kg (투명)수동밴드 [PP18MM (투명) 단위중량12.5g 두께 1.1-1.2T 지관포함 10KG] 외 2건,2222880,세금계산서,상품,Y,인쇄,조회
20190304-2,(주)경남케미칼,MB 510-2 [M／B 510-2 (BLUE)] 외 2건,1562000,세금계산서,PP,Y,인쇄,조회
20190304-1,백암지관공업사,지관 406 [지관 406＊6＊155] 외 1건,579392,세금계산서,PP,Y,인쇄,조회
20190228-4,백암지관공업사,지관 406 [지관 406＊6＊155],359040,세금계산서,PP,Y,인쇄,조회
20190228-3,백암지관공업사,지관 50 [지관 50＊5＊182],701800,세금계산서,PE,Y,인쇄,조회
20190228-2,롯데케미칼 주식회사,MF5000(PE원료) [MF5000_500KG],19206000,세금계산서,PE,Y,인쇄,조회
20190228-1,성신목재,팔레트 1100*1100 [1100*1100] 외 3건,197780,세금계산서,PP,Y,인쇄,조회
20190227-2,백암지관공업사,지관 200 [지관 200＊4＊189] 외 2건,896280,세금계산서,PP,Y,인쇄,조회
20190227-1,금성상회,PP원료(PP특A) [PP T/A],5841000,세금계산서,PP,Y,인쇄,조회
20190226-2,(주)태진케미칼,PP가공 [PP가공],2112000,세금계산서,PP,Y,인쇄,조회
20190226-1,성보펙,패드 400 [패드 400＊200 (레드)] 외 1건,1485000,세금계산서,PP,Y,인쇄,조회
20190225-5,S-OIL(주)온산공장,HD500/PP50DW [500KG],16764000,세금계산서,PP,Y,인쇄,조회
20190225-4,동명상사,소모품 [방진마스크],35200,카드,PP,Y,인쇄,조회
20190225-3,백암지관공업사,지관 406 [지관 406＊6＊155] 외 2건,1416624,세금계산서,PP,Y,인쇄,조회
20190225-2,파코팩(PACO PACK),인쇄11mm x 0.70T x 1000m [화폐밴딩끈 지관200x190] 외 2건,7082900,세금계산서,PP,Y,인쇄,조회
20190225-1,대림산업(주)전주공장,PP원료 [대림 A],31759200,세금계산서,PP,Y,인쇄,조회
20190222-1,한국파렛트풀(주),팔레트 1100*1100*120 [1100*1100*120],825000,세금계산서,PP,Y,인쇄,조회
20190221-3,금성상회,PP원료 (백색),11088000,세금계산서,PP,Y,인쇄,조회
20190221-2,성신목재,목재 1000 [1000*100*80],19800,세금계산서,PP,Y,인쇄,조회
20190221-1,(주)경남케미칼,MB 510-2 [M／B 510-2 (BLUE)] 외 2건,2205500,세금계산서,PP,Y,인쇄,조회
20190220-8,금성상회,PP원료(PP특A) [PP T/A],3795000,세금계산서,PP,Y,인쇄,조회
20190220-6,현대중기부품,지게차부품 [51HU-00080 반사판#(30B-9)],33550,세금계산서,PP,Y,인쇄,조회
20190220-5,삼보팩,패드 310 [패드 310＊200 (레드)] 외 2건,1280950,세금계산서,PP,Y,인쇄,조회
20190220-4,지영,팔레트 1100*1100 [1100*1100],2145000,세금계산서,PP,Y,인쇄,조회
20190220-3,진영프라스틱,PP원료 (백색) 외 1건,13090000,세금계산서,PP,Y,인쇄,조회
20190220-2,파코팩(PACO PACK),PP12M [PP12M／M10KG(황)] 외 1건,1777600,세금계산서,PP,Y,인쇄,조회
20190220-1,성우중공업(주),전동핸드카 [비상스위치] 외 3건,231000,세금계산서,PP,Y,인쇄,조회
20190219-1,백암지관공업사,지관 200 [지관 200＊8＊186] 외 2건,967428,세금계산서,PP,Y,인쇄,조회
20190218-5,(주)태진케미칼,PP가공 [PP가공],2788500,세금계산서,PP,Y,인쇄,조회
20190218-4,성보펙,미국박스 580 [580*170*580] 외 3건,1408110,세금계산서,PP,Y,인쇄,조회
20190218-3,제이케이머티리얼즈(주)／순성공장,PP원료,3904384,세금계산서,PP,Y,인쇄,조회
20190218-2,두성엔지니어링,밴드노즐와이어가공 [수정(코너구배)],330000,세금계산서,PP,Y,인쇄,조회
20190218-1,덕흥수지,PP원료,20130000,세금계산서,PP,Y,인쇄,조회
20190215-5,S-OIL(주)온산공장,HD500-A (O.G) [25KG],31531500,세금계산서,PP,Y,인쇄,조회
20190215-4,백암지관공업사,지관 200 [지관 200＊8＊186] 외 1건,1064448,세금계산서,PP,Y,인쇄,조회
20190215-3,호성수출포장,OPP-TAPE [OPP-TAPE 25＊50] 외 2건,283800,세금계산서,PP,Y,인쇄,조회
20190215-2,시온전기,공구 소모품 [갓등 32] 외 2건,64200,카드,PP,Y,인쇄,조회
20190215-1,삼영계전,"공구 소모품 [에어건,에어호스] 외 1건",39050,카드,PP,Y,인쇄,조회
20190213-9,성신목재,팔레트 1050＊1050 [1050＊1050] 외 10건,699160,세금계산서,PP,Y,인쇄,조회
20190213-8,도영기계,로라제작 [로라제작] 외 2건,2915000,세금계산서,PP,Y,인쇄,조회
20190213-7,(주)태진케미칼,PP가공 [PP가공],3168000,세금계산서,PP,Y,인쇄,조회
20190213-6,백암지관공업사,지관 200 [지관 200＊8＊186] 외 1건,1064448,세금계산서,PP,Y,인쇄,조회
20190213-5,삼보팩,패드 420 [패드 420＊200 (적색패드)] 외 1건,762855,세금계산서,PP,Y,인쇄,조회
20190213-4,성보펙,패드 400 [패드 400＊200 (레드)] 외 1건,1144000,세금계산서,PP,Y,인쇄,조회
20190213-3,주식회사 케이피엠,스트레치필름(기능 핸드랩) [15*500mm*350m] 외 1건,4492827,세금계산서,상품,Y,인쇄,조회
20190213-2,(주)경남케미칼,MB 100B（ [M／B 100B（WHITE）] 외 1건,1397000,세금계산서,PP,Y,인쇄,조회
20190213-1,(주)동신밴드,PP18MMx 21kg 삼성 [2300M두께0.9mm단중9.1g] 외 1건,25761780,세금계산서,상품,Y,인쇄,조회
20190212-3,(주)세우케미칼,E308 [E308],39875000,세금계산서,PE,Y,인쇄,조회
20190212-2,대성EXT,DX9(온도기),154000,세금계산서,PP,Y,인쇄,조회
20190212-1,금성상회,PP원료(PP특A) [PP T/A],12980000,세금계산서,PP,Y,인쇄,조회
20190211-3,롯데케미칼 주식회사,MF5000SA(PE O.G) [25KG],7601000,세금계산서,PE,Y,인쇄,조회
20190211-2,롯데케미칼 주식회사,5000S(PE원료) 외 1건,32010000,세금계산서,PE,Y,인쇄,조회
20190211-1,백암지관공업사,지관 200 [지관 200＊8＊186] 외 1건,799260,세금계산서,PP,Y,인쇄,조회
20190208-3,파코팩(PACO PACK),PP15M [PP15M／M10KG(백색)],880000,세금계산서,상품,Y,인쇄,조회
20190208-2,금성상회,PP원료(PP특A) [PP T/A],4543000,세금계산서,PP,Y,인쇄,조회
20190208-1,(주)경남케미칼,MB 820FL [M／B 820FL（BLACK）],759000,세금계산서,PP,Y,인쇄,조회
20190207-4,S-OIL(주)온산공장,HD500-A (O.G) [25KG],31531500,세금계산서,PP,Y,인쇄,조회
20190207-3,(주)경남케미칼,MB 100B（ [M／B 100B（WHITE）],594000,세금계산서,PP,Y,인쇄,조회
20190207-2,우성에퍼트코리아(서울사무소),윤활유 [BR#46],286000,세금계산서,PP,Y,인쇄,조회
20190207-1,동명상사,소모품 [장갑3M] 외 1건,11000,카드,PP,Y,인쇄,조회
20190201-2,백암지관공업사,지관 200 [지관 200＊8＊190],768768,세금계산서,PP,Y,인쇄,조회
20190201-1,백암지관공업사,지관 50 [지관 50＊5＊182],701800,세금계산서,PE,Y,인쇄,조회
20190131-4,성보펙,패드 450 [패드 450＊200] 외 3건,1003420,세금계산서,PP,Y,인쇄,조회
20190131-3,롯데케미칼 주식회사,MF5000(PE원료) [MF5000_500KG],19206000,세금계산서,PE,Y,인쇄,조회
20190131-2,(주)경남케미칼,MB 100B（ [M／B 100B（WHITE）],297000,세금계산서,PP,Y,인쇄,조회
20190131-1,백암지관공업사,지관 200 [지관 200＊4＊189],715176,세금계산서,PP,Y,인쇄,조회
20190130-1,성신목재,팔레트 1100*1100 [1100*1100] 외 3건,407440,세금계산서,PP,Y,인쇄,조회
20190129-6,금성상회,PP원료(PP특A) [PP T/A],12980000,세금계산서,PP,Y,인쇄,조회
20190129-5,금정기획,라벨(아트지도안) NSM750W [140*70] 외 2건,176000,세금계산서,PP,Y,인쇄,조회
20190129-4,백암지관공업사,지관 200 [지관 200＊8＊190] 외 1건,799260,세금계산서,PP,Y,인쇄,조회
20190129-3,(주)동신밴드,스트레치필름(일반 기계랩) [25*500mm*1400m] 외 1건,2132240,세금계산서,상품,Y,인쇄,조회
20190129-2,주식회사 제일CPT,CALPET [CALPET],3861000,세금계산서,PP,Y,인쇄,조회
20190129-1,삼보팩,타이거팩 4501 C/T 350 [350*130*350],320100,세금계산서,PP,Y,인쇄,조회
20190128-4,제이케이머티리얼즈(주)／순성공장,PP원료,33073920,세금계산서,PP,Y,인쇄,조회
20190128-3,수성운반기계,핸드카 [SHP-2500C],418000,세금계산서,PP,Y,인쇄,조회
20190128-2,성보펙,서플라이웨이BOX(White) [440*200*445],1349865,세금계산서,PP,Y,인쇄,조회
20190128-1,(주)동신밴드,PP18MMx 21kg 삼성 [2300M두께0.9mm단중9.1g] 외 2건,24135540,세금계산서,PP,Y,인쇄,조회
20190125-3,(주)태진케미칼,PP원료 [PPA],9504000,세금계산서,PP,Y,인쇄,조회
20190125-2,두성엔지니어링,기어가공 [캠용M1.5*49T] 외 1건,902000,세금계산서,PP,Y,인쇄,조회
20190123-3,(주)경남케미칼,MB 510-2 [M／B 510-2 (BLUE)] 외 1건,863500,세금계산서,PP,Y,인쇄,조회
20190123-2,백암지관공업사,지관 50 [지관 50＊5＊182],1403600,세금계산서,PE,Y,인쇄,조회
20190123-1,백암지관공업사,지관 200 [지관 200＊8＊186] 외 3건,1212156,세금계산서,PP,Y,인쇄,조회
20190122-3,S-OIL(주)온산공장,HD500/PP50DW [500KG],35200000,세금계산서,PP,Y,인쇄,조회
20190122-2,S-OIL(주)온산공장,HD500/PP50DW [500KG],14080000,세금계산서,PP,Y,인쇄,조회
20190122-1,백암지관공업사,지관 406 [지관 406＊6＊155] 외 1건,660132,세금계산서,PP,Y,인쇄,조회
20190121-4,성보펙,패드 400 [패드 400＊200 (레드)] 외 1건,1485000,세금계산서,PP,Y,인쇄,조회
20190121-3,백암지관공업사,지관 406 [지관 406＊6＊155],574464,세금계산서,PP,Y,인쇄,조회
20190121-2,금성상회,PP원료 [은색],9680000,세금계산서,PP,Y,인쇄,조회
20190121-1,(주)경남케미칼,MB 820FL [M／B 820FL（BLACK）],759000,세금계산서,PP,Y,인쇄,조회
20190118-2,백암지관공업사,지관 406 [지관 406＊6＊155] 외 1건,528935,세금계산서,PP,Y,인쇄,조회
20190117-2,삼보팩,고메리 12입(C/T) [570*430*390] 외 1건,1153350,세금계산서,PP,Y,인쇄,조회
20190117-1,동진씨엔피,박스 외부 PE (폴리밴드) [320 190 780] 외 1건,1004696,세금계산서,PE,Y,인쇄,조회
20190116-2,성보펙,미국박스 580 [580*170*580] 외 2건,1745150,세금계산서,PP,Y,인쇄,조회
20190116-1,백암지관공업사,지관 406 [지관 406＊6＊155],505648,세금계산서,PP,Y,인쇄,조회
20190115-6,제이케이머티리얼즈(주)／순성공장,PP원료,1285746,세금계산서,PP,Y,인쇄,조회
20190115-5,롯데케미칼 주식회사,MF5000(PE원료) [MF5000_500KG] 외 1건,19206000,세금계산서,PE,Y,인쇄,조회
20190115-4,S-OIL(주)온산공장,HD500-A (O.G) [25KG],31801000,세금계산서,PP,Y,인쇄,조회
20190115-3,성신목재,팔레트 1320*880 [1320*880] 외 3건,336600,세금계산서,PP,Y,인쇄,조회
20190115-2,금성상회,PP원료 (백색) 외 2건,7018000,세금계산서,PP,Y,인쇄,조회
20190115-1,백암지관공업사,지관 200 [지관 200＊4＊189],715176,세금계산서,PP,Y,인쇄,조회
20190114-2,백암지관공업사,지관 50 [지관 50＊5＊182] 외 1건,1084600,세금계산서,PE,Y,인쇄,조회
20190114-1,백암지관공업사,지관 200 [지관 200＊8＊186] 외 1건,1374208,세금계산서,PP,Y,인쇄,조회
20190111-4,(주)태진케미칼,PP가공 [PP가공],2299000,세금계산서,PP,Y,인쇄,조회
20190111-3,성신목재,팔레트 1260*840 [1260*840] 외 8건,860200,세금계산서,PP,Y,인쇄,조회
20190111-2,금정기획,라벨(아트지무지)108*50 [[108*50 ]] 외 5건,660000,세금계산서,PP,Y,인쇄,조회
20190111-1,(주)경남케미칼,MB 820FL [M／B 820FL（BLACK）] 외 1건,1397000,세금계산서,PP,Y,인쇄,조회
20190110-1,성보펙,패드 430 [패드 430＊200 (무지)] 외 2건,1832600,세금계산서,PP,Y,인쇄,조회
20190109-3,영창프라스틱,STOPPER 500 PCS [STOPPER 500 PCS 투명],1485000,세금계산서,상품,Y,인쇄,조회
20190109-2,백암지관공업사,지관 200 [지관 200＊8＊186] 외 1건,1064448,세금계산서,PP,Y,인쇄,조회
20190109-1,(주)동신밴드,PP18MMx 21kg 삼성 [2300M두께0.9mm단중9.1g] 외 1건,24610080,세금계산서,PP,Y,인쇄,조회
20190108-5,대상산업,자동결속기 수리비 [대영포장발안] 외 2건,371800,세금계산서,PP,Y,인쇄,조회
20190108-4,(주)경남케미칼,MB 307 [M／B 307 Yellow],1105500,세금계산서,PP,Y,인쇄,조회
20190108-3,S-OIL(주)온산공장,HD500-A (O.G) [25KG],31801000,세금계산서,PP,Y,인쇄,조회
20190108-2,금성상회,PP원료 (백색),10395000,세금계산서,PP,Y,인쇄,조회
20190108-1,(주)동신밴드,"PP12M 두께0.71-0.75/ 길이 2800m, 4.2g 폭11.5-11.8mm/ 외경450-455mm [PP12M／M12.5KG (황)] 외 2건",19036600,세금계산서,상품,Y,인쇄,조회
20190107-2,삼보팩,PB청 540* (삼성) [540*200],1408000,세금계산서,PP,Y,인쇄,조회
20190107-1,우성에퍼트코리아(서울사무소),윤활유 [BR#46],143000,세금계산서,PP,Y,인쇄,조회
20190104-1,백암지관공업사,지관 200 [지관 200＊8＊190],1064448,세금계산서,PP,Y,인쇄,조회
20190103-2,금성상회,PP원료 (백색),3320625,세금계산서,PP,Y,인쇄,조회
20190103-1,금성상회,PP원료 [은색],5324000,세금계산서,PP,Y,인쇄,조회
20190102-5,모든케미칼,부탄가스 [하이썬(220g/28ea)],25300,카드,PP,Y,인쇄,조회
20190102-4,신성케미칼,윤활제 [KF96(단위KG)] 외 1건,38500,카드,PP,Y,인쇄,조회
20190102-3,(주)경남케미칼,MB 510-2 [M／B 510-2 (BLUE)] 외 2건,2035000,세금계산서,PP,Y,인쇄,조회
20190102-2,백암지관공업사,지관 200 [지관 200＊8＊186] 외 1건,799260,세금계산서,PP,Y,인쇄,조회
20190102-1,금성상회,PP원료(PP특A) [PP T/A],13420000,세금계산서,PP,Y,인쇄,조회
20181229-1,성보펙,PB청450*200 (POWER BAND) [450*200],494450,세금계산서,PP,Y,인쇄,조회
20181228-1,제이케이머티리얼즈(주)／순성공장,PP원료,25494084,세금계산서,PP,Y,인쇄,조회
20181227-5,신한포장기계(주),"12 x 3,000M 0.63T White w/EST 206 Black printed [12 x 3,000M 0.63T White w/EST 206 Black printed] 외 15건",2957196,세금계산서,PP,Y,인쇄,조회
20181227-4,삼보팩,파워팩 4500 C/T 320 [320*130*320] 외 1건,455180,세금계산서,PP,Y,인쇄,조회
20181227-3,금성상회,PP원료(PP특A) [PP T/A],10736000,세금계산서,PP,Y,인쇄,조회
20181227-2,백암지관공업사,지관 200 [지관 200＊8＊186] 외 1건,1064448,세금계산서,PP,Y,인쇄,조회
20181227-1,S-OIL(주)온산공장,HD500-A (O.G) [25KG],5214000,세금계산서,PP,Y,인쇄,조회
20181226-8,S-OIL(주)온산공장,HD500-A (O.G) [25KG],10956000,세금계산서,PP,Y,인쇄,조회
20181226-7,(주)세우케미칼,E308 [E308],26048000,세금계산서,PE,Y,인쇄,조회
20181226-6,두성엔지니어링,기어가공 [캠용M1.5*43T] 외 2건,434500,세금계산서,PP,Y,인쇄,조회
20181226-5,백암지관공업사,지관 200 [지관 200＊4＊189],715176,세금계산서,PP,Y,인쇄,조회
20181226-4,(주)동신밴드,PP 12MM 2000M 0.80MM Yellow [12mm 2000m 0.80mm Yellow] 외 14건,22732050,세금계산서,PP,Y,인쇄,조회
20181226-3,대양스트랩(주),PET 16mm x 0.9T x 1050m [PET 16mm x 0.9T x 1050m Embossed (검정)] 외 1건,331100,세금계산서,상품,Y,인쇄,조회
20181226-2,우성에퍼트코리아(서울사무소),윤활유 [BR#46],429000,세금계산서,PP,Y,인쇄,조회
20181226-1,성보펙,패드 400 [패드 400＊200 (레드)] 외 2건,1386000,세금계산서,PP,Y,인쇄,조회
20181225-2,S-OIL(주)온산공장,HD500/PT50DW [500KG],34925000,세금계산서,PP,Y,인쇄,조회
20181225-1,(주)태진케미칼,PP원료 [PPA],9741600,세금계산서,PP,Y,인쇄,조회
20181224-8,(주)경남케미칼,MB 820FL [M／B 820FL（BLACK）] 외 2건,1413500,세금계산서,PP,Y,인쇄,조회
20181224-7,백암지관공업사,지관 200 [지관 200＊4＊189],715176,세금계산서,PP,Y,인쇄,조회
20181224-6,동명상사,자동바 [자동바],28600,카드,PP,Y,인쇄,조회
20181224-5,동명공구,밸트 [B49],19470,카드,PP,Y,인쇄,조회
20181224-4,아이케이상사,밸트 [B59],42900,카드,PP,Y,인쇄,조회
20181224-3,동명공구,밸트 [B58],19250,카드,PP,Y,인쇄,조회
20181224-2,아이케이상사,밸트 [B48],24200,카드,PP,Y,인쇄,조회
20181224-1,나은금형공구,V-BELT .밸트 [58*B] 외 4건,138710,카드,PP,Y,인쇄,조회
20181220-4,S-OIL(주)온산공장,HD500-A (O.G) [25KG],32340000,세금계산서,PP,Y,인쇄,조회
20181220-3,삼영계전,COUNTER [FX4M-2P4],238260,세금계산서,PP,Y,인쇄,조회
20181220-2,수성운반기계,핸드카 [SHP-2500C],418000,세금계산서,PP,Y,인쇄,조회
20181220-1,(주)동신밴드,PP18MMx 21kg 삼성 [2300M두께0.9mm단중9.1g],23654400,세금계산서,PP,Y,인쇄,조회
20181219-4,롯데케미칼 주식회사,MF5000(PE원료) [MF5000_500KG],13156000,세금계산서,PE,Y,인쇄,조회
20181219-3,성보펙,PP청 400*(광림) [400*200] 외 3건,1416250,세금계산서,PP,Y,인쇄,조회
20181219-2,금성상회,PP원료(PP특A) [PP T/A],9394000,세금계산서,PP,Y,인쇄,조회
20181219-1,(주)태진케미칼,PP가공 [PP가공],3140500,세금계산서,PP,Y,인쇄,조회
20181218-2,백암지관공업사,지관 200 [지관 200＊8＊186] 외 1건,883344,세금계산서,PP,Y,인쇄,조회
20181218-1,성신목재,팔레트 1140*1140 [1140*1140] 외 11건,870320,세금계산서,PP,Y,인쇄,조회
20181217-2,금성상회,PP원료(PP특A) [PP T/A],4697000,세금계산서,PP,Y,인쇄,조회
20181217-1,백암지관공업사,지관 200 [지관 200＊4＊189] 외 1건,825132,세금계산서,PP,Y,인쇄,조회
20181214-5,(주)윤성,종이앵글(각대) [50*50*5*200],129800,세금계산서,PP,Y,인쇄,조회
20181214-4,성보펙,미국박스 580 [580*170*580],1212750,세금계산서,PP,Y,인쇄,조회
20181214-3,한국파렛트풀(주),팔레트 1100*1100*120 [1100*1100*120],825000,세금계산서,PP,Y,인쇄,조회
20181214-2,S-OIL(주)온산공장,HD500-A (O.G) [25KG],16170000,세금계산서,PP,Y,인쇄,조회
20181214-1,덕흥수지,PP원료,20625000,세금계산서,PP,Y,인쇄,조회
20181213-12,호성수출포장,OPP-TAPE [OPP-TAPE 25＊40(투명)] 외 5건,217800,세금계산서,PP,Y,인쇄,조회
20181213-11,(주)경남케미칼,MB 307 [M／B 307 Yellow] 외 1건,1402500,세금계산서,PP,Y,인쇄,조회
20181213-10,주식회사 제일CPT,CALPET [CALPET],3861000,세금계산서,PP,Y,인쇄,조회
20181213-9,성신목재,팔레트 1260*840 [1260*840] 외 2건,187000,세금계산서,PP,Y,인쇄,조회
20181213-6,영창프라스틱,STOPPER 50 PCS [STOPPER 50 PCS 투명],1282248,영세율,상품,Y,인쇄,조회
20181213-5,성보펙,패드 430 [패드 430＊200 (무지)] 외 1건,1347830,세금계산서,PP,Y,인쇄,조회
20181213-4,우선산업,반자동 수동밴딩기 8mm [8mm*0.85T*9.5Kg청] 외 1건,4921950,세금계산서,PP,Y,인쇄,조회
20181213-1,(주)동신밴드,PP18MMx 21kg 삼성 [2300M두께0.9mm단중9.1g],2956800,세금계산서,PP,Y,인쇄,조회
20181212-4,백암지관공업사,지관 50 [지관 50＊5＊182],1403600,세금계산서,PE,Y,인쇄,조회
20181212-3,백암지관공업사,지관 406 [지관 406＊6＊155] 외 1건,1158784,세금계산서,PP,Y,인쇄,조회
20181212-2,(주)태진케미칼,PP가공 [PP가공],3168000,세금계산서,PP,Y,인쇄,조회
20181211-4,성보펙,패드 430 [패드 430＊200 (무지)],308000,세금계산서,PP,Y,인쇄,조회
20181211-3,마루철물공구,베아링 [ST6208] 외 2건,125400,세금계산서,PP,Y,인쇄,조회
20181211-2,금성상회,PP원료(PP특A) [PP T/A],11407000,세금계산서,PP,Y,인쇄,조회
20181211-1,(주)동신밴드,PP18MMx 21kg 삼성 [2300M두께0.9mm단중9.1g],20697600,세금계산서,PP,Y,인쇄,조회
20181210-3,백암지관공업사,지관 200 [지관 200＊4＊189],715176,세금계산서,PP,Y,인쇄,조회
20181210-2,진흥산업,폴리백 57*58 [폴리백 57*58],693000,세금계산서,PE,Y,인쇄,조회
20181210-1,(주)경남케미칼,MB 510-2 [M／B 510-2 (BLUE)],1072500,세금계산서,PP,Y,인쇄,조회
20181207-2,복문상사,작업복 [동잠바] 외 1건,132000,세금계산서,PP,Y,인쇄,조회
20181207-1,지원종합상사,일반일타 [0.1*400*10],23100,세금계산서,PP,Y,인쇄,조회
20181206-7,제이케이머티리얼즈(주)／순성공장,PP원료,26625060,세금계산서,PP,Y,인쇄,조회
20181206-6,뿌리장갑상사,면장갑 [면장갑] 외 2건,141900,세금계산서,PP,Y,인쇄,조회
20181206-5,금성상회,PP원료(PP특A) [PP T/A],6710000,세금계산서,PP,Y,인쇄,조회
20181206-4,백암지관공업사,지관 406 [지관 406＊6＊155] 외 1건,681076,세금계산서,PP,Y,인쇄,조회
20181206-3,지원종합상사,일반일타 [0.1*500*20],55000,세금계산서,PP,Y,인쇄,조회
20181206-2,롯데케미칼 주식회사,MF5000(PE원료) [MF5000_500KG],24667500,세금계산서,PE,Y,인쇄,조회
20181206-1,성신목재,팔레트 1260*840 [1260*840] 외 7건,374000,세금계산서,PP,Y,인쇄,조회
20181205-2,성보펙,PB청450*200 (POWER BAND) [450*200] 외 3건,1353000,세금계산서,PP,Y,인쇄,조회
20181205-1,(주)태진케미칼,PP원료 [PPA],9741600,세금계산서,PP,Y,인쇄,조회
20181204-6,(주)한국바코드시스템,라벨(아트지도안HR-901) [[125*65 ]] 외 5건,891000,세금계산서,PP,Y,인쇄,조회
20181204-5,백암지관공업사,지관 200 [지관 200＊8＊186] 외 2건,967428,세금계산서,PP,Y,인쇄,조회
20181204-4,성신목재,팔레트 1200*1200 [1200*1200] 외 5건,240460,세금계산서,PP,Y,인쇄,조회
20181204-3,(주)경남케미칼,MB 820FL [M／B 820FL（BLACK）] 외 2건,1391500,세금계산서,PP,Y,인쇄,조회
20181204-2,금성상회,PP원료(PP특A) [PP T/A],5368000,세금계산서,PP,Y,인쇄,조회
20181204-1,삼보팩,패드 420 [패드 420＊200 (적색패드)] 외 1건,1105500,세금계산서,PP,Y,인쇄,조회
20181203-2,성보펙,패드 400 [패드 400＊200 (레드)] 외 1건,893172,세금계산서,PP,Y,인쇄,조회
20181203-1,동화상사,일산체인 [60-2],440000,세금계산서,PP,Y,인쇄,조회
20181130-1,백암지관공업사,지관 200 [지관 200＊8＊186] 외 1건,1064448,세금계산서,PP,Y,인쇄,조회
20181129-3,(주)영화수출포장,포장자재 개발비 [포리밴드 상자개발비],197340,세금계산서,PE,Y,인쇄,조회
20181129-2,S-OIL(주)온산공장,HD500/PT50DW [500KG],17424000,세금계산서,PP,Y,인쇄,조회
20181129-1,파코팩(PACO PACK),동판비 [동판비],137500,세금계산서,PP,Y,인쇄,조회
20181128-4,성보펙,미국박스 580 [580*170*580],1039500,세금계산서,PP,Y,인쇄,조회
20181128-3,삼보팩,써마크래프트 C/T 260 [260*132*263],1358500,세금계산서,PP,Y,인쇄,조회
20181128-2,S-OIL(주)온산공장,HD500-A (O.G) [25KG],33687500,세금계산서,PP,Y,인쇄,조회
20181128-1,대림산업(주)전주공장,PP원료 [대림 A],34452000,세금계산서,PP,Y,인쇄,조회
20181127-4,동진씨엔피,박스 DF [480 320 380] 외 5건,3525500,세금계산서,PE,Y,인쇄,조회
20181127-3,(주)경남케미칼,MB 307 [M／B 307 Yellow] 외 2건,1050500,세금계산서,PP,Y,인쇄,조회
20181127-2,백암지관공업사,지관 50 [지관 50＊5＊182],1403600,세금계산서,PE,Y,인쇄,조회
20181127-1,백암지관공업사,지관 200 [지관 200＊4＊189],688688,세금계산서,PP,Y,인쇄,조회
20181126-2,성보펙,고메리 3입(IN) [345*340*390] 외 1건,1399970,세금계산서,PP,Y,인쇄,조회
20181126-1,백암지관공업사,지관 406 [지관 406＊6＊155],1029248,세금계산서,PP,Y,인쇄,조회
20181123-7,덕흥수지,PP원료 (백색),11000000,세금계산서,PP,Y,인쇄,조회
20181123-6,광일벨트,벨트 교환 [C-110 DRB],70400,세금계산서,PP,Y,인쇄,조회
20181123-5,광일벨트,벨트 교환 [C-108 DRB],69080,세금계산서,PP,Y,인쇄,조회
20181123-4,금정기획,라벨(아트지도안) HD50726 [140*70] 외 4건,220000,세금계산서,PP,Y,인쇄,조회
20181123-3,신성케미칼,공구 소모품 [8822] 외 1건,31900,카드,PP,Y,인쇄,조회
20181123-2,신성케미칼,공구 소모품 [G-5(90)],60500,카드,PP,Y,인쇄,조회
20181123-1,백암지관공업사,지관 200 [지관 200＊8＊190],1064448,세금계산서,PP,Y,인쇄,조회
20181122-5,성신목재,팔레트 1160*1160 [1160*1160] 외 2건,336600,세금계산서,PP,Y,인쇄,조회
20181122-4,S-OIL(주)온산공장,HD500/PT50DW [500KG],17424000,세금계산서,PP,Y,인쇄,조회
20181122-3,창미포장기계,수축필름(시맥스) 15인치-타공 [15인치x1332mx0.015T (sanyu 포장)],125400,세금계산서,PP,Y,인쇄,조회
20181122-2,서진자동차공업사,브레이크모터어셈블리교환 [와브코] 외 1건,1114740,카드,PP,Y,인쇄,조회
20181122-1,(주)경남케미칼,MB 100B（ [M／B 100B（WHITE）] 외 1건,1309000,세금계산서,PP,Y,인쇄,조회
20181121-1,성신목재,팔레트 1050＊1050 [1050＊1050] 외 4건,357500,세금계산서,PP,Y,인쇄,조회
20181120-3,삼보팩,산유(HR816) [460*315*450],288640,세금계산서,PP,Y,인쇄,조회
20181120-2,성보펙,미국박스 [440 200 445] 외 2건,2232120,세금계산서,PP,Y,인쇄,조회
20181120-1,백암지관공업사,지관 200 [지관 200＊8＊190] 외 1건,896280,세금계산서,PP,Y,인쇄,조회
20181119-6,S-OIL(주)온산공장,HD500-A (O.G) [25KG],26468750,세금계산서,PP,Y,인쇄,조회
20181119-5,(주)세우케미칼,E308 [E308],41800000,세금계산서,PP,Y,인쇄,조회
20181119-4,금성상회,PP원료(PP특A) [PP T/A],6710000,세금계산서,PP,Y,인쇄,조회
20181119-3,백암지관공업사,지관 200 [지관 200＊8＊186] 외 1건,1064448,세금계산서,PP,Y,인쇄,조회
20181119-2,한국실업,연선센서 [열선센서],7150,세금계산서,PP,Y,인쇄,조회
20181119-1,한국실업,열선 [열선] 외 6건,254320,카드,PP,Y,인쇄,조회
20181115-6,성신목재,팔레트 1320*890 [1320*890] 외 4건,486200,세금계산서,PP,Y,인쇄,조회
20181115-5,파코팩(PACO PACK),PP15M [PP15M／M10KG(자동용인쇄밴드)] 외 2건,962500,세금계산서,PE,Y,인쇄,조회
20181115-4,성보펙,패드 400 [패드 400＊200 (레드)],715000,세금계산서,PP,Y,인쇄,조회
20181115-3,(주)태진케미칼,PP가공 [PP가공],3168000,세금계산서,PP,Y,인쇄,조회
20181115-2,덕흥수지,PP원료 외 1건,19250000,세금계산서,PP,Y,인쇄,조회
20181115-1,백암지관공업사,지관 200 [지관 200＊8＊186] 외 1건,1005312,세금계산서,PP,Y,인쇄,조회
20181114-1,(주)경남케미칼,MB 307 [M／B 307 Yellow] 외 1건,990000,세금계산서,PP,Y,인쇄,조회
20181113-8,S-OIL(주)온산공장,HD500-A (O.G) [25KG],6875000,세금계산서,PP,Y,인쇄,조회
20181113-7,영창프라스틱,STOPPER 50 PCS [STOPPER 50 PCS 투명],1178508,영세율,상품,Y,인쇄,조회
20181113-6,백암지관공업사,지관 200 [지관 200＊4＊189],556248,세금계산서,PP,Y,인쇄,조회
20181113-5,백암지관공업사,지관 50 [지관 50 * 5 * 225],382800,세금계산서,PE,Y,인쇄,조회
20181113-4,S-OIL(주)온산공장,HD500-A (O.G) [25KG],343750,세금계산서,PP,Y,인쇄,조회
20181113-3,동원화학수지,PP원료(원색) [A],15100800,세금계산서,PP,Y,인쇄,조회
20181113-2,부천공구,공구 소모품 [베아링638],19800,세금계산서,PP,Y,인쇄,조회
20181113-1,동원화학수지,PP원료(원색) [A],23311200,세금계산서,PP,Y,인쇄,조회
20181112-3,샘(SAEM),스트레치필름(에어맥스 기계랩) [400mm*2000m] 외 4건,12003684,세금계산서,상품,Y,인쇄,조회
20181112-2,성보펙,스넬 C/T 260* [260*132*263] 외 1건,1447050,세금계산서,PP,Y,인쇄,조회
20181112-1,삼보팩,고메리 3입 (C/T) [360*355*385],381150,세금계산서,PP,Y,인쇄,조회
20181109-2,대성EXT,앱보헤드부속,4400000,세금계산서,PP,Y,인쇄,조회
20181109-1,백암지관공업사,지관 200 [지관 200＊4＊189] 외 1건,896280,세금계산서,PP,Y,인쇄,조회
20181108-1,성우중공업(주),핸드지게차수리 [CBD배선],165000,세금계산서,PE,Y,인쇄,조회
20181107-3,백암지관공업사,지관 200 [지관 200＊4＊189] 외 1건,896280,세금계산서,PP,Y,인쇄,조회
20181107-1,(주)경남케미칼,MB 510-2 [M／B 510-2 (BLUE)],715000,세금계산서,PP,Y,인쇄,조회
20181106-6,제이케이머티리얼즈(주)／순성공장,PP원료,4129840,세금계산서,PP,Y,인쇄,조회
20181106-5,(주)영화수출포장,포리밴드 DF50 [470*460*205],546612,세금계산서,PE,Y,인쇄,조회
20181106-4,롯데케미칼 주식회사,MF5000(PE원료) [MF5000_500KG] 외 1건,20130000,세금계산서,PE,Y,인쇄,조회
20181106-3,삼보팩,고메리 2입 (C/T) [450*445*400] 외 1건,1764620,세금계산서,PP,Y,인쇄,조회
20181106-1,금성상회,PP원료 [은색],5808000,세금계산서,PP,Y,인쇄,조회
20181105-4,대한전기공업 인천영업소,"로더링브로아(모터권선,베어링교체)수리비 [3HP]",187000,세금계산서,PP,Y,인쇄,조회
20181105-3,지에스칼텍스(주),H430-B (O.G) [25kg] 외 1건,23166000,세금계산서,PP,Y,인쇄,조회
20181105-2,백암지관공업사,지관 200 [지관 200＊4＊189] 외 1건,896280,세금계산서,PP,Y,인쇄,조회
20181105-1,금성상회,PP원료(PP특A) [PP T/A],5368000,세금계산서,PP,Y,인쇄,조회
20181102-5,(주)동신밴드,PP18MMx 21kg 삼성 [2300M두께0.9mm단중9.1g] 외 1건,23522400,세금계산서,PP,Y,인쇄,조회
20181102-4,덕흥수지,PP원료,20625000,세금계산서,PP,Y,인쇄,조회
20181102-3,삼영계전,TIMER [KTM-3M 30S] 외 2건,190300,카드,PP,Y,인쇄,조회
20181102-2,우성고압산업,투명나선호스 [50 C*50M],77000,카드,PP,Y,인쇄,조회
20181102-1,광일벨트,벨트 교환 [TB L -53T E-J],13200,세금계산서,PP,Y,인쇄,조회
20181101-3,(주)경남케미칼,MB 510-2 [M／B 510-2 (BLUE)] 외 2건,1540000,세금계산서,PP,Y,인쇄,조회
20181101-2,(주)태진케미칼,PP원료 [PPA],10553400,세금계산서,PP,Y,인쇄,조회
20181101-1,금성상회,PP원료 [청색],5940000,세금계산서,PP,Y,인쇄,조회
20181031-4,성보펙,패드 430 [패드 430＊200 (무지)] 외 1건,769945,세금계산서,PP,Y,인쇄,조회
20181031-3,금정기획,라벨(아트지도안 타이거팩) 4502 [120*65] 외 4건,759000,세금계산서,PP,Y,인쇄,조회
20181031-2,백암지관공업사,지관 200 [지관 200＊4＊189],490028,세금계산서,PP,Y,인쇄,조회
20181031-1,백암지관공업사,지관 50 [지관 50＊5＊182],701800,세금계산서,PE,Y,인쇄,조회
20181029-3,금성상회,PP원료(PP특A) [PP T/A],11004400,세금계산서,PP,Y,인쇄,조회
20181029-2,마루철물공구,쌍베아링 [NSK 쌍베아링(22309-E)],147400,세금계산서,PP,Y,인쇄,조회
20181029-1,파코팩(PACO PACK),PP12M [PP12M／M10KG(청)],1870000,세금계산서,PP,Y,인쇄,조회
20181026-3,성신목재,팔레트 1140*1140 [1140*1140] 외 9건,821480,세금계산서,PP,Y,인쇄,조회
20181026-2,삼보팩,타이거팩 4500 C/T 320 [320*130*320] 외 2건,501270,세금계산서,PP,Y,인쇄,조회
20181026-1,성보펙,패드 400 [패드 400＊200 (레드)] 외 1건,1043900,세금계산서,PP,Y,인쇄,조회
20181025-6,(주)경남케미칼,MB 416（R [M／B 416（RED）] 외 3건,1388750,세금계산서,PP,Y,인쇄,조회
20181025-5,롯데케미칼 주식회사,MF5000(PE원료) [MF5000_500KG],8662500,세금계산서,PE,Y,인쇄,조회
20181025-4,(주)태진케미칼,PP가공 [PP가공],2827000,세금계산서,PP,Y,인쇄,조회
20181025-3,(주)태진케미칼,PP원료 (백색) [백색],8316000,세금계산서,PP,Y,인쇄,조회
20181025-2,전열사,주물히터 [220v/1400w],368500,세금계산서,PP,Y,인쇄,조회
20181025-1,백암지관공업사,지관 200 [지관 200＊4＊189] 외 1건,812196,세금계산서,PP,Y,인쇄,조회
20181024-4,파워엠팩,반자동밴딩기 [D-53X2],1430000,세금계산서,PP,Y,인쇄,조회
20181024-3,두성엔지니어링,밴드노즐와이어 수정 [1.9*23L*4줄],198000,세금계산서,PP,Y,인쇄,조회
20181024-2,주식회사 제일CPT,CALPET [CALPET],3861000,세금계산서,PP,Y,인쇄,조회
20181024-1,범한하조기,PP 클립 하조기 [16mm Crimping Tool for 12mm PP Strapping seal] 외 2건,132000,세금계산서,PP,Y,인쇄,조회
20181023-5,대상산업,자동결속기 수리비 [대영포장발안] 외 2건,257950,세금계산서,PP,Y,인쇄,조회
20181023-4,S-OIL(주)온산공장,H500-A (O.G) [25KG],0,세금계산서,PP,N,인쇄,조회
20181023-3,대성종합공구철물,PP 클립 하조기 [15mm Crimping Tool for 12mm PP Strapping seal],99000,세금계산서,PP,Y,인쇄,조회
20181023-2,주식회사 케이피엠,스트레치필름(기능 핸드랩) [12* 500mm *400m] 외 4건,21696972,세금계산서,상품,Y,인쇄,조회
20181022-4,제이케이머티리얼즈(주)／순성공장,PP원료,21069312,세금계산서,PP,Y,인쇄,조회
20181022-3,백암지관공업사,지관 230 [지관 230＊5＊187] 외 2건,899052,세금계산서,PP,Y,인쇄,조회
20181022-2,금성상회,PP원료(PP특A) [PP T/A],5368000,세금계산서,PP,Y,인쇄,조회
20181020-1,대한전기공업 인천영업소,"호퍼로서링브로아수리 [모터권선,베어링교체] 외 1건",275000,세금계산서,PP,Y,인쇄,조회
20181019-3,S-OIL(주)온산공장,H500-A (O.G) [25KG],34226500,세금계산서,PP,Y,인쇄,조회
20181019-2,금성상회,PP원료(PP특A) [PP T/A],12883200,세금계산서,PP,Y,인쇄,조회
20181019-1,성보펙,패드 400 [패드 400＊200(무인쇄)] 외 2건,1189760,세금계산서,PP,Y,인쇄,조회
20181018-6,백암지관공업사,지관 50 [지관 50＊5＊182],701800,세금계산서,PE,Y,인쇄,조회
20181018-5,백암지관공업사,지관 200 [지관 200＊4＊189] 외 1건,1201200,세금계산서,PP,Y,인쇄,조회
20181018-4,(주)경남케미칼,MB 510-2 [M／B 510-2 (BLUE)] 외 3건,1573000,세금계산서,PP,Y,인쇄,조회
20181018-3,성신목재,팔레트 1100*1100 [1100*1100] 외 3건,426140,세금계산서,PP,Y,인쇄,조회
20181018-2,지영,팔레트 1100*1100 [1100*1100],1716000,세금계산서,PP,Y,인쇄,조회
20181018-1,파코팩(PACO PACK),지관 406 [지관 406＊6＊155],589160,세금계산서,PP,Y,인쇄,조회
20181017-3,삼보팩,써마크래프트 C/T 260 [260*132*263],1306250,세금계산서,PP,Y,인쇄,조회
20181017-2,성보펙,미국박스 [440 200 445] 외 1건,906345,세금계산서,PP,Y,인쇄,조회
20181017-1,파코팩(PACO PACK),PP15M [PP15M／M10KG(백색)],880000,세금계산서,PP,Y,인쇄,조회
20181016-1,금성상회,PP원료(PP특A) [PP T/A],5636400,세금계산서,PP,Y,인쇄,조회
20181015-4,샘(SAEM),PE28mm 2kg [PE28M／M(백)2KG],30704960,세금계산서,PE,Y,인쇄,조회
20181015-3,진송팩,"밴딩기 기판 A/S [자동IC기판(3P4N),tkatkd]",115500,세금계산서,상품,Y,인쇄,조회
20181015-2,(주)태진케미칼,PP원료 [PPA],9741600,세금계산서,PP,Y,인쇄,조회
20181015-1,백암지관공업사,지관 200 [지관 200＊8＊190] 외 1건,980364,세금계산서,PP,Y,인쇄,조회
20181012-3,(주)경남케미칼,MB 820FL [M／B 820FL（BLACK）] 외 2건,1265000,세금계산서,PP,Y,인쇄,조회
20181012-2,한국파렛트풀(주),팔레트 1100*1100*120 [1100*1100*120],825000,세금계산서,PP,Y,인쇄,조회
20181012-1,중앙기획,동판비 [국민은행＆KEB하나은행],99000,세금계산서,PP,Y,인쇄,조회
20181011-2,우선산업,반자동 밴딩기 8mm [8mm*0.85T*9.5Kg],1672000,세금계산서,PP,Y,인쇄,조회
20181011-1,금성상회,PP원료 [은색],5808000,세금계산서,PP,Y,인쇄,조회
20181010-7,삼보팩,PB청 470*200 (삼성-적색) [470＊200],618640,세금계산서,PP,Y,인쇄,조회
20181010-6,백암지관공업사,지관 200 [지관 200＊8＊186] 외 1건,1064448,세금계산서,PP,Y,인쇄,조회
20181010-5,현대에프에이,인버터SV0370IS7-2SO [220V50HP],2310000,세금계산서,PP,Y,인쇄,조회
20181010-4,대창수지,PP원료(원색),6050000,세금계산서,PP,Y,인쇄,조회
20181010-2,중앙기획,동판비 [EST206],99000,세금계산서,PP,Y,인쇄,조회
20181010-1,(주)스피드랩코리아,스트레치필름(일반 기계랩) [25*500mm*1400m],610500,세금계산서,상품,Y,인쇄,조회
20181009-1,성보펙,패드 400 [패드 400＊200 (레드)],715000,세금계산서,PP,Y,인쇄,조회
20181008-7,파코팩(PACO PACK),인쇄11mm x 0.70T x 1000m [화폐밴딩끈 지관200x190] 외 2건,2026200,세금계산서,PP,Y,인쇄,조회
20181008-6,금성상회,PP원료(PP특A) [PP T/A],6039000,세금계산서,PP,Y,인쇄,조회
20181008-5,백암지관공업사,지관 200 [지관 200＊8＊190],256256,세금계산서,PP,Y,인쇄,조회
20181008-4,백암지관공업사,지관 50 [지관 50＊5＊182],1403600,세금계산서,PE,Y,인쇄,조회
20181008-3,삼보팩,패드 420 [패드 420＊200 (적색패드)] 외 1건,1886500,세금계산서,PP,Y,인쇄,조회
20181008-2,백암지관공업사,지관 200 [지관 200＊8＊190],1064448,세금계산서,PP,Y,인쇄,조회
20181008-1,(주)경남케미칼,MB 100B（ [M／B 100B（WHITE）] 외 2건,1215500,세금계산서,PP,Y,인쇄,조회
20181005-1,성신목재,팔레트 1160*1160 [1160*1160] 외 9건,808280,세금계산서,PP,Y,인쇄,조회
20181004-3,백암지관공업사,지관 200 [지관 200＊8＊190],1064448,세금계산서,PP,Y,인쇄,조회
20181004-2,동진씨엔피,박스 DF [480 320 380] 외 3건,1837000,세금계산서,PE,Y,인쇄,조회
20181004-1,금성상회,PP원료(PP특A) [PP T/A],3960000,세금계산서,PP,Y,인쇄,조회
20181002-3,동원화학수지,PP원료(원색) [A],24010800,세금계산서,PP,Y,인쇄,조회
20181002-2,(주)경남케미칼,MB 1583 [M／B 1583（BEIGE）],220000,세금계산서,PP,Y,인쇄,조회
20181002-1,덕흥수지,PP원료 (백색) 외 1건,18425000,세금계산서,PP,Y,인쇄,조회
20181001-5,대림플라텍(주),팔레트 1100*1100*120 [1100*1100*120],935000,세금계산서,PP,Y,인쇄,조회
20181001-4,금성상회,PP원료 [은색],5148000,세금계산서,PP,Y,인쇄,조회
20181001-3,백암지관공업사,지관 200 [지관 200＊8＊190],729344,세금계산서,PP,Y,인쇄,조회
20181001-2,백암지관공업사,지관 50 [지관 50＊5＊182],701800,세금계산서,PE,Y,인쇄,조회
20181001-1,(주)경남케미칼,MB 510-2 [M／B 510-2 (BLUE)] 외 3건,1735250,세금계산서,PP,Y,인쇄,조회
20180928-5,(주)세우케미칼,E308 [E308],42625000,세금계산서,PE,Y,인쇄,조회
20180928-4,성보펙,PB청450*200 (POWER BAND) [450*200] 외 1건,1281500,세금계산서,PP,Y,인쇄,조회
20180928-2,백암지관공업사,지관 200 [지관 200＊8＊186] 외 1건,1122660,세금계산서,PP,Y,인쇄,조회
20180928-1,파코팩(PACO PACK),"12 x 3,000M 0.63T White w/EST 206 Black printed [12 x 3,000M 0.63T White w/EST 206 Black printed]",1706400,영세율,PP,Y,인쇄,조회
20180927-2,창미포장기계,수축필름(시맥스) 15인치-타공 [15인치x1332mx0.015T (sanyu 포장)] 외 1건,217360,세금계산서,PP,Y,인쇄,조회
20180927-1,백암지관공업사,지관 200 [지관 200＊4＊189] 외 1건,1033370,세금계산서,PP,Y,인쇄,조회
20180926-1,롯데케미칼 주식회사,MF5000(PE원료) [MF5000_500KG] 외 1건,20790000,세금계산서,PE,Y,인쇄,조회
20180922-1,(주)태진케미칼,PP원료 [PPA],9504000,세금계산서,PP,Y,인쇄,조회
20180921-2,(주)디에스팩,H430 [500KG],24640000,세금계산서,PP,Y,인쇄,조회
20180921-1,성보펙,패드 400 [패드 400＊200 (레드)],715000,세금계산서,PP,Y,인쇄,조회
20180920-4,대한전기공업 인천영업소,로더휠터 [3HP] 외 2건,489500,세금계산서,PP,Y,인쇄,조회
20180920-3,금성상회,PP원료(PP특A) [PP T/A],9240000,세금계산서,PP,Y,인쇄,조회
20180920-1,(주)경남케미칼,MB 307 [M／B 307 Yellow] 외 1건,588500,세금계산서,PP,Y,인쇄,조회
20180919-4,TGP MARKETING,스트레치필름(기능 핸드랩) [12* 500mm *400m] 외 3건,20175606,수입,상품,Y,인쇄,조회
20180919-3,백암지관공업사,지관 200 [지관 200＊8＊186] 외 1건,1122660,세금계산서,PP,Y,인쇄,조회
20180919-1,(주)경남케미칼,MB 510（B [M／B 510（BLUE）] 외 1건,627000,세금계산서,PP,Y,인쇄,조회
20180918-5,두성엔지니어링,와인다 캡 가공,1089000,세금계산서,PP,Y,인쇄,조회
20180918-4,대한전기공업 인천영업소,로더링브로아 [3HP(SET)],836000,세금계산서,PP,Y,인쇄,조회
20180918-3,성신목재,팔레트 1100*1100 [1100*1100] 외 6건,420860,세금계산서,PP,Y,인쇄,조회
20180918-2,백암지관공업사,지관 50 [지관 50＊5＊182],701800,세금계산서,PE,Y,인쇄,조회
20180918-1,백암지관공업사,지관 200 [지관 200＊4＊189] 외 1건,604388,세금계산서,PP,Y,인쇄,조회
20180917-6,제이케이머티리얼즈(주)／순성공장,PP원료,16992250,세금계산서,PP,Y,인쇄,조회
20180917-5,대림산업(주)전주공장,PP원료 [대림 A],66792000,세금계산서,PP,Y,인쇄,조회
20180917-4,백암지관공업사,지관 200 [지관 200＊4＊189] 외 1건,854792,세금계산서,PP,Y,인쇄,조회
20180917-3,(주)동남툴스,발신기 펄스(M) [PS-301] 외 1건,153120,세금계산서,PP,Y,인쇄,조회
20180917-2,(주)동남툴스,발신기 펄스(M) [PS-301],95040,세금계산서,PP,Y,인쇄,조회
20180917-1,성보펙,PP청 400*(광림) [400*200] 외 1건,957000,세금계산서,PP,Y,인쇄,조회
20180914-1,동진씨엔피,박스 D-28폴리테잎 [760 310 205 (미국수출용/#4.0)],640200,세금계산서,PE,Y,인쇄,조회
20180913-5,(주)태진케미칼,PP파샤 (scrap),2920500,세금계산서,PP,Y,인쇄,조회
20180913-4,(주)경남케미칼,MB 100B（ [M／B 100B（WHITE）] 외 2건,1314500,세금계산서,PP,Y,인쇄,조회
20180913-3,덕흥수지,PP원료 외 1건,18975000,세금계산서,PP,Y,인쇄,조회
20180913-2,한국파렛트풀(주),팔레트 1100*1100*120 [1100*1100*120],825000,세금계산서,PP,Y,인쇄,조회
20180913-1,백암지관공업사,지관 200 [지관 200＊8＊186] 외 2건,1019634,세금계산서,PP,Y,인쇄,조회
20180912-3,파코팩(PACO PACK),"12 x 3,000M 0.65T [12x3,000M0.65T BLUE]",7776000,영세율,PP,Y,인쇄,조회
20180912-1,성신목재,팔레트 1100*1100 [1100*1100] 외 4건,180400,세금계산서,PP,Y,인쇄,조회
20180911-1,(주)경남케미칼,MB 307 [M／B 307 Yellow] 외 3건,1353000,세금계산서,PP,Y,인쇄,조회
20180910-5,롯데케미칼 주식회사,MF5000(PE원료) [MF5000_500KG],25987500,세금계산서,PE,Y,인쇄,조회
20180910-4,성보펙,서플라이웨이BOX(Green) [440*200*445] 외 1건,417175,세금계산서,PP,Y,인쇄,조회
20180910-3,금성상회,PP원료(PP특A) [PP T/A],9900000,세금계산서,PP,Y,인쇄,조회
20180910-2,백암지관공업사,지관 200 [지관 200＊4＊189] 외 1건,854792,세금계산서,PP,Y,인쇄,조회
20180910-1,진흥산업,폴리백 26＊44 [폴리백 24＊44],1320000,세금계산서,PP,Y,인쇄,조회
20180907-3,성보펙,서플라이웨이BOX(White) [440*200*445],1100385,세금계산서,PP,Y,인쇄,조회
20180907-2,삼보팩,고메리 12입(C/T) [570*430*390] 외 2건,1494900,세금계산서,PP,Y,인쇄,조회
20180907-1,백암지관공업사,지관 200 [지관 200＊4＊189] 외 1건,854792,세금계산서,PP,Y,인쇄,조회
20180906-4,제이케이머티리얼즈(주)／순성공장,PP원료,3751000,세금계산서,PP,Y,인쇄,조회
20180906-3,성보펙,고메리 12입(IN) [410*275*180] 외 1건,1830400,세금계산서,PP,Y,인쇄,조회
20180906-2,영창프라스틱,STOPPER 50 PCS [STOPPER 50 PCS 투명],860136,영세율,상품,Y,인쇄,조회
20180906-1,(주)영일전업,현장부속 [DVUX990Y],715000,세금계산서,PP,Y,인쇄,조회
20180905-3,(주)동남툴스,작업등LED충전18구 [SWL-180RU] 외 2건,126200,세금계산서,PP,Y,인쇄,조회
20180905-2,성보펙,무인쇄톰슨접착 430 [430*130*430],544500,세금계산서,PP,Y,인쇄,조회
20180905-1,주식회사 럭키,스트레치필름(기능 기계랩) [15*500mm*1700m] 외 2건,462440,세금계산서,상품,Y,인쇄,조회
20180904-4,성신목재,팔레트 1050＊1050 [1050＊1050] 외 5건,221100,세금계산서,PP,Y,인쇄,조회
20180904-3,주식회사 제일CPT,CALPET [CALPET],3861000,세금계산서,PP,Y,인쇄,조회
20180904-2,덕흥수지,PP원료,20625000,세금계산서,PP,Y,인쇄,조회
20180904-1,백암지관공업사,지관 50 [지관 50*5*225] 외 1건,1786400,세금계산서,PE,Y,인쇄,조회
20180903-4,(주)경남케미칼,MB 100B（ [M／B 100B（WHITE）] 외 2건,1688500,세금계산서,PP,Y,인쇄,조회
20180903-3,백암지관공업사,지관 200 [지관 200＊8＊190] 외 1건,944081,세금계산서,PP,Y,인쇄,조회
20180903-2,대양스트랩(주),PET 19mm x 1.0T x 780m [PET 19mm x 1.0T x 780m Embossed (검정)],283800,세금계산서,상품,Y,인쇄,조회
20180903-1,동진씨엔피,박스 D-28폴리테잎 [760 310 205 (미국수출용/#4.0)],533500,세금계산서,PE,Y,인쇄,조회
20180831-2,지에스칼텍스(주),H430 [500KG],34606000,세금계산서,PP,Y,인쇄,조회
20180831-1,성보펙,패드 400 [패드 400＊200 (레드)] 외 2건,1266754,세금계산서,PP,Y,인쇄,조회
20180830-2,(주)태진케미칼,PP원료 [PPA],9504000,세금계산서,PP,Y,인쇄,조회
20180830-1,(주)동신밴드,PP18MMx 21kg 삼성 [2300M두께0.80mm단중8.8g] 외 2건,9431347,세금계산서,PP,Y,인쇄,조회
20180829-1,지에스칼텍스(주),H550-B (O.G) [25KG] 외 1건,21560000,세금계산서,PP,Y,인쇄,조회
20180828-5,파코팩(PACO PACK),PP12M [PP12M／M10KG(황)] 외 1건,1892000,세금계산서,PP,Y,인쇄,조회
20180828-4,백암지관공업사,지관 200 [지관 200＊8＊190] 외 1건,1033370,세금계산서,PP,Y,인쇄,조회
20180828-3,성은산업,수축필름 [220*145 (고메리)],968000,세금계산서,PP,Y,인쇄,조회
20180828-2,금성상회,PP원료(PP특A) [PP T/A],11880000,세금계산서,PP,Y,인쇄,조회
20180828-1,대림산업(주)전주공장,PP원료 [대림 A],66475200,세금계산서,PP,Y,인쇄,조회
20180827-3,(주)경남케미칼,MB 100B（ [M／B 100B（WHITE）] 외 2건,1056000,세금계산서,PP,Y,인쇄,조회
20180827-2,삼보팩,PSE(RMA) C/T 430 [430*130*430] 외 1건,389587,세금계산서,PP,Y,인쇄,조회
20180827-1,한국파렛트풀(주),팔레트 1100*1100*120 [1100*1100*120],412500,세금계산서,PP,Y,인쇄,조회
20180824-1,금성상회,PP원료 [은색],5148000,세금계산서,PP,Y,인쇄,조회
20180823-2,유진텍,DX9(4호기 온도기) [72*72-A0(4-20mA)],158400,세금계산서,PP,Y,인쇄,조회
20180823-1,백암지관공업사,지관 200 [지관 200＊8＊186] 외 1건,1122660,세금계산서,PP,Y,인쇄,조회
20180822-3,성보펙,무인쇄톰슨접착 430 [430*130*430] 외 1건,739750,세금계산서,PP,Y,인쇄,조회
20180822-2,금성상회,PP원료(PP특A) [PP T/A],-1584000,세금계산서,PP,Y,인쇄,조회
20180822-1,(주)디에스아이,파렛트 밴딩기 ( 참 1000mm) [DBA-1300A] 외 2건,3487550,세금계산서,상품,Y,인쇄,조회
20180821-1,금성상회,PP원료 [청색],4950000,세금계산서,PP,Y,인쇄,조회
20180820-5,제이케이머티리얼즈(주)／순성공장,PP원료,25908652,세금계산서,PP,Y,인쇄,조회
20180820-4,성보펙,무인쇄톰슨접착 350 [350*130*350],629200,세금계산서,PP,Y,인쇄,조회
20180820-3,백암지관공업사,지관 50 [지관 50＊5＊182],701800,세금계산서,PE,Y,인쇄,조회
20180820-2,백암지관공업사,지관 200 [지관 200＊8＊186] 외 2건,1894292,세금계산서,PP,Y,인쇄,조회
20180820-1,(주)동신밴드,PP18MMx 21kg 삼성 [2300M두께0.80mm단중8.8g] 외 2건,18714150,세금계산서,PP,Y,인쇄,조회
20180817-3,파코팩(PACO PACK),"12 x 3,000M 0.60T White w/Blue Midfield Meat International Pty Ltd EST 180 printed [12x3,000M 0.60T 백색 (M",6569640,세금계산서,PP,Y,인쇄,조회
20180817-2,금성상회,PP원료(PP특A) [PP T/A],-9086000,세금계산서,PP,Y,인쇄,조회
20180817-1,삼보팩,PB청 540* (삼성) [540*200],1379840,세금계산서,PP,Y,인쇄,조회
20180816-5,파코팩(PACO PACK),"12 x 3,000M 0.63T White w/EST 84 Black printed [12 x 3,000M 0.63T White w/EST 84 Black printed] 외 1건",2009040,세금계산서,PP,Y,인쇄,조회
20180816-4,(주)신영잉크,spp 군청 잉크 외 1건,282975,세금계산서,PP,Y,인쇄,조회
20180816-3,(주)동신밴드,PP18MMx 15kg 위니아(0.95T) [18MMx 15kg],2840508,세금계산서,PP,Y,인쇄,조회
20180816-2,(주)경남케미칼,MB 307 [M／B 307 Yellow] 외 3건,1644500,세금계산서,PP,Y,인쇄,조회
20180816-1,지에스칼텍스(주),H430 [500KG] 외 1건,13772000,세금계산서,PP,Y,인쇄,조회
20180814-4,중앙기획,동판비 [동판비],154000,세금계산서,PP,Y,인쇄,조회
20180814-3,금성상회,PP원료(PP특A) [PP T/A],-2376000,세금계산서,PP,Y,인쇄,조회
20180814-2,지에스칼텍스(주),H430 [25KG] 외 1건,12122000,세금계산서,PP,Y,인쇄,조회
20180814-1,백암지관공업사,지관 406 [지관 406＊6＊155] 외 1건,1010812,세금계산서,PP,Y,인쇄,조회
20180813-4,금성상회,PP원료(PP특A) [PP T/A],7920000,세금계산서,PP,Y,인쇄,조회
20180813-1,(주)동신밴드,PP18MMx 21kg 삼성 [2300M두께0.80mm단중8.8g] 외 1건,2605680,세금계산서,PP,Y,인쇄,조회
20180810-3,한국파렛트풀(주),팔레트 1100*1100*120 [1100*1100*120],825000,세금계산서,PP,Y,인쇄,조회
20180810-1,백암지관공업사,지관 406 [지관 406＊6＊155],646272,세금계산서,PP,Y,인쇄,조회
20180809-5,백암지관공업사,지관 200 [지관 200＊8＊190],1081080,세금계산서,PP,Y,인쇄,조회
20180809-4,성보펙,패드 400 [패드 400＊200 (레드)] 외 2건,1639000,세금계산서,PP,Y,인쇄,조회
20180809-3,(주)태진케미칼,PP가공 [PP가공],2084500,세금계산서,PP,Y,인쇄,조회
20180809-2,(주)동신밴드,PP18MMx 21kg 삼성 [2300M두께0.80mm단중8.8g] 외 1건,1737120,세금계산서,PP,Y,인쇄,조회
20180809-1,(주)태진케미칼,PP원료 [PPA],10296000,세금계산서,PP,Y,인쇄,조회
20180807-6,성보펙,무인쇄톰슨접착 320 [320*130*320] 외 1건,1029600,세금계산서,PP,Y,인쇄,조회
20180807-5,삼보팩,PB청 540* (삼성) [540*200],844800,세금계산서,PP,Y,인쇄,조회
20180807-4,백암지관공업사,지관 406 [지관 406＊6＊155] 외 1건,692419,세금계산서,PP,Y,인쇄,조회
20180807-3,금성상회,PP원료(PP특A) [PP T/A],11559988,세금계산서,PP,Y,인쇄,조회
20180807-2,지에스칼텍스(주),H550-B (O.G) [25KG],7480000,세금계산서,PP,Y,인쇄,조회
20180807-1,(주)동신밴드,PP18MMx 15kg 위니아(0.95T) [18MMx 15kg],2840508,세금계산서,대유위니아,Y,인쇄,조회
20180806-3,제이케이머티리얼즈(주)／순성공장,PP원료,3956216,세금계산서,PP,Y,인쇄,조회
20180806-2,(주)경남케미칼,MB 820FL [M／B 820FL（BLACK）] 외 4건,1930500,세금계산서,PP,Y,인쇄,조회
20180806-1,(주)동신밴드,PP18MMx 21kg 삼성 [2300M두께0.80mm단중8.8g] 외 1건,4715040,세금계산서,PP,Y,인쇄,조회
20180801-1,(주)동신밴드,PP18MMx 21kg 삼성 [2300M두께0.80mm단중8.8g] 외 1건,1786752,세금계산서,PP,Y,인쇄,조회
20180731-3,지원종합상사,장수필름 [0.10*450*15] 외 1건,300300,세금계산서,PP,Y,인쇄,조회
20180731-2,지에스칼텍스(주),H430-A (O.G) [25KG] 외 1건,22550000,세금계산서,PP,Y,인쇄,조회
20180731-1,금산포장,스트레치필름 [15mic * 300mm *500m],10179840,세금계산서,상품,Y,인쇄,조회
20180730-8,(주)세우케미칼,E308 [E308],43175000,세금계산서,PE,Y,인쇄,조회
20180730-7,대림산업(주)전주공장,PP원료 [대림 A],33105600,세금계산서,PP,Y,인쇄,조회
20180730-6,대림산업(주)전주공장,PP원료 [대림 A],33105600,세금계산서,PP,Y,인쇄,조회
20180730-5,성보펙,패드 420 [패드 420＊200 (무인쇄)] 외 1건,1199000,세금계산서,PP,Y,인쇄,조회
20180730-4,백암지관공업사,지관 200 [지관 200＊8＊190],410602,세금계산서,PP,Y,인쇄,조회
20180730-3,백암지관공업사,지관 50 [지관 50＊5＊182],1403600,세금계산서,PE,Y,인쇄,조회
20180730-1,이타코리아(주),PET결속기 수리비 [W/스위치외1건],66000,세금계산서,상품,Y,인쇄,조회
20180727-2,(주)디에스팩,H430 [500KG],20944000,세금계산서,PP,Y,인쇄,조회
20180727-1,(주)디에스팩,크래프트지 [일본수출용] 외 1건,2291520,세금계산서,PP,Y,인쇄,조회
20180726-5,금정기획,라벨(아트지무지)108*50 [[108*50 ]] 외 3건,522500,세금계산서,PP,Y,인쇄,조회
20180726-4,롯데케미칼 주식회사,MF5000(PE원료) [MF5000_500KG] 외 1건,27720000,세금계산서,PE,Y,인쇄,조회
20180726-3,대창수지,PP원료(원색),4840000,세금계산서,PP,Y,인쇄,조회
20180726-2,(주)태진케미칼,PP가공 [PP가공],3168000,세금계산서,PP,Y,인쇄,조회
20180726-1,백암지관공업사,지관 200 [지관 200＊8＊190],1122660,세금계산서,PP,Y,인쇄,조회
20180725-5,지에스칼텍스(주),H430 [500KG],33880000,세금계산서,PP,Y,인쇄,조회
20180725-4,지에스칼텍스(주),H430 [25KG] 외 1건,6160000,세금계산서,PP,Y,인쇄,조회
20180725-3,백암지관공업사,지관 200 [지관 200＊8＊186] 외 1건,841055,세금계산서,PP,Y,인쇄,조회
20180725-2,지에스칼텍스(주),H430-A (O.G) [25KG],14850000,세금계산서,PP,Y,인쇄,조회
20180725-1,(주)스피드랩코리아,스트레치필름(일반 핸드랩) [20*300mm*400m],344960,세금계산서,PP,Y,인쇄,조회
20180724-4,(주)한국바코드시스템,라벨(아트지도안HR-811) [[125*65 ]] 외 6건,874500,세금계산서,PP,Y,인쇄,조회
20180724-3,광일벨트,벨트 교환 [TB L 203 CNF 12],5940,세금계산서,PP,Y,인쇄,조회
20180724-2,삼영계전,COUNTER [FX4M-2P4] 외 2건,375760,세금계산서,PP,Y,인쇄,조회
20180724-1,대한전기,로다 수리 [3HP],165000,세금계산서,PP,Y,인쇄,조회
20180723-6,삼보팩,패드540(무인쇄) [패드540*200] 외 1건,1438800,세금계산서,PP,Y,인쇄,조회
20180723-5,(주)경남케미칼,MB 307 [M／B 307 Yellow] 외 2건,1391500,세금계산서,PP,Y,인쇄,조회
20180723-4,덕흥수지,PP원료 외 1건,18425000,세금계산서,PP,Y,인쇄,조회
20180723-3,동진씨엔피,박스 경인팩 6KG [465 455 245] 외 5건,2183500,세금계산서,PE,Y,인쇄,조회
20180723-2,금성상회,PP원료(PP특A) [PP T/A],3300000,세금계산서,PP,Y,인쇄,조회
20180723-1,(주)동신밴드,PP18MMx 15kg 위니아(0.95T) [18MMx 15kg],2840508,세금계산서,대유위니아,Y,인쇄,조회
20180720-5,주식회사 대륙케미칼,PP원료 [대림 A],16764000,세금계산서,PP,Y,인쇄,조회
20180720-4,백암지관공업사,지관 200 [지관 200＊8＊186],540540,세금계산서,PP,Y,인쇄,조회
20180720-3,백암지관공업사,지관 50 [지관 50＊5＊182] 외 1건,931480,세금계산서,PE,Y,인쇄,조회
20180720-2,성보펙,고메리 2입(IN) [445*440*410] 외 1건,1459700,세금계산서,PP,Y,인쇄,조회
20180719-2,우선산업,반자동수동밴드 [9mm*0.9T * 9.5Kg 청색],1672000,세금계산서,상품,Y,인쇄,조회
20180719-1,두성엔지니어링,밴드노즐 가공 [2.1*63L*3EA/38*70*366L],440000,세금계산서,PP,Y,인쇄,조회
20180718-6,성신목재,팔레트 1100*1100 [1100*1100] 외 5건,184360,세금계산서,PP,Y,인쇄,조회
20180718-5,성보펙,무인쇄톰슨접착 350 [350*130*350] 외 1건,828850,세금계산서,PP,Y,인쇄,조회
20180718-4,(주)신영잉크,Toluene(톨루엔),142725,세금계산서,PP,Y,인쇄,조회
20180718-3,백암지관공업사,지관 200 [지관 200＊8＊190] 외 1건,1122660,세금계산서,PP,Y,인쇄,조회
20180718-2,(주)종일기공사,마이크로 측정기 [547-301 (0-10mm(0.01)],209000,세금계산서,상품,Y,인쇄,조회
20180718-1,삼영계전,타이머 [MG 220V] 외 3건,66440,세금계산서,PP,Y,인쇄,조회
20180717-1,금성상회,PP원료 [청색],3960000,세금계산서,PP,Y,인쇄,조회
20180716-5,성보펙,PP청 400*(광림) [400*200] 외 3건,1587025,세금계산서,PP,Y,인쇄,조회
20180716-4,삼보팩,평면골판지 [구래단 (1100mm x 40000mm)],778800,세금계산서,PP,Y,인쇄,조회
20180716-3,삼보팩,PB청 540* (삼성) [540*200],1081344,세금계산서,PP,Y,인쇄,조회
20180716-2,금성상회,PP원료 [은색],2574000,세금계산서,PP,Y,인쇄,조회
20180716-1,(주)경남케미칼,MB 510-2 [M／B 510-2 (BLUE)] 외 1건,968000,세금계산서,PP,Y,인쇄,조회
20180713-4,영창프라스틱,STOPPER 500 PCS [STOPPER 500 PCS 투명],742500,세금계산서,상품,Y,인쇄,조회
20180713-3,제이케이머티리얼즈(주)／순성공장,PP원료,19842812,세금계산서,PP,Y,인쇄,조회
20180713-2,뿌리장갑상사,면장갑 [면장갑] 외 1건,133100,세금계산서,PP,Y,인쇄,조회
20180713-1,성신목재,팔레트 1100*1100 [1100*1100] 외 9건,589160,세금계산서,PP,Y,인쇄,조회
20180712-2,삼보팩,산유(HR812) [355*355*575],594000,세금계산서,PP,Y,인쇄,조회
20180712-1,백암지관공업사,지관 200 [지관 200＊4＊189] 외 1건,1033370,세금계산서,PP,Y,인쇄,조회
20180711-5,성보펙,패드 430 [패드 430＊200 (무지)] 외 1건,1407972,세금계산서,PP,Y,인쇄,조회
20180711-4,(주)성신인스트루먼트,다이얼 시그네스 게이지,130900,세금계산서,PP,Y,인쇄,조회
20180711-3,지에스칼텍스(주),H430 [25KG] 외 1건,12320000,세금계산서,PP,Y,인쇄,조회
20180711-2,금성상회,PP원료(PP특A) [PP T/A],11880000,세금계산서,PP,Y,인쇄,조회
20180711-1,한국파렛트풀(주),팔레트 1100*1100*120 [1100*1100*120],825000,세금계산서,PP,Y,인쇄,조회
20180710-1,동원팩,결속기 부품 [클러치교체] 외 2건,385000,세금계산서,상품,Y,인쇄,조회
20180709-2,지에스칼텍스(주),H430-B (O.G) [25kg],36575000,세금계산서,PP,Y,인쇄,조회
20180709-1,백암지관공업사,지관 200 [지관 200＊4＊189],751766,세금계산서,PP,Y,인쇄,조회
20180705-1,(주)동신밴드,PP18MMx 15kg 위니아(0.95T) [18MMx 15kg],2840508,세금계산서,대유위니아,Y,인쇄,조회
20180704-6,제이케이머티리얼즈(주)／순성공장,PP원료,3848856,세금계산서,PP,Y,인쇄,조회
20180704-5,덕흥수지,PP원료 외 1건,23650000,세금계산서,PP,Y,인쇄,조회
20180704-4,(주)경남케미칼,MB 307 [M／B 307 Yellow] 외 1건,910250,세금계산서,PP,Y,인쇄,조회
20180704-3,백암지관공업사,지관 200 [지관 200＊8＊186] 외 1건,1122660,세금계산서,PP,Y,인쇄,조회
20180704-2,주식회사 제일CPT,CALPET [CALPET],3861000,세금계산서,PP,Y,인쇄,조회
20180704-1,롯데케미칼 주식회사,MF5000(PE원료) [MF5000_500KG],25987500,세금계산서,PE,Y,인쇄,조회
20180703-1,성보펙,무인쇄톰슨접착 350 [350*130*350] 외 1건,918500,세금계산서,PP,Y,인쇄,조회
20180702-1,금성상회,PP원료(PP특A) [PP T/A],9240000,세금계산서,PP,Y,인쇄,조회
20180629-5,진영프라스틱,PP 청색 [PP 청색],3960000,세금계산서,PP,Y,인쇄,조회
20180629-4,백암지관공업사,지관 50 [지관 50＊5＊182],1403600,세금계산서,PE,Y,인쇄,조회
20180629-3,백암지관공업사,지관 200 [지관 200＊8＊190],343035,세금계산서,PP,Y,인쇄,조회
20180629-2,성보펙,패드 400 [패드 400＊200 (레드)],700700,세금계산서,PP,Y,인쇄,조회
20180629-1,동진씨엔피,경인팩 2KG [320*190*780] 외 3건,2370500,세금계산서,PE,Y,인쇄,조회
20180628-2,삼보팩,고메리 12입(C/T) [570*430*390] 외 1건,1208185,세금계산서,PP,Y,인쇄,조회
20180628-1,백암지관공업사,지관 200 [지관 200＊8＊186] 외 1건,1122660,세금계산서,PP,Y,인쇄,조회
20180627-2,성보펙,PB청450*200 (POWER BAND) [450*200] 외 1건,816420,세금계산서,PP,Y,인쇄,조회
20180627-1,성신목재,팔레트 1100*1100 [1100*1100] 외 6건,386100,세금계산서,PP,Y,인쇄,조회
20180626-3,대한전기,투인타이머 외 3건,143000,세금계산서,PP,Y,인쇄,조회
20180626-2,지에스칼텍스(주),H430 [500KG] 외 2건,36036000,세금계산서,PP,Y,인쇄,조회
20180626-1,(주)경남케미칼,MB 100B（ [M／B 100B（WHITE）] 외 1건,847000,세금계산서,PP,Y,인쇄,조회
20180625-4,(주)태진케미칼,PP파샤 (scrap),2629000,세금계산서,PP,Y,인쇄,조회
20180625-3,성신목재,팔레트 1000*1000 [1000*1000] 외 1건,130240,세금계산서,PP,Y,인쇄,조회
20180625-2,성신목재,팔레트 1100*1100 [1100*1100] 외 5건,384780,세금계산서,PP,Y,인쇄,조회
20180625-1,금산포장,스트레치필름(기능 핸드랩) [15*500mm*350m] 외 2건,12227072,세금계산서,상품,Y,인쇄,조회
20180622-1,대성EXT,오븐박킹 [10M],55000,세금계산서,PP,Y,인쇄,조회
20180621-4,(주)세우케미칼,E308 [E308],43450000,세금계산서,PP,Y,인쇄,조회
20180621-3,지에스칼텍스(주),H430-B (O.G) [25kg],36575000,세금계산서,PP,Y,인쇄,조회
20180621-2,삼보팩,타이거팩 4501 C/T 350 [350*130*350] 외 1건,761475,세금계산서,PP,Y,인쇄,조회
20180621-1,지영,팔레트 1200*1100 [1200*1100],1430000,세금계산서,PP,Y,인쇄,조회
20180620-2,백암지관공업사,지관 50 [지관 50*5*225],191400,세금계산서,PP,Y,인쇄,조회
20180620-1,백암지관공업사,지관 200 [지관 200＊8＊186] 외 1건,736643,세금계산서,PP,Y,인쇄,조회
20180619-6,진송팩,밴딩기 프리앵글로라 [프리앵글로라 SET(고상형)] 외 1건,110000,세금계산서,상품,Y,인쇄,조회
20180619-5,금성상회,PP원료(PP특A) [PP T/A],6600000,세금계산서,PP,Y,인쇄,조회
20180619-4,(주)동신밴드,PP18M [PP18M／M10KG(백)] 외 1건,836000,세금계산서,상품,Y,인쇄,조회
20180619-3,(주)동신밴드,PP18MMx 15kg 위니아(0.95T) [18MMx 15kg],2840508,세금계산서,대유위니아,Y,인쇄,조회
20180619-2,(주)경남케미칼,MB 510-2 [M／B 510-2 (BLUE)] 외 1건,1012000,세금계산서,PP,Y,인쇄,조회
20180619-1,백암지관공업사,지관 200 [지관 200＊4＊189] 외 1건,944081,세금계산서,PP,Y,인쇄,조회
20180618-3,제이케이머티리얼즈(주)／순성공장,PP원료,20990640,세금계산서,PP,Y,인쇄,조회
20180618-1,성보펙,무인쇄톰슨접착 320 [320*130*320] 외 1건,898260,세금계산서,PP,Y,인쇄,조회
20180615-2,진송팩,마그네트 브레이크(밴딩기 개폐기) [0.5KG DC24V],170500,세금계산서,상품,Y,인쇄,조회
20180615-1,영창프라스틱,STOPPER 50 PCS [STOPPER 50 PCS 투명],1065389,영세율,상품,Y,인쇄,조회
20180614-4,성보펙,고메리 3입(IN) [345*340*390],277200,세금계산서,PP,Y,인쇄,조회
20180614-3,(주)경남케미칼,MB 100B（ [M／B 100B（WHITE）] 외 2건,1141250,세금계산서,PP,Y,인쇄,조회
20180614-2,백암지관공업사,지관 200 [지관 200＊8＊190] 외 1건,680310,세금계산서,PP,Y,인쇄,조회
20180612-8,진송팩,PP밴딩기 부속 [릴 브레이크 플리],198000,세금계산서,상품,Y,인쇄,조회
20180612-7,두성엔지니어링,밴드노즐 가공 [1.6*52.5L*4EA/38*80*420L] 외 1건,577500,세금계산서,PP,Y,인쇄,조회
20180612-6,금성상회,PP원료(PP특A) [PP T/A],12144000,세금계산서,PP,Y,인쇄,조회
20180612-5,(주)경남케미칼,MB 100B（ [M／B 100B（WHITE）] 외 3건,1446500,세금계산서,PP,Y,인쇄,조회
20180612-4,백암지관공업사,지관 50 [지관 50＊5＊182],701800,세금계산서,PE,Y,인쇄,조회
20180612-3,백암지관공업사,지관 200 [지관 200＊8＊190],738045,세금계산서,PP,Y,인쇄,조회
20180612-2,(주)태진케미칼,PP원료 [PPA],10296000,세금계산서,PP,Y,인쇄,조회
20180611-2,백암지관공업사,지관 50 [지관 50＊5＊182],859705,세금계산서,PE,Y,인쇄,조회
20180611-1,성보펙,패드 430 [패드 430＊200 (무지)] 외 1건,1172600,세금계산서,PP,Y,인쇄,조회
20180608-2,성신목재,팔레트 1320*880 [1320*880] 외 4건,374000,세금계산서,PP,Y,인쇄,조회
20180608-1,성신목재,팔레트 1100*1100 [1100*1100] 외 4건,183040,세금계산서,PP,Y,인쇄,조회
20180607-1,성보펙,고메리 2입(IN) [445*440*410],402600,세금계산서,PP,Y,인쇄,조회
20180606-2,(주)태진케미칼,PP원료 (백색) [백색],9009000,세금계산서,PP,Y,인쇄,조회
20180606-1,백암지관공업사,지관 200 [지관 200＊8＊190],1122660,세금계산서,PP,Y,인쇄,조회
20180605-1,백암지관공업사,지관 200 [지관 200＊8＊186] 외 2건,985292,세금계산서,PP,Y,인쇄,조회
20180604-6,두성엔지니어링,고리 브라켓트 [밴드 S Type],825000,세금계산서,PP,Y,인쇄,조회
20180604-5,(주)경남케미칼,MB 307 [M／B 307 Yellow] 외 2건,1342000,세금계산서,PP,Y,인쇄,조회
20180604-3,(주)동신밴드,PP18MMx 15kg 위니아(0.95T) [18MMx 15kg],2840508,세금계산서,대유위니아,Y,인쇄,조회
20180604-1,백암지관공업사,지관 406 [지관 406＊6＊155] 외 1건,706041,세금계산서,PP,Y,인쇄,조회
20180601-4,대림플라텍(주),팔레트 1100*1100*120 [1100*1100*120],935000,세금계산서,PP,Y,인쇄,조회
20180601-3,삼보팩,PB청 540* (삼성) [540*200],1092608,세금계산서,PP,Y,인쇄,조회
20180601-1,금성상회,PP원료(PP특A) [PP T/A],6230400,세금계산서,PP,Y,인쇄,조회
20180531-5,대림산업(주)전주공장,PP원료 [대림 A],33026400,세금계산서,PP,Y,인쇄,조회
20180531-4,지에스칼텍스(주),H430 [500KG],18084000,세금계산서,PP,Y,인쇄,조회
20180531-2,백암지관공업사,지관 200 [지관 200＊8＊186] 외 1건,727650,세금계산서,PP,Y,인쇄,조회
20180531-1,백암지관공업사,지관 50 [지관 50＊5＊182],701800,세금계산서,PE,Y,인쇄,조회
20180530-6,(주)경남케미칼,MB 100B（ [M／B 100B（WHITE）],148500,세금계산서,PP,Y,인쇄,조회
20180530-5,성신목재,팔레트 860*1290 [860*1290] 외 1건,18700,세금계산서,PP,Y,인쇄,조회
20180530-4,(주)경남케미칼,MB 100B（ [M／B 100B（WHITE）],594000,세금계산서,PP,Y,인쇄,조회
20180530-3,백암지관공업사,지관 200 [지관 200＊4＊189] 외 1건,854792,세금계산서,PP,Y,인쇄,조회
20180529-4,대창수지,PP원료(원색),14520000,세금계산서,PP,Y,인쇄,조회
20180529-3,제이케이머티리얼즈(주)／순성공장,PP원료,3706560,세금계산서,PP,Y,인쇄,조회
20180529-2,성보펙,패드 400 [패드 400＊200 (레드)] 외 1건,1162700,세금계산서,PP,Y,인쇄,조회
20180529-1,(주)태진케미칼,PP원료 (백색) [백색],8316000,세금계산서,PP,Y,인쇄,조회
20180528-1,백암지관공업사,지관 200 [지관 200＊4＊189],751766,세금계산서,PP,Y,인쇄,조회
20180525-5,지에스칼텍스(주),H550-B (O.G) [25KG],-34320000,세금계산서,PP,Y,인쇄,조회
20180525-4,대양스트랩(주),PET 19mm x 1.0T x 780m [PET 19mm x 1.0T x 780m Embossed (검정)],283800,세금계산서,상품,Y,인쇄,조회
20180525-3,성보펙,서플라이웨이BOX(White) [440*200*445] 외 1건,496347,세금계산서,PP,Y,인쇄,조회
20180525-2,진송팩,RH블록암SET 외 4건,452100,세금계산서,상품,Y,인쇄,조회
20180525-1,성신목재,팔레트 1140*1140 [1140*1140] 외 3건,411400,세금계산서,PP,Y,인쇄,조회
20180524-4,덕흥수지,PP원료,13200000,세금계산서,PP,Y,인쇄,조회
20180524-3,롯데케미칼 주식회사,MF5000(PE원료) [MF5000_500KG],25987500,세금계산서,PE,Y,인쇄,조회
20180524-2,(주)경남케미칼,MB 510-2 [M／B 510-2 (BLUE)] 외 3건,1298000,세금계산서,PP,Y,인쇄,조회
20180524-1,(주)태진케미칼,PP원료 [PPA],10296000,세금계산서,PP,Y,인쇄,조회
20180523-5,창미포장기계,수축필름(시맥스) 15인치-타공 [15인치x1332mx0.015T (sanyu 포장)] 외 1건,154660,세금계산서,PP,Y,인쇄,조회
20180523-4,금성상회,PP원료(PP특A) [PP T/A],7788000,세금계산서,PP,Y,인쇄,조회
20180523-3,지에스칼텍스(주),H550-B (O.G) [25KG],34320000,세금계산서,PP,Y,인쇄,조회
20180523-2,백암지관공업사,지관 200 [지관 200＊8＊186] 외 2건,1785137,세금계산서,PP,Y,인쇄,조회
20180523-1,(주)동신밴드,PP18MMx 10kg 투명 [자동밴딩 16.7MM * 1050M 두께1.0mm] 외 1건,1825000,세금계산서,PP,Y,인쇄,조회
20180522-1,금성상회,PP원료(PP특A) [PP T/A] 외 1건,5610000,세금계산서,PP,Y,인쇄,조회
20180521-1,성보펙,서플라이웨이BOX(White) [440*200*445],971190,세금계산서,PP,Y,인쇄,조회
20180518-2,성보펙,패드 430 [패드 430＊200 (무지)] 외 2건,1611500,세금계산서,PP,Y,인쇄,조회
20180518-1,(주)동신밴드,PP15M [PP15M／M9KG(황)],21120,세금계산서,PP,Y,인쇄,조회
20180517-1,(주)세우케미칼,PE원료(E308 [E308],42625000,세금계산서,PE,Y,인쇄,조회
20180516-2,(주)동신밴드,PP18MMx 15kg 위니아(0.95T) [18MMx 15kg],2840508,세금계산서,대유위니아,Y,인쇄,조회
20180516-1,성우중공업(주),기타 [콘트롤라] 외 2건,1067000,세금계산서,PP,Y,인쇄,조회
20180515-4,백암지관공업사,지관 200 [지관 200＊4＊189] 외 1건,1033370,세금계산서,PP,Y,인쇄,조회
20180515-3,(주)태진케미칼,PP원료 (백색) [백색],8316000,세금계산서,PP,Y,인쇄,조회
20180515-2,대림플라텍(주),팔레트 1100*1100*120 [1100*1100*120],467500,세금계산서,PP,Y,인쇄,조회
20180515-1,제이케이머티리얼즈(주)／순성공장,PP원료,12130800,세금계산서,PP,Y,인쇄,조회
20180514-7,금정기획,라벨(아트지도안 AWP) 2215T [115*55],50600,세금계산서,PP,Y,인쇄,조회
20180514-6,(주)태진케미칼,PP파샤 (scrap),3168000,세금계산서,PP,Y,인쇄,조회
20180514-5,롯데케미칼 주식회사,MF5000(PE원료) [MF5000_500KG],10395000,세금계산서,PE,Y,인쇄,조회
20180514-4,금성상회,PP원료(PP특A) [PP T/A],3894000,세금계산서,PP,Y,인쇄,조회
20180514-3,대한전기,로다 수리 [3HP] 외 1건,220000,세금계산서,PP,Y,인쇄,조회
20180514-2,백암지관공업사,지관 200 [지관 200＊8＊190],410602,세금계산서,PP,Y,인쇄,조회
20180514-1,백암지관공업사,지관 50 [지관 50＊5＊182],1403600,세금계산서,PE,Y,인쇄,조회
20180511-2,(주)태진케미칼,PP원료 [PPA],10296000,세금계산서,PP,Y,인쇄,조회
20180511-1,(주)경남케미칼,UV-NATURAL 외 1건,896500,세금계산서,PP,Y,인쇄,조회
20180510-3,주식회사 제일CPT,CALPET [CALPET],2574000,세금계산서,PP,Y,인쇄,조회
20180510-2,(주)경남케미칼,UV-NATURAL,84480,세금계산서,PP,Y,인쇄,조회
20180510-1,(주)원진산업롤,고무롤 수리외 [240*166*205],110000,세금계산서,PP,Y,인쇄,조회
20180509-2,동진씨엔피,경인팩 2KG [320*190*780] 외 4건,2276153,세금계산서,PE,Y,인쇄,조회
20180509-1,(주)태진케미칼,PP원료 [PPA],9504000,세금계산서,PP,Y,인쇄,조회
20180508-3,성신목재,팔레트 1100*1100 [1100*1100] 외 2건,175120,세금계산서,PP,Y,인쇄,조회
20180508-2,두성엔지니어링,압출기 다이스 수리,880000,세금계산서,PP,Y,인쇄,조회
20180508-1,삼환강업(주),STEEL 19MMx0.56x16KG ZINC COATED MINI RIBBON [STEEL 19MMx0.56x16KG ZINC COATED MINI RIBBON] 외 1건,10571104,영세율,상품,Y,인쇄,조회
20180507-1,삼보팩,써마크래프트 C/T 260 [260*132*263],44412,세금계산서,PP,Y,인쇄,조회
20180504-1,(주)경남케미칼,UV-NATURAL 외 1건,885500,세금계산서,PP,Y,인쇄,조회
20180503-4,덕흥수지,PP원료,19800000,세금계산서,PP,Y,인쇄,조회
20180503-3,성보펙,미국박스 [420 200 425] 외 1건,722700,세금계산서,PP,Y,인쇄,조회
20180503-2,백암지관공업사,지관 200 [지관 200＊8＊190],1122660,세금계산서,PP,Y,인쇄,조회
20180503-1,지에스칼텍스(주),H430-B (O.G) [25kg] 외 1건,29504750,세금계산서,PP,Y,인쇄,조회
20180502-4,삼보팩,써마크래프트 C/T 260 [260*132*263],1784338,세금계산서,PP,Y,인쇄,조회
20180502-3,금성상회,PP원료(PP특A) [PP T/A],7788000,세금계산서,PP,Y,인쇄,조회
20180502-2,(주)경남케미칼,MB 307 [M／B 307 Yellow] 외 1건,1034000,세금계산서,PP,Y,인쇄,조회
20180502-1,영창프라스틱,STOPPER 50 PCS [STOPPER 50 PCS 투명],1875461,영세율,상품,Y,인쇄,조회
20180427-3,두성엔지니어링,와인다 캡 가공,660000,세금계산서,PP,Y,인쇄,조회
20180427-2,성보펙,패드 400 [패드 400＊200 (레드)],715000,세금계산서,PP,Y,인쇄,조회
20180426-4,대림산업(주)전주공장,PP원료 [대림 A],33554400,세금계산서,PP,Y,인쇄,조회
20180426-3,대림산업(주)전주공장,PP원료 [대림 A],33554400,세금계산서,PP,Y,인쇄,조회
20180426-2,금성상회,PP원료(PP특A) [PP T/A],6230400,세금계산서,PP,Y,인쇄,조회
20180426-1,백암지관공업사,지관 200 [지관 200＊8＊190],1122660,세금계산서,PP,Y,인쇄,조회
20180425-2,백암지관공업사,지관 200 [지관 200＊8＊190] 외 1건,582120,세금계산서,PP,Y,인쇄,조회
20180425-1,백암지관공업사,지관 50 [지관 50＊5＊182],701800,세금계산서,PE,Y,인쇄,조회
20180424-3,동원화학수지,PP원료(원색) [A] 외 1건,23606880,세금계산서,PP,Y,인쇄,조회
20180424-2,성보펙,PB청450*200 (POWER BAND) [450*200] 외 1건,968000,세금계산서,PP,Y,인쇄,조회
20180424-1,백암지관공업사,지관 200 [지관 200＊4＊189] 외 2건,925193,세금계산서,PP,Y,인쇄,조회
20180423-3,(주)경남케미칼,MB 1583 [M／B 1583（BEIGE）] 외 2건,1380500,세금계산서,PP,Y,인쇄,조회
20180423-2,금성상회,PP원료(PP특A) [PP T/A] 외 1건,6259000,세금계산서,PP,Y,인쇄,조회
20180423-1,지에스칼텍스(주),H430-B (O.G) [25kg] 외 1건,23188000,세금계산서,PP,Y,인쇄,조회
20180420-2,(주)태진케미칼,PP원료 [PPA] 외 1건,8910000,세금계산서,PP,Y,인쇄,조회
20180420-1,성신목재,팔레트 860*1290 [860*1290] 외 4건,385880,세금계산서,PP,Y,인쇄,조회
20180419-5,(주)동신밴드,PP18MMx 15kg 위니아(0.95T) [18MMx 15kg],2840508,세금계산서,대유위니아,Y,인쇄,조회
20180419-4,(주)세우케미칼,PE원료(E308 [E308],42625000,세금계산서,PP,Y,인쇄,조회
20180419-3,진흥산업,폴리백 57*58 [폴리백 57*58],726000,세금계산서,PE,Y,인쇄,조회
20180419-2,(주)그린엔텍,PP원료(특A) [[HP450J-25kg]] 외 2건,-39901400,세금계산서,PP,Y,인쇄,조회
20180419-1,덕흥수지,PP원료,13200000,세금계산서,PP,Y,인쇄,조회
20180418-1,(주)태진케미칼,PP원료 (백색) [백색],5775000,세금계산서,PP,Y,인쇄,조회
20180417-3,백암지관공업사,지관 200 [지관 200＊4＊189],316716,세금계산서,PP,Y,인쇄,조회
20180417-2,백암지관공업사,지관 50 [지관 50＊5＊182],1403600,세금계산서,PE,Y,인쇄,조회
20180417-1,(주)경남케미칼,MB 820FL [M／B 820FL（BLACK）] 외 1건,874500,세금계산서,PP,Y,인쇄,조회
20180416-2,삼보팩,고메리 2입 (C/T) [450*445*400] 외 2건,2343396,세금계산서,PP,Y,인쇄,조회
20180416-1,성보펙,패드 430 [패드 430＊200 (무지)] 외 1건,825000,세금계산서,PP,Y,인쇄,조회
20180413-5,백암지관공업사,지관 200 [지관 200＊4＊189] 외 2건,1040239,세금계산서,PP,Y,인쇄,조회
20180413-4,금성상회,PP원료(PP특A) [PP T/A] 외 1건,4182200,세금계산서,PP,Y,인쇄,조회
20180413-3,금정기획,라벨(아트지도안) NSM750W [200*140] 외 5건,594000,세금계산서,PP,Y,인쇄,조회
20180413-2,(주)윤성,종이앵글(각대) [50*50*5*200],140800,세금계산서,PP,Y,인쇄,조회
20180413-1,(주)태진케미칼,PP파샤 (scrap) 외 1건,5626500,세금계산서,PP,Y,인쇄,조회
20180412-4,제이케이머티리얼즈(주)／순성공장,PP원료,12711600,세금계산서,PP,Y,인쇄,조회
20180412-3,백암지관공업사,지관 200 [지관 200＊4＊189] 외 1건,716601,세금계산서,PP,Y,인쇄,조회
20180412-2,성보펙,미국박스 [420 200 425] 외 1건,692450,세금계산서,PP,Y,인쇄,조회
20180412-1,동진씨엔피,박스 D-28폴리테잎 [760 310 205 (미국수출용/#4.0)],746900,세금계산서,PE,Y,인쇄,조회
20180411-4,롯데케미칼 주식회사,MF5000(PE원료) [MF5000_500KG],20790000,세금계산서,PP,Y,인쇄,조회
20180411-3,신일피엔에스 주식회사,PP원료 [PP-L],11330000,세금계산서,PP,Y,인쇄,조회
20180411-2,성신목재,팔레트 1100*1100 [1100*1100] 외 5건,503580,세금계산서,PP,Y,인쇄,조회
20180411-1,(주)경남케미칼,MB 307 [M／B 307 Yellow] 외 2건,1377750,세금계산서,PP,Y,인쇄,조회
20180410-3,성보펙,미국박스 [440 200 445],712800,세금계산서,PP,Y,인쇄,조회
20180410-2,성신목재,팔레트 920＊1380 [920＊1380] 외 7건,370700,세금계산서,PP,Y,인쇄,조회
20180410-1,백암지관공업사,지관 406 [지관 406＊6＊155] 외 3건,1430633,세금계산서,PP,Y,인쇄,조회
20180409-5,덕흥수지,PP원료,13200000,세금계산서,PP,Y,인쇄,조회
20180409-4,(주)태진케미칼,PP원료 [PPA],9504000,세금계산서,PP,Y,인쇄,조회
20180409-3,백암지관공업사,지관 230 [지관 230＊5＊187] 외 1건,965965,세금계산서,PP,Y,인쇄,조회
20180409-2,금성상회,PP원료(PP특A) [PP T/A] 외 1건,6649500,세금계산서,PP,Y,인쇄,조회
20180406-1,성보펙,고메리 12입(IN) [410*275*180] 외 1건,709500,세금계산서,PP,Y,인쇄,조회
20180405-5,(주)동신밴드,PP18MM 8kg (투명) [PP18MM (투명) 단위중량12.5g 두께 1.1-1.2T 지관포함 8KG] 외 2건,1854820,세금계산서,상품,Y,인쇄,조회
20180405-4,(주)동신밴드,PP18MMx 15kg 위니아(0.95T) [18MMx 15kg] 외 1건,2774145,세금계산서,대유위니아,Y,인쇄,조회
20180405-3,(주)경남케미칼,MB 100B（ [M／B 100B（WHITE）],594000,세금계산서,PP,Y,인쇄,조회
20180405-2,백암지관공업사,지관 50 [지관 50*5*225] 외 1건,1785762,세금계산서,PE,Y,인쇄,조회
20180405-1,지영,팔레트 1200*1100 [1200*1100],715000,세금계산서,PP,Y,인쇄,조회
20180404-3,지에스칼텍스(주),H430-B (O.G) [25kg] 외 1건,8811000,세금계산서,PP,Y,인쇄,조회
20180404-2,백암지관공업사,지관 200 [지관 200＊4＊189] 외 1건,1033370,세금계산서,PP,Y,인쇄,조회
20180404-1,(주)경남케미칼,MB 100B（ [M／B 100B（WHITE）],148500,세금계산서,PP,Y,인쇄,조회
20180403-4,지에스칼텍스(주),H430-B (O.G) [25kg],35750000,세금계산서,PP,Y,인쇄,조회
20180403-2,대림플라텍(주),팔레트 1100*1100*120 [1100*1100*120],935000,세금계산서,PP,Y,인쇄,조회
20180403-1,백암지관공업사,지관 200 [지관 200＊8＊186] 외 1건,930344,세금계산서,PP,Y,인쇄,조회
20180402-3,성보펙,패드 400 [패드 400＊200 (레드)] 외 2건,1430000,세금계산서,PP,Y,인쇄,조회
20180402-2,백암지관공업사,지관 406 [지관 406＊6＊155] 외 1건,984654,세금계산서,PP,Y,인쇄,조회
20180402-1,(주)경남케미칼,MB 820FL [M／B 820FL（BLACK）] 외 4건,1047750,세금계산서,PP,Y,인쇄,조회
20180330-2,경인팩,결속기 새부리 [새부리],297000,세금계산서,상품,Y,인쇄,조회
20180330-1,진흥산업,폴리백 26＊44 [폴리백 24＊44],1320000,세금계산서,PP,Y,인쇄,조회
20180329-6,태흥기업사,"전기 컨트롤 와인다 [50KG/cm, 220V]",550000,세금계산서,PE,Y,인쇄,조회
20180329-5,덕흥수지,PP원료,13200000,세금계산서,PP,Y,인쇄,조회
20180329-4,백암지관공업사,지관 50 [지관 50＊5＊182],701800,세금계산서,PE,Y,인쇄,조회
20180329-3,백암지관공업사,지관 200 [지관 200＊8＊190] 외 1건,527582,세금계산서,PP,Y,인쇄,조회
20180329-2,(주)원진산업롤,연신롤 수리외 [1000*166*215],495000,세금계산서,PP,Y,인쇄,조회
20180329-1,금성상회,PP원료(PP특A) [PP T/A],3217500,세금계산서,PP,Y,인쇄,조회
20180328-3,삼보팩,패드 420 [패드 420＊200 (적색패드)],797500,세금계산서,PP,Y,인쇄,조회
20180328-2,(주)경남케미칼,MB 820FL [M／B 820FL（BLACK）],379500,세금계산서,PP,Y,인쇄,조회
20180328-1,백암지관공업사,지관 406 [지관 406＊6＊155],646272,세금계산서,PP,Y,인쇄,조회
20180327-4,대성EXT,엠보롤제작 [폭:200W 외경:165파이] 외 2건,5945500,세금계산서,PP,Y,인쇄,조회
20180327-3,(주)태진케미칼,PP가공 [PP가공],3168000,세금계산서,PP,Y,인쇄,조회
20180327-2,(주)경남케미칼,MB 307 [M／B 307 Yellow] 외 2건,1421750,세금계산서,PP,Y,인쇄,조회
20180327-1,진영프라스틱,PP 은색 [PP 은색] 외 1건,11616000,세금계산서,PP,Y,인쇄,조회
20180326-6,(주)세우케미칼,PE원료(E308 [E308],42625000,세금계산서,PE,Y,인쇄,조회
20180326-5,성보펙,미국박스 580 [580*170*580] 외 3건,1745535,세금계산서,PP,Y,인쇄,조회
20180326-4,대창수지,PP원료 (백색) 외 1건,11550000,세금계산서,PP,Y,인쇄,조회
20180326-3,금성상회,PP원료(PP특A) [PP T/A],4633200,세금계산서,PP,Y,인쇄,조회
20180326-2,성신목재,팔레트 열처리 [열처리] 외 3건,355300,세금계산서,PP,Y,인쇄,조회
20180326-1,동진씨엔피,박스 D6 [465 455 245],564795,세금계산서,PE,Y,인쇄,조회
20180323-2,백암지관공업사,지관 200 [지관 200＊8＊190] 외 1건,944081,세금계산서,PP,Y,인쇄,조회
20180323-1,중앙기획,동판비 [동판비],154000,세금계산서,PP,Y,인쇄,조회
20180321-3,주식회사 제일CPT,CALPET [CALPET],2574000,세금계산서,PP,Y,인쇄,조회
20180321-2,대양스트랩(주),PET 16mm x 0.8T x 1200m [PET 16mm x 0.8T x 1200m Embossed (반투명 녹색)],567600,세금계산서,제이케이머티리얼즈,Y,인쇄,조회
20180321-1,(주)동신밴드,PP원료 (백색),9970400,세금계산서,PP,Y,인쇄,조회
20180320-4,제이케이머티리얼즈(주)／순성공장,PP원료,15037440,세금계산서,PP,Y,인쇄,조회
20180320-3,백암지관공업사,지관 50 [지관 50＊5＊182],701800,세금계산서,PE,Y,인쇄,조회
20180320-2,백암지관공업사,지관 200 [지관 200＊8＊190] 외 1건,1443041,세금계산서,PP,Y,인쇄,조회
20180319-3,성보펙,패드 400 [패드 400＊200 (레드)],715000,세금계산서,PP,Y,인쇄,조회
20180319-2,롯데케미칼 주식회사,MF5000(PE원료) [MF5000_500KG],20922000,세금계산서,PP,Y,인쇄,조회
20180319-1,(주)경남케미칼,UV-NATURAL,528000,세금계산서,PP,Y,인쇄,조회
20180316-3,금성상회,PP원료(PP특A) [PP T/A],4633200,세금계산서,PP,Y,인쇄,조회
20180316-2,백암지관공업사,지관 200 [지관 200＊8＊186] 외 2건,1019634,세금계산서,PP,Y,인쇄,조회
20180315-2,(주)경남케미칼,MB 307 [M／B 307 Yellow] 외 2건,1314500,세금계산서,PP,Y,인쇄,조회
20180314-3,주식회사 우림,OPP-TAPE [OPP-TAPE 25＊20(투명)] 외 3건,964370,세금계산서,PE,Y,인쇄,조회
20180314-2,백암지관공업사,지관 200 [지관 200＊8＊190],1122660,세금계산서,PP,Y,인쇄,조회
20180314-1,지에스칼텍스(주),H430-B (O.G) [25kg],37180000,세금계산서,PP,Y,인쇄,조회
20180313-7,제이케이머티리얼즈(주)／순성공장,PP원료,3838560,세금계산서,PP,Y,인쇄,조회
20180313-5,지에스칼텍스(주),H430-A (O.G) [25KG],23232000,세금계산서,PP,Y,인쇄,조회
20180313-4,삼보팩,PB청 540* (삼성) [540*200],844800,세금계산서,PP,Y,인쇄,조회
20180313-3,동진씨엔피,박스 경인팩 6KG [465 455 245] 외 2건,1947000,세금계산서,PE,Y,인쇄,조회
20180313-2,금성상회,PP원료(PP특A) [PP T/A],3861000,세금계산서,PP,Y,인쇄,조회
20180313-1,(주)동신밴드,운송료 [대유위니아납] 외 1건,2029500,세금계산서,PP,Y,인쇄,조회
20180312-4,(주)한국바코드시스템,라벨(아트지도안2T) [[76*156 ]] 외 5건,698500,세금계산서,PP,Y,인쇄,조회
20180312-3,롯데케미칼 주식회사,MF5000(PE원료) [MF5000_500KG],20922000,세금계산서,PP,Y,인쇄,조회
20180312-2,성보펙,고메리 2입(IN) [445*440*410],791780,세금계산서,PP,Y,인쇄,조회
20180312-1,에어팩코리아,에어백 APK-1018 (1000*1800) [에어백 1000*1800] 외 1건,325600,세금계산서,PP,Y,인쇄,조회
20180310-1,금정기획,라벨(아트지1030708) [110*45] 외 4건,457600,세금계산서,PP,Y,인쇄,조회
20180309-5,덕흥수지,PP원료,13200000,세금계산서,PP,Y,인쇄,조회
20180309-4,금성상회,PP원료(PP특A) [PP T/A],6435000,세금계산서,PP,Y,인쇄,조회
20180309-3,(주)태진케미칼,PP원료 [PPA],8712000,세금계산서,PP,Y,인쇄,조회
20180309-2,백암지관공업사,지관 200 [지관 200＊8＊190],779625,세금계산서,PP,Y,인쇄,조회
20180309-1,백암지관공업사,지관 50 [지관 50＊5＊182],701800,세금계산서,PE,Y,인쇄,조회
20180308-3,(주)경남케미칼,MB 820FL [M／B 820FL（BLACK）] 외 3건,1236125,세금계산서,PP,Y,인쇄,조회
20180308-2,성신목재,팔레트 860*1290 [860*1290] 외 3건,187000,세금계산서,PP,Y,인쇄,조회
20180308-1,광일벨트,벨트 교환 [B-71] 외 2건,15070,세금계산서,PP,Y,인쇄,조회
20180307-3,(주)태진케미칼,PP가공 [PP가공],2640000,세금계산서,PP,Y,인쇄,조회
20180307-2,금성상회,PP원료(PP특A) [PP T/A],1351350,세금계산서,PP,Y,인쇄,조회
20180307-1,백암지관공업사,지관 200 [지관 200＊8＊186] 외 1건,1122660,세금계산서,PP,Y,인쇄,조회
20180306-2,지에스칼텍스(주),H430-A (O.G) [500KG],31944000,세금계산서,PP,Y,인쇄,조회
20180306-1,금성상회,PP원료 [은색],5148000,세금계산서,PP,Y,인쇄,조회
20180305-2,지에스칼텍스(주),H550-B (O.G) [25KG],35750000,세금계산서,PP,Y,인쇄,조회
20180305-1,성신목재,팔레트 860*1290 [860*1290] 외 4건,591800,세금계산서,PP,Y,인쇄,조회
20180302-5,삼보팩,고메리 12입(C/T) [570*430*390] 외 3건,1379884,세금계산서,PP,Y,인쇄,조회
20180302-4,백암지관공업사,지관 200 [지관 200＊8＊190],410602,세금계산서,PP,Y,인쇄,조회
20180302-3,백암지관공업사,지관 50 [지관 50＊5＊182],1403600,세금계산서,PE,Y,인쇄,조회
20180302-2,(주)경남케미칼,UV-NATURAL 외 1건,1034000,세금계산서,PP,Y,인쇄,조회
20180302-1,금성상회,PP원료(PP특A) [PP T/A] 외 1건,4653000,세금계산서,PP,Y,인쇄,조회
20180228-1,백암지관공업사,지관 200 [지관 200＊8＊190],1122660,세금계산서,PP,Y,인쇄,조회
20180227-2,(주)동신밴드,PP18M [PP18M／M 8 KG (황)] 외 1건,742280,세금계산서,상품,Y,인쇄,조회
20180227-1,지에스칼텍스(주),H550-B (O.G) [25KG],37180000,세금계산서,PP,Y,인쇄,조회
20180226-7,마루철물공구,벨트 교환 [C-120] 외 1건,195800,세금계산서,PP,Y,인쇄,조회
20180226-6,성보펙,PB청450*200 (POWER BAND) [450*200] 외 2건,1652750,세금계산서,PP,Y,인쇄,조회
20180226-5,백암지관공업사,지관 200 [지관 200＊8＊186] 외 1건,1122660,세금계산서,PP,Y,인쇄,조회
20180226-4,(주)경남케미칼,MB 820FL [M／B 820FL（BLACK）] 외 1건,979000,세금계산서,PP,Y,인쇄,조회
20180226-3,성보펙,패드 430 [패드 430＊200 (무지)],770000,세금계산서,PP,Y,인쇄,조회
20180226-2,범한하조기,PP 클립 하조기 [13mm Crimping Tool for 12mm PP Strapping seal],220000,세금계산서,상품,Y,인쇄,조회
20180224-2,대림플라텍(주),팔레트 1100*1100*120 [1100*1100*120],935000,세금계산서,PP,Y,인쇄,조회
20180223-1,백암지관공업사,지관 200 [지관 200＊8＊186] 외 1건,841055,세금계산서,PP,Y,인쇄,조회
20180222-5,지에스칼텍스(주),H430 [500KG],21098000,세금계산서,PP,Y,인쇄,조회
20180222-3,(주)엘지화학,H5300-A (O.G) [25KG],35750000,세금계산서,PP,Y,인쇄,조회
20180222-2,성신목재,팔레트 열처리 [열처리] 외 2건,37400,세금계산서,PP,Y,인쇄,조회
20180222-1,제이케이머티리얼즈(주)／순성공장,PP원료,17125812,세금계산서,PP,Y,인쇄,조회
20180221-3,대상산업,출장비 A/S [대영포장(발안)],205920,세금계산서,PP,Y,인쇄,조회
20180221-2,지에스칼텍스(주),H550-B (O.G) [25KG],20020000,세금계산서,PP,Y,인쇄,조회
20180221-1,백암지관공업사,지관 200 [지관 200＊4＊189] 외 1건,713424,세금계산서,PP,Y,인쇄,조회
20180220-6,(주)경남케미칼,MB 510-2 [M／B 510-2 (BLUE)] 외 2건,1185250,세금계산서,PP,Y,인쇄,조회
20180220-5,영창프라스틱,STOPPER 50 PCS [STOPPER 50 PCS 투명],1706652,영세율,PP,Y,인쇄,조회
20180220-4,롯데케미칼 주식회사,MF5000(PE원료) [MF5000_500KG],15988500,세금계산서,PP,Y,인쇄,조회
20180220-3,롯데케미칼 주식회사,MF5000(PE원료) [MF5000_500KG],5329500,세금계산서,PP,Y,인쇄,조회
20180220-2,창미포장기계,수축필름(시맥스) 15인치-타공 [15인치x1332mx0.015T (sanyu 포장)],125400,세금계산서,PP,Y,인쇄,조회
20180219-1,TGP MARKETING,스트레치필름(기능 핸드랩) [12* 500mm *400m] 외 3건,14909021,수입,상품,Y,인쇄,조회
20180214-2,금정기획,라벨(아트지무지)108*50 [[108*50 ]],572000,세금계산서,PP,Y,인쇄,조회
20180214-1,TGP MARKETING,스트레치필름(일반 핸드랩 20) [20*500mm*350m] 외 5건,38594906,수입,상품,Y,인쇄,조회
20180213-5,제이케이머티리얼즈(주)／순성공장,PP원료,2494756,세금계산서,PP,Y,인쇄,조회
20180213-4,백암지관공업사,지관 50 [지관 50＊5＊182],701800,세금계산서,PE,Y,인쇄,조회
20180213-3,백암지관공업사,지관 200 [지관 200＊8＊190] 외 1건,711079,세금계산서,PP,Y,인쇄,조회
20180213-2,롯데케미칼 주식회사,MF5000(PE원료) [MF5000_500KG] 외 1건,21318000,세금계산서,PP,Y,인쇄,조회
20180213-1,성보펙,무인쇄톰슨접착 320 [320*130*320] 외 2건,731500,세금계산서,PP,Y,인쇄,조회
20180212-1,백암지관공업사,지관 200 [지관 200＊4＊189] 외 1건,854792,세금계산서,PP,Y,인쇄,조회
20180208-2,(주)동신밴드,15M/M (수축밴드) [15mm*1300m* 10KG(투명)],-809600,세금계산서,상품,Y,인쇄,조회
20180207-2,(주)경남케미칼,MB 510-2 [M／B 510-2 (BLUE)] 외 2건,1366750,세금계산서,PP,Y,인쇄,조회
20180207-1,(주)동신밴드,운송료 [대유위니아납],89100,세금계산서,PP,Y,인쇄,조회
20180206-4,(주)태진케미칼,PP파샤 (scrap),2436500,세금계산서,PP,Y,인쇄,조회
20180206-3,백암지관공업사,지관 406 [지관 406＊6＊155] 외 1건,723742,세금계산서,PP,Y,인쇄,조회
20180206-2,백암지관공업사,지관 406 [지관 406＊6＊155] 외 1건,514738,세금계산서,PP,Y,인쇄,조회
20180206-1,백암지관공업사,지관 50 [지관 50＊5＊182],701800,세금계산서,PE,Y,인쇄,조회
20180205-2,백암지관공업사,지관 406 [지관 406＊6＊155] 외 1건,991287,세금계산서,PP,Y,인쇄,조회
20180205-1,대창수지,PP원료(원색) 외 1건,11550000,세금계산서,PP,Y,인쇄,조회
20180201-4,금성상회,PP원료(PP특A) [PP T/A] 외 1건,9706400,세금계산서,PP,Y,인쇄,조회
20180201-3,성신목재,팔레트 900＊1350 [900＊1350] 외 10건,571120,세금계산서,PP,Y,인쇄,조회
20180201-2,백암지관공업사,지관 200 [지관 200＊8＊190] 외 1건,944081,세금계산서,PP,Y,인쇄,조회
20180201-1,동진씨엔피,박스 내수PE(폴리밴드) [320 190 780] 외 1건,1391500,세금계산서,PE,Y,인쇄,조회
20180131-3,(주)엘지화학,H5300 [H5300],22275000,세금계산서,PP,Y,인쇄,조회
20180131-2,성보펙,서플라이웨이BOX(Blue) [440*200*445] 외 1건,1188770,세금계산서,PP,Y,인쇄,조회
20180131-1,(주)경남케미칼,MB 100B（ [M／B 100B（WHITE）] 외 2건,1254000,세금계산서,PP,Y,인쇄,조회
20180130-2,성보펙,서플라이웨이BOX(White) [440*200*445],801900,세금계산서,PP,Y,인쇄,조회
20180129-4,제이케이머티리얼즈(주)／순성공장,PP원료,19880740,세금계산서,PP,Y,인쇄,조회
20180129-3,성보펙,서플라이웨이BOX(White) [400*400*405] 외 3건,1311970,세금계산서,PP,Y,인쇄,조회
20180129-2,지에스칼텍스(주),H550-B (O.G) [25KG] 외 1건,12443750,세금계산서,PP,Y,인쇄,조회
20180129-1,백암지관공업사,지관 200 [지관 200＊4＊189] 외 1건,698359,세금계산서,PP,Y,인쇄,조회
20180128-2,백암지관공업사,지관 50 [지관 50*5*225],344520,세금계산서,PE,Y,인쇄,조회
20180126-2,(주)태진케미칼,PP원료 [PPA],10553400,세금계산서,PP,Y,인쇄,조회
20180126-1,성신목재,팔레트 860*1290 [860*1290] 외 5건,366960,세금계산서,PP,Y,인쇄,조회
20180125-2,롯데케미칼 주식회사,MF5000(PE원료) [MF5000_500KG] 외 1건,20988000,세금계산서,PP,Y,인쇄,조회
20180125-1,동원화학수지,PP원료(원색) [A] 외 1건,18711000,세금계산서,PP,Y,인쇄,조회
20180124-2,지에스칼텍스(주),H550-B (O.G) [25KG],34375000,세금계산서,PP,Y,인쇄,조회
20180124-1,백암지관공업사,지관 200 [지관 200＊8＊186] 외 1건,930344,세금계산서,PP,Y,인쇄,조회
20180122-4,성보펙,고메리 12입(IN) [410*275*180],561000,세금계산서,PP,Y,인쇄,조회
20180122-3,롯데케미칼 주식회사,MF5000(PE원료) [MF5000_500KG] 외 1건,20988000,세금계산서,PP,Y,인쇄,조회
20180122-2,(주)경남케미칼,MB 510（B [M／B 510（BLUE）] 외 4건,1311750,세금계산서,PP,Y,인쇄,조회
20180119-3,대양스트랩(주),PET 16mm x 0.8T x 1200m [PET 16mm x 0.8T x 1200m Embossed (반투명 녹색)],49500,세금계산서,신일피엔에스,Y,인쇄,조회
20180119-2,성보펙,패드 470 [패드 470＊200 (무지)],363000,세금계산서,PP,Y,인쇄,조회
20180119-1,백암지관공업사,지관 200 [지관 200＊8＊190] 외 2건,985292,세금계산서,PP,Y,인쇄,조회
20180118-2,백암지관공업사,지관 200 [지관 200＊8＊190],1122660,세금계산서,PP,Y,인쇄,조회
20180118-1,삼보팩,PB청 540* (삼성) [540*200],1126400,세금계산서,PP,Y,인쇄,조회
20180117-1,효창산업,CALPET [CALPET],3300000,세금계산서,PP,Y,인쇄,조회
20180116-5,금성상회,PP원료(PP특A) [PP T/A],3795000,세금계산서,PP,Y,인쇄,조회
20180116-4,제이케이머티리얼즈(주)／순성공장,PP원료,3564770,세금계산서,PP,Y,인쇄,조회
20180116-3,금성상회,PP원료(PP특A) [PP T/A] 외 3건,8013500,세금계산서,PP,Y,인쇄,조회
20180116-2,백암지관공업사,지관 406 [지관 406＊6＊155] 외 2건,559570,세금계산서,PP,Y,인쇄,조회
20180116-1,백암지관공업사,지관 50 [지관 50＊5＊182],701800,세금계산서,PE,Y,인쇄,조회
20180115-3,성보펙,패드 400 [패드 400＊200 (레드)] 외 1건,1001000,세금계산서,PP,Y,인쇄,조회
20180115-2,영창프라스틱,STOPPER 500 PCS [STOPPER 500 PCS 투명],668250,세금계산서,상품,Y,인쇄,조회
20180112-1,성신목재,팔레트 열처리 [열처리] 외 1건,162800,세금계산서,PP,Y,인쇄,조회
20180111-2,백암지관공업사,지관 200 [지관 200＊8＊190] 외 1건,705927,세금계산서,PP,Y,인쇄,조회
20180111-1,백암지관공업사,지관 50 [지관 50＊5＊182],701800,세금계산서,PE,Y,인쇄,조회
20180110-3,성보펙,PP청 450*(광림) [450*200] 외 2건,1370160,세금계산서,PP,Y,인쇄,조회
20180110-2,삼보팩,패드 420 [패드 420＊200 (적색패드)],625240,세금계산서,PP,Y,인쇄,조회
20180110-1,(주)경남케미칼,MB 100B（ [M／B 100B（WHITE）] 외 1건,1386000,세금계산서,PP,Y,인쇄,조회
20180109-4,백암지관공업사,지관 200 [지관 200＊8＊190] 외 1건,705927,세금계산서,PP,Y,인쇄,조회
20180109-3,백암지관공업사,지관 50 [지관 50＊5＊182],701800,세금계산서,PE,Y,인쇄,조회
20180109-2,(주)동신밴드,운송료 [대유위니아납],89100,세금계산서,대유위니아,Y,인쇄,조회
20180108-4,금성상회,PP원료(PP특A) [PP T/A],2530000,세금계산서,PP,Y,인쇄,조회
20180108-3,백암지관공업사,지관 200 [지관 200＊8＊186] 외 1건,1122660,세금계산서,PP,Y,인쇄,조회
20180108-2,금성상회,PP원료 [은색],2574000,세금계산서,PP,Y,인쇄,조회
20180108-1,신일피엔에스주식회사,PP원료 [PP-L],13596000,세금계산서,PP,Y,인쇄,조회
20180105-2,대한전기,맵시망 [290파이] 외 2건,484000,세금계산서,PP,N,인쇄,조회
20180105-1,금성상회,PP원료(PP특A) [PP T/A] 외 1건,8195000,세금계산서,PP,Y,인쇄,조회
20180103-2,지에스칼텍스(주),H430 [500KG],17424000,세금계산서,PP,Y,인쇄,조회
20180103-1,삼보팩,PSE(RMA) 원패드 430 [430*200] 외 2건,1368950,세금계산서,PP,Y,인쇄,조회
20180102-6,대림플라텍(주),팔레트 1100*1100*120 [1100*1100*120],935000,세금계산서,PP,Y,인쇄,조회
20180102-5,(주)경남케미칼,MB 510-2 [M／B 510-2 (BLUE)] 외 2건,1606000,세금계산서,PP,Y,인쇄,조회
20180102-4,성보펙,PB청450*200 (POWER BAND) [450*200] 외 1건,1059300,세금계산서,PP,Y,인쇄,조회
20180102-3,금성상회,PP원료(PP특A) [PP T/A],12650000,세금계산서,PP,Y,인쇄,조회
20180102-2,백암지관공업사,지관 200 [지관 200＊8＊190],1122660,세금계산서,PP,Y,인쇄,조회
20180102-1,(주)동신밴드,스트레치필름(기능 핸드랩) [12* 500mm *400m] 외 4건,27354624,세금계산서,상품,Y,인쇄,조회
20171227-4,(주)동신밴드,15M/M (수축밴드) [15mm*1300m* 10KG(투명)] 외 1건,2114200,세금계산서,상품,Y,인쇄,조회
20171227-3,롯데케미칼 주식회사,MF5000(PE원료) [MF5000_500KG],20724000,세금계산서,PE,Y,인쇄,조회
20171227-2,롯데케미칼 주식회사,MF5000(PE원료) [MF5000_500KG] 외 1건,20724000,세금계산서,PE,Y,인쇄,조회
20171226-4,성보펙,패드 400 [패드 400＊200 (레드)] 외 1건,1001000,세금계산서,PP,Y,인쇄,조회
20171226-3,대림산업(주)전주공장,PP원료 [대림 A] 외 1건,65049600,세금계산서,PP,Y,인쇄,조회
20171226-2,주식회사 대승화물물류,운송료 [25톤] 외 1건,814000,세금계산서,PP,Y,인쇄,조회
20171226-1,백암지관공업사,지관 200 [지관 200＊8＊190],1122660,세금계산서,PP,Y,인쇄,조회
20171222-4,백암지관공업사,지관 200 [지관 200＊8＊186] 외 1건,410602,세금계산서,PP,Y,인쇄,조회
20171222-3,백암지관공업사,지관 50 [지관 50＊5＊182],1403600,세금계산서,PE,Y,인쇄,조회
20171222-2,(주)태진케미칼,PP가공 [PP가공],3960000,세금계산서,PP,Y,인쇄,조회
20171222-1,삼보팩,파워팩 4505 [430*130*430],276650,세금계산서,PP,Y,인쇄,조회
20171221-5,성신목재,팔레트 860*1290 [860*1290] 외 9건,397100,세금계산서,PP,Y,인쇄,조회
20171221-4,(주)넥스텍케미칼,PP원료 [VM 6102] 외 1건,429000,세금계산서,PP,Y,인쇄,조회
20171221-3,제이케이머티리얼즈(주)／순성공장,PP원료,28492860,세금계산서,PP,Y,인쇄,조회
20171221-1,(주)태진케미칼,PP파샤 (scrap),2711500,세금계산서,PP,Y,인쇄,조회
20171220-4,동진씨엔피,박스 경인팩 6KG [465 455 245] 외 3건,2997566,세금계산서,PE,Y,인쇄,조회
20171220-3,삼보팩,고메리 3입 (C/T) [360*355*385],381150,세금계산서,PP,Y,인쇄,조회
20171220-2,백암지관공업사,지관 200 [지관 200＊4＊189],741325,세금계산서,PP,Y,인쇄,조회
20171220-1,백암지관공업사,지관 200 [지관 200＊8＊186] 외 1건,1122660,세금계산서,PP,Y,인쇄,조회
20171219-3,주식회사 대승화물물류,운송료 [25톤] 외 1건,814000,세금계산서,PP,Y,인쇄,조회
20171219-2,대림산업(주)전주공장,PP원료 [대림 A] 외 1건,65049600,세금계산서,PP,Y,인쇄,조회
20171219-1,성보펙,패드 430 [패드 430＊200 (무지)] 외 1건,1254000,세금계산서,PP,Y,인쇄,조회
20171215-3,덕흥수지,PP원료 외 1건,10340000,세금계산서,PP,Y,인쇄,조회
20171215-2,파워엠팩,밴딩기 A/S,770000,세금계산서,PP,Y,인쇄,조회
20171214-5,제이케이머티리얼즈(주)／순성공장,PP원료,2349105,세금계산서,PP,Y,인쇄,조회
20171214-4,(주)경남케미칼,MB 307 [M／B 307 Yellow] 외 2건,1408000,세금계산서,PP,Y,인쇄,조회
20171214-3,금성상회,PP원료(PP특A) [PP T/A] 외 2건,9053000,세금계산서,PP,Y,인쇄,조회
20171214-2,백암지관공업사,지관 200 [지관 200＊4＊189] 외 1건,994193,세금계산서,PP,Y,인쇄,조회
20171214-1,백암지관공업사,지관 50 [지관 50＊5＊182],701800,세금계산서,PE,Y,인쇄,조회
20171213-4,성신목재,팔레트 열처리 [열처리] 외 2건,176000,세금계산서,PP,Y,인쇄,조회
20171213-3,(주)넥스텍케미칼,PP원료 [VM 6102],429000,세금계산서,PP,Y,인쇄,조회
20171213-1,한설스틸(주),PP 클립 [(18mm용 3.7kg/box)],107800,세금계산서,PP,Y,인쇄,조회
20171211-6,성보펙,미국박스 [440 200 445],828630,세금계산서,PP,Y,인쇄,조회
20171211-5,지에스칼텍스(주),H550-B (O.G) [25KG],34375000,세금계산서,PP,Y,인쇄,조회
20171211-4,백암지관공업사,지관 200 [지관 200＊8＊190],1122660,세금계산서,PP,Y,인쇄,조회
20171211-3,백암지관공업사,지관 200 [지관 200＊8＊186] 외 1건,625270,세금계산서,PP,Y,인쇄,조회
20171211-2,백암지관공업사,지관 50 [지관 50＊5＊182],701800,세금계산서,PE,Y,인쇄,조회
20171211-1,성신목재,팔레트 860*1290 [860*1290] 외 7건,752070,세금계산서,PP,Y,인쇄,조회
20171208-2,효창산업,CALPET [CALPET],3300000,세금계산서,PP,Y,인쇄,조회
20171208-1,(주)동신밴드,PP18M [PP18M／M10KG(백)] 외 1건,803000,세금계산서,상품,Y,인쇄,조회
20171207-3,성보펙,미국박스 [440 200 445] 외 1건,790900,세금계산서,PP,Y,인쇄,조회
20171207-2,금성상회,PP원료 [은색] 외 1건,5302000,세금계산서,PP,Y,인쇄,조회
20171207-1,지에스칼텍스(주),H430-B (O.G) [25kg],8250000,세금계산서,PP,Y,인쇄,조회
20171206-1,지에스칼텍스(주),H550-B (O.G) [25KG],20625000,세금계산서,PP,Y,인쇄,조회
20171205-2,(주)경남케미칼,UV-NATURAL 외 3건,1688500,세금계산서,PP,Y,인쇄,조회
20171205-1,금성상회,PP원료 [은색] 외 2건,12172050,세금계산서,PP,Y,인쇄,조회
20171204-5,백암지관공업사,지관 200 [지관 200＊4＊189],751766,세금계산서,PP,Y,인쇄,조회
20171204-4,호성수출포장,OPP-TAPE 투명 [OPP-TAPE 25＊50] 외 3건,247500,세금계산서,PP,Y,인쇄,조회
20171204-3,대양스트랩(주),PET 19mm x 1.0T x 780m [PET 19mm x 1.0T x 780m Embossed (검정)],283800,세금계산서,상품,Y,인쇄,조회
20171204-2,금성상회,PP원료(PP특A),11870100,세금계산서,PP,Y,인쇄,조회
20171204-1,성보펙,미국박스 [380*380*405] 외 1건,424567,세금계산서,PP,Y,인쇄,조회
20171201-2,성신목재,팔레트 1100*1100 [1100*1100] 외 4건,170720,세금계산서,PP,Y,인쇄,조회
20171201-1,동진씨엔피,박스 외부 PE (폴리밴드) [320 190 780] 외 3건,1914000,세금계산서,PE,Y,인쇄,조회
20171130-1,영창프라스틱,STOPPER 50 PCS [STOPPER 50 PCS 투명],1228480,영세율,PP,Y,인쇄,조회
20171129-5,지에스칼텍스(주),H430-B (O.G) [25kg],35750000,세금계산서,PP,Y,인쇄,조회
20171129-4,(주)동신밴드,PP18MMx 15kg 위니아(0.95T) [18MMx 15kg],2583900,세금계산서,대유위니아,Y,인쇄,조회
20171129-3,(주)경남케미칼,MB 307 [M／B 307 Yellow] 외 1건,1127500,세금계산서,PP,Y,인쇄,조회
20171129-2,성보펙,패드 400 [패드 400＊200 (레드)],715000,세금계산서,PP,Y,인쇄,조회
20171128-5,제이케이머티리얼즈(주)／순성공장,PP원료,28377888,세금계산서,PP,Y,인쇄,조회
20171128-4,(주)한국바코드시스템,라벨(아트지도안HR-811) [[125*65 ]],121000,세금계산서,PP,Y,인쇄,조회
20171128-3,금성상회,PP원료(PP특A),2861936,세금계산서,PP,Y,인쇄,조회
20171128-2,성보펙,고메리 12입(IN) [410*275*180] 외 1건,904035,세금계산서,PP,Y,인쇄,조회
20171128-1,백암지관공업사,지관 280 [지관 280＊8＊187] 외 4건,2519690,세금계산서,PP,Y,인쇄,조회
20171127-4,금정기획,라벨(아트지도안 PRIOR) 10708 [115*55] 외 4건,253000,세금계산서,PP,Y,인쇄,조회
20171127-3,롯데케미칼 주식회사,MF5000(PE원료) [MF5000_500KG],13816000,세금계산서,PE,Y,인쇄,조회
20171127-2,롯데케미칼 주식회사,MF5000(PE원료) [MF5000_500KG],27632000,세금계산서,PE,Y,인쇄,조회
20171127-1,(주)태진케미칼,PP가공 [PP가공],3960000,세금계산서,PP,Y,인쇄,조회
20171124-6,공구기업,공구 소모품 [T-렌치 6MM] 외 1건,57860,세금계산서,PP,Y,인쇄,조회
20171124-5,(주)동신밴드,PP18MMx 15kg 위니아(0.95T) [18MMx 15kg] 외 1건,1890900,세금계산서,대유위니아,Y,인쇄,조회
20171124-4,(주)넥스텍케미칼,PP원료 [VM 6102],429000,세금계산서,PP,Y,인쇄,조회
20171124-3,성신목재,팔레트 1050＊1050 [1050＊1050] 외 5건,377300,세금계산서,PP,Y,인쇄,조회
20171124-2,대현씨티에스(주),펌프외 [PU-950M],255200,카드,PP,Y,인쇄,조회
20171124-1,지영,팔레트 1080＊1080 [1080＊1080],1787500,세금계산서,PP,Y,인쇄,조회
20171123-2,백암지관공업사,지관 200 [지관 200＊8＊190],1122660,세금계산서,PP,Y,인쇄,조회
20171123-1,금성상회,PP원료(PP특A),8393000,세금계산서,PP,Y,인쇄,조회
20171122-3,(주)엘지화학,H5300 [H5300],10164000,세금계산서,PP,Y,인쇄,조회
20171122-2,금성상회,PP원료(PP특A),5885000,세금계산서,PP,Y,인쇄,조회
20171122-1,삼보팩,고메리 12입(C/T) [570*430*390] 외 1건,836165,세금계산서,PP,Y,인쇄,조회
20171121-2,롯데케미칼 주식회사,MF5000(PE원료) [MF5000_500KG],20724000,세금계산서,PE,Y,인쇄,조회
20171121-1,(주)동신밴드,PP18MMx 15kg 위니아(0.95T) [18MMx 15kg] 외 1건,1890900,세금계산서,대유위니아,Y,인쇄,조회
20171120-4,(주)그린엔텍,PP원료(특A) [[HP450J-25kg]],10571000,세금계산서,PP,N,인쇄,조회
20171120-3,성보펙,패드 400 [패드 400＊200 (레드)] 외 1건,1485000,세금계산서,PP,Y,인쇄,조회
20171120-2,백암지관공업사,지관 200 [지관 200＊8＊186],1122660,세금계산서,PP,Y,인쇄,조회
20171120-1,금성상회,PP원료(PP특A),2117500,세금계산서,PP,Y,인쇄,조회
20171117-3,(주)동신밴드,PP18M [PP18M／M10KG(녹)] 외 1건,1606000,세금계산서,PP,Y,인쇄,조회
20171117-2,삼보팩,산유(HR812) [355*355*575] 외 1건,1477300,세금계산서,PP,Y,인쇄,조회
20171117-1,(주)동신밴드,PP18MMx 15kg 위니아(0.95T) [18MMx 15kg] 외 1건,1890900,세금계산서,대유위니아,Y,인쇄,조회
20171116-2,(주)그린엔텍,PP원료(특A) [[HP450J-25kg]],16299800,세금계산서,PP,Y,인쇄,조회
20171116-1,(주)동신밴드,PP18MMx 15kg 위니아(0.95T) [18MMx 15kg] 외 1건,1890900,세금계산서,대유위니아,Y,인쇄,조회
20171115-3,백암지관공업사,지관 50 [지관 50＊5＊182] 외 3건,2236533,세금계산서,PE,Y,인쇄,조회
20171114-3,두성엔지니어링,압출기가공 [1.8*65L*3EA],6600000,세금계산서,PP,Y,인쇄,조회
20171114-2,(주)경남케미칼,MB 510-2 [M／B 510-2 (BLUE)] 외 1건,1100000,세금계산서,PP,Y,인쇄,조회
20171114-1,백암지관공업사,지관 200 [지관 200＊4＊189],751766,세금계산서,PP,Y,인쇄,조회
20171113-4,성보펙,패드 500 [패드500*280 (무지)] 외 1건,896500,세금계산서,PP,Y,인쇄,조회
20171113-3,백암지관공업사,지관 200 [지관 200＊8＊190] 외 1건,1122660,세금계산서,PP,Y,인쇄,조회
20171113-2,(주)동신밴드,PP18MMx 15kg 위니아(0.95T) [18MMx 15kg] 외 1건,1890900,세금계산서,대유위니아,Y,인쇄,조회
20171113-1,제이케이머티리얼즈(주)／순성공장,PP원료,16686208,세금계산서,PP,Y,인쇄,조회
20171111-1,공구기업,"공구 소모품 [전공드라이버6""(-)] 외 3건",301950,세금계산서,PP,Y,인쇄,조회
20171110-1,(주)경남케미칼,MB 820FL [M／B 820FL（BLACK）] 외 1건,863500,세금계산서,PP,Y,인쇄,조회
20171109-4,두성엔지니어링,밴드노즐 [1.8*65L*3EA],440000,세금계산서,PP,Y,인쇄,조회
20171109-3,백암지관공업사,지관 50 [지관 50＊5＊182] 외 2건,1320110,세금계산서,PP,Y,인쇄,조회
20171109-2,성보펙,패드 430 [패드 430＊200 (무지)],385000,세금계산서,PP,Y,인쇄,조회
20171109-1,(주)동신밴드,PP18MMx 15kg 위니아(0.95T) [18MMx 15kg] 외 1건,1890900,세금계산서,대유위니아,Y,인쇄,조회
20171108-2,롯데케미칼 주식회사,MF5000(PE원료) [MF5000_500KG],20724000,세금계산서,PE,Y,인쇄,조회
20171108-1,성보펙,PP청 450*(광림) [450*200] 외 1건,1040050,세금계산서,PP,Y,인쇄,조회
20171107-2,금성상회,PP원료(PP특A) 외 1건,10939500,세금계산서,PP,Y,인쇄,조회
20171107-1,성보펙,미국박스 580 [580*170*580],462000,세금계산서,PP,Y,인쇄,조회
20171106-1,(주)신흥케미칼,PE원료 [재생원료[가공]],914375,세금계산서,PE,Y,인쇄,조회
20171104-1,성보펙,무인쇄톰슨접착 320 [320*130*320] 외 1건,942150,세금계산서,PP,Y,인쇄,조회
20171103-7,롯데케미칼 주식회사,5000S(PE원료) [[500KG]],5181000,세금계산서,PE,Y,인쇄,조회
20171103-6,제이케이머티리얼즈(주)／순성공장,PP원료,3533376,세금계산서,PP,Y,인쇄,조회
20171103-5,(주)태진케미칼,PP파샤 (scrap),2249500,세금계산서,PP,Y,인쇄,조회
20171103-4,효창산업,CALPET [CALPET],3300000,세금계산서,PP,Y,인쇄,조회
20171103-2,(주)경남케미칼,MB 307 [M／B 307 Yellow] 외 1건,1298000,세금계산서,PP,Y,인쇄,조회
20171103-1,(주)동신밴드,PP18MMx 15kg 위니아(0.95T) [18MMx 15kg],2583900,세금계산서,대유위니아,Y,인쇄,조회
20171102-4,지에스칼텍스(주),H430 [25KG],17424000,세금계산서,PP,Y,인쇄,조회
20171102-3,백암지관공업사,지관 406 [지관 406＊6＊155] 외 3건,2127822,세금계산서,PP,Y,인쇄,조회
20171102-2,대림플라텍(주),팔레트 1100*1100*120 [1100*1100*120],935000,세금계산서,PP,Y,인쇄,조회
20171102-1,(주)동신밴드,PP18M [PP18M／M10KG(황)] 외 1건,771650,세금계산서,PP,Y,인쇄,조회
20171101-2,삼보팩,고메리 3입 (C/T) [360*355*385],381150,세금계산서,PP,Y,인쇄,조회
20171101-1,중앙기획,동판비 [동판비] 외 1건,286000,세금계산서,PP,Y,인쇄,조회
20171031-3,성신목재,팔레트 1100*1100 [1100*1100] 외 8건,538230,세금계산서,PP,Y,인쇄,조회
20171031-2,성보펙,무인쇄톰슨접착 460 [460*130*460] 외 3건,814000,세금계산서,PP,Y,인쇄,조회
20171031-1,(주)동신밴드,PP18MMx 15kg 위니아(0.95T) [18MMx 15kg],2583900,세금계산서,대유위니아,Y,인쇄,조회
20171030-6,(주)태진케미칼,PP원료 [PPA],9438000,세금계산서,PP,Y,인쇄,조회
20171030-5,덕흥수지,PP원료,12100000,세금계산서,PP,Y,인쇄,조회
20171030-4,롯데케미칼 주식회사,MF5000(PE원료) [MF5000_500KG],5181000,세금계산서,PE,Y,인쇄,조회
20171030-3,백암지관공업사,지관 200 [지관 200＊4＊189] 외 1건,925848,세금계산서,PP,Y,인쇄,조회
20171030-2,(주)경남케미칼,MB 307 [M／B 307 Yellow],385000,세금계산서,PP,Y,인쇄,조회
20171030-1,삼보팩,패드 310 [패드 310＊200 (레드)],283800,세금계산서,PP,Y,인쇄,조회
20171028-1,성보펙,패드 400 [패드 400＊200 (레드)] 외 1건,536800,세금계산서,PP,Y,인쇄,조회
20171027-3,(주)신영잉크,Toluene(톨루엔),163350,세금계산서,PP,Y,인쇄,조회
20171027-2,백암지관공업사,지관 200 [지관 200＊4＊189],698544,세금계산서,PP,Y,인쇄,조회
20171027-1,(주)동신밴드,PP18MMx 15kg 위니아(0.95T) [18MMx 15kg],2583900,세금계산서,대유위니아,Y,인쇄,조회
20171026-3,진흥산업,폴리백 26＊44 [폴리백 24＊44] 외 1건,1980000,세금계산서,PP,Y,인쇄,조회
20171026-1,성은산업,수축필름 [220*145 (고메리)],968000,세금계산서,상품,Y,인쇄,조회
20171025-5,롯데케미칼 주식회사,5000S(PE원료) [[500KG]],10362000,세금계산서,PE,Y,인쇄,조회
20171025-4,(주)한국바코드시스템,라벨(아트지도안2T) [[76*156 ]] 외 2건,394900,세금계산서,PP,Y,인쇄,조회
20171025-3,성보펙,고메리 12입(IN) [410*275*180],858000,세금계산서,PP,Y,인쇄,조회
20171025-2,백암지관공업사,지관 50 [지관 50＊5＊182] 외 2건,1202608,세금계산서,PP,Y,인쇄,조회
20171025-1,(주)경남케미칼,MB 510-2 [M／B 510-2 (BLUE)] 외 1건,1100000,세금계산서,PP,Y,인쇄,조회
20171024-1,(주)동신밴드,PP18MMx 15kg 위니아(0.95T) [18MMx 15kg],2583900,세금계산서,대유위니아,Y,인쇄,조회
20171023-3,대림산업(주)전주공장,PP원료 [대림 A] 외 1건,60720000,세금계산서,PP,Y,인쇄,조회
20171023-2,금정기획,라벨(아트지무지)108*50 [[108*50 ]] 외 1건,440000,세금계산서,PP,N,인쇄,조회
20171023-1,제이케이머티리얼즈(주)／순성공장,PP원료,16144128,세금계산서,PP,Y,인쇄,조회
20171020-1,백암지관공업사,지관 406 [지관 406＊6＊155] 외 1건,776688,세금계산서,PP,Y,인쇄,조회
20171019-8,성신목재,팔레트 1200*1200 [1200*1200] 외 4건,370700,세금계산서,PP,Y,인쇄,조회
20171019-7,대림산업(주)전주공장,PP원료 [대림 A] 외 1건,60720000,세금계산서,PP,Y,인쇄,조회
20171019-6,롯데케미칼 주식회사,MF5000(PE원료) [MF5000_500KG] 외 1건,20724000,세금계산서,PE,Y,인쇄,조회
20171019-4,금성상회,PP원료 [은색] 외 1건,4367000,세금계산서,PP,Y,인쇄,조회
20171019-3,삼보팩,PB청 470*200 (삼성-적색) [470＊200],761200,세금계산서,PP,Y,인쇄,조회
20171019-2,백암지관공업사,지관 406 [지관 406＊6＊155] 외 2건,845196,세금계산서,PP,Y,인쇄,조회
20171019-1,(주)경남케미칼,MB 820FL [M／B 820FL（BLACK）] 외 2건,1083500,세금계산서,PP,Y,인쇄,조회
20171018-2,(주)넥스텍케미칼,PP원료 [VM 6102],286000,세금계산서,PP,Y,인쇄,조회
20171018-1,백암지관공업사,지관 406 [지관 406＊6＊155],715176,세금계산서,PP,Y,인쇄,조회
20171017-3,두성엔지니어링,와인다 캠가공,770000,세금계산서,PP,Y,인쇄,조회
20171017-2,백암지관공업사,지관 406 [지관 406＊6＊155] 외 1건,642840,세금계산서,PP,Y,인쇄,조회
20171017-1,(주)동신밴드,PP18MMx 15kg 위니아(0.95T) [18MMx 15kg],2201100,세금계산서,대유위니아,Y,인쇄,조회
20171016-5,지에스칼텍스(주),H430-B (O.G) [25kg],16500000,세금계산서,PP,Y,인쇄,조회
20171016-4,(주)스피드랩코리아,스트레치필름(일반 핸드랩) [18*500mm*350m],585200,세금계산서,상품,Y,인쇄,조회
20171016-3,(주)신영잉크,PP흑색 잉크 [PP잉크] 외 3건,617925,세금계산서,PP,Y,인쇄,조회
20171016-2,성보펙,미국박스 580 [580*170*580],591360,세금계산서,PP,Y,인쇄,조회
20171016-1,백암지관공업사,지관 406 [지관 406＊6＊155],510840,세금계산서,PP,Y,인쇄,조회
20171013-6,(주)원진산업롤,고무로라 피복,121000,세금계산서,PP,N,인쇄,조회
20171013-5,지에스칼텍스(주),H430-B (O.G) [25kg],35750000,세금계산서,PP,Y,인쇄,조회
20171013-4,제이케이머티리얼즈(주)／순성공장,PP원료,17055808,세금계산서,PP,Y,인쇄,조회
20171013-3,성보펙,패드 400 [패드 400＊200 (레드)] 외 1건,1019040,세금계산서,PP,Y,인쇄,조회
20171013-2,(주)동신밴드,PP18MMx 15kg 위니아(0.95T) [18MMx 15kg],2583900,세금계산서,대유위니아,Y,인쇄,조회
20171013-1,백암지관공업사,지관 200 [지관 200＊8＊190] 외 1건,1408660,세금계산서,PP,Y,인쇄,조회
20171011-4,동진씨엔피,박스 내수PE(폴리밴드) [320 190 780] 외 3건,2354000,세금계산서,PE,Y,인쇄,조회
20171011-2,삼보팩,평면골판지 [구래단 (1100mm x 40000mm)] 외 3건,2981605,세금계산서,PP,Y,인쇄,조회
20171011-1,금산포장,스트레치필름(기능 핸드랩) [12* 500mm *400m] 외 4건,24707716,세금계산서,상품,Y,인쇄,조회
20171010-5,덕흥수지,PP원료,12100000,세금계산서,PP,Y,인쇄,조회
20171010-4,(주)경남케미칼,MB 307 [M／B 307 Yellow] 외 2건,1331000,세금계산서,PP,Y,인쇄,조회
20171010-3,성보펙,미국박스 [420 200 425] 외 2건,910305,세금계산서,PP,Y,인쇄,조회
20171010-2,(주)동신밴드,PP18MMx 15kg 위니아(0.95T) [18MMx 15kg],2583900,세금계산서,대유위니아,Y,인쇄,조회
20171010-1,백암지관공업사,지관 406 [지관 406＊6＊155] 외 1건,1966668,세금계산서,PP,Y,인쇄,조회
20171009-1,성보펙,패드 430 [패드 430＊200 (무지)] 외 1건,1144000,세금계산서,PP,Y,인쇄,조회
20171002-1,백암지관공업사,지관 200 [지관 200＊8＊190] 외 2건,967428,세금계산서,PP,Y,인쇄,조회
20170929-5,제이케이머티리얼즈(주)／순성공장,PP원료,15211548,세금계산서,PP,Y,인쇄,조회
20170929-4,성신목재,팔레트 1200*1200 [1200*1200] 외 4건,176550,세금계산서,PP,Y,인쇄,조회
20170929-3,성신목재,팔레트 1160*1160 [1160*1160] 외 8건,735130,세금계산서,PP,Y,인쇄,조회
20170929-2,성보펙,스넬 C/T 260* [260*132*263],836000,세금계산서,PP,Y,인쇄,조회
20170929-1,(주)경남케미칼,MB 510-2 [M／B 510-2 (BLUE)],715000,세금계산서,PP,Y,인쇄,조회
20170928-2,롯데케미칼 주식회사,MF5000(PE원료) [MF5000_500KG] 외  1건,20328000,세금계산서,PE,Y,인쇄,조회
20170928-1,(주)동신밴드,PP18MMx 15kg 위니아(0.95T) [18MMx 15kg],2703525,세금계산서,대유위니아,Y,인쇄,조회
20170927-5,삼보팩,파워팩 4505 [430*130*430] 외 1건,1326820,세금계산서,PP,Y,인쇄,조회
20170927-4,지에스칼텍스(주),H430 [25KG],36894000,세금계산서,PP,Y,인쇄,조회
20170927-3,(주)경남케미칼,MB 6520 [M／B 6520 (GREEN)] 외 4건,1006500,세금계산서,PP,Y,인쇄,조회
20170927-2,백암지관공업사,지관 50 [지관 50＊5＊182] 외 1건,1193368,세금계산서,PE,Y,인쇄,조회
20170927-1,진영프라스틱,PP 청색 [PP 청색] 외 1건,10758000,세금계산서,PP,Y,인쇄,조회
20170926-3,중앙기획,동판비 [동판비],143000,세금계산서,PP,Y,인쇄,조회
20170926-2,제이케이머티리얼즈(주)／순성공장,PP원료,3469796,세금계산서,PP,Y,인쇄,조회
20170926-1,성보펙,패드 420 [패드 420＊200 (무인쇄)] 외 1건,708400,세금계산서,PP,Y,인쇄,조회
20170925-3,(주)동신밴드,PP18MMx 15kg 위니아(0.95T) [18MMx 15kg],2871000,세금계산서,대유위니아,Y,인쇄,조회
20170925-2,(주)경남케미칼,MB 307 [M／B 307 Yellow] 외 1건,1127500,세금계산서,PP,Y,인쇄,조회
20170925-1,금성상회,PP원료 [은색],2574000,세금계산서,PP,Y,인쇄,조회
20170922-6,롯데케미칼 주식회사,MF5000(PE원료) [MF5000_500KG] 외  1건,37268000,세금계산서,PE,Y,인쇄,조회
20170922-5,두성엔지니어링,밴드노즐 [1.8*40L*3EA(38*80*420L)],528000,세금계산서,상품,Y,인쇄,조회
20170922-4,백암지관공업사,지관 200 [지관 200＊8＊186] 외 1건,997920,세금계산서,PP,Y,인쇄,조회
20170922-3,효창산업,CALPET [CALPET],3300000,세금계산서,PP,Y,인쇄,조회
20170922-2,일신화학공업(주),스트레치랩(일반 기계랩) [25*500mm*1400m],4513080,세금계산서,상품,Y,인쇄,조회
20170922-1,성보펙,패드 400 [패드 400＊200 (레드)] 외 1건,1029600,세금계산서,PP,Y,인쇄,조회
20170920-3,(주)동신밴드,PP18MMx 15kg 위니아(0.95T) [18MMx 15kg],2583900,세금계산서,대유위니아,Y,인쇄,조회
20170920-2,성보펙,패드 430 [패드 430＊200 (무지)] 외 2건,1205600,세금계산서,PP,Y,인쇄,조회
20170920-1,백암지관공업사,지관 200 [지관 200＊8＊186] 외 2건,887040,세금계산서,PP,Y,인쇄,조회
20170919-2,대림산업(주)전주공장,PP원료 [대림 A],29964000,세금계산서,PP,Y,인쇄,조회
20170919-1,삼보팩,패드 420 [패드 420＊200 (적색패드)],435600,세금계산서,PP,Y,인쇄,조회
20170918-2,백암지관공업사,지관 200 [지관 200＊8＊190],997920,세금계산서,PP,Y,인쇄,조회
20170918-1,백암지관공업사,지관 200 [지관 200＊8＊186] 외 1건,960960,세금계산서,PP,Y,인쇄,조회
20170915-2,(주)동신밴드,PP18MMx 15kg 위니아(0.95T) [18MMx 15kg],2583900,세금계산서,대유위니아,Y,인쇄,조회
20170915-1,성보펙,패드 430 [패드 430＊200 (무지)],140800,세금계산서,PP,Y,인쇄,조회
20170914-5,대림산업(주)전주공장,PP원료 [대림 A],29964000,세금계산서,PP,Y,인쇄,조회
20170914-4,백암지관공업사,지관 200 [지관 200＊4＊189],698544,세금계산서,PP,Y,인쇄,조회
20170914-3,영창프라스틱,STOPPER 50 PCS [STOPPER 50 PCS 투명],863275,영세율,PP,Y,인쇄,조회
20170914-2,대림플라텍(주),팔레트 1100*1100*120 [1100*1100*120],935000,세금계산서,PP,Y,인쇄,조회
20170914-1,금성상회,PP원료(PP특A) [OPP T/A] 외 1건,11825000,세금계산서,PP,Y,인쇄,조회
20170913-1,(주)경남케미칼,MB 7308 [M／B 7308] 외 2건,1727000,세금계산서,PP,Y,인쇄,조회
20170912-2,백암지관공업사,지관 50 [지관 50＊5＊182] 외 2건,2470919,세금계산서,PE,Y,인쇄,조회
20170912-1,성보펙,고메리 2입(IN) [450*445*410] 외 2건,1521300,세금계산서,PP,Y,인쇄,조회
20170911-3,성신목재,팔레트 840*1260 [840*1260] 외 10건,960190,세금계산서,PP,Y,인쇄,조회
20170911-2,롯데케미칼 주식회사,5000S(PE원료) [[500KG]],20328000,세금계산서,PE,Y,인쇄,조회
20170911-1,(주)동신밴드,PP18MMx 15kg 위니아(0.95T) [18MMx 15kg],2583900,세금계산서,대유위니아,Y,인쇄,조회
20170908-3,덕흥수지,PP원료 외 1건,16390000,세금계산서,PP,Y,인쇄,조회
20170908-2,(주)태진케미칼,PP원료 [PPA],19360000,세금계산서,PP,Y,인쇄,조회
20170908-1,백암지관공업사,지관 200 [지관 200＊4＊189] 외 1건,853776,세금계산서,PP,Y,인쇄,조회
20170907-3,(주)동신밴드,PP18M [PP18M／M10KG(녹)] 외 2건,3157000,세금계산서,뉴덕흥(벽돌),Y,인쇄,조회
20170907-2,제이케이머티리얼즈(주)／순성공장,PP원료,25899720,세금계산서,PP,Y,인쇄,조회
20170907-1,성보펙,무인쇄톰슨접착 320 [320*130*320] 외 2건,775500,세금계산서,PP,Y,인쇄,조회
20170906-3,(주)동신밴드,PP18M [PP18M／M 8 KG (황)] 외 2건,746680,세금계산서,제이앤에스캠,Y,인쇄,조회
20170906-2,지에스칼텍스(주),H430 [500KG],21285000,세금계산서,PP,Y,인쇄,조회
20170906-1,(주)경남케미칼,UV-NATURAL 외 1건,1413500,세금계산서,PP,Y,인쇄,조회
20170905-7,(주)동신밴드,PP18MMx 15kg 위니아(0.95T) [18MMx 15kg],2583900,세금계산서,대유위니아,Y,인쇄,조회
20170905-6,지에스칼텍스(주),H430 [500KG] 외  1건,21285000,세금계산서,PP,Y,인쇄,조회
20170905-5,두성엔지니어링,밴드노즐 [1.5*70L*3EA(38*80*420L)],528000,세금계산서,PP,Y,인쇄,조회
20170905-4,성신목재,팔레트 1260*840 [1260*840] 외 3건,88000,세금계산서,PP,Y,인쇄,조회
20170905-3,성신목재,팔레트 1100*1100 [1100*1100] 외 2건,113960,세금계산서,PP,Y,인쇄,조회
20170905-1,백암지관공업사,지관 200 [지관 200＊4＊189] 외 1건,816816,세금계산서,PP,Y,인쇄,조회
20170901-2,백암지관공업사,지관 200 [지관 200＊8＊190] 외 1건,1413280,세금계산서,PE,Y,인쇄,조회
20170901-1,덕흥수지,PP원료 외 1건,16610000,세금계산서,PP,Y,인쇄,조회
20170831-1,지에스칼텍스(주),H430 [500KG],8184000,세금계산서,PP,Y,인쇄,조회
20170830-2,성보펙,무인쇄톰슨접착 320 [320*130*320],237600,세금계산서,PP,Y,인쇄,조회
20170830-1,성보펙,스넬 C/T 260* [260*132*263] 외 1건,1485000,세금계산서,PP,Y,인쇄,조회
20170829-6,롯데케미칼 주식회사,5000S(PE원료) [[500KG]] 외 1건,9834000,세금계산서,PE,Y,인쇄,조회
20170829-5,(주)경남케미칼,MB 820FL [M／B 820FL（BLACK）] 외 2건,1633500,세금계산서,PP,Y,인쇄,조회
20170829-4,삼보팩,고메리 12입(C/T) [570*430*390] 외 2건,1830400,세금계산서,PP,Y,인쇄,조회
20170829-3,동진씨엔피,박스 D-17폴리테잎 [580 455 205],217800,세금계산서,PE,Y,인쇄,조회
20170829-2,백암지관공업사,지관 200 [지관 200＊8＊186] 외 1건,997920,세금계산서,PP,Y,인쇄,조회
20170829-1,금성상회,PP원료(PP특A),8316000,세금계산서,PP,Y,인쇄,조회
20170828-2,(주)동신밴드,PP18MMx 15kg 위니아(0.95T) [18MMx 15kg] 외 1건,2739000,세금계산서,대유위니아,Y,인쇄,조회
20170826-1,금정기획,라벨(아트지도안 AWP) 2012A [115*55] 외 2건,255200,세금계산서,PP,Y,인쇄,조회
20170825-4,두성엔지니어링,밴드가이드 [S Type 고리 브라켓트],687500,세금계산서,상품,Y,인쇄,조회
20170825-3,백암지관공업사,지관 200 [지관 200＊8＊190] 외 1건,853776,세금계산서,PP,Y,인쇄,조회
20170825-2,삼보팩,고메리 3입(IN) [345*340*390] 외 1건,887700,세금계산서,PP,Y,인쇄,조회
20170825-1,제이케이머티리얼즈(주)／순성공장,PP원료,3375636,세금계산서,PP,Y,인쇄,조회
20170824-4,롯데케미칼 주식회사,MF5000(PE원료) [MF5000_500KG] 외 1건,19668000,세금계산서,PE,Y,인쇄,조회
20170824-3,백암지관공업사,지관 200 [지관 200＊4＊189] 외 1건,576576,세금계산서,PP,Y,인쇄,조회
20170824-2,(주)태진케미칼,PP파샤 (scrap),2788500,세금계산서,PP,Y,인쇄,조회
20170824-1,일신화학공업(주),스트레치랩(일반 기계랩) [25*500mm*1400m],2603700,세금계산서,상품,Y,인쇄,조회
20170823-2,성신목재,팔레트 1100*1100 [1100*1100] 외 7건,544720,세금계산서,PP,Y,인쇄,조회
20170823-1,(주)동신밴드,PP원료 [특A],17353600,세금계산서,PP,Y,인쇄,조회
20170822-2,성보펙,패드 400 [패드 400＊200 (레드)] 외 1건,1287000,세금계산서,PP,Y,인쇄,조회
20170822-1,지에스칼텍스(주),H430 [500KG] 외 1건,19096000,세금계산서,PP,Y,인쇄,조회
20170821-4,경인팩,결속기 수리비 [새부리교체] 외 3건,418000,세금계산서,상품,Y,인쇄,조회
20170821-3,삼보팩,PB청 470*200 (삼성-적색) [470＊200],570900,세금계산서,PP,Y,인쇄,조회
20170821-2,(주)동신밴드,PP원료 [특A] 외 1건,58740000,세금계산서,PP,Y,인쇄,조회
20170821-1,백암지관공업사,지관 200 [지관 200＊4＊189] 외 2건,1782880,세금계산서,PP,Y,인쇄,조회
20170818-5,성신목재,팔레트 1100*1100 [1100*1100] 외 5건,201960,세금계산서,PP,Y,인쇄,조회
20170818-4,대양스트랩(주),PET 19mm x 1.0T x 780m [PET 19mm x 1.0T x 780m Embossed (검정)],283800,세금계산서,상품,Y,인쇄,조회
20170818-3,삼보팩,고메리 3입 (C/T) [360*355*385] 외 2건,1089000,세금계산서,PP,Y,인쇄,조회
20170818-2,(주)태진케미칼,PP원료 [PPA],17968500,세금계산서,PP,Y,인쇄,조회
20170818-1,덕흥수지,PP원료 외 1건,17050000,세금계산서,PP,Y,인쇄,조회
20170817-8,제이케이머티리얼즈(주)／순성공장,PP원료,15776508,세금계산서,PP,Y,인쇄,조회
20170817-7,삼보팩,PB청 540* (삼성) [540*200],481844,세금계산서,PP,Y,인쇄,조회
20170817-6,금성상회,PP원료(PP특A),2942500,세금계산서,PP,Y,인쇄,조회
20170817-5,백암지관공업사,지관 200 [지관 200＊8＊190] 외 1건,914760,세금계산서,PP,Y,인쇄,조회
20170817-4,대림플라텍(주),팔레트 1100*1100*120 [1100*1100*120],935000,세금계산서,PP,Y,인쇄,조회
20170817-3,성보펙,무인쇄톰슨접착 460 [460*130*460] 외 1건,939400,세금계산서,PP,Y,인쇄,조회
20170817-2,(주)경남케미칼,MB 820FL [M／B 820FL（BLACK）] 외 2건,1248500,세금계산서,PP,Y,인쇄,조회
20170817-1,(주)윤성,종이앵글(각대) [50*50*5*1200] 외 1건,176440,세금계산서,PP,Y,인쇄,조회
20170816-4,지에스칼텍스(주),H430-A (O.G) [25KG],19635000,세금계산서,PP,Y,인쇄,조회
20170816-3,동진씨엔피,박스 경인팩 6KG [465 455 245] 외 3건,2079000,세금계산서,PE,Y,인쇄,조회
20170816-1,백암지관공업사,지관 200 [지관 200＊8＊190],720720,세금계산서,PP,Y,인쇄,조회
20170814-4,TGP MARKETING,스트레치필름(일반 핸드랩) [18*500mm*350m] 외 3건,13288408,수입,상품,Y,인쇄,조회
20170814-3,(주)경남케미칼,MB 6520 [M／B 6520 (GREEN)],385000,세금계산서,PP,Y,인쇄,조회
20170814-2,효창산업,CALPET [CALPET],3300000,세금계산서,PP,Y,인쇄,조회
20170814-1,지에스칼텍스(주),H430-B (O.G) [25kg] 외 1건,33924000,세금계산서,PP,Y,인쇄,조회
20170811-3,성보펙,패드 430 [패드 430＊200 (무지)],704000,세금계산서,PP,Y,인쇄,조회
20170811-2,백암지관공업사,지관 200 [지관 200＊4＊189] 외 1건,610962,세금계산서,PP,Y,인쇄,조회
20170811-1,광신화학공업사,PP12M [PP12M／M12.5(청)],1065625,세금계산서,PP,Y,인쇄,조회
20170810-2,백암지관공업사,지관 200 [지관 200＊8＊186] 외 3건,1566400,세금계산서,PE,Y,인쇄,조회
20170810-1,(주)경남케미칼,UV-NATURAL 외 3건,1603250,세금계산서,PP,Y,인쇄,조회
20170809-3,진영프라스틱,PP 청색 [PP 청색] 외 1건,11385000,세금계산서,PP,Y,인쇄,조회
20170809-2,덕흥수지,PP원료 외 1건,17050000,세금계산서,PP,Y,인쇄,조회
20170809-1,성보펙,패드 430 [패드 430＊200 (무지)],140800,세금계산서,PP,Y,인쇄,조회
20170808-1,(주)동신밴드,화폐 대묶음용(한국은행) 인쇄밴드 [14mmx0.63mm x 2000m (투명에 녹색인쇄)] 외 1건,14047000,세금계산서,상품,Y,인쇄,조회
20170807-3,지에스칼텍스(주),H430-B (O.G) [25kg] 외 1건,33924000,세금계산서,PP,Y,인쇄,조회
20170807-2,백암지관공업사,지관 200 [지관 200＊8＊190],997920,세금계산서,PP,Y,인쇄,조회
20170807-1,성보펙,서플라이웨이BOX(White) [440*200*445] 외 2건,744260,세금계산서,PP,Y,인쇄,조회
20170804-1,성신목재,팔레트 1100*1100 [1100*1100] 외 6건,348040,세금계산서,PP,Y,인쇄,조회
20170803-3,롯데케미칼 주식회사,MF5000(PE원료) [MF5000_500KG] 외 1건,19668000,세금계산서,PE,Y,인쇄,조회
20170803-2,(주)한국바코드시스템,라벨(아트지도안황색) [[86*46 ]] 외 4건,554400,세금계산서,PP,Y,인쇄,조회
20170803-1,(주)신흥케미칼,PP원료(원색),8976000,세금계산서,PP,Y,인쇄,조회
20170802-3,지에스칼텍스(주),H430-B (O.G) [25kg] 외 1건,33924000,세금계산서,PP,Y,인쇄,조회
20170802-2,성보펙,서플라이웨이BOX(White) [440*200*445] 외 4건,2511960,세금계산서,PP,Y,인쇄,조회
20170802-1,금성상회,PP원료(PP특A) 외 1건,5967500,세금계산서,PP,Y,인쇄,조회
20170727-2,백암지관공업사,지관 200 [지관 200＊4＊189] 외 1건,781704,세금계산서,PP,Y,인쇄,조회
20170727-1,(주)경남케미칼,MB 510-2 [M／B 510-2 (BLUE)],625625,세금계산서,PP,Y,인쇄,조회
20170726-2,지에스칼텍스(주),H430-A (O.G) [25KG],8184000,세금계산서,PP,Y,인쇄,조회
20170726-1,(주)경남케미칼,MB 510-2 [M／B 510-2 (BLUE)] 외 1건,595375,세금계산서,PP,Y,인쇄,조회
20170725-3,삼환강업(주),STEEL 19MMx0.80MM ZINC COATED HT ROPE [STEEL 19MMx0.80MM ZINC COATED HT ROPE],5240881,영세율,PP,Y,인쇄,조회
20170725-2,제이케이머티리얼즈(주)／순성공장,PP원료,2238654,세금계산서,PP,Y,인쇄,조회
20170725-1,삼보팩,PB청 540* (삼성) [540*200],768900,세금계산서,PP,Y,인쇄,조회
20170724-3,성보펙,스넬 C/T 260* [260*132*263] 외 1건,1128600,세금계산서,PP,Y,인쇄,조회
20170724-2,대림산업(주)전주공장,PP원료 [대림 A],28538400,세금계산서,PP,Y,인쇄,조회
20170724-1,백암지관공업사,지관 200 [지관 200＊4＊189] 외 2건,1782880,세금계산서,PE,Y,인쇄,조회
20170721-1,백암지관공업사,지관 200 [지관 200＊8＊190],997920,세금계산서,PP,Y,인쇄,조회
20170720-4,진송팩,마그네트 브레이크(밴딩기 개폐기) [0.5KG DC24V] 외 18건,785400,세금계산서,상품,Y,인쇄,조회
20170720-3,성신목재,팔레트 1140*1140 [1140*1140] 외 4건,365640,세금계산서,PP,Y,인쇄,조회
20170720-2,(주)동신밴드,PP18M [PP18M／M10KG(녹)] 외 1건,3080000,세금계산서,PP,Y,인쇄,조회
20170720-1,(주)그린엔텍,PP원료(특A) [[HP450J-25kg]],14036000,세금계산서,PP,Y,인쇄,조회
20170719-1,대림산업(주)전주공장,PP원료 [대림 A],28538400,세금계산서,PP,Y,인쇄,조회
20170718-3,에어팩코리아,에어백 APK-1018 (1000*1800) [에어백 1000*1800] 외 1건,325600,세금계산서,PP,Y,인쇄,조회
20170718-2,백암지관공업사,지관 200 [지관 200＊8＊190] 외 1건,781704,세금계산서,PP,Y,인쇄,조회
20170718-1,제이케이머티리얼즈(주)／순성공장,PP원료,26181364,세금계산서,PP,Y,인쇄,조회
20170717-3,롯데케미칼 주식회사,MF5000(PE원료) [MF5000_500KG],9834000,세금계산서,PE,Y,인쇄,조회
20170717-2,두성엔지니어링,밴드노즐 [18*37L*3EA(38*70*366L)],440000,세금계산서,PP,Y,인쇄,조회
20170717-1,(주)경남케미칼,MB 820FL [M／B 820FL（BLACK）] 외 2건,1248500,세금계산서,PP,Y,인쇄,조회
20170714-2,롯데케미칼 주식회사,5000S(PE원료) [[500KG]],9834000,세금계산서,PE,Y,인쇄,조회
20170714-1,(주)경남케미칼,MB 820FL [M／B 820FL（BLACK）] 외 2건,624250,세금계산서,PP,Y,인쇄,조회
20170713-5,성신목재,팔레트 1290＊860 [1290＊860] 외 2건,140800,세금계산서,PP,Y,인쇄,조회
20170713-4,지영,팔레트 1100*1100 [1100*1100] 외 1건,765050,세금계산서,PP,Y,인쇄,조회
20170713-3,롯데케미칼 주식회사,5000S(PE원료) [[500KG]] 외  1건,19668000,세금계산서,PE,Y,인쇄,조회
20170713-2,백암지관공업사,지관 200 [지관 200＊8＊190],997920,세금계산서,PP,Y,인쇄,조회
20170713-1,중앙기획,동판비 [동판비],99000,세금계산서,PP,Y,인쇄,조회
20170712-1,성보펙,무인쇄톰슨접착 460 [460*130*460] 외 1건,816200,세금계산서,PP,Y,인쇄,조회
20170711-4,금정기획,라벨(아트지도안 AWP) 2015 [115*55] 외 1건,101200,세금계산서,PP,Y,인쇄,조회
20170711-3,(주)엘지화학,H5300 [H5300],8316000,세금계산서,PP,Y,인쇄,조회
20170711-2,덕흥수지,PP원료,12100000,세금계산서,PP,Y,인쇄,조회
20170711-1,성보펙,무인쇄톰슨접착 350 [350*130*350] 외 1건,654500,세금계산서,PP,Y,인쇄,조회
20170710-3,지에스칼텍스(주),"H430 [1,000kg]",9548000,세금계산서,PP,Y,인쇄,조회
20170710-2,성신목재,팔레트 1100*1100 [1100*1100] 외 8건,503800,세금계산서,PP,Y,인쇄,조회
20170710-1,백암지관공업사,지관 200 [지관 200＊4＊189],504504,세금계산서,PP,Y,인쇄,조회
20170706-3,금정기획,라벨(아트지도안 PRIOR) PS12M-BL [115*55] 외 1건,336600,세금계산서,PP,Y,인쇄,조회
20170706-2,삼보팩,파워팩 4500 C/T 320 [320*130*320],473000,세금계산서,PP,Y,인쇄,조회
20170706-1,백암지관공업사,지관 280 [지관 280＊8＊187] 외 1건,1644500,세금계산서,PE,Y,인쇄,조회
20170705-4,롯데케미칼 주식회사,5000S(PE원료) [[500KG]] 외  1건,19668000,세금계산서,PE,Y,인쇄,조회
20170705-3,두성엔지니어링,캠용 [M1.5*41T 기어가공],115500,세금계산서,PP,Y,인쇄,조회
20170705-2,대림플라텍(주),팔레트 1100*1100*120 [1100*1100*120],935000,세금계산서,PP,Y,인쇄,조회
20170705-1,덕흥수지,PP원료,16940000,세금계산서,PP,Y,인쇄,조회
20170704-5,제이케이머티리얼즈(주)／순성공장,PP원료,3399176,세금계산서,PP,Y,인쇄,조회
20170704-4,진영프라스틱,PP 청색 [PP 청색] 외 1건,11385000,세금계산서,PP,Y,인쇄,조회
20170704-3,삼보팩,고메리 12입(IN) [410*275*180] 외 1건,1259720,세금계산서,PP,Y,인쇄,조회
20170704-2,성보펙,무인쇄톰슨접착 350 [350*130*350] 외 2건,781000,세금계산서,PP,Y,인쇄,조회
20170704-1,백암지관공업사,지관 280 [지관 280＊8＊187] 외 1건,827046,세금계산서,PP,Y,인쇄,조회
20170703-3,진송팩,마그네트 브레이크(밴딩기 개폐기) [0.5KG DC24V] 외 5건,521400,세금계산서,상품,Y,인쇄,조회
20170703-2,(주)경남케미칼,MB 307 [M／B 307 Yellow] 외 2건,1380500,세금계산서,PP,Y,인쇄,조회
20170703-1,(주)디에스팩,H430 [500KG],20625000,세금계산서,PP,Y,인쇄,조회
20170630-3,대상산업,출장비 A/S [강원농협A/S],274560,세금계산서,PP,Y,인쇄,조회
20170630-2,성보펙,패드 400 [패드 400＊200 (레드)] 외 1건,1287000,세금계산서,PP,Y,인쇄,조회
20170630-1,성보펙,패드 400 [패드 400＊200(무인쇄)],290400,세금계산서,PP,Y,인쇄,조회
20170629-3,삼보팩,고메리 12입(C/T) [570*430*390] 외 2건,1188935,세금계산서,PP,Y,인쇄,조회
20170629-2,백암지관공업사,지관 200 [지관 200＊8＊190],997920,세금계산서,PP,Y,인쇄,조회
20170629-1,제이케이머티리얼즈(주)／순성공장,PP원료,27133040,세금계산서,PP,Y,인쇄,조회
20170628-1,효창산업,CALPET [CALPET],3300000,세금계산서,PP,Y,인쇄,조회
20170627-4,(주)경남케미칼,UV-NATURAL,528000,세금계산서,PP,Y,인쇄,조회
20170627-3,성보펙,미국박스 [440 200 445] 외 2건,946000,세금계산서,PP,Y,인쇄,조회
20170627-2,(주)경남케미칼,MB 510（B [M／B 510（BLUE）],242000,세금계산서,PP,Y,인쇄,조회
20170627-1,덕흥수지,PP원료,12100000,세금계산서,PP,Y,인쇄,조회
20170626-2,(주)경남케미칼,MB 307 [M／B 307 Yellow],385000,세금계산서,PP,Y,인쇄,조회
20170626-1,백암지관공업사,지관 280 [지관 280＊8＊187] 외 2건,1270126,세금계산서,PP,Y,인쇄,조회
20170623-3,일신 유공압,SOL V/V [PHS520S-02-AC220V],58410,세금계산서,PP,Y,인쇄,조회
20170623-2,(주)경남케미칼,UV-NATURAL 외 2건,1138500,세금계산서,PP,Y,인쇄,조회
20170623-1,(주)신영잉크,PP흑색 잉크 [PP잉크] 외 1건,214500,세금계산서,PP,Y,인쇄,조회
20170622-3,(주)태진케미칼,PP원료 [[가공원료]],2780800,세금계산서,PP,Y,인쇄,조회
20170622-2,두성엔지니어링,캠용 [M1.5*61T 기어가공],176000,세금계산서,PP,Y,인쇄,조회
20170622-1,제이케이머티리얼즈(주)／순성공장,PP원료,27532340,세금계산서,PP,Y,인쇄,조회
20170621-1,백암지관공업사,지관 200 [지관 200＊8＊190] 외 1건,997920,세금계산서,PP,Y,인쇄,조회
20170620-2,주식회사 동원피앤아이,PP18M [PP18M／M 8 KG (황)] 외 1건,1025640,세금계산서,PP,Y,인쇄,조회
20170620-1,지에스칼텍스(주),H430 [25KG] 외  1건,-13695000,세금계산서,PP,Y,인쇄,조회
20170619-3,백암지관공업사,지관 406 [지관 406＊6＊155] 외 2건,767514,세금계산서,PP,Y,인쇄,조회
20170619-2,지에스칼텍스(주),H430 [500KG],13970000,세금계산서,PP,Y,인쇄,조회
20170619-1,롯데케미칼 주식회사,5000S(PE원료) [[500KG]] 외  1건,20064000,세금계산서,PE,Y,인쇄,조회
20170616-1,제이케이머티리얼즈(주)／순성공장,PP원료 [[PF-3]],3550668,세금계산서,PP,Y,인쇄,조회
20170615-4,백암지관공업사,지관 200 [지관 200＊8＊190],960960,세금계산서,PP,Y,인쇄,조회
20170615-3,지에스칼텍스(주),H430-A (O.G) [25KG] 외  1건,16434000,세금계산서,PP,Y,인쇄,조회
20170615-2,성보펙,패드 430 [패드 430＊200 (무지)],422400,세금계산서,PP,Y,인쇄,조회
20170615-1,성신목재,팔레트 1050＊1050 [1050＊1050] 외 7건,394900,세금계산서,PP,Y,인쇄,조회
20170614-2,동진씨엔피,박스 DF [480 320 380] 외 4건,2821500,세금계산서,PE,Y,인쇄,조회
20170614-1,(주)신흥케미칼,PP원료(원색),8976000,세금계산서,PP,Y,인쇄,조회
20170613-2,백암지관공업사,지관 200 [지관 200＊8＊190] 외 1건,816816,세금계산서,PP,Y,인쇄,조회
20170613-1,삼보팩,PB청450*200 (POWER BAND) [450*200],664400,세금계산서,PP,Y,인쇄,조회
20170612-1,(주)경남케미칼,MB 510-2 [M／B 510-2 (BLUE)] 외 3건,1482250,세금계산서,PP,Y,인쇄,조회
20170610-1,영창프라스틱,STOPPER 500 PCS [STOPPER 500 PCS 투명],594000,세금계산서,PP,Y,인쇄,조회
20170609-4,(주)태진케미칼,PP파샤 (scrap),2035000,세금계산서,PP,N,인쇄,조회
20170609-3,(주)원진산업롤,연신롤 수리외 [피복 (1000*163*215)],473000,세금계산서,PP,Y,인쇄,조회
20170609-2,성보펙,스넬 C/T 260* [260*132*263],668800,세금계산서,PP,Y,인쇄,조회
20170609-1,(주)동신밴드,스트레치필름(기능 핸드랩) [12* 500mm *400m] 외 4건,20925256,세금계산서,상품,Y,인쇄,조회
20170608-4,성신목재,팔레트 1100*1100 [1100*1100] 외 4건,366080,세금계산서,PP,Y,인쇄,조회
20170608-3,성보펙,스넬 C/T 260* [260*132*263],585200,세금계산서,PP,Y,인쇄,조회
20170608-2,지에스칼텍스(주),5850Y-A (0.G) [(PP원료)],8052000,세금계산서,PP,Y,인쇄,조회
20170608-1,덕흥수지,PP원료 (백색) 외 1건,11000000,세금계산서,PP,Y,인쇄,조회
20170607-2,백암지관공업사,지관 50 [지관 50＊5＊182],701800,세금계산서,PE,Y,인쇄,조회
20170607-1,백암지관공업사,지관 200 [지관 200＊4＊189],498036,세금계산서,PP,Y,인쇄,조회
20170605-2,지에스칼텍스(주),H430 [500KG],6985000,세금계산서,PP,Y,인쇄,조회
20170605-1,롯데케미칼 주식회사,5000S(PE원료) [[500KG]],11704000,세금계산서,PE,Y,인쇄,조회
20170603-1,성보펙,미국박스 580 [580*170*580],528000,세금계산서,PP,Y,인쇄,조회
20170602-5,롯데케미칼 주식회사,MF5000(PE원료) [MF5000_500KG],8360000,세금계산서,PE,Y,인쇄,조회
20170602-4,삼보팩,PB청 540* (삼성) [540*200],897050,세금계산서,PP,Y,인쇄,조회
20170602-3,백암지관공업사,지관 200 [지관 200＊8＊190],997920,세금계산서,PP,Y,인쇄,조회
20170602-2,(주)그린엔텍,PP원료(특A) [[HP450J-25kg]],8316000,세금계산서,PP,Y,인쇄,조회
20170601-6,중앙기획,동판비 [동판비],143000,세금계산서,PP,Y,인쇄,조회
20170601-5,삼보팩,PB청 540* (삼성) [540*200],128150,세금계산서,PP,Y,인쇄,조회
20170601-4,(주)경남케미칼,MB 307 [M／B 307 Yellow] 외 2건,1314500,세금계산서,PP,Y,인쇄,조회
20170601-3,백암지관공업사,지관 50 [지관 50＊5＊182],701800,세금계산서,PE,Y,인쇄,조회
20170601-2,백암지관공업사,지관 406 [지관 406＊6＊155],408672,세금계산서,PP,Y,인쇄,조회
20170531-1,백암지관공업사,지관 200 [지관 200＊8＊190] 외 1건,781704,세금계산서,PP,Y,인쇄,조회
20170530-3,(주)엘지화학,H5300 [H5300],7095000,세금계산서,PP,Y,인쇄,조회
20170530-2,영창프라스틱,STOPPER 500 PCS [STOPPER 500 PCS 투명],297000,세금계산서,PP,Y,인쇄,조회
20170530-1,제이케이머티리얼즈(주)／순성공장,PP원료 [[PF-21/PA-3]],29862756,세금계산서,PP,Y,인쇄,조회
20170529-2,성보펙,패드 420 [패드 420＊200 (무인쇄)] 외 1건,1056000,세금계산서,PP,Y,인쇄,조회
20170524-4,성신목재,팔레트 1100*1100 [1100*1100] 외 3건,185680,세금계산서,PP,Y,인쇄,조회
20170524-3,백암지관공업사,지관 200 [지관 200＊4＊186] 외 1건,949410,세금계산서,PP,Y,인쇄,조회
20170524-2,삼보팩,산유(HR812) [355*355*575] 외 1건,466785,세금계산서,PP,Y,인쇄,조회
20170524-1,롯데케미칼 주식회사,MF5000(PE원료) [MF5000_500KG] 외 1건,20460000,세금계산서,PE,Y,인쇄,조회
20170523-1,백암지관공업사,지관 406 [지관 406＊6＊155] 외 2건,681912,세금계산서,PP,Y,인쇄,조회
20170522-2,대림산업(주)전주공장,PP원료 [대림 A] 외 1건,58766400,세금계산서,PP,Y,인쇄,조회
20170522-1,(주)경남케미칼,MB 510-2 [M／B 510-2 (BLUE)] 외 3건,1710500,세금계산서,PP,Y,인쇄,조회
20170519-3,주식회사 우림,OPP-TAPE [OPP-TAPE 50＊40(투명)],94050,세금계산서,PE,Y,인쇄,조회
20170519-2,성신목재,팔레트 1260*840 [1260*840] 외 2건,105600,세금계산서,PP,Y,인쇄,조회
20170519-1,성보펙,무인쇄톰슨접착 350 [350*130*350] 외 2건,518870,세금계산서,PP,Y,인쇄,조회
20170518-6,성신목재,팔레트 1400*920 [1400*920] 외 5건,176000,세금계산서,PP,Y,인쇄,조회
20170518-5,성신목재,팔레트 1300*870 [1300*870] 외 5건,379280,세금계산서,PP,Y,인쇄,조회
20170518-4,성보펙,미국박스 [420 200 425] 외 2건,811580,세금계산서,PP,Y,인쇄,조회
20170518-3,제이케이머티리얼즈(주)／순성공장,PP원료,3822192,세금계산서,PP,Y,인쇄,조회
20170518-2,백암지관공업사,지관 200 [지관 200＊8＊186] 외 3건,1243968,세금계산서,PP,Y,인쇄,조회
20170518-1,덕흥수지,PP원료 (백색),9900000,세금계산서,PP,Y,인쇄,조회
20170517-2,진영프라스틱,PP 은색 [PP 은색] 외 1건,11616000,세금계산서,PP,Y,인쇄,조회
20170517-1,백암지관공업사,지관 230 [지관 230＊5＊187] 외 1건,642708,세금계산서,PP,Y,인쇄,조회
20170516-2,효창산업,CALPET [CALPET],3300000,세금계산서,PP,Y,인쇄,조회
20170516-1,성보펙,미국박스 [420 200 425] 외 1건,871200,세금계산서,PP,Y,인쇄,조회
20170515-2,성신목재,팔레트1180*1180 [1180*1180] 외 6건,649880,세금계산서,PP,Y,인쇄,조회
20170515-1,성보펙,미국박스 590 [590*170*590],601920,세금계산서,PP,Y,인쇄,조회
20170512-3,백암지관공업사,지관 406 [지관 406＊6＊155] 외 2건,1039896,세금계산서,PP,Y,인쇄,조회
20170512-2,백암지관공업사,지관 50 [지관 50＊5＊182],1403600,세금계산서,PE,Y,인쇄,조회
20170511-2,롯데케미칼 주식회사,5000S(PE원료) [[500KG]],13640000,세금계산서,PE,Y,인쇄,조회
20170511-1,롯데케미칼 주식회사,MF5000(PE원료) [MF5000_500KG],6820000,세금계산서,PE,Y,인쇄,조회
20170510-3,삼보팩,PP청 450*(광림) [450*200],498300,세금계산서,PP,Y,인쇄,조회
20170510-2,두성엔지니어링,캠용 [M1.5*73T 기어가공],198000,세금계산서,PP,Y,인쇄,조회
20170510-1,제이케이머티리얼즈(주)／순성공장,PP원료 [[PF-3]],3809652,세금계산서,PP,Y,인쇄,조회
20170509-1,백암지관공업사,지관 200 [지관 200＊8＊186] 외 1건,997920,세금계산서,PP,Y,인쇄,조회
20170508-1,성신목재,팔레트 1100*1100 [1100*1100] 외 7건,392590,세금계산서,PP,Y,인쇄,조회
20170505-1,(주)태진케미칼,PP파샤 (scrap),2970000,세금계산서,PP,Y,인쇄,조회
20170503-1,성보펙,무인쇄톰슨접착 460 [460*130*460] 외 1건,924000,세금계산서,PP,Y,인쇄,조회
20170502-5,서정스틸,철판가공 [120*70] 외 1건,114400,세금계산서,PP,Y,인쇄,조회
20170502-4,지에스칼텍스(주),H430-B (O.G) [25kg] 외  1건,16566000,세금계산서,PP,Y,인쇄,조회
20170502-3,백암지관공업사,지관 200 [지관 200＊8＊186] 외 1건,797544,세금계산서,PP,Y,인쇄,조회
20170502-2,(주)경남케미칼,MB 820FL [M／B 820FL（BLACK）] 외 2건,1619750,세금계산서,PP,Y,인쇄,조회
20170502-1,성신목재,팔레트 1050＊1050 [1050＊1050] 외 6건,365200,세금계산서,PP,Y,인쇄,조회
20170501-1,롯데케미칼 주식회사,5000S(PE원료) [[500KG]] 외  1건,13640000,세금계산서,PE,Y,인쇄,조회
20170428-1,두성엔지니어링,기타 [(캠 쵸크 핀)],330000,세금계산서,PP,Y,인쇄,조회
20170427-2,동진씨엔피,박스 경인팩 6KG [465 455 245] 외 3건,2651660,세금계산서,PE,Y,인쇄,조회
20170427-1,성보펙,패드 400 [패드 400＊200 (레드)] 외 1건,1056000,세금계산서,PP,Y,인쇄,조회
20170426-4,백암지관공업사,지관 50 [지관 50＊5＊182],701800,세금계산서,PE,Y,인쇄,조회
20170426-3,백암지관공업사,지관 200 [지관 200＊8＊186] 외 2건,1393128,세금계산서,PP,Y,인쇄,조회
20170426-2,영창프라스틱,STOPPER 50 PCS [STOPPER 50 PCS 투명],1938809,영세율,PP,Y,인쇄,조회
20170426-1,삼보팩,고메리 12입(C/T) [570*430*390] 외 5건,2603315,세금계산서,PP,Y,인쇄,조회
20170425-2,금정기획,라벨(아트지무지)108*50 [[108*50 ]] 외 3건,464200,세금계산서,PP,Y,인쇄,조회
20170425-1,대창수지,PP원료,14547500,세금계산서,PP,Y,인쇄,조회
20170424-1,백암지관공업사,지관 200 [지관 200＊4＊189],698544,세금계산서,PP,Y,인쇄,조회
20170419-3,두성엔지니어링,캠용 [M1.5*53T 기어가공] 외 2건,412500,세금계산서,PP,Y,인쇄,조회
20170419-2,대림산업(주)전주공장,PP원료 [대림 A] 외 1건,59928000,세금계산서,PP,Y,인쇄,조회
20170419-1,진영프라스틱,PP 은색 [PP 은색],3432000,세금계산서,PP,Y,인쇄,조회
20170418-4,백암지관공업사,지관 50 [지관 50＊5＊182],701800,세금계산서,PE,Y,인쇄,조회
20170418-3,백암지관공업사,지관 406 [지관 406＊6＊155] 외 1건,471900,세금계산서,PP,Y,인쇄,조회
20170418-2,덕흥수지,PP원료 외 1건,11000000,세금계산서,PP,Y,인쇄,조회
20170418-1,제이케이머티리얼즈(주)／순성공장,PP원료,28909716,세금계산서,PP,Y,인쇄,조회
20170417-2,롯데케미칼 주식회사,MF5000(PE원료) [MF5000_500KG],10494000,세금계산서,PP,Y,인쇄,조회
20170417-1,(주)경남케미칼,MB 820FL [M／B 820FL（BLACK）] 외 2건,1419000,세금계산서,PP,Y,인쇄,조회
20170414-5,롯데케미칼 주식회사,5000S(PE원료) [[500KG]],10494000,세금계산서,PP,Y,인쇄,조회
20170414-4,백암지관공업사,지관 406 [지관 406＊6＊155] 외 1건,588456,세금계산서,PP,Y,인쇄,조회
20170414-3,성신목재,팔레트 800*1170 [800*1170] 외 1건,63800,세금계산서,PP,Y,인쇄,조회
20170414-2,진영프라스틱,PP 은색 [PP 은색],3432000,세금계산서,PP,Y,인쇄,조회
20170414-1,성보펙,패드 430 [패드 430＊200 (무지)],704000,세금계산서,PP,Y,인쇄,조회
20170413-1,백암지관공업사,지관 200 [지관 200＊4＊189] 외 1건,781704,세금계산서,PP,Y,인쇄,조회
20170412-3,대양스트랩(주),PET 19mm x 1.0T x 780m [PET 19mm x 1.0T x 780m Embossed (검정)],283800,세금계산서,PP,Y,인쇄,조회
20170412-2,성보펙,고메리 3입(IN) [345*340*390],414700,세금계산서,PP,Y,인쇄,조회
20170412-1,삼보팩,고메리 3입 (C/T) [360*355*385],346500,세금계산서,PP,Y,인쇄,조회
20170411-2,(주)신영잉크,Toluene(톨루엔) 외 2건,297000,세금계산서,PP,Y,인쇄,조회
20170411-1,백암지관공업사,지관 200 [지관 200＊8＊190] 외 1건,997920,세금계산서,PP,Y,인쇄,조회
20170410-1,성보펙,미국박스 580 [580*170*580] 외 3건,908600,세금계산서,PP,Y,인쇄,조회
20170409-2,TGP MARKETING,스트레치필름(일반 핸드랩 20) [20*500mm*350m] 외 4건,36442951,수입,상품,Y,인쇄,조회
20170407-4,일신화학공업(주),스트레치랩(일반 기계랩) [25*500mm*1400m],885500,세금계산서,상품,Y,인쇄,조회
20170407-3,성신목재,팔레트 1160*1160 [1160*1160] 외 5건,359700,세금계산서,PP,Y,인쇄,조회
20170407-2,(주)경남케미칼,MB 510-2 [M／B 510-2 (BLUE)],357500,세금계산서,PP,Y,인쇄,조회
20170407-1,대림플라텍(주),팔레트 1100*1100*120 [1100*1100*120],935000,세금계산서,PP,Y,인쇄,조회
20170406-1,(주)경남케미칼,MB 510-2 [M／B 510-2 (BLUE)] 외 2건,1025750,세금계산서,PP,Y,인쇄,조회
20170405-1,대상산업,자동포장기 수리,205920,세금계산서,PP,Y,인쇄,조회
20170404-6,성보펙,스넬 C/T 260* [260*132*263],627000,세금계산서,PP,Y,인쇄,조회
20170404-5,덕흥수지,PP원료 외 1건,11000000,세금계산서,PP,Y,인쇄,조회
20170404-4,진흥산업,폴리백 26＊44 [폴리백 24＊44],1320000,세금계산서,PE,Y,인쇄,조회
20170404-3,백암지관공업사,지관 50 [지관 50＊5＊225],574200,세금계산서,PE,Y,인쇄,조회
20170404-2,백암지관공업사,지관 200 [지관 200＊8＊190],720720,세금계산서,PP,Y,인쇄,조회
20170404-1,(주)태진케미칼,PP원료 [[가공원료]],3489200,세금계산서,PP,Y,인쇄,조회
20170403-1,파워엠팩,출장비 A/S 외 6건,614900,세금계산서,PP,Y,인쇄,조회
20170331-4,(주)세한상공,베어링 6004ZZ 외 3건,144320,세금계산서,PP,Y,인쇄,조회
20170331-3,창미포장기계,수축필름(시맥스) 15인치-타공 [15인치x1332mx0.015T (sanyu 포장)] 외 1건,217360,세금계산서,PP,Y,인쇄,조회
20170331-2,성신목재,팔레트1100*1100 열처리(도면) [1100*1100],87120,세금계산서,PP,Y,인쇄,조회
20170331-1,삼보팩,경인팩 2KG [320*190*780] 외 1건,1071840,세금계산서,PE,Y,인쇄,조회
20170330-5,롯데케미칼 주식회사,MF5000(PE원료) [MF5000_500KG] 외 1건,10494000,세금계산서,PE,Y,인쇄,조회
20170330-4,백암지관공업사,지관 50 [지관 50＊5＊182],1403600,세금계산서,PE,Y,인쇄,조회
20170330-3,백암지관공업사,지관 200 [지관 200＊4＊189] 외 1건,1129128,세금계산서,PP,Y,인쇄,조회
20170330-2,삼보팩,경인팩 2KG [320*190*780],363660,세금계산서,PE,Y,인쇄,조회
20170329-1,성보펙,패드 450 [패드 450＊200] 외 1건,864600,세금계산서,PP,Y,인쇄,조회
20170328-4,제이케이머티리얼즈(주)／순성공장,PP원료,29586876,세금계산서,PP,Y,인쇄,조회
20170328-3,진영프라스틱,PP 은색 [PP 은색],3432000,세금계산서,PP,Y,인쇄,조회
20170328-2,삼보팩,패드 430 [패드 430＊200 (무지)],432300,세금계산서,PP,Y,인쇄,조회
20170327-5,성신목재,팔레트 1100*1100 [1100*1100] 외 5건,383240,세금계산서,PP,Y,인쇄,조회
20170327-4,(주)경남케미칼,MB 820FL [M／B 820FL（BLACK）] 외 3건,1149500,세금계산서,PP,Y,인쇄,조회
20170327-3,영창프라스틱,STOPPER 50 PCS [STOPPER 50 PCS 투명],2136594,영세율,PP,Y,인쇄,조회
20170327-2,영창프라스틱,STOPPER 500 PCS [STOPPER 500 PCS 투명],297000,세금계산서,PP,Y,인쇄,조회
20170327-1,백암지관공업사,지관 200 [지관 200＊4＊189],672672,세금계산서,PP,Y,인쇄,조회
20170324-2,백암지관공업사,지관 406 [지관 406＊6＊155] 외 1건,586047,세금계산서,PP,Y,인쇄,조회
20170323-2,성보펙,서플라이웨이BOX(White) [440*200*445] 외 2건,627110,세금계산서,PP,Y,인쇄,조회
20170323-1,지에스칼텍스(주),H430-B (O.G) [25kg],8382000,세금계산서,PP,Y,인쇄,조회
20170322-6,대성EXT,엠보롤제작 [폭:180W 외경:198파이],5500000,세금계산서,PP,Y,인쇄,조회
20170322-4,(주)태진케미칼,PP파샤 (scrap),2777500,세금계산서,PP,Y,인쇄,조회
20170322-3,성보펙,패드 400 [패드 400＊200 (레드)] 외 1건,929280,세금계산서,PP,Y,인쇄,조회
20170322-2,삼보팩,무인쇄톰슨접착 350 [350*130*350] 외 1건,1129700,세금계산서,PP,Y,인쇄,조회
20170322-1,효창산업,CALPET [CALPET],3300000,세금계산서,PP,Y,인쇄,조회
20170321-6,일신화학공업(주),스트레치랩(일반 기계랩) [25*500mm*1400m],885500,세금계산서,상품,Y,인쇄,조회
20170321-5,성신목재,팔레트1100*1100 열처리(도면) [1100*1100],87120,세금계산서,PP,Y,인쇄,조회
20170321-4,롯데케미칼 주식회사,MF5000(PE원료) [MF5000_500KG],20988000,세금계산서,PE,Y,인쇄,조회
20170321-3,백암지관공업사,지관 50 [지관 50＊5＊182],473715,세금계산서,PE,Y,인쇄,조회
20170321-2,백암지관공업사,지관 200 [지관 200＊4＊189] 외 1건,1561560,세금계산서,PP,Y,인쇄,조회
20170321-1,덕흥수지,PP원료 외 1건,11000000,세금계산서,PP,Y,인쇄,조회
20170320-3,백암지관공업사,지관 50 [지관 50＊5＊182],701800,세금계산서,PE,Y,인쇄,조회
20170320-2,백암지관공업사,지관 406 [지관 406＊6＊155] 외 2건,1244100,세금계산서,PP,Y,인쇄,조회
20170320-1,성보펙,미국박스 580 [580*170*580],792000,세금계산서,PP,Y,인쇄,조회
20170317-1,성보펙,서플라이웨이BOX(White) [440*200*445],772200,세금계산서,PP,Y,인쇄,조회
20170316-2,(주)신흥케미칼,PP원료(원색),10472000,세금계산서,PP,Y,인쇄,조회
20170316-1,금성상회,PP원료,605000,세금계산서,PP,Y,인쇄,조회
20170315-4,일신화학공업(주),스트레치랩(일반 기계랩) [25*500mm*1400m],1416800,세금계산서,상품,Y,인쇄,조회
20170315-3,롯데케미칼 주식회사,MF5000(PE원료) [MF5000_500KG],20988000,세금계산서,PE,Y,인쇄,조회
20170315-2,(주)경남케미칼,MB 307 [M／B 307 Yellow] 외 2건,1743500,세금계산서,PP,Y,인쇄,조회
20170315-1,백암지관공업사,지관 200 [지관 200＊8＊190],997920,세금계산서,PP,Y,인쇄,조회
20170314-3,두성엔지니어링,밴드노즐 [1.6*47L*3EA(38*70*366L)] 외 2건,1133000,세금계산서,PP,Y,인쇄,조회
20170314-2,백암지관공업사,지관 50 [지관 50＊5＊182],701800,세금계산서,PE,Y,인쇄,조회
20170314-1,백암지관공업사,지관 200 [지관 200＊4＊189],498036,세금계산서,PP,Y,인쇄,조회
20170313-1,금산포장,스트레치필름(기계랩) [18*300mm*1700m],349162,세금계산서,상품,Y,인쇄,조회
20170309-6,삼보팩,PP청 450*(광림) [450*200],498300,세금계산서,PP,Y,인쇄,조회
20170309-5,삼보팩,박스 DF [480 320 380],511500,세금계산서,PE,Y,인쇄,조회
20170309-4,덕흥수지,PP원료,18150000,세금계산서,PP,Y,인쇄,조회
20170309-3,지에스칼텍스(주),H430-B (O.G) [25kg] 외  1건,14278000,세금계산서,PP,Y,인쇄,조회
20170309-2,진영프라스틱,PP 은색 [PP 은색],3432000,세금계산서,PP,Y,인쇄,조회
20170309-1,진흥산업,폴리백 57*58 [폴리백 57*58] 외 1건,884400,세금계산서,PP,Y,인쇄,조회
20170308-2,백암지관공업사,지관 200 [지관 200＊4＊189],478632,세금계산서,PP,Y,인쇄,조회
20170308-1,백암지관공업사,지관 50 [지관 50＊5＊182],701800,세금계산서,PE,Y,인쇄,조회
20170307-2,코리아스탬프(남양주),도장 [8단 (소) 넘버링],44000,세금계산서,PP,Y,인쇄,조회
20170307-1,백암지관공업사,지관 200 [지관 200＊8＊190] 외 1건,997920,세금계산서,PP,Y,인쇄,조회
20170306-6,(주)유경산업지대,표지인쇄,617925,세금계산서,PP,Y,인쇄,조회
20170306-5,성원판지 주식회사,크래프트지 합지가공비 [55*55*1000*900],805860,세금계산서,PP,Y,인쇄,조회
20170306-4,성신목재,팔레트 1100*1100 [1100*1100] 외 4건,173360,세금계산서,PP,Y,인쇄,조회
20170306-3,(주)경남케미칼,UV-NATURAL,528000,세금계산서,PP,Y,인쇄,조회
20170306-2,제이케이머티리얼즈(주)／순성공장,PP원료 [[PF-3]],3762000,세금계산서,PP,Y,인쇄,조회
20170306-1,금성상회,PP원료(PP특A),6050000,세금계산서,PP,Y,인쇄,조회
20170303-2,롯데케미칼 주식회사,MF5000(PE원료) [MF5000_500KG],20988000,세금계산서,PE,Y,인쇄,조회
20170303-1,성신목재,팔레트 1100*1100 [1100*1100] 외 9건,359040,세금계산서,PP,Y,인쇄,조회
20170302-6,백암지관공업사,지관 50 [지관 50＊5＊182],701800,세금계산서,PE,Y,인쇄,조회
20170302-5,백암지관공업사,지관 200 [지관 200＊8＊190],640794,세금계산서,PP,Y,인쇄,조회
20170302-4,(주)엘지화학,H5300 [H5300B2],14520000,세금계산서,PP,Y,인쇄,조회
20170302-3,(주)경남케미칼,MB 820FL [M／B 820FL（BLACK）] 외 1건,891000,세금계산서,PP,Y,인쇄,조회
20170302-2,성보펙,PP청 400*(광림) [400*200],660000,세금계산서,PP,Y,인쇄,조회
20170302-1,중앙기획,동판비 [500*100(금동)],143000,세금계산서,PP,Y,인쇄,조회
20170228-2,금성상회,PP원료(PP특A),605000,세금계산서,PP,Y,인쇄,조회
20170227-4,일신화학공업(주),스트레치필름(일반 핸드랩) [15*500mm*400m],1639440,세금계산서,상품,Y,인쇄,조회
20170227-3,(주)디에스팩,H430 [500KG],27500000,세금계산서,PP,Y,인쇄,조회
20170227-2,(주)신흥케미칼,PE원료 [재생원료[가공]],1133000,세금계산서,PE,Y,인쇄,조회
20170227-1,(주)신흥케미칼,PP원료(원색),8624000,세금계산서,PP,Y,인쇄,조회
20170224-6,롯데케미칼 주식회사,MF5000(PE원료) [MF5000_500KG],20988000,세금계산서,PE,Y,인쇄,조회
20170224-5,(주)그린엔텍,"PP원료(특A) [[HP450J-12T,HP455J-12T]]",34584000,세금계산서,PP,Y,인쇄,조회
20170224-4,백암지관공업사,지관 200 [지관 200＊8＊190],948024,세금계산서,PP,Y,인쇄,조회
20170224-3,성보펙,패드 400 [패드 400＊200 (레드)] 외 1건,966900,세금계산서,PP,Y,인쇄,조회
20170224-1,지에스칼텍스(주),H430 [500KG],7095000,세금계산서,PP,Y,인쇄,조회
20170223-2,일신화학공업(주),스트레치필름(일반 핸드랩) [15*500mm*400m],1639440,세금계산서,상품,Y,인쇄,조회
20170223-1,제이케이머티리얼즈(주)／순성공장,PP원료 [[PF-21/PA-3]],29777440,세금계산서,PP,Y,인쇄,조회
20170222-4,지에스칼텍스(주),H430 [500KG] 외 1건,13805000,세금계산서,PP,Y,인쇄,조회
20170222-3,(주)경남케미칼,MB 820FL [M／B 820FL（BLACK）] 외 2건,1300750,세금계산서,PP,Y,인쇄,조회
20170222-2,(주)신흥케미칼,PP원료(원색),11088000,세금계산서,PP,Y,인쇄,조회
20170222-1,대림플라텍(주),팔레트 1100*1100*120 [1100*1100*120],935000,세금계산서,PP,Y,인쇄,조회
20170221-3,(주)디에스아이,밴딩기부품 [HEATER PLATE],22000,세금계산서,PP,Y,인쇄,조회
20170221-2,삼보팩,고메리 12입(IN) [410*275*180] 외 2건,1682780,세금계산서,PP,Y,인쇄,조회
20170221-1,(주)지산페이퍼,크래프트지 (구레단원지) [900폭 A60 (60g/m2)],1737450,세금계산서,PP,Y,인쇄,조회
20170220-6,성보펙,패드 430 [패드 430＊200 (무지)] 외 1건,1100000,세금계산서,PP,Y,인쇄,조회
20170220-5,대림산업(주)전주공장,PP원료 [대림 A] 외 1건,58608000,세금계산서,PP,Y,인쇄,조회
20170220-4,덕흥수지,PP원료 외 1건,11000000,세금계산서,PP,Y,인쇄,조회
20170220-3,백암지관공업사,지관 200 [지관 200＊4＊189] 외 2건,813406,세금계산서,PP,Y,인쇄,조회
20170220-2,효창산업,CALPET [CALPET],3300000,세금계산서,PP,Y,인쇄,조회
20170216-2,(주)시몬사,피피클립 [19mm(2KG)],20900,세금계산서,PP,Y,인쇄,조회
20170216-1,영창프라스틱,STOPPER 500 PCS [STOPPER 500 PCS 투명],297000,세금계산서,PP,Y,인쇄,조회
20170215-4,지에스칼텍스(주),H430-B (O.G) [25kg],6710000,세금계산서,PP,Y,인쇄,조회
20170215-3,백암지관공업사,지관 406 [지관 406＊6＊155] 외 1건,889020,세금계산서,PP,Y,인쇄,조회
20170215-2,백암지관공업사,지관 50 [지관 50＊5＊182],701800,세금계산서,PE,Y,인쇄,조회
20170215-1,(주)태진케미칼,PP원료 [[가공원료]],3995200,세금계산서,PP,Y,인쇄,조회
20170214-2,한국상사,기타 [기어오일],69300,세금계산서,PP,Y,인쇄,조회
20170214-1,지에스칼텍스(주),H430 [500KG],14190000,세금계산서,PP,Y,인쇄,조회
20170213-1,세영전열,히타 [295*190] 외 6건,644600,세금계산서,PE,Y,인쇄,조회
20170210-3,대상산업,출장비 A/S [대영A/S],205920,세금계산서,PP,Y,인쇄,조회
20170210-2,(주)경남케미칼,MB 510-2 [M／B 510-2 (BLUE)],715000,세금계산서,PP,Y,인쇄,조회
20170210-1,백암지관공업사,지관 200 [지관 200＊4＊189],665280,세금계산서,PP,Y,인쇄,조회
20170208-2,롯데케미칼 주식회사,MF5000(PE원료) [MF5000_500KG],20988000,세금계산서,PE,Y,인쇄,조회
20170208-1,(주)신흥케미칼,PP원료(원색),11088000,세금계산서,PP,Y,인쇄,조회
20170207-4,성신목재,팔레트 1200*1200 [1200*1200] 외 6건,388300,세금계산서,PP,Y,인쇄,조회
20170207-3,지에스칼텍스(주),H430-B (O.G) [25kg],8052000,세금계산서,PP,Y,인쇄,조회
20170207-2,삼보팩,옴니원패드 430 [430*200],606430,세금계산서,PP,Y,인쇄,조회
20170207-1,지영,팔레트 1100*1100 [1100*1100],1859000,세금계산서,PP,Y,인쇄,조회
20170206-2,백암지관공업사,지관 50 [지관 50＊5＊182],701800,세금계산서,PE,Y,인쇄,조회
20170206-1,백암지관공업사,지관 200 [지관 200＊8＊190] 외 1건,1165164,세금계산서,PP,Y,인쇄,조회
20170203-2,(주)경남케미칼,UV-NATURAL,327360,세금계산서,PP,Y,인쇄,조회
20170203-1,진영프라스틱,PP 은색 [PP 은색] 외 1건,11880000,세금계산서,PP,Y,인쇄,조회
20170202-1,(주)경남케미칼,MB 820FL [M／B 820FL（BLACK）] 외 1건,891000,세금계산서,PP,Y,인쇄,조회
20170201-5,(주)엘지화학,H5300 [H5300B2],14300000,세금계산서,PP,Y,인쇄,조회
20170201-4,롯데케미칼 주식회사,5000S(PE원료) [[25KG]],17490000,세금계산서,PE,Y,인쇄,조회
20170201-3,성신목재,팔레트 1100*1100 [1100*1100] 외  3건,190300,세금계산서,PP,Y,인쇄,조회
20170201-2,백암지관공업사,지관 200 [지관 200＊8＊190],544236,세금계산서,PP,Y,인쇄,조회
20170201-1,백암지관공업사,지관 50 [지관 50＊5＊182] 외 1건,854920,세금계산서,PE,Y,인쇄,조회
20170131-1,(주)한국바코드시스템,라벨(아트지도안황색) [[86*46 ]] 외 3건,363000,세금계산서,PP,Y,인쇄,조회
20170126-2,삼보팩,PB청 540* (삼성) [540*200],1025200,세금계산서,PP,Y,인쇄,조회
20170126-1,삼보팩,박스 D-28폴리테잎 [760 310 205],1120350,세금계산서,PE,Y,인쇄,조회
20170125-1,덕흥수지,PP원료 외 1건,14960000,세금계산서,PP,Y,인쇄,조회
20170124-7,삼보팩,박스 내수PE(폴리밴드) [320 190 780] 외 1건,765600,세금계산서,PE,Y,인쇄,조회
20170124-6,삼보팩,패드 360 [360*200 (무지)] 외 1건,435600,세금계산서,PP,Y,인쇄,조회
20170124-5,성보펙,스넬 C/T 260* [260*132*263],836000,세금계산서,PP,Y,인쇄,조회
20170124-4,제이케이머티리얼즈(주)／순성공장,PP원료 [[PF-14/PA-10]],27628898,세금계산서,PP,Y,인쇄,조회
20170124-3,(주)경남케미칼,MB 307 [M／B 307 Yellow] 외 2건,816750,세금계산서,PP,Y,인쇄,조회
20170124-2,백암지관공업사,지관 200 [지관 200＊8＊190],948024,세금계산서,PP,Y,인쇄,조회
20170123-3,성보펙,패드 400 [패드 400＊200 (레드)] 외 1건,871200,세금계산서,PP,Y,인쇄,조회
20170123-2,지에스칼텍스(주),H430 [500KG],7095000,세금계산서,PP,Y,인쇄,조회
20170123-1,금정기획,라벨(아트지무지)108*50 [[108*50 ]] 외 4건,617100,세금계산서,PP,Y,인쇄,조회
20170120-5,중앙기획,동판비 [동판비],143000,세금계산서,PP,Y,인쇄,조회
20170120-4,롯데케미칼 주식회사,Y-130 (PP원료) [500kg],7260000,세금계산서,PP,Y,인쇄,조회
20170120-3,롯데케미칼 주식회사,MF5000(PE원료) [MF5000_500KG],20163000,세금계산서,PE,Y,인쇄,조회
20170120-2,금산포장,스트레치필름(기계랩) [18*300mm*1700m],349140,세금계산서,상품,Y,인쇄,조회
20170120-1,(주)신흥케미칼,PP원료(원색),11088000,세금계산서,PP,Y,인쇄,조회
20170119-2,백암지관공업사,지관 406 [지관 406＊6＊155] 외 1건,719070,세금계산서,PP,Y,인쇄,조회
20170119-1,동원화학수지,PP원료,23769900,세금계산서,PP,Y,인쇄,조회
20170118-3,대성EXT,실린더 [82mm],4620000,세금계산서,PP,Y,인쇄,조회
20170118-2,삼보팩,경인팩 2KG [320*190*780] 외 1건,1435500,세금계산서,PE,Y,인쇄,조회
20170118-1,성신목재,팔레트 1100*1100 [1100*1100] 외 8건,490600,세금계산서,PP,Y,인쇄,조회
20170117-1,지에스칼텍스(주),H430 [500KG],14190000,세금계산서,PP,Y,인쇄,조회
20170116-3,두성엔지니어링,밴드가이드 [홀더(13mm)가공] 외 1건,275000,세금계산서,PP,Y,인쇄,조회
20170116-2,백암지관공업사,지관 50 [지관 50＊5＊182],701800,세금계산서,PE,Y,인쇄,조회
20170116-1,백암지관공업사,지관 200 [지관 200＊8＊190] 외 1건,582230,세금계산서,PP,Y,인쇄,조회
20170112-2,백암지관공업사,지관 200 [지관 200＊8＊190] 외 1건,948024,세금계산서,PP,Y,인쇄,조회
20170112-1,(주)그린엔텍,PP원료(특A),60456000,세금계산서,PP,Y,인쇄,조회
20170111-1,(주)경남케미칼,MB 100B（ [M／B 100B（WHITE）] 외 1건,1097250,세금계산서,PP,Y,인쇄,조회
20170110-3,대림산업(주)전주공장,PP원료 [대림 A],29858400,세금계산서,PP,Y,인쇄,조회
20170110-2,(주)태진케미칼,PP원료 [[가공원료]],2750000,세금계산서,PE,Y,인쇄,조회
20170110-1,롯데케미칼 주식회사,MF5000(PE원료) [MF5000_500KG],20163000,세금계산서,PE,Y,인쇄,조회
20170109-4,성보펙,무인쇄톰슨접착 320 [320*130*320] 외 2건,1205600,세금계산서,PP,Y,인쇄,조회
20170109-3,백암지관공업사,지관 50 [지관 50＊5＊182],701800,세금계산서,PE,Y,인쇄,조회
20170109-2,백암지관공업사,지관 200 [지관 200＊8＊190],675906,세금계산서,PP,Y,인쇄,조회
20170109-1,대림산업(주)전주공장,PP원료 [대림 A],29858400,세금계산서,PP,Y,인쇄,조회
20170106-3,보따리컴퍼니,방진마스크 2급 [국산방진마스크SM-200(20개)] 외 3건,118470,세금계산서,PP,Y,인쇄,조회
20170106-2,성신목재,팔레트1160*1160 열처리 (상판 10장) [1160*1160],20900,세금계산서,PP,Y,인쇄,조회
20170106-1,(주)경남케미칼,MB 820FL [M／B 820FL（BLACK）] 외 3건,1160500,세금계산서,PP,Y,인쇄,조회
20170105-3,주식회사 우림,OPP-TAPE [OPP-TAPE 65*48*38(황색) 라바테이프] 외 2건,332970,세금계산서,PE,Y,인쇄,조회
20170105-2,삼보팩,패드 400 [패드 400＊200 (레드)] 외 4건,2051115,세금계산서,PP,Y,인쇄,조회
20170105-1,(주)경남케미칼,MB 325 [M／B 325 Yellow],220000,세금계산서,PP,Y,인쇄,조회
20170104-3,지에스칼텍스(주),H430 [500KG] 외  1건,13805000,세금계산서,PP,Y,인쇄,조회
20170104-2,진영프라스틱,PPTA [PPTA] 외 2건,29205000,세금계산서,PP,Y,인쇄,조회
20170104-1,백암지관공업사,지관 200 [지관 200＊8＊190],948024,세금계산서,PP,Y,인쇄,조회
20170102-2,(주)경남케미칼,MB 416（R [M／B 416（RED）] 외 3건,1680250,세금계산서,PP,Y,인쇄,조회
20170102-1,롯데케미칼 주식회사,MF5000(PE원료) [MF5000_500KG],13442000,세금계산서,PE,Y,인쇄,조회
20161230-6,(주)태진케미칼,PP파샤 (scrap),2915000,세금계산서,PP,Y,인쇄,조회
20161230-5,신광포장기계,15M/M (수축밴드) [15mm*0.85* 10*200(투명)],61600,세금계산서,PP,Y,인쇄,조회
20161230-4,파워엠팩,반자동밴딩기 [EXS-205],-1155000,세금계산서,PP,Y,인쇄,조회
20161230-3,덕흥수지,PP원료,7700000,세금계산서,PP,Y,인쇄,조회
20161230-2,(주)신흥케미칼,PP원료(원색),10472000,세금계산서,PP,Y,인쇄,조회
20161230-1,효창산업,CALPET [CALPET],3300000,세금계산서,PP,Y,인쇄,조회
20161229-1,백암지관공업사,지관 200 [지관 200＊8＊190],948024,세금계산서,PP,Y,인쇄,조회
20161228-2,롯데케미칼 주식회사,MF5000(PE원료) [MF5000_500KG],4917000,세금계산서,PE,Y,인쇄,조회
20161228-1,성보펙,패드 400 [패드 400＊200 (레드)] 외 2건,1337600,세금계산서,PP,Y,인쇄,조회
20161227-7,지에스칼텍스(주),H550-B (O.G) [25KG],6160000,세금계산서,PP,Y,인쇄,조회
20161227-6,성신목재,팔레트 1100*1100 [1100*1100] 외 1건,65120,세금계산서,PP,Y,인쇄,조회
20161227-5,(주)신흥케미칼,PP원료(원색),9856000,세금계산서,PP,Y,인쇄,조회
20161227-4,(주)경남케미칼,MB 510-2 [M／B 510-2 (BLUE)] 외 1건,1152250,세금계산서,PE,Y,인쇄,조회
20161227-3,삼보팩,박스 D-28V폴리테잎 [780*315*205],577500,세금계산서,PE,Y,인쇄,조회
20161227-2,삼보팩,산유(HR801) [355*355*450],247940,세금계산서,PP,Y,인쇄,조회
20161227-1,백암지관공업사,지관 200 [지관 200＊4＊189] 외 1건,811888,세금계산서,PP,Y,인쇄,조회
20161224-1,대성EXT,엠보롤제작 [165∮*200L] 외 1건,5940000,세금계산서,PP,Y,인쇄,조회
20161223-5,성보펙,미국박스 580 [580*170*580],359040,세금계산서,PP,Y,인쇄,조회
20161223-4,백암지관공업사,지관 50 [지관 50＊5＊182],701800,세금계산서,PE,Y,인쇄,조회
20161223-3,백암지관공업사,지관 406 [지관 406＊6＊155] 외 1건,295900,세금계산서,PP,Y,인쇄,조회
20161223-2,성신목재,팔레트 1100*1100 [1100*1100] 외 5건,384560,세금계산서,PP,Y,인쇄,조회
20161223-1,금산포장,스트레치필름(기능 핸드랩) [12* 500mm *400m] 외 3건,17430952,세금계산서,상품,Y,인쇄,조회
20161222-1,(주)경남케미칼,MB 510-2 [M／B 510-2 (BLUE)] 외 3건,1608750,세금계산서,PP,Y,인쇄,조회
20161221-3,창미포장기계,테프론테이프 19mm(두) 외 1건,37400,세금계산서,PP,Y,인쇄,조회
20161221-2,두성엔지니어링,캠용 M1.25*103T [기어가공],198000,세금계산서,PP,Y,인쇄,조회
20161221-1,백암지관공업사,지관 200 [지관 200＊8＊190] 외 1건,811888,세금계산서,PP,Y,인쇄,조회
20161220-4,(주)신흥케미칼,PP원료(원색),9856000,세금계산서,PP,Y,인쇄,조회
20161220-3,제이케이머티리얼즈(주)／순성공장,PP원료,28558530,세금계산서,PP,Y,인쇄,조회
20161220-2,백암지관공업사,지관 200 [지관 200＊8＊190] 외 1건,802428,세금계산서,PP,Y,인쇄,조회
20161220-1,창미포장기계,수축필름(시맥스) 15인치-타공 [15인치x1332mx0.015T (sanyu 포장)],125400,세금계산서,PP,Y,인쇄,조회
20161219-1,두성엔지니어링,와인다캠 [가공],770000,세금계산서,PP,Y,인쇄,조회
20161216-1,롯데케미칼 주식회사,MF5000(PE원료) [MF5000_500KG],19668000,세금계산서,PE,Y,인쇄,조회
20161215-1,삼보팩,PB청 540* (삼성) [540*200],704825,세금계산서,PP,Y,인쇄,조회
20161214-4,성보펙,패드 430 [패드 430＊200 (무지)],422400,세금계산서,PP,Y,인쇄,조회
20161214-3,제이케이머티리얼즈(주)／순성공장,PP원료 [PF-12/PA-10],24915660,세금계산서,PP,Y,인쇄,조회
20161214-2,백암지관공업사,지관 50 [지관 50＊5＊182] 외 1건,893200,세금계산서,PE,Y,인쇄,조회
20161214-1,백암지관공업사,지관 200 [지관 200＊8＊190] 외 1건,459228,세금계산서,PP,Y,인쇄,조회
20161213-2,백암지관공업사,지관 200 [지관 200＊8＊186] 외 1건,817124,세금계산서,PP,Y,인쇄,조회
20161213-1,진영프라스틱,PP 은색 [PP 은색] 외 1건,11770000,세금계산서,PP,Y,인쇄,조회
20161209-5,(주)디에스아이,밴딩기부품 [pool balance spring],1320,세금계산서,PP,Y,인쇄,조회
20161209-4,성신목재,팔레트 1440*830 [1440*830] 외 9건,547800,세금계산서,PP,Y,인쇄,조회
20161209-3,영창프라스틱,STOPPER 50 PCS [STOPPER 50 PCS 투명],1713776,영세율,PP,Y,인쇄,조회
20161209-2,대림플라텍(주),팔레트 1100*1100*120 [1100*1100*120],990000,세금계산서,PP,Y,인쇄,조회
20161209-1,(주)한국바코드시스템,프린터헤드 [ZM400(203dpi)],715000,세금계산서,PP,Y,인쇄,조회
20161208-4,진송팩,자동밴딩기,1793000,세금계산서,PP,Y,인쇄,조회
20161208-3,성보펙,패드 400 [패드 400＊200 (레드)] 외 1건,1188000,세금계산서,PP,Y,인쇄,조회
20161208-2,백암지관공업사,지관 50 [지관 50＊5＊182],701800,세금계산서,PE,Y,인쇄,조회
20161208-1,백암지관공업사,지관 280 [지관 280＊8＊187] 외 1건,643467,세금계산서,PP,Y,인쇄,조회
20161207-6,진송팩,밴딩기부품 [밴딩기 스프링],13090,세금계산서,PP,Y,인쇄,조회
20161207-5,롯데케미칼 주식회사,MF5000(PE원료) [MF5000_500KG],6556000,세금계산서,PE,Y,인쇄,조회
20161207-4,(주)태진케미칼,PP파샤 (scrap),2486000,세금계산서,PP,Y,인쇄,조회
20161207-3,삼보팩,박스 DF [480 320 380],511500,세금계산서,PE,Y,인쇄,조회
20161207-2,삼보팩,고메리 3입 (C/T) [360*355*385],346500,세금계산서,PP,Y,인쇄,조회
20161207-1,백암지관공업사,지관 200 [지관 200＊4＊189],665280,세금계산서,PP,Y,인쇄,조회
20161205-5,진송팩,피드앗파로라축,9900,세금계산서,PP,Y,인쇄,조회
20161205-4,(주)신흥케미칼,PP원료(원색),6160000,세금계산서,PP,Y,인쇄,조회
20161205-3,롯데케미칼 주식회사,MF5000(PE원료) [MF5000_500KG],13112000,세금계산서,PE,Y,인쇄,조회
20161205-2,(주)시몬사,OPP-TAPE [OPP-TAPE 25＊50],61600,세금계산서,PP,Y,인쇄,조회
20161205-1,백암지관공업사,지관 200 [지관 200＊8＊190],948024,세금계산서,PP,Y,인쇄,조회
20161202-4,삼보팩,평면골판지 [구래단 (1100mm x 40000mm)],682000,세금계산서,PP,Y,인쇄,조회
20161202-3,(주)신흥케미칼,PP원료(원색),9856000,세금계산서,PP,Y,인쇄,조회
20161202-2,(주)경남케미칼,MB 510-2 [M／B 510-2 (BLUE)] 외 2건,1419000,세금계산서,PP,Y,인쇄,조회
20161202-1,성보펙,무인쇄톰슨접착 430 [430*130*430] 외 1건,643500,세금계산서,PP,Y,인쇄,조회
20161201-4,성신목재,팔레트 1290＊860 [1290＊860] 외 3건,105600,세금계산서,PP,Y,인쇄,조회
20161201-3,백암지관공업사,지관 50 [지관 50＊5＊182],701800,세금계산서,PE,Y,인쇄,조회
20161201-2,백암지관공업사,지관 200 [지관 200＊8＊186] 외 1건,634392,세금계산서,PP,Y,인쇄,조회
20161201-1,백암지관공업사,지관 200 [지관 200＊8＊190] 외 2건,1366354,세금계산서,PP,Y,인쇄,조회
20161129-1,대성EXT,밴드노즐 [7MM] 외 2건,726000,세금계산서,PP,Y,인쇄,조회
20161128-3,삼보팩,스넬 C/T 260* [260*132*263] 외 2건,1121637,세금계산서,PP,Y,인쇄,조회
20161128-2,롯데케미칼 주식회사,MF5000(PE원료) [MF5000_500KG] 외 1건,19668000,세금계산서,PE,Y,인쇄,조회
20161128-1,(주)경남케미칼,MB 100B（ [M／B 100B（WHITE）] 외 1건,1430000,세금계산서,PP,Y,인쇄,조회
20161126-1,성보펙,미국박스 [440 200 445],553520,세금계산서,PP,Y,인쇄,조회
20161125-1,(주)신영잉크,PP잉크(미적 내성) [PP잉크],140250,세금계산서,PP,Y,인쇄,조회
20161124-4,성신목재,팔렛트1440*840 [1440*840] 외 4건,204930,세금계산서,PP,Y,인쇄,조회
20161124-3,성신목재,팔레트1100*1100 열처리(도면) [1100*1100],435600,세금계산서,PP,Y,인쇄,조회
20161124-2,제이케이머티리얼즈(주)／순성공장,PP원료,27014416,세금계산서,PP,Y,인쇄,조회
20161124-1,(주)신영잉크,PP잉크(미적 내성) [PP잉크] 외  1건,194040,세금계산서,PP,Y,인쇄,조회
20161123-5,삼보팩,고메리 12입(IN) [410*275*180] 외 3건,2502313,세금계산서,PP,Y,인쇄,조회
20161123-4,백암지관공업사,지관 50 [지관 50＊5＊182],701800,세금계산서,PE,Y,인쇄,조회
20161123-3,백암지관공업사,지관 200 [지관 200＊4＊189] 외 1건,895202,세금계산서,PP,Y,인쇄,조회
20161123-2,(주)디에스아이,반자동밴딩기,704000,세금계산서,PP,Y,인쇄,조회
20161123-1,효창산업,CALPET [CALPET],3300000,세금계산서,PP,Y,인쇄,조회
20161122-4,성보펙,PB청450*200 (POWER BAND) [450*200] 외 1건,1049620,세금계산서,PP,Y,인쇄,조회
20161122-3,성신목재,팔레트 1350*900 [1350*900] 외 4건,176000,세금계산서,PP,Y,인쇄,조회
20161122-2,진영프라스틱,PP 청색 [PP 청색],3506250,세금계산서,PP,Y,인쇄,조회
20161122-1,(주)경남케미칼,MB 100B（ [M／B 100B（WHITE）] 외 1건,1331000,세금계산서,PP,Y,인쇄,조회
20161121-2,성신목재,팔레트 1160*1160 [1160*1160] 외 1건,352000,세금계산서,PP,Y,인쇄,조회
20161121-1,(주)신흥케미칼,PP원료(원색),9856000,세금계산서,PP,Y,인쇄,조회
20161118-1,진송팩,반자동밴딩기 [JSP-55/오픈형],748000,세금계산서,PP,Y,인쇄,조회
20161117-4,롯데케미칼 주식회사,MF5000(PE원료) [MF5000_500KG],19668000,세금계산서,PE,Y,인쇄,조회
20161117-3,(주)한국바코드시스템,라벨(아트지도안HR-801) [[125*65 ]] 외 2건,374000,세금계산서,PP,Y,인쇄,조회
20161117-2,백암지관공업사,지관 50 [지관 50＊5＊182],701800,세금계산서,PE,Y,인쇄,조회
20161117-1,백암지관공업사,지관 200 [지관 200＊8＊190] 외 2건,1301300,세금계산서,PP,Y,인쇄,조회
20161116-1,TGP MARKETING,스트레치필름(일반 핸드랩) [18*500mm*350m] 외 3건,13575156,수입,상품,Y,인쇄,조회
20161115-3,성보펙,미국박스 [440 200 445] 외 2건,904640,세금계산서,PP,Y,인쇄,조회
20161115-2,백암지관공업사,지관 200 [지관 200＊8＊190],675906,세금계산서,PP,Y,인쇄,조회
20161115-1,백암지관공업사,지관 50 [지관 50＊5＊182],701800,세금계산서,PE,Y,인쇄,조회
20161114-6,중앙기획,동판비 [500*100(뉴덕흥기업)],143000,세금계산서,PP,Y,인쇄,조회
20161114-5,제이에스유화(주),HF354 [700KG],30492000,세금계산서,PP,Y,인쇄,조회
20161114-4,대양스트랩(주),PET 19mm x 1.0T x 780m [PET 19mm x 1.0T x 780m Embossed (검정)],283800,세금계산서,PP,Y,인쇄,조회
20161114-3,삼보팩,패드 400 [패드 400＊200 (레드)],445500,세금계산서,PP,Y,인쇄,조회
20161114-2,삼보팩,박스 D-28폴리테잎 [760 310 205] 외 1건,998250,세금계산서,PE,Y,인쇄,조회
20161114-1,(주)경남케미칼,UV-NATURAL 외 3건,1353000,세금계산서,PP,Y,인쇄,조회
20161112-2,파워엠팩,반자동밴딩기 [EXS-205],2310000,세금계산서,PP,Y,인쇄,조회
20161112-1,영창프라스틱,STOPPER 500 PCS [STOPPER 500 PCS 투명],297000,세금계산서,PP,Y,인쇄,조회
20161111-5,진송팩,RH블록암SET 외 2건,138600,세금계산서,PP,Y,인쇄,조회
20161111-4,일신화학공업(주),스트레치랩(일반 기계랩) [25*500mm*1400m(0.025T*500W*1400M)],2125200,세금계산서,상품,Y,인쇄,조회
20161111-3,성신목재,팔레트 1320*890 [1320*890] 외 3건,422400,세금계산서,PP,Y,인쇄,조회
20161111-2,백암지관공업사,지관 200 [지관 200＊8＊190] 외 1건,780516,세금계산서,PP,Y,인쇄,조회
20161111-1,제이에스유화(주),HF354 [700KG],30492000,세금계산서,PP,Y,인쇄,조회
20161110-5,삼보팩,박스 D-28폴리테잎 [760 310 205],635250,세금계산서,PE,Y,인쇄,조회
20161110-4,성보펙,무인쇄톰슨접착 430 [430*130*430],495000,세금계산서,PP,Y,인쇄,조회
20161110-3,(주)태진케미칼,PP원료 [[가공원료]],3278000,세금계산서,PP,Y,인쇄,조회
20161110-2,진송팩,자동밴딩기 [(자동고상형 / 자동-380L)],1573000,세금계산서,PP,Y,인쇄,조회
20161110-1,(주)신흥케미칼,PP원료(원색),9856000,세금계산서,PP,Y,인쇄,조회
20161109-7,주식회사 우림,OPP-TAPE [PP-TAPE 65*48*38(황색) 라바테이프] 외 1건,141570,세금계산서,PP,Y,인쇄,조회
20161109-6,(주)태진케미칼,PP파샤 (scrap),3003000,세금계산서,PP,Y,인쇄,조회
20161109-5,제이에스유화(주),HF354 [700KG],847000,세금계산서,PP,Y,인쇄,조회
20161109-4,두성엔지니어링,와인다캠 [가공],1155000,세금계산서,PP,Y,인쇄,조회
20161109-3,진송팩,기타 [반자동 실리콘벨트(라운드벨트)],22000,세금계산서,PP,Y,인쇄,조회
20161109-2,진흥산업,폴리백 26＊44 [폴리백 26＊44],1320000,세금계산서,PP,Y,인쇄,조회
20161109-1,성은산업,수축필름 [220*145 (고메리)],924000,세금계산서,PP,Y,인쇄,조회
20161108-5,진송팩,히타 슬라이드 가이드,8800,세금계산서,PP,Y,인쇄,조회
20161108-4,롯데케미칼 주식회사,MF5000(PE원료) [MF5000_500KG],19668000,세금계산서,PP,Y,인쇄,조회
20161108-2,지에스칼텍스(주),H430-B (O.G) [25kg] 외  1건,30492000,세금계산서,PP,Y,인쇄,조회
20161108-1,(주)경남케미칼,MB 510-2 [M／B 510-2 (BLUE)] 외 3건,1611500,세금계산서,PP,Y,인쇄,조회
20161107-3,백암지관공업사,지관 50 [지관 50＊5＊182],701800,세금계산서,PE,Y,인쇄,조회
20161107-2,백암지관공업사,지관 200 [지관 200＊8＊190],684684,세금계산서,PP,Y,인쇄,조회
20161107-1,진송팩,밴딩기 칼날 상/하 세트 [(고급형) 외],39270,세금계산서,PP,Y,인쇄,조회
20161104-2,삼보팩,패드 420 [패드 420＊200 (적색패드)] 외 1건,933900,세금계산서,PP,Y,인쇄,조회
20161104-1,두성엔지니어링,와인다캠 [가공],385000,세금계산서,PP,Y,인쇄,조회
20161103-4,에이스인쇄,모조지 STICKER [모조지 STICKER] 외 1건,269500,세금계산서,PE,Y,인쇄,조회
20161103-3,대성EXT,엠보롤제작 [165∮*200L] 외 1건,7095000,세금계산서,PP,Y,인쇄,조회
20161103-2,(주)신흥케미칼,PP원료(원색),9856000,세금계산서,PP,Y,인쇄,조회
20161103-1,백암지관공업사,지관 280 [지관 280＊8＊187] 외 1건,959706,세금계산서,PP,Y,인쇄,조회
20161102-3,진영프라스틱,PP 은색 [PP 은색],3520000,세금계산서,PP,Y,인쇄,조회
20161102-2,백암지관공업사,지관 406 [지관 406＊6＊155] 외  2건,690448,세금계산서,PP,Y,인쇄,조회
20161102-1,파워엠팩,반자동밴딩기 [EXS-205],3465000,세금계산서,PP,Y,인쇄,조회
20161101-6,일신화학공업(주),스트레치랩(일반 기계랩) [25*500mm*1400m(0.025T*500W*1400M)],1771000,세금계산서,제이케이머티리얼즈,Y,인쇄,조회
20161101-5,제이케이머티리얼즈(주)／순성공장,PP원료,27037296,세금계산서,PP,Y,인쇄,조회
20161101-3,현대기어,"엠보 로라제작 [수정,연마가공,동심도가공,도금]",396000,세금계산서,PP,Y,인쇄,조회
20161101-2,백암지관공업사,지관 406 [지관 406＊6＊155],613008,세금계산서,PP,Y,인쇄,조회
20161101-1,진송팩,RH밴드웨이 세트 [공통] 외 1건,133100,세금계산서,PP,Y,인쇄,조회
20161031-4,롯데케미칼 주식회사,MF5000(PE원료) [MF5000_500KG],19668000,세금계산서,PE,Y,인쇄,조회
20161031-3,백암지관공업사,지관 200 [지관 200＊4＊189],640640,세금계산서,PP,Y,인쇄,조회
20161031-2,(주)경남케미칼,UV-NATURAL,528000,세금계산서,PP,Y,인쇄,조회
20161031-1,두성엔지니어링,밴드노즐 [와이어 수정(1.6*50L*4줄가공)],275000,세금계산서,PP,Y,인쇄,조회
20161029-1,성보펙,패드 430 [패드 430＊200 (무지)],687500,세금계산서,PP,Y,인쇄,조회
20161028-1,대림산업(주)전주공장,PP원료 [대림 특A] 외 1건,57076800,세금계산서,PP,Y,인쇄,조회
20161027-4,대림산업(주)전주공장,PP원료 [대림 A] 외 1건,54964800,세금계산서,PP,Y,인쇄,조회
20161027-3,성보펙,미국박스 [420 200 425] 외 2건,616440,세금계산서,PP,Y,인쇄,조회
20161027-2,(주)태진케미칼,PP파샤 (scrap),2541000,세금계산서,PP,Y,인쇄,조회
20161027-1,성보펙,패드 400 [패드 400＊200 (레드)] 외 1건,1206480,세금계산서,PP,Y,인쇄,조회
20161026-6,대림산업(주)전주공장,PP원료 [대림 A] 외 2건,55844800,세금계산서,PP,Y,인쇄,조회
20161026-5,진송팩,밴딩기 칼날(상칼) [(체인형)] 외 3건,220000,세금계산서,PP,Y,인쇄,조회
20161026-4,성신목재,팔레트 1100*1100 [1100*1100] 외 9건,830280,세금계산서,PP,Y,인쇄,조회
20161026-3,백암지관공업사,지관 50 [지관 50＊5＊225],191400,세금계산서,PE,Y,인쇄,조회
20161026-2,백암지관공업사,지관 200 [지관 200＊8＊186] 외 1건,658042,세금계산서,PP,Y,인쇄,조회
20161026-1,효창산업,CALPET [CALPET],3300000,세금계산서,PP,Y,인쇄,조회
20161025-4,성신목재,팔레트 1260*840 [1260*840] 외 1건,446600,세금계산서,PP,Y,인쇄,조회
20161025-3,삼보팩,패드 500 [패드500*280 (무지)] 외 2건,1410200,세금계산서,PP,Y,인쇄,조회
20161025-2,(주)경남케미칼,MB 307 [M／B 307 Yellow] 외 2건,1743500,세금계산서,PP,Y,인쇄,조회
20161025-1,에어팩코리아,에어백 APK-1319 (1300*1900) [에어백 1300*1900] 외 1건,198000,세금계산서,PP,Y,인쇄,조회
20161024-5,백암지관공업사,지관 200 [지관 200＊8＊186] 외 3건,1393216,세금계산서,PP,Y,인쇄,조회
20161024-4,광신화학공업사,PP12M [PP12M／M*8.5],168300,세금계산서,PP,Y,인쇄,조회
20161024-3,(주)신흥케미칼,PP원료(원색),9240000,세금계산서,PP,Y,인쇄,조회
20161024-2,(주)그린엔텍,PP원료(특A),27720000,세금계산서,PP,Y,인쇄,조회
20161024-1,금정기획,라벨(아트지) [115*55] 외 1건,297000,세금계산서,PP,Y,인쇄,조회
20161021-3,지영,팔레트 [1120*1120] 외 2건,1430000,세금계산서,PP,Y,인쇄,조회
20161021-2,(주)신영잉크,Toluene(톨루엔) [pp용제] 외 1건,190740,세금계산서,PP,Y,인쇄,조회
20161021-1,영창프라스틱,STOPPER 50 PCS [STOPPER 50 PCS 투명],1381357,영세율,PP,Y,인쇄,조회
20161020-4,현대기어,"밴드 로라수리외 [수정,연마가공 외] 외 1건",319000,세금계산서,PP,Y,인쇄,조회
20161020-3,파워엠팩,자동밴딩기 [EXS-128] 외 1건,15125000,세금계산서,PP,Y,인쇄,조회
20161020-2,롯데케미칼 주식회사,MF5000(PE원료) [MF5000_500KG],19668000,세금계산서,PP,Y,인쇄,조회
20161020-1,덕흥수지,PP원료 외 1건,12650000,세금계산서,PP,Y,인쇄,조회
20161019-4,제이케이머티리얼즈(주)／순성공장,PP원료,3464032,세금계산서,PP,Y,인쇄,조회
20161019-3,(주)경남케미칼,MB 307 [M／B 307 Yellow] 외 1건,1309000,세금계산서,PP,Y,인쇄,조회
20161019-2,백암지관공업사,지관 50 [지관 50＊5＊182],1403600,세금계산서,PE,Y,인쇄,조회
20161019-1,백암지관공업사,지관 280 [지관 280＊8＊187] 외 2건,1206194,세금계산서,PP,Y,인쇄,조회
20161018-2,(주)한국바코드시스템,스캐너SD100-TS1207N(USB) 외 1건,55000,세금계산서,PP,Y,인쇄,조회
20161018-1,백암지관공업사,지관 200 [지관 200＊4＊189] 외 1건,743820,세금계산서,PP,Y,인쇄,조회
20161017-2,지에스칼텍스(주),H430 [500KG],19635000,세금계산서,PP,Y,인쇄,조회
20161017-1,대림플라텍(주),팔레트 1100*1100*120 [1100*1100*120],990000,세금계산서,PP,Y,인쇄,조회
20161014-5,백암지관공업사,지관 200 [지관 200＊4＊190],372680,세금계산서,PP,Y,인쇄,조회
20161014-4,백암지관공업사,지관 50 [지관 50＊5＊182],701800,세금계산서,PE,Y,인쇄,조회
20161014-3,백암지관공업사,지관 200 [지관 200＊8＊190],667128,세금계산서,PP,Y,인쇄,조회
20161014-2,(주)신흥케미칼,PP원료(원색),9856000,세금계산서,PP,Y,인쇄,조회
20161014-1,대창수지,PP원료 (백색) 외 1건,16830000,세금계산서,PP,Y,인쇄,조회
20161013-3,동진씨엔피,박스 경인팩 6KG [465 455 245] 외 2건,1676730,세금계산서,PE,Y,인쇄,조회
20161013-2,성보펙,PP청 400*(광림) [400*200] 외  1건,1042800,세금계산서,PP,Y,인쇄,조회
20161013-1,(주)경남케미칼,MB 100B（ [M／B 100B（WHITE）] 외 3건,1130250,세금계산서,PP,Y,인쇄,조회
20161012-3,지에스칼텍스(주),H550-C (O.G) [25KG] 외  1건,19254675,세금계산서,PP,Y,인쇄,조회
20161012-2,제이케이머티리얼즈(주)／순성공장,PP원료,13547248,세금계산서,PP,Y,인쇄,조회
20161012-1,성신목재,팔레트 1290＊860 [1290＊860] 외 2건,158400,세금계산서,PP,Y,인쇄,조회
20161011-2,성신목재,팔레트 1380＊920 [1380＊920] 외 5건,188760,세금계산서,PP,Y,인쇄,조회
20161011-1,백암지관공업사,지관 200 [지관 200＊4＊190] 외 1건,741202,세금계산서,PP,Y,인쇄,조회
20161010-1,백암지관공업사,지관 280 [지관 280＊8＊187] 외 1건,935814,세금계산서,PP,Y,인쇄,조회
20161009-1,롯데케미칼 주식회사,MF5000(PE원료) [MF5000_500KG],22946000,세금계산서,PE,Y,인쇄,조회
20161007-3,(주)동신밴드,PP원료 (719),14924800,세금계산서,PP,Y,인쇄,조회
20161007-2,(주)경남케미칼,MB 100B（ [M／B 100B（WHITE）] 외 2건,1358500,세금계산서,PP,Y,인쇄,조회
20161006-6,금산포장,스트레치필름(일반 기계랩) [18*500mm*1700m] 외 1건,38362,세금계산서,상품,Y,인쇄,조회
20161006-5,백암지관공업사,지관 50 [지관 50＊5＊182],701800,세금계산서,PE,Y,인쇄,조회
20161006-4,백암지관공업사,지관 200 [지관 200＊8＊190],596904,세금계산서,PP,Y,인쇄,조회
20161006-3,지에스칼텍스(주),H550-C (O.G) [25KG],11990000,세금계산서,PP,Y,인쇄,조회
20161006-2,삼보팩,패드 380 [380*200] 외 2건,1342000,세금계산서,PP,Y,인쇄,조회
20161006-1,삼보팩,패드 430 [패드 430＊200 (무지)] 외 2건,2500300,세금계산서,PP,Y,인쇄,조회
20161005-3,중앙기획,동판비(미드필드) [동판비(500*100)],143000,세금계산서,PP,Y,인쇄,조회
20161005-2,백암지관공업사,지관 200 [지관 200＊8＊190],948024,세금계산서,PP,Y,인쇄,조회
20161005-1,성신목재,팔레트 1100*1100 [1100*1100] 외 8건,354750,세금계산서,PP,Y,인쇄,조회
20161004-2,지에스칼텍스(주),H430 [500KG],13090000,세금계산서,PP,Y,인쇄,조회
20161004-1,(주)신흥케미칼,PP원료(원색),8624000,세금계산서,PP,Y,인쇄,조회
20160930-1,성보팩,서플라이웨이BOX(White) [440*200*445] 외 1건,1073820,세금계산서,PP,Y,인쇄,조회
20160929-2,백암지관공업사,지관 200 [지관 200＊4＊190],665280,세금계산서,PP,Y,인쇄,조회
20160929-1,제이케이머티리얼즈(주)／순성공장,PP원료,14709552,세금계산서,PP,Y,인쇄,조회
20160928-6,(주)경남케미칼,MB 100B（ [M／B 100B（WHITE）] 외 2건,1226500,세금계산서,PP,Y,인쇄,조회
20160928-5,(주)한국바코드시스템,라벨(아트지도안HR-816) [[125*65 ]] 외 1건,330000,세금계산서,PP,Y,인쇄,조회
20160928-4,제이케이머티리얼즈(주)／순성공장,PP원료,3383952,세금계산서,PP,Y,인쇄,조회
20160928-3,지영,팔레트 1140*1140 [1140*1140],1430000,세금계산서,PP,Y,인쇄,조회
20160928-2,효창산업,CALPET [CALPET],3300000,세금계산서,PP,Y,인쇄,조회
20160928-1,삼보팩,무인쇄톰슨접착 460 [460*130*460] 외 1건,553850,세금계산서,PP,Y,인쇄,조회
20160927-1,(주)성신인스트루먼트,디지메틱 캘리퍼스 500-150-30 [500-150-30] 외 1건,216370,세금계산서,PP,Y,인쇄,조회
20160926-8,성보팩,서플라이웨이BOX(White) [440*200*445],823680,세금계산서,PP,Y,인쇄,조회
20160926-7,(주)경남케미칼,MB 7308 [M／B 7308],242000,세금계산서,PP,Y,인쇄,조회
20160926-6,성신목재,팔레트 1160*1160 [1160*1160] 외 2건,417120,세금계산서,PP,Y,인쇄,조회
20160926-5,삼보팩,산유(HR811) [355*355*450],382800,세금계산서,PP,Y,인쇄,조회
20160926-4,삼보팩,패드 400 [패드 400＊200 (레드)] 외 1건,1039500,세금계산서,PP,Y,인쇄,조회
20160926-3,지에스칼텍스(주),H550-C (O.G) [25KG],0,세금계산서,PP,Y,인쇄,조회
20160926-2,지에스칼텍스(주),H430-A (O.G) [25KG],15048000,세금계산서,PP,Y,인쇄,조회
20160926-1,(주)동신밴드,스트레치필름(일반 기계랩) [20*500mm*1600m],77000,세금계산서,상품,Y,인쇄,조회
20160923-5,백암지관공업사,지관 280 [지관 280＊8＊187] 외  1건,938256,세금계산서,PP,Y,인쇄,조회
20160923-4,지에스칼텍스(주),H430 [500KG],13090000,세금계산서,PP,Y,인쇄,조회
20160923-3,금정기획,라벨(아트지도안 AWP) 2012 [115*55] 외 2건,332200,세금계산서,PP,Y,인쇄,조회
20160923-2,(주)경남케미칼,MB 602（G [M／B 602（GREEN）] 외 3건,885500,세금계산서,PP,Y,인쇄,조회
20160923-1,(주)그린엔텍,PP원료,27456000,세금계산서,PP,Y,인쇄,조회
20160922-2,성신목재,팔레트1100*1100 열처리(도면) [1100*1100],435600,세금계산서,PP,Y,인쇄,조회
20160922-1,롯데케미칼 주식회사,MF5000(PE원료) [MF5000_500KG] 외 1건,19668000,세금계산서,PE,Y,인쇄,조회
20160921-2,(주)신흥케미칼,PP원료(원색),9680000,세금계산서,PP,Y,인쇄,조회
20160921-1,제이케이머티리얼즈(주)／순성공장,PP원료,3418272,세금계산서,PP,Y,인쇄,조회
20160920-2,백암지관공업사,지관 200 [지관 200＊4＊190] 외 1건,1393392,세금계산서,PP,Y,인쇄,조회
20160920-1,백암지관공업사,지관 50 [지관 50＊5＊182],1403600,세금계산서,PE,Y,인쇄,조회
20160919-4,금산포장,스트레치필름(기능 핸드랩) [12* 500mm *400m] 외 2건,8939392,세금계산서,상품,Y,인쇄,조회
20160919-3,대양스트랩(주),PET 19mm x 1.0T x 780m [PET 19mm x 1.0T x 780m Embossed (검정)],94600,세금계산서,PP,Y,인쇄,조회
20160919-2,진영프라스틱,PPTA [PPTA] 외 1건,3437500,세금계산서,PP,Y,인쇄,조회
20160913-1,(주)경남케미칼,MB 510-2 [M／B 510-2 (BLUE)] 외 2건,1174250,세금계산서,PP,Y,인쇄,조회
20160912-7,롯데케미칼 주식회사,MF5000(PE원료) [MF5000_500KG],19668000,세금계산서,PP,Y,인쇄,조회
20160912-6,(주)삼화인쇄,카다록,2266000,세금계산서,PP,Y,인쇄,조회
20160912-5,동진씨엔피,고메리 3입 (C/T) [360*355*385] 외 1건,1501500,세금계산서,PE,Y,인쇄,조회
20160912-4,삼보팩,고메리 12입(IN) [410*275*180] 외 1건,1515250,세금계산서,PP,Y,인쇄,조회
20160912-3,백암지관공업사,지관 200 [지관 200＊8＊190] 외 1건,577269,세금계산서,PP,Y,인쇄,조회
20160912-2,백암지관공업사,지관 50 [지관 50＊5＊182],701800,세금계산서,PE,Y,인쇄,조회
20160912-1,경인팩,피피클립(PP클립) [밴드＆클립],74800,세금계산서,PP,Y,인쇄,조회
20160909-3,진영프라스틱,PP 은색 [PP 은색] 외 1건,3740000,세금계산서,PP,Y,인쇄,조회
20160909-2,삼보팩,옴니원패드 430 [430*200] 외 1건,1042800,세금계산서,PP,Y,인쇄,조회
20160909-1,(주)신영잉크,PP잉크 [PP잉크(원녹79)] 외 1건,132000,세금계산서,PP,Y,인쇄,조회
20160907-3,지에스칼텍스(주),H430 [500KG],15708000,세금계산서,PP,Y,인쇄,조회
20160907-2,(주)경남케미칼,UV-NATURAL 외 4건,915750,세금계산서,PP,Y,인쇄,조회
20160907-1,백암지관공업사,지관 200 [지관 200＊8＊186] 외 1건,912912,세금계산서,PP,Y,인쇄,조회
20160905-3,롯데케미칼 주식회사,MF5000(PE원료) [MF5000_500KG],19668000,세금계산서,PE,Y,인쇄,조회
20160905-2,삼보팩,패드 430 [패드 430＊200 (무지)] 외 1건,602800,세금계산서,PP,Y,인쇄,조회
20160905-1,동진씨엔피,박스 내수PE(폴리밴드) [320 190 780] 외 4건,2887500,세금계산서,PE,Y,인쇄,조회
20160902-3,대림플라텍(주),팔레트 1100*1100*120 [1100*1100*120],990000,세금계산서,PP,Y,인쇄,조회
20160902-2,백암지관공업사,지관 50 [지관 50＊5＊182],701800,세금계산서,PE,Y,인쇄,조회
20160902-1,백암지관공업사,지관 280 [지관 280＊8＊187] 외 1건,624690,세금계산서,PP,Y,인쇄,조회
20160901-4,일신화학공업(주),스트레치랩(일반 기계랩) [25*500mm*1400m(0.025T*500W*1400M)],2125200,세금계산서,상품,Y,인쇄,조회
20160901-3,삼보팩,무인쇄톰슨접착 320 [320*130*320] 외 1건,962280,세금계산서,PP,Y,인쇄,조회
20160901-2,삼보팩,패드 430 [패드 430＊200 (무지)],360250,세금계산서,PP,Y,인쇄,조회
20160901-1,제이케이머티리얼즈(주)／순성공장,PP원료,26247936,세금계산서,PP,Y,인쇄,조회
20160831-2,(주)태진케미칼,PP파샤 (scrap),1815000,세금계산서,PP,Y,인쇄,조회
20160831-1,백암지관공업사,지관 200 [지관 200＊8＊190],684684,세금계산서,PP,Y,인쇄,조회
20160830-2,백암지관공업사,지관 406 [지관 406＊6＊155] 외 2건,1010768,세금계산서,PP,Y,인쇄,조회
20160830-1,삼보팩,PB청 470*200 (삼성-적색) [470＊200],570900,세금계산서,PP,Y,인쇄,조회
20160829-3,롯데케미칼 주식회사,MF5000(PE원료) [MF5000_500KG],19668000,세금계산서,PE,Y,인쇄,조회
20160829-2,지에스칼텍스(주),5850YH 25KG (0.G) [(PP원료)],0,세금계산서,PP,Y,인쇄,조회
20160829-1,지에스칼텍스(주),H430 [500KG],16104000,세금계산서,PP,Y,인쇄,조회
20160826-3,대창수지,PP원료(재생),9680000,세금계산서,PP,Y,인쇄,조회
20160826-2,백암지관공업사,지관 200 [지관 200＊4＊190],665280,세금계산서,PP,Y,인쇄,조회
20160826-1,일신화학공업(주),스트레치랩(일반 기계랩) [25*500mm*1400m(0.025T*500W*1400M)],1416800,세금계산서,상품,Y,인쇄,조회
20160825-3,삼보팩,타이거팩 4501 C/T 350 [350*130*350],485100,세금계산서,PP,Y,인쇄,조회
20160825-2,영창프라스틱,STOPPER 50 PCS [STOPPER 50 PCS 투명],927300,영세율,PP,Y,인쇄,조회
20160825-1,(주)동원화학,바트(패드) [200*400],99000,세금계산서,PP,Y,인쇄,조회
20160824-2,진영프라스틱,PP 은색 [PP 은색],2640000,세금계산서,PP,Y,인쇄,조회
20160824-1,백암지관공업사,지관 200 [지관 200＊8＊190] 외 2건,749793,세금계산서,PP,Y,인쇄,조회
20160823-3,(주)신흥케미칼,PP원료(원색),9680000,세금계산서,PP,Y,인쇄,조회
20160823-2,백암지관공업사,지관 200 [지관 200＊8＊190],228228,세금계산서,PP,Y,인쇄,조회
20160823-1,백암지관공업사,지관 50 [지관 50＊5＊182] 외 1건,1633280,세금계산서,PE,Y,인쇄,조회
20160822-3,백암지관공업사,지관 200 [지관 200＊4＊190],640640,세금계산서,PP,Y,인쇄,조회
20160822-2,(주)경남케미칼,MB 510-2 [M／B 510-2 (BLUE)] 외 3건,1600500,세금계산서,PP,Y,인쇄,조회
20160822-1,삼보팩,PSE(RMA) 원패드 430 [430*200],610500,세금계산서,PP,Y,인쇄,조회
20160819-3,삼보팩,스넬 C/T 260* [260*132*263] 외 1건,1348380,세금계산서,PP,Y,인쇄,조회
20160819-2,제이케이머티리얼즈(주)／순성공장,PP원료,26739856,세금계산서,PP,Y,인쇄,조회
20160819-1,진영프라스틱,PP 은색 [PP 은색],1320000,세금계산서,PP,Y,인쇄,조회
20160817-4,영창프라스틱,STOPPER 50 PCS [16mm 스토퍼(지퍼백)],264000,세금계산서,PP,Y,인쇄,조회
20160817-3,주식회사 우림,청보호테이프 필름 500㎜(청색) [45mm x 500㎜ × 140M] 외 1건,154880,세금계산서,자강산업,Y,인쇄,조회
20160817-2,삼보팩,PB청 540* (삼성) [540*200] 외 3건,2844061,세금계산서,PP,Y,인쇄,조회
20160817-1,백암지관공업사,지관 200 [지관 200＊8＊190] 외 1건,811888,세금계산서,PP,Y,인쇄,조회
20160816-6,진송팩,아치룸 외 7건,367400,세금계산서,PP,Y,인쇄,조회
20160816-5,롯데케미칼 주식회사,MF5000(PE원료) [MF5000_500KG],19668000,세금계산서,PP,Y,인쇄,조회
20160816-4,성신목재,팔레트 1100*1100 [1100*1100] 외 3건,104280,세금계산서,PP,Y,인쇄,조회
20160816-3,일신화학공업(주),스트레치랩(일반 기계랩) [25*500mm*1400m(0.025T*500W*1400M)],2125200,세금계산서,제이케이머티리얼즈,Y,인쇄,조회
20160816-2,진영프라스틱,PP 청색 [PP 청색],3506250,세금계산서,PP,Y,인쇄,조회
20160816-1,효창산업,CALPET [CALPET],3300000,세금계산서,PP,Y,인쇄,조회
20160811-1,백암지관공업사,지관 200 [지관 200＊4＊190] 외 1건,798710,세금계산서,PP,Y,인쇄,조회
20160810-1,지에스칼텍스(주),H550-B (O.G) [25KG],20240000,세금계산서,PP,Y,인쇄,조회
20160809-3,지에스칼텍스(주),H430 [500KG] 외  1건,19211500,세금계산서,PP,Y,인쇄,조회
20160809-2,지에스칼텍스(주),H430 [500KG],8052000,세금계산서,PP,Y,인쇄,조회
20160809-1,(주)태진케미칼,PP원료 [[가공원료]],2776400,세금계산서,PP,Y,인쇄,조회
20160808-4,(주)경남케미칼,MB 510-2 [M／B 510-2 (BLUE)] 외 2건,1408000,세금계산서,PP,Y,인쇄,조회
20160808-3,성신목재,팔레트 1290＊860 [1290＊860] 외 4건,387200,세금계산서,PP,Y,인쇄,조회
20160808-2,백암지관공업사,지관 200 [지관 200＊4＊190] 외 2건,924044,세금계산서,PP,Y,인쇄,조회
20160808-1,롯데케미칼 주식회사,MF5000(PE원료) [MF5000_500KG],16390000,세금계산서,PE,Y,인쇄,조회
20160804-1,성신목재,팔레트 1100*1100 [1100*1100] 외 6건,364870,세금계산서,PP,Y,인쇄,조회
20160803-5,성신목재,팔레트 1290＊860 [1290＊860] 외 3건,352000,세금계산서,PP,Y,인쇄,조회
20160803-3,삼보팩,스넬 C/T 260* [260*132*263] 외 1건,1838364,세금계산서,PP,Y,인쇄,조회
20160803-2,대림플라텍(주),팔레트 1100*1100*120 [1100*1100*120],990000,세금계산서,PP,Y,인쇄,조회
20160803-1,백암지관공업사,지관 150 [지관 150*10*160 (체신청)] 외 1건,851763,세금계산서,PP,Y,인쇄,조회
20160728-2,금성상회,PP원료(PP특A),13200000,세금계산서,PP,Y,인쇄,조회
20160728-1,금성상회,PP원료,8930900,세금계산서,PP,Y,인쇄,조회
20160727-1,삼보팩,고메리 12입(IN) [410*275*180],444400,세금계산서,PP,Y,인쇄,조회
20160726-8,일신화학공업(주),스트레치랩(일반 기계랩) [25*500mm*1400m(0.025T*500W*1400M)],1416800,세금계산서,PP,Y,인쇄,조회
20160726-7,(주)신흥케미칼,PP원료(원색),7507500,세금계산서,PP,Y,인쇄,조회
20160726-6,제이케이머티리얼즈(주)／순성공장,PP원료,20335040,세금계산서,PP,Y,인쇄,조회
20160726-5,(주)태진케미칼,PP파샤 (scrap),2271500,세금계산서,PP,Y,인쇄,조회
20160726-4,백암지관공업사,지관 200 [지관 200＊8＊190],342342,세금계산서,PP,Y,인쇄,조회
20160726-3,백암지관공업사,지관 50 [지관 50＊5＊182],1403600,세금계산서,PE,Y,인쇄,조회
20160726-2,금정기획,라벨(아트지도안 AWP) 2214 [115*55] 외 3건,369600,세금계산서,PP,Y,인쇄,조회
20160726-1,제이케이머티리얼즈(주)／순성공장,PP원료,19315956,세금계산서,PP,Y,인쇄,조회
20160725-1,(주)경남케미칼,MB 100B（ [M／B 100B（WHITE）] 외 1건,869000,세금계산서,PP,Y,인쇄,조회
20160722-2,대창수지,PP원료(원색) 외 1건,18425000,세금계산서,PP,Y,인쇄,조회
20160722-1,대양스트랩(주),PET 19mm x 1.0T x 780m [PET 19mm x 1.0T x 780m Embossed (검정)],94600,세금계산서,PP,Y,인쇄,조회
20160721-4,백암지관공업사,지관 200 [지관 200＊8＊190] 외 1건,941325,세금계산서,PP,Y,인쇄,조회
20160721-3,지에스칼텍스(주),H430 [500KG],16104000,세금계산서,PP,Y,인쇄,조회
20160721-2,성신목재,팔레트 1440*830 [1440*830] 외 6건,237160,세금계산서,PP,Y,인쇄,조회
20160721-1,백암지관공업사,지관 200 [지관 200＊4＊190] 외 1건,662530,세금계산서,PP,Y,인쇄,조회
20160718-4,일신화학공업(주),스트레치랩(일반 기계랩) [25*500mm*1400m(0.025T*500W*1400M)],2125200,세금계산서,제이케이머티리얼즈 신평공장,Y,인쇄,조회
20160718-3,백암지관공업사,지관 50 [지관 50＊5＊182],701800,세금계산서,PE,Y,인쇄,조회
20160718-2,백암지관공업사,지관 200 [지관 200＊8＊190],675906,세금계산서,PP,Y,인쇄,조회
20160718-1,롯데케미칼 주식회사,MF5000(PE원료),19668000,세금계산서,PE,Y,인쇄,조회
20160715-1,(주)경남케미칼,MB 820FL [M／B 820FL（BLACK）] 외 1건,781000,세금계산서,PP,Y,인쇄,조회
20160714-4,동진씨엔피,고메리 12입(C/T) [570*430*390] 외  3건,2365000,세금계산서,PE,Y,인쇄,조회
20160714-3,삼보팩,PP청 400*(광림) [400*200],445500,세금계산서,PP,Y,인쇄,조회
20160714-2,중앙기획,동판비 [인쇄동판비],143000,세금계산서,PP,Y,인쇄,조회
20160714-1,(주)경남케미칼,MB 307 [M／B 307 Yellow] 외 2건,1050500,세금계산서,PP,Y,인쇄,조회
20160713-2,(주)신영잉크,PP잉크 [PP잉크(흑색)] 외 1건,144210,세금계산서,PP,Y,인쇄,조회
20160713-1,백암지관공업사,지관 200 [지관 200＊8＊190] 외 1건,848232,세금계산서,PP,Y,인쇄,조회
20160712-1,지에스칼텍스(주),H430-A (O.G) [25KG],25740000,세금계산서,PP,Y,인쇄,조회
20160708-4,백암지관공업사,지관 50 [지관 50＊5＊182],701800,세금계산서,PE,Y,인쇄,조회
20160708-3,백암지관공업사,지관 200 [지관 200＊8＊190] 외 1건,590282,세금계산서,PP,Y,인쇄,조회
20160708-2,진송팩,자동밴딩기 (사이드형) [(850*1200*380L) 12MM],3465000,세금계산서,PP,Y,인쇄,조회
20160708-1,지에스칼텍스(주),H430-A (O.G) [25KG],6435000,세금계산서,PP,Y,인쇄,조회
20160707-2,제이케이머티리얼즈(주)／순성공장,PP원료,3484008,세금계산서,PP,Y,인쇄,조회
20160707-1,삼보팩,패드 430 [패드 430＊200 (무지)],720500,세금계산서,PP,Y,인쇄,조회
20160706-3,일신화학공업(주),스트레치랩(일반 기계랩) [25*500mm*1400m(0.025T*500W*1400M)],2125200,세금계산서,제이케이머티리얼즈,Y,인쇄,조회
20160706-2,성신목재,팔레트 1100*1100 [1100*1100] 외 3건,168080,세금계산서,PP,Y,인쇄,조회
20160706-1,(주)경남케미칼,UV-NATURAL 외 3건,1053250,세금계산서,PP,Y,인쇄,조회
20160705-2,일신화학공업(주),스트레치랩(일반 기계랩) [25*500mm*1400m(0.025T*500W*1400M)],885500,세금계산서,상품,Y,인쇄,조회
20160705-1,백암지관공업사,지관 200 [지관 200＊8＊190] 외 1건,616616,세금계산서,PP,Y,인쇄,조회
20160704-4,(주)한국바코드시스템,라벨(아트지도안2T) [[76*156 ]] 외 2건,407000,세금계산서,PP,Y,인쇄,조회
20160704-3,롯데케미칼 주식회사,MF5000(PE원료),19668000,세금계산서,PE,Y,인쇄,조회
20160704-2,삼보팩,고메리 12입(IN) [410*275*180] 외 1건,1070850,세금계산서,PP,Y,인쇄,조회
20160704-1,제이케이머티리얼즈(주)／순성공장,PP원료,3285788,세금계산서,PP,Y,인쇄,조회
20160701-1,지에스칼텍스(주),H430 [500KG],13420000,세금계산서,PP,Y,인쇄,조회
20160630-2,신광포장기계,밴딩기 A/S [1250*600(기존기계수리)] 외 2건,1320000,세금계산서,PE,Y,인쇄,조회
20160630-1,백암지관공업사,지관 200 [지관 200＊8＊190] 외 1건,811888,세금계산서,PP,Y,인쇄,조회
20160629-1,성신목재,팔레트 1100*1100 [1100*1100] 외 4건,153120,세금계산서,PP,Y,인쇄,조회
20160628-5,나주수지,PP원료 [특A],28644000,세금계산서,PP,Y,인쇄,조회
20160628-4,창미포장기계,수축필름 22인치 [22인치x1332mx0.015T (sanyu 포장)],91960,세금계산서,PP,Y,인쇄,조회
20160628-3,진영프라스틱,PP 은색 [PP 은색],3520000,세금계산서,PP,Y,인쇄,조회
20160628-2,삼보팩,PB청450*200 (POWER BAND) [450*200] 외 1건,1923900,세금계산서,PP,Y,인쇄,조회
20160628-1,효창산업,CALPET [CALPET],3300000,세금계산서,PP,Y,인쇄,조회
20160627-2,삼보팩,PB청 540* (삼성) [540*200] 외 1건,1852400,세금계산서,PP,Y,인쇄,조회
20160627-1,대림프라스틱(주),팔레트 1100*1100*120 [1100*1100*120],990000,세금계산서,PP,Y,인쇄,조회
20160624-5,진송팩,자동밴딩기 [(자동고상형 / 1450*600)] 외 1건,3652000,세금계산서,PP,Y,인쇄,조회
20160624-4,롯데케미칼 주식회사,MF5000(PE원료),19668000,세금계산서,PE,Y,인쇄,조회
20160624-3,(주)경남케미칼,MB 100B（ [M／B 100B（WHITE）] 외 1건,693000,세금계산서,PP,Y,인쇄,조회
20160624-2,백암지관공업사,지관 200 [지관 200＊8＊190] 외 1건,869484,세금계산서,PP,Y,인쇄,조회
20160624-1,(주)신흥케미칼,PP원료(원색),8085000,세금계산서,PP,Y,인쇄,조회
20160623-3,진송팩,자동밴딩기 [(자동고상형 / 1250*600)] 외 2건,1812800,세금계산서,PP,Y,인쇄,조회
20160623-2,진송팩,RH밴드웨이 세트 [공통] 외 3건,72050,세금계산서,PP,Y,인쇄,조회
20160623-1,삼보팩,패드 400 [패드 400＊200 (레드)],742500,세금계산서,PP,Y,인쇄,조회
20160621-4,진흥산업,폴리백 57*58 [폴리백 57*58],686400,세금계산서,PE,Y,인쇄,조회
20160621-3,제이케이머티리얼즈(주)／순성공장,PP원료,3449028,세금계산서,PP,Y,인쇄,조회
20160621-1,백암지관공업사,지관 200 [지관 200＊8＊190] 외 1건,940698,세금계산서,PE,Y,인쇄,조회
20160617-3,제이케이머티리얼즈(주)／순성공장,PP원료,26997564,세금계산서,PP,Y,인쇄,조회
20160617-2,백암지관공업사,지관 200 [지관 200＊8＊186],351120,세금계산서,PP,Y,인쇄,조회
20160617-1,백암지관공업사,지관 50 [지관 50＊5＊182],1403600,세금계산서,PE,Y,인쇄,조회
20160616-1,(주)경남케미칼,UV-NATURAL 외 1건,913000,세금계산서,PP,Y,인쇄,조회
20160615-8,영창프라스틱,STOPPER 50 PCS [STOPPER 50 PCS 투명],706122,영세율,PP,Y,인쇄,조회
20160615-7,백암지관공업사,지관 200 [지관 200＊8＊190] 외 1건,869484,세금계산서,PP,Y,인쇄,조회
20160615-6,(주)원진산업롤,인쇄/로라제작(연신) [1100*175*205],330000,세금계산서,PE,Y,인쇄,조회
20160615-5,(주)원진산업롤,인쇄 / 로라제작 [100*100*155],55000,세금계산서,PP,Y,인쇄,조회
20160615-4,한설스틸(주),피피클립 [19*28(2KG-삼성)],174900,세금계산서,PP,Y,인쇄,조회
20160615-3,진영프라스틱,PP 청색 [PP 청색],3506250,세금계산서,PP,Y,인쇄,조회
20160615-2,(주)동원화학,바트(패드) [200*400],79200,세금계산서,PP,Y,인쇄,조회
20160615-1,성신목재,팔레트 1100*1100 [1100*1100] 외 3건,150480,세금계산서,PP,Y,인쇄,조회
20160614-3,롯데케미칼 주식회사,MF5000(PE원료),9834000,세금계산서,PE,Y,인쇄,조회
20160614-2,동진씨엔피,고메리 2입 (C/T) [475*470*400],495000,세금계산서,PP,Y,인쇄,조회
20160613-5,백암지관공업사,지관 50 [지관 50＊5＊225],191400,세금계산서,PE,Y,인쇄,조회
20160613-4,백암지관공업사,지관 200 [지관 200＊8＊190] 외 1건,790020,세금계산서,PP,Y,인쇄,조회
20160613-3,삼보팩,패드 400 [패드 400＊200 (레드)],742500,세금계산서,PP,Y,인쇄,조회
20160613-2,지에스칼텍스(주),H430-A (O.G) [25KG],25740000,세금계산서,PP,Y,인쇄,조회
20160613-1,경원콤프레샤,콤프레샤 교체 [에어콤프레샤 20마력],1760000,세금계산서,PP,Y,인쇄,조회
20160610-2,롯데케미칼 주식회사,MF5000(PE원료) 외 1건,9834000,세금계산서,PE,Y,인쇄,조회
20160610-1,대양스트랩(주),PET 19mm x 1.0T x 780m [PET 19mm x 1.0T x 780m Embossed (검정)],94600,세금계산서,PP,Y,인쇄,조회
20160609-2,두성엔지니어링,캠 초크 핀,330000,세금계산서,PP,Y,인쇄,조회
20160609-1,백암지관공업사,지관 200 [지관 200＊4＊190] 외 1건,743820,세금계산서,PP,Y,인쇄,조회
20160608-2,(주)엘지화학,H5300 [H5300 500KG],9548000,세금계산서,PP,Y,인쇄,조회
20160608-1,제이케이머티리얼즈(주)／순성공장,PP원료,3355748,세금계산서,PP,Y,인쇄,조회
20160607-1,(주)신흥케미칼,PP원료(원색),9240000,세금계산서,PP,Y,인쇄,조회
20160606-1,진흥산업,폴리백 26＊44 [폴리백 26＊44],1320000,세금계산서,PE,Y,인쇄,조회
20160603-4,백암지관공업사,지관 50 [지관 50＊5＊182],701800,세금계산서,PE,Y,인쇄,조회
20160603-3,제이케이머티리얼즈(주)／순성공장,PP원료,25376824,세금계산서,PP,Y,인쇄,조회
20160603-2,백암지관공업사,지관 200 [지관 200＊4＊190] 외 1건,581658,세금계산서,PP,Y,인쇄,조회
20160603-1,삼보팩,고메리 3입(IN) [345*340*390],412764,세금계산서,PP,Y,인쇄,조회
20160602-1,성신목재,팔레트 1440*830 [1440*830] 외 5건,574860,세금계산서,PP,Y,인쇄,조회
20160601-1,(주)경남케미칼,MB 510-2 [M／B 510-2 (BLUE)] 외 3건,1482250,세금계산서,PP,Y,인쇄,조회
20160530-5,진영프라스틱,PP 청색 [PP 청색],3506250,세금계산서,PP,Y,인쇄,조회
20160530-4,제이케이머티리얼즈(주)／순성공장,PP원료,25691644,세금계산서,PP,Y,인쇄,조회
20160530-3,백암지관공업사,지관 200 [지관 200＊8＊190],948024,세금계산서,PP,Y,인쇄,조회
20160530-2,동진씨엔피,경인팩 2KG [320*190*780] 외  5건,3169100,세금계산서,PE,Y,인쇄,조회
20160528-1,대림프라스틱(주),팔레트 1100*1100*120 [1100*1100*120],990000,세금계산서,PP,Y,인쇄,조회
20160527-2,(주)오무전기,싸이크론 [15] 외 1건,770000,세금계산서,PP,Y,인쇄,조회
20160527-1,금산포장,스트레치필름(기능 핸드랩) [12* 500mm *400m] 외  3건,16634112,세금계산서,상품,Y,인쇄,조회
20160526-4,삼보팩,패드 430 [패드 430＊200 (무지)] 외 1건,1152800,세금계산서,PP,Y,인쇄,조회
20160526-2,(주)신흥케미칼,PP원료(원색),9240000,세금계산서,PP,Y,인쇄,조회
20160526-1,롯데케미칼 주식회사,MF5000(PE원료) [MF5000_500KG],19668000,세금계산서,PE,Y,인쇄,조회
20160525-2,(주)태진케미칼,PP파샤 (scrap),2271500,세금계산서,PP,Y,인쇄,조회
20160525-1,지에스칼텍스(주),H430 [500KG] 외 1건,28864000,세금계산서,PP,Y,인쇄,조회
20160524-1,(주)경남케미칼,MB 1583 [M／B 1583（BEIGE）],220000,세금계산서,PE,Y,인쇄,조회
20160523-4,대한전기,레인보우믹서 [DHRM-300(더블형)],5830000,세금계산서,PP,Y,인쇄,조회
20160523-3,(주)경남케미칼,MB 510-2 [M／B 510-2 (BLUE)] 외  2건,1050500,세금계산서,PP,Y,인쇄,조회
20160523-2,백암지관공업사,지관 200 [지관 200＊8＊190],912912,세금계산서,PP,Y,인쇄,조회
20160523-1,제이케이머티리얼즈(주)／순성공장,PP원료,3180848,세금계산서,PP,Y,인쇄,조회
20160520-1,백암지관공업사,지관 200 [지관 200＊4＊190],665280,세금계산서,PP,Y,인쇄,조회
20160519-2,삼보팩,패드 400 [패드 400＊200 (레드)],697950,세금계산서,PP,Y,인쇄,조회
20160519-1,성신목재,팔레트1100*1100 열처리(도면) [1100*1100],435600,세금계산서,PP,Y,인쇄,조회
20160518-3,(주)경남케미칼,MB 7308 [M／B 7308],242000,세금계산서,PP,Y,인쇄,조회
20160518-2,금정기획,라벨(아트지) [50*30],132000,세금계산서,PP,Y,인쇄,조회
20160518-1,(주)신흥케미칼,PP원료(원색),9240000,세금계산서,PP,Y,인쇄,조회
20160517-5,대상산업,자동포장기하칼 외  3건,133100,세금계산서,PP,Y,인쇄,조회
20160517-4,백암지관공업사,지관 50 [지관 50＊5＊182],701800,세금계산서,PE,Y,인쇄,조회
20160517-3,백암지관공업사,지관 200 [지관 200＊8＊186],632016,세금계산서,PP,Y,인쇄,조회
20160517-2,제이케이머티리얼즈(주)／순성공장,PP원료,3227488,세금계산서,PP,Y,인쇄,조회
20160517-1,(주)경남케미칼,MB 602（G [M／B 602（GREEN）] 외  3건,533500,세금계산서,PP,Y,인쇄,조회
20160516-2,성신목재,팔레트 1100*1100 [1100*1100] 외  2건,99000,세금계산서,PP,Y,인쇄,조회
20160516-1,파워엠팩,Control BOX [Control Box] 외  6건,220000,세금계산서,PP,Y,인쇄,조회
20160513-5,두성엔지니어링,캠용 [M1.5*89T],198000,세금계산서,PP,Y,인쇄,조회
20160513-4,롯데케미칼 주식회사,MF5000(PE원료) * 500KG 외 1건,40975000,세금계산서,PE,Y,인쇄,조회
20160513-3,삼현산업팩,STEEL 16.0MM*0.50MM*13KG BLACK MINI RIBBON [16.0MM*0.50MM*13KG BLACK MINI RIBBON] 외  1건,3179290,영세율,PP,Y,인쇄,조회
20160513-2,백암지관공업사,지관 50 [지관 50＊5＊182],701800,세금계산서,PE,Y,인쇄,조회
20160513-1,백암지관공업사,지관 200 [지관 200＊8＊190],948024,세금계산서,PP,Y,인쇄,조회
20160512-8,주식회사 우림,OPP-TAPE [PP-TAPE 65*48*38(황색) 라바테이프] 외  4건,453750,세금계산서,PE,Y,인쇄,조회
20160512-7,(주)한국바코드시스템,라벨(아트지도안2T) [[76*156 ]] 외  2건,225500,세금계산서,PP,Y,인쇄,조회
20160512-5,지에스칼텍스(주),H430 [500KG],16104000,세금계산서,PP,Y,인쇄,조회
20160512-4,금정기획,라벨(아트지도안HR-817) [125*180] 외  8건,607200,세금계산서,PP,Y,인쇄,조회
20160512-3,제이케이머티리얼즈(주)／순성공장,PP원료,24490884,세금계산서,PP,Y,인쇄,조회
20160512-2,삼보팩,패드 420 [패드 420＊200 (적색패드)] 외 4건,2564540,세금계산서,PP,Y,인쇄,조회
20160512-1,삼보팩,PB청 540* (삼성) [540*200],563860,세금계산서,PP,Y,인쇄,조회
20160511-2,(주)경남케미칼,MB 510-2 [M／B 510-2 (BLUE)] 외  1건,544500,세금계산서,PP,Y,인쇄,조회
20160511-1,효창산업,CALPET [CALPET],3300000,세금계산서,PP,Y,인쇄,조회
20160510-2,백암지관공업사,지관 200 [지관 200＊8＊186] 외  1건,772464,세금계산서,PP,Y,인쇄,조회
20160510-1,백암지관공업사,지관 50 [지관 50＊5＊182],701800,세금계산서,PE,Y,인쇄,조회
20160509-3,롯데케미칼 주식회사,MF5000(PE원료) [25KG],8195000,세금계산서,PE,Y,인쇄,조회
20160509-2,백암지관공업사,지관 200 [지관 200＊4＊190],437360,세금계산서,PP,Y,인쇄,조회
20160509-1,백암지관공업사,지관 50 [지관 50＊5＊182],701800,세금계산서,PE,Y,인쇄,조회
20160506-1,동진씨엔피,박스 D-28폴리테잎 [760 310 205],1149225,세금계산서,PE,Y,인쇄,조회
20160505-3,(주)경남케미칼,MB 100B（ [M／B 100B（WHITE）] 외  1건,885500,세금계산서,PP,Y,인쇄,조회
20160505-2,(주)경남케미칼,UV-NATURAL,396000,세금계산서,PP,Y,인쇄,조회
20160505-1,백암지관공업사,지관 200 [지관 200＊8＊189] 외  2건,857516,세금계산서,PP,Y,인쇄,조회
20160504-2,두성엔지니어링,캠용 [M1.5*49T 기어가공],132000,세금계산서,PP,Y,인쇄,조회
20160504-1,백암지관공업사,지관 200 [지관 200＊8＊189] 외  1건,743820,세금계산서,PP,Y,인쇄,조회
20160502-4,성신목재,팔레트 1100*1000 [1100*1000] 외  5건,206910,세금계산서,PP,Y,인쇄,조회
20160502-3,백암지관공업사,지관 200 [지관 200＊8＊189] 외  1건,553168,세금계산서,PP,Y,인쇄,조회
20160502-2,백암지관공업사,지관 50 [지관 50＊5＊182],701800,세금계산서,PE,Y,인쇄,조회
20160502-1,삼보팩,서플라이웨이BOX(Blue) [440*200*445] 외  1건,1135200,세금계산서,PP,Y,인쇄,조회
20160429-1,제이케이머티리얼즈(주)／순성공장,PP원료,24179804,세금계산서,PP,Y,인쇄,조회
20160427-3,한설스틸(주),피피클립(PP클립) [19*28(3.7KG)],64130,세금계산서,PP,Y,인쇄,조회
20160427-2,일신화학공업(주),스트레치랩(일반 기계랩) [25*500mm*1400m(0.025T*500W*1400M)],2125200,세금계산서,제이케이머티리얼즈 신평공장,Y,인쇄,조회
20160427-1,(주)경남케미칼,MB 6520 [M／B 6520] 외  1건,885500,세금계산서,PP,Y,인쇄,조회
20160426-1,(주)그린엔텍,PP원료,83160000,세금계산서,PP,Y,인쇄,조회
20160425-3,백암지관공업사,지관 200 [지관 200＊8＊189] 외  1건,913836,세금계산서,PP,Y,인쇄,조회
20160425-2,대림프라스틱(주),팔레트 1100*1100*120 [1100*1100*120],1045000,세금계산서,PP,Y,인쇄,조회
20160423-1,삼보팩,패드 430 [패드 430＊200 (무지)] 외  2건,1435060,세금계산서,PP,Y,인쇄,조회
20160422-4,(주)경남케미칼,MB 820FL [M／B 820FL（BLACK）],506000,세금계산서,PP,Y,인쇄,조회
20160422-3,대창수지,PP원료(재생),18246800,세금계산서,PP,Y,인쇄,조회
20160422-2,진영프라스틱,PP 은색 [PP 은색],3300000,세금계산서,PP,Y,인쇄,조회
20160422-1,(주)태진케미칼,PP원료 [[가공원료]],3115200,세금계산서,PP,Y,인쇄,조회
20160421-1,창미포장기계,수축필름 15인치 [15인치x1332mx0.015T (sanyu 포장)],132000,세금계산서,PP,Y,인쇄,조회
20160420-5,대창수지,PP원료(재생),25080000,세금계산서,PP,Y,인쇄,조회
20160420-4,금성상회,PP원료,11211200,세금계산서,PP,Y,인쇄,조회
20160420-3,(주)경남케미칼,MB 510-2 [M／B 510-2 (BLUE)] 외  1건,921250,세금계산서,PP,Y,인쇄,조회
20160420-2,백암지관공업사,지관 50 [지관 50＊5＊225] 외  1건,924000,세금계산서,PE,Y,인쇄,조회
20160420-1,백암지관공업사,지관 200 [지관 200＊4＊189] 외  1건,407607,세금계산서,PP,Y,인쇄,조회
20160419-4,일신화학공업(주),스트레치랩(일반 기계랩) [25*500mm*1400m(0.025T*500W*1400M)],2125200,세금계산서,제이케이머티리얼즈,Y,인쇄,조회
20160419-3,롯데케미칼 주식회사,MF5000(PE원료) [500KG],19668000,세금계산서,PE,Y,인쇄,조회
20160419-2,(주)신흥케미칼,PP원료(원색),6930000,세금계산서,PP,Y,인쇄,조회
20160419-1,(주)신흥케미칼,PE원료(원색) [재생원료],2970000,세금계산서,PE,Y,인쇄,조회
20160418-2,TGP MARKETING,스트레치필름(일반 핸드랩 20) [20*500mm*350m] 외  6건,28060265,수입,PP,Y,인쇄,조회
20160418-1,지에스칼텍스(주),H430-A (O.G) [25KG],1254000,세금계산서,PP,Y,인쇄,조회
20160416-1,대성EXT,엠보롤제작 [폭:200W 외경:160파이],7315000,세금계산서,PP,Y,인쇄,조회
20160415-8,지에스칼텍스(주),H430-A (O.G) [25KG],17556000,세금계산서,PP,Y,인쇄,조회
20160415-7,성우중공업(주),핸드전동파렛트,2585000,세금계산서,PP,Y,인쇄,조회
20160415-6,삼보팩,패드 400 [패드 400＊200 (레드)] 외  1건,1372800,세금계산서,PP,Y,인쇄,조회
20160415-4,제이케이머티리얼즈(주)/순성공장,PP원료,16462490,세금계산서,PP,Y,인쇄,조회
20160415-3,백암지관공업사,지관 50 [지관 50＊5＊182],726000,세금계산서,PE,Y,인쇄,조회
20160415-2,백암지관공업사,지관 200 [지관 200＊8＊186] 외  1건,854700,세금계산서,PP,Y,인쇄,조회
20160415-1,성신목재,팔레트 1100*1100 [1100*1100] 외  5건,209880,세금계산서,PP,Y,인쇄,조회
20160413-1,영창프라스틱,STOPPER 50 PCS [STOPPER 50 PCS 투명],988325,영세율,PP,Y,인쇄,조회
20160412-5,(주)동원화학,PP6MM [PP6M／M *7kg(황색)],254100,세금계산서,PP,Y,인쇄,조회
20160412-4,(주)태진케미칼,PP파샤 (scrap),2046000,세금계산서,PP,Y,인쇄,조회
20160412-3,(주)신흥케미칼,PP원료(원색),9240000,세금계산서,PP,Y,인쇄,조회
20160412-2,백암지관공업사,지관 200 [지관 200＊4＊189] 외  1건,811914,세금계산서,PP,Y,인쇄,조회
20160412-1,(주)경남케미칼,MB 6520 [M／B 6520 (GREEN)],96250,세금계산서,PP,Y,인쇄,조회
20160411-3,(주)경남케미칼,MB 100B（ [M／B 100B（WHITE）] 외  1건,869000,세금계산서,PP,Y,인쇄,조회
20160411-2,지에스칼텍스(주),H430 [25KG],19635000,세금계산서,PP,Y,인쇄,조회
20160411-1,백암지관공업사,지관 200 [지관 200＊8＊189] 외  1건,913836,세금계산서,PP,Y,인쇄,조회
20160408-2,성신목재,팔레트 1100*1100 [1100*1100] 외  4건,223520,세금계산서,PP,Y,인쇄,조회
20160408-1,백암지관공업사,지관 406 [지관 406＊6＊155] 외  1건,685819,세금계산서,PP,Y,인쇄,조회
20160406-3,금정기획,라벨(아트지무지)108*50 [[108*50 ]],572000,세금계산서,PP,Y,인쇄,조회
20160406-2,(주)신흥케미칼,PP원료(원색),9240000,세금계산서,PP,Y,인쇄,조회
20160406-1,성은산업,수축필름 [220*145 (고메리)],880000,세금계산서,PP,Y,인쇄,조회
20160405-5,성신목재,팔레트 1290＊860 [1290＊860] 외  1건,52800,세금계산서,PP,Y,인쇄,조회
20160405-4,백암지관공업사,지관 406 [지관 406＊6＊155],408672,세금계산서,PP,Y,인쇄,조회
20160405-3,백암지관공업사,지관 50 [지관 50＊5＊182],726000,세금계산서,PE,Y,인쇄,조회
20160405-2,삼보팩,미국박스 580 [580*170*580],1229800,세금계산서,PP,Y,인쇄,조회
20160405-1,(주)경남케미칼,SILVER 321 [M／B 321 SILVER] 외  3건,1111000,세금계산서,PP,Y,인쇄,조회
20160404-1,백암지관공업사,지관 200 [지관 200＊4＊189] 외  1건,779301,세금계산서,PP,Y,인쇄,조회
20160401-1,제이케이머티리얼즈(주)/순성공장,PP원료,3064138,세금계산서,PP,Y,인쇄,조회
20160330-4,효창산업,CALPET [CALPET],3300000,세금계산서,PP,Y,인쇄,조회
20160330-3,백암지관공업사,지관 200 [지관 200＊8＊189] 외  1건,582859,세금계산서,PP,Y,인쇄,조회
20160330-2,백암지관공업사,지관 50 [지관 50＊5＊182],726000,세금계산서,PE,Y,인쇄,조회
20160330-1,(주)신흥케미칼,PP원료(원색),9240000,세금계산서,PE,Y,인쇄,조회
20160329-4,롯데케미칼 주식회사,MF5000(PE원료) [500KG],39600000,세금계산서,PE,Y,인쇄,조회
20160329-3,두성엔지니어링,밴드가이드 [브라켓트(10m/m type)],198000,세금계산서,PP,Y,인쇄,조회
20160329-2,(주)신흥케미칼,PE원료(원색) [재생원료],2970000,세금계산서,PE,Y,인쇄,조회
20160329-1,제이케이머티리얼즈(주)/순성공장,PP원료,24357564,세금계산서,PP,Y,인쇄,조회
20160328-8,진영프라스틱,PP 은색 [PP 은색] 외  1건,9075000,세금계산서,PP,Y,인쇄,조회
20160328-7,대양스트랩(주),PET 16mm x 0.9T x 1050m [PET 16mm x 0.9T x 1050m Embossed (검정)],94600,세금계산서,PP,Y,인쇄,조회
20160328-6,백암지관공업사,지관 200 [지관 200＊8＊189] 외  1건,815214,세금계산서,PP,Y,인쇄,조회
20160328-5,동방포장기자재,스트레치필름(일반 기계랩) [20*300mm*1620m],516516,세금계산서,PP,Y,인쇄,조회
20160328-4,(주)경남케미칼,MB 307 [M／B 307 Yellow],577500,세금계산서,PP,Y,인쇄,조회
20160328-3,(주)경남케미칼,UV-NATURAL,528000,세금계산서,PP,Y,인쇄,조회
20160328-2,금성상회,PP원료,11036564,세금계산서,PP,Y,인쇄,조회
20160326-1,제이케이머티리얼즈(주)/순성공장,PP원료,25657434,세금계산서,PP,Y,인쇄,조회
20160323-6,지에스칼텍스(주),H430 [500KG],27588000,세금계산서,PP,Y,인쇄,조회
20160323-5,(주)신흥케미칼,PP원료(원색),9240000,세금계산서,PP,Y,인쇄,조회
20160323-4,선우전기,세라믹H [전기히터] [245-60/220V800W],158400,세금계산서,PP,Y,인쇄,조회
20160323-3,삼보팩,패드 430 [패드 430＊200 (무지)],797500,세금계산서,PP,Y,인쇄,조회
20160323-2,백암지관공업사,지관 50 [지관 50＊5＊182],726000,세금계산서,PE,Y,인쇄,조회
20160323-1,백암지관공업사,지관 406 [지관 406＊6＊155] 외  3건,445621,세금계산서,PP,Y,인쇄,조회
20160322-2,삼보팩,PB청400*200(적색인쇄) [400*200] 외  1건,1042800,세금계산서,PP,Y,인쇄,조회
20160322-1,(주)신흥케미칼,PP원료(원색),8085000,세금계산서,PP,Y,인쇄,조회
20160321-5,동진씨엔피,박스 DF [480 320 380] 외  4건,3562900,세금계산서,PE,Y,인쇄,조회
20160321-4,일신화학공업(주),스트레치랩(일반 기계랩) [25*500mm*1400m(0.025T*500W*1400M)],2125200,세금계산서,제이케이머티리얼즈 신평공장,Y,인쇄,조회
20160321-3,성신목재,팔레트 1440*830 [1440*830] 외  11건,420200,세금계산서,PP,Y,인쇄,조회
20160321-2,백암지관공업사,지관 200 [지관 200＊8＊189] 외  1건,913836,세금계산서,PP,Y,인쇄,조회
20160321-1,(주)경남케미칼,MB 307 [M／B 307 Yellow] 외  3건,1157750,세금계산서,PP,Y,인쇄,조회
20160319-1,(주)경남케미칼,MB 100B（ [M／B 100B（WHITE）],616000,세금계산서,PP,Y,인쇄,조회
20160318-2,영창프라스틱,STOPPER 500 PCS [STOPPER 500 PCS 투명],148500,세금계산서,PP,Y,인쇄,조회
20160318-1,두성엔지니어링,캠용 [M1.5*81T 기어가공],176000,세금계산서,PP,Y,인쇄,조회
20160317-1,(주)신흥케미칼,PP원료(원색),8085000,세금계산서,PP,Y,인쇄,조회
20160316-1,백암지관공업사,지관 200 [지관 200＊4＊189],695217,세금계산서,PP,Y,인쇄,조회
20160315-2,백암지관공업사,지관 50 [지관 50＊5＊182] 외  1건,1391280,세금계산서,PE,Y,인쇄,조회
20160315-1,영창프라스틱,STOPPER 500 PCS [STOPPER 500 PCS 투명],297000,세금계산서,PP,Y,인쇄,조회
20160314-2,일신화학공업(주),스트레치랩(일반 기계랩) [25*500mm*1400m(0.025T*500W*1400M)],2125200,세금계산서,제이케이머티리얼즈 신평공장,Y,인쇄,조회
20160314-1,지에스칼텍스(주),H430 [25KG],15048000,세금계산서,PP,Y,인쇄,조회
20160311-5,TGP MARKETING,스트레치필름(기능 핸드랩) [12* 500mm *400m] 외  6건,13001635,수입,PP,Y,인쇄,조회
20160311-4,화인자동화모터,스피드 콘트롤러 모터 [화인 모타 HMS-100],121000,세금계산서,PP,Y,인쇄,조회
20160311-3,(주)신흥케미칼,PP원료 (백색) [(유백)],8360000,세금계산서,PP,Y,인쇄,조회
20160311-2,백암지관공업사,지관 200 [지관 200＊4＊189],695217,세금계산서,PP,Y,인쇄,조회
20160311-1,동방포장기자재,스트레치필름(일반 기계랩) [20*300mm*1620m],295152,세금계산서,PP,Y,인쇄,조회
20160309-3,(주)경남케미칼,MB 820FL [M／B 820FL（BLACK）] 외  1건,1122000,세금계산서,PP,Y,인쇄,조회
20160309-2,제이케이머티리얼즈(주)/순성공장,PP원료 [재생수지매각대금],22097790,세금계산서,PP,Y,인쇄,조회
20160309-1,백암지관공업사,지관 200 [지관 200＊4＊189] 외  1건,682765,세금계산서,PP,Y,인쇄,조회
20160308-1,백암지관공업사,지관 230 [지관 230＊5＊187] 외  2건,697017,세금계산서,PP,Y,인쇄,조회
20160307-5,삼보팩,패드 400 [패드 400＊400] 외  3건,2188450,세금계산서,PP,Y,인쇄,조회
20160307-3,(주)경남케미칼,MB 100B（ [M／B 100B（WHITE）] 외  1건,1001000,세금계산서,PP,Y,인쇄,조회
20160307-2,금성상회,PP원료(원색) [PP특A],11029018,세금계산서,PP,Y,인쇄,조회
20160307-1,제이에스유화(주),HY301/A (O.G) 외  1건,35574000,세금계산서,PP,Y,인쇄,조회
20160304-3,(주)동원화학,바트(패드) [200*400],99000,세금계산서,PP,Y,인쇄,조회
20160304-2,백암지관공업사,지관 200 [지관 200＊4＊189] 외  1건,779301,세금계산서,PP,Y,인쇄,조회
20160304-1,제이케이머티리얼즈(주)/순성공장,PP원료 [재생수지매각대금],3297448,세금계산서,PP,Y,인쇄,조회
20160303-3,(주)태진케미칼,PP파샤 (scrap),2073500,세금계산서,PP,Y,인쇄,조회
20160303-1,삼보팩,산유(HR812) [355*355*575] 외  1건,2333650,세금계산서,PP,Y,인쇄,조회
20160302-5,(주)한국바코드시스템,라벨(아트지도안HR-804) [[125*65 ]] 외  2건,605000,세금계산서,PP,Y,인쇄,조회
20160302-4,성신목재,팔레트 1260*840 [1260*840] 외  5건,774400,세금계산서,PP,Y,인쇄,조회
20160302-3,(주)경남케미칼,MB 510-2 [M／B 510-2 (BLUE)] 외  2건,858000,세금계산서,PP,Y,인쇄,조회
20160302-2,대림프라스틱(주),팔레트 1100*1100*120 [1100*1100*120],1045000,세금계산서,PP,Y,인쇄,조회
20160302-1,백암지관공업사,지관 200 [지관 200＊8＊189] 외  1건,913836,세금계산서,PP,Y,인쇄,조회
20160229-3,롯데케미칼 주식회사,MF5000(PE원료),38775000,세금계산서,PE,Y,인쇄,조회
20160229-2,삼보팩,PP청 400*(광림) [400*200] 외  2건,1840300,세금계산서,PP,Y,인쇄,조회
20160226-1,효창산업,CALPET [CALPET],3300000,세금계산서,PP,Y,인쇄,조회
20160225-4,(주)그린엔텍,PP원료 (백색) 외  1건,49104000,세금계산서,PP,Y,인쇄,조회
20160225-3,백암지관공업사,지관 200 [지관 200＊8＊189] 외  2건,750015,세금계산서,PP,Y,인쇄,조회
20160225-2,진영프라스틱,PP 은색 [PP 은색],880000,세금계산서,PP,Y,인쇄,조회
20160225-1,성신목재,팔레트 1100*1100 [1100*1100] 외  14건,714780,세금계산서,PP,Y,인쇄,조회
20160223-1,백암지관공업사,지관 50 [지관 50＊5＊182] 외  1건,1692240,세금계산서,PE,Y,인쇄,조회
20160222-7,롯데케미칼 주식회사,MF5000(PE원료),18612000,세금계산서,PE,Y,인쇄,조회
20160222-6,(주)신흥케미칼,PE원료 [재생원료],4455000,세금계산서,PE,Y,인쇄,조회
20160222-5,백암지관공업사,지관 200 [지관 200＊4＊189] 외  1건,815214,세금계산서,PP,Y,인쇄,조회
20160222-4,(주)경남케미칼,MB 307 [M／B 307 Yellow] 외  1건,638000,세금계산서,PP,Y,인쇄,조회
20160222-3,(주)경남케미칼,UV-NATURAL,528000,세금계산서,PP,Y,인쇄,조회
20160222-2,삼보팩,PB청 470*200 (삼성-적색) [470＊200] 외  2건,1719300,세금계산서,PP,Y,인쇄,조회
20160222-1,삼보팩,서플라이웨이BOX(White) [400*400*405],159500,세금계산서,PP,Y,인쇄,조회
20160219-2,진영프라스틱,PP원료 [청색],3506250,세금계산서,PP,Y,인쇄,조회
20160219-1,(주)신흥케미칼,PP원료(원색),9240000,세금계산서,PP,Y,인쇄,조회
20160218-3,두성엔지니어링,밴드가이드 [홀더(19.5mm)가공],82500,세금계산서,PP,Y,인쇄,조회
20160218-2,제이케이머티리얼즈(주)/순성공장,PP원료 [재생수지매각대금],19002676,세금계산서,PP,Y,인쇄,조회
20160218-1,삼보팩,서플라이웨이BOX(White) [440*200*445] 외  2건,1324400,세금계산서,PP,Y,인쇄,조회
20160217-2,성신목재,팔레트 1060＊1060 [1060＊1060] 외  6건,184580,세금계산서,PP,Y,인쇄,조회
20160217-1,제이케이머티리얼즈(주)/순성공장,PP원료 [재생수지매각대금],3430724,세금계산서,PP,Y,인쇄,조회
20160216-1,대양스트랩(주),PET 16mm x 0.9T x 1050m [PET 16mm x 0.9T x 1050m Embossed (검정)],47300,세금계산서,PP,Y,인쇄,조회
20160215-4,(주)신흥케미칼,PP원료 (백색) [PP유백],3657500,세금계산서,PP,Y,인쇄,조회
20160215-3,(주)신흥케미칼,PP원료(원색),5197500,세금계산서,PP,Y,인쇄,조회
20160215-2,제이에스유화(주),HY301(PP원료),28325000,세금계산서,PP,Y,인쇄,조회
20160215-1,(주)경남케미칼,MB 307 [M／B 307 Yellow] 외  2건,1122000,세금계산서,PP,Y,인쇄,조회
20160212-3,창미포장기계,수축필름 15인치 [15인치x1332mx0.015T (sanyu 포장)],132000,세금계산서,PP,Y,인쇄,조회
20160212-2,롯데케미칼 주식회사,MF5000(PE원료),18612000,세금계산서,PE,Y,인쇄,조회
20160211-2,주식회사 우림,OPP-TAPE [OPP-TAPE 65*48*43(투명) 라바테이프] 외  2건,320980,세금계산서,PP,Y,인쇄,조회
20160211-1,백암지관공업사,지관 200 [지관 200＊8＊189] 외  2건,1675911,세금계산서,PP,Y,인쇄,조회
20160205-1,주식회사 서울케미칼,H030 (PP원료),14293125,세금계산서,PP,Y,인쇄,조회
20160204-2,(주)동원화학,바트(패드) [200*400],29700,세금계산서,PP,Y,인쇄,조회
20160204-1,백암지관공업사,지관 50 [지관 50＊5＊184] 외  2건,1488498,세금계산서,PE,Y,인쇄,조회
20160203-6,(주)신흥케미칼,PP원료(원색),3465000,세금계산서,PP,Y,인쇄,조회
20160203-4,(주)경남케미칼,MB 820FL [M／B 820FL（BLACK）] 외  1건,814000,세금계산서,PP,Y,인쇄,조회
20160203-3,제이에스유화(주),HY301(PP원료),28325000,세금계산서,PP,Y,인쇄,조회
20160203-2,삼보팩,PB청 540* (삼성) [540*200] 외  1건,2233000,세금계산서,PP,Y,인쇄,조회
20160203-1,(주)신흥케미칼,PP원료 (백색) [PP(유백)],4702500,세금계산서,PP,Y,인쇄,조회
20160202-3,일신화학공업(주),스트레치랩(일반 기계랩) [25*500mm*1400m(0.025T*500W*1400M)],2125200,세금계산서,제이케이머티리얼즈,Y,인쇄,조회
20160202-2,롯데케미칼 주식회사,MF5000(PE원료),13959000,세금계산서,PE,Y,인쇄,조회
20160202-1,금산포장,스트레치필름(일반 핸드랩) [18*500mm*350m],283800,세금계산서,PP,Y,인쇄,조회
20160201-2,백암지관공업사,지관 200 [지관 200＊4＊189] 외  2건,706041,세금계산서,PP,Y,인쇄,조회
20160201-1,제이케이머티리얼즈(주)/순성공장,PP원료 [재생수지매각대금],18361398,세금계산서,PP,Y,인쇄,조회
20160129-3,(주)신흥케미칼,PP원료(원색),9240000,세금계산서,PP,Y,인쇄,조회
20160129-2,(주)경남케미칼,MB 510-2 [M／B 510-2 (BLUE)] 외  2건,1078000,세금계산서,PP,Y,인쇄,조회
20160129-1,백암지관공업사,지관 200 [지관 200＊4＊189] 외  1건,779301,세금계산서,PP,Y,인쇄,조회
20160128-3,주식회사 서울케미칼,H030 (PP원료),28586250,세금계산서,PP,Y,인쇄,조회
20160128-2,동진씨엔피,박스 외부 PE (폴리밴드) [320 190 780] 외  3건,2058144,세금계산서,PE,Y,인쇄,조회
20160126-1,백암지관공업사,지관 50 [지관 50＊5＊184] 외  2건,1333776,세금계산서,PE,Y,인쇄,조회
20160125-6,대상산업,스트레치필름(일반 핸드) [18*500*400],681912,세금계산서,PP,Y,인쇄,조회
20160125-5,주식회사 서울케미칼,H030 (PP원료),14293125,세금계산서,PP,Y,인쇄,조회
20160125-4,일신화학공업(주),스트레치랩(일반 기계랩) [25*500mm*1400m(0.025T*500W*1400M)],2125200,세금계산서,제이케이머티리얼즈,Y,인쇄,조회
20160125-2,(주)신흥케미칼,PE원료 [(원색)],2970000,세금계산서,PE,Y,인쇄,조회
20160125-1,대성EXT,엠보롤제작 [폭:180W 외경:198파이],5500000,세금계산서,PP,Y,인쇄,조회
20160122-4,TGP MARKETING,스트레치필름(기능 핸드랩) [12* 500mm *400m] 외  4건,15013277,수입,PP,Y,인쇄,조회
20160122-3,(주)태진케미칼,PP원료 [[가공원료]],2433200,세금계산서,PP,Y,인쇄,조회
20160122-2,삼보팩,PSE(RMA) C/T 460 [460*130*460] 외  1건,1384614,세금계산서,PP,Y,인쇄,조회
20160122-1,대창수지,PP원료 [(재생수지)],20570000,세금계산서,PP,Y,인쇄,조회
20160121-4,(주)태진케미칼,PP파샤 (scrap),1347500,세금계산서,PP,Y,인쇄,조회
20160121-3,삼보팩,PSE 4종(수지대) 외  2건,2117500,세금계산서,PP,Y,인쇄,조회
20160121-2,백암지관공업사,지관 200 [지관 200＊8＊189] 외  1건,852174,세금계산서,PP,Y,인쇄,조회
20160121-1,(주)신흥케미칼,PP원료 (백색) [PP(유백)],2090000,세금계산서,PP,Y,인쇄,조회
20160120-2,(주)한국바코드시스템,바코드리본 110 [110*300 OUT] 외  5건,577500,세금계산서,PP,Y,인쇄,조회
20160119-2,금정기획,라벨(아트지1888903) [110*45] 외  1건,187000,세금계산서,PP,Y,인쇄,조회
20160119-1,(주)경남케미칼,MB 100B（ [M／B 100B（WHITE）] 외  1건,808500,세금계산서,PP,Y,인쇄,조회
20160118-3,제이케이머티리얼즈(주)/순성공장,PP원료,3530648,세금계산서,PP,Y,인쇄,조회
20160118-2,(주)신흥케미칼,PP원료(원색),4620000,세금계산서,PP,Y,인쇄,조회
20160118-1,대양스트랩(주),PET 16mm x 0.8T x 1200m,567600,세금계산서,PP,Y,인쇄,조회
20160115-6,삼보팩,미국박스 [440 200 445],1419000,세금계산서,PP,Y,인쇄,조회
20160115-5,백암지관공업사,지관 50 [지관 50＊5＊184] 외  2건,1344987,세금계산서,PE,Y,인쇄,조회
20160115-4,영창프라스틱,STOPPER 50 PCS [STOPPER 50 PCS 투명],1204351,세금계산서,PP,Y,인쇄,조회
20160115-3,중앙기획,동판비 [동판비(502*100)],143000,세금계산서,PP,Y,인쇄,조회
20160115-2,(주)신흥케미칼,PP원료(원색),9240000,세금계산서,PP,Y,인쇄,조회
20160115-1,성신목재,팔레트 1320*890 [1320*890] 외  27건,1509860,세금계산서,PP,Y,인쇄,조회
20160114-2,삼보팩,PB청 540* (삼성) [540*200] 외  1건,1529660,세금계산서,PP,Y,인쇄,조회
20160114-1,주식회사 서울케미칼,H030 (PP원료),24502500,세금계산서,PP,Y,인쇄,조회
20160113-3,롯데케미칼 주식회사,MF5000(PE원료),23265000,세금계산서,PE,Y,인쇄,조회
20160113-2,(주)신흥케미칼,PP원료(원색),9240000,세금계산서,PP,Y,인쇄,조회
20160113-1,대명물산(주),방습제 [컨테이너 방습제(걸이형)],66000,세금계산서,PP,Y,인쇄,조회
20160112-3,백암지관공업사,지관 200 [지관 200＊8＊189] 외  2건,1061148,세금계산서,PP,Y,인쇄,조회
20160112-2,두성엔지니어링,밴드노즐 [(1.6*75L*3EA)],440000,세금계산서,PP,Y,인쇄,조회
20160112-1,제이케이머티리얼즈(주)/순성공장,PP원료,3565628,세금계산서,PP,Y,인쇄,조회
20160111-4,백암지관공업사,지관 200 [지관 200＊8＊186] 외  1건,741312,세금계산서,PP,Y,인쇄,조회
20160111-3,(주)신흥케미칼,PE원료 [재생원료],1540000,세금계산서,PE,Y,인쇄,조회
20160111-2,삼보팩,미국박스 580 [580*170*580],1229800,세금계산서,PP,Y,인쇄,조회
20160111-1,프로켐 주식회사,MF5000(PE원료),10741500,세금계산서,PE,Y,인쇄,조회
20160109-1,프로켐 주식회사,UF315,157850,세금계산서,PE,Y,인쇄,조회
20160108-5,성신목재,팔레트 1440*830 [1440*830] 외  7건,372020,세금계산서,PP,Y,인쇄,조회
20160108-4,삼보팩,스넬 C/T 260* [260*132*263],1584000,세금계산서,PP,Y,인쇄,조회
20160108-3,(주)경남케미칼,UV-NATURAL 외  1건,720500,세금계산서,PP,Y,인쇄,조회
20160108-2,백암지관공업사,지관 50 [지관 50＊5＊184] 외  2건,1309167,세금계산서,PE,Y,인쇄,조회
20160108-1,효창산업,CALPET [CALPET],3300000,세금계산서,PP,Y,인쇄,조회
20160107-2,제이케이머티리얼즈(주)/순성공장,PP원료,3495668,세금계산서,PP,Y,인쇄,조회
20160107-1,(주)경남케미칼,MB 820FL [M／B 820FL（BLACK）] 외  3건,1430000,세금계산서,PP,Y,인쇄,조회
20160106-1,(주)신흥케미칼,PP원료(원색),23100000,세금계산서,PP,Y,인쇄,조회
20160105-1,백암지관공업사,지관 50 [지관 50＊5＊184] 외  1건,1273800,세금계산서,PE,Y,인쇄,조회
20160104-5,삼환강업(주),STEEL 19MMx0.56x16KG BLACK MINI RIBBON [STEEL 19MMx0.56x16KG BLACK MINI RIBBON] 외  1건,9330516,영세율,PP,N,인쇄,조회
20160104-4,지에스칼텍스(주),H430-A (O.G) [25KG] 외  1건,22902000,세금계산서,PP,Y,인쇄,조회
20160104-3,대양스트랩(주),PET 19.05x1.02X800M [PET 19.05x1.02X800M D/G SMOOTH],3993600,영세율,PP,Y,인쇄,조회
20160104-2,삼환강업(주),STEEL 19MMx0.56x16KG BLACK MINI RIBBON [STEEL 19MMx0.56x16KG BLACK MINI RIBBON] 외  1건,9330516,영세율,PP,Y,인쇄,조회
20160104-1,영창프라스틱,STOPPER 500 PCS [STOPPER 500 PCS 투명],148500,세금계산서,PP,Y,인쇄,조회
20151230-2,진흥산업,폴리백 26＊44 [폴리백 26＊44] 외  1건,1617000,세금계산서,PE,Y,인쇄,조회
20151230-1,대림프라스틱(주),팔레트 1100*1100*120 [1100*1100*120],1122000,세금계산서,PP,Y,인쇄,조회
20151229-5,삼보팩,PP청 450*(광림) [450*200] 외  1건,1026300,세금계산서,PP,Y,인쇄,조회
20151229-4,백암지관공업사,지관 200 [지관 200＊8＊189] 외  2건,1781454,세금계산서,PP,Y,인쇄,조회
20151229-3,삼보팩,고메리 2입(IN) [460*455*410] 외  3건,3016420,세금계산서,PP,Y,인쇄,조회
20151229-2,진영프라스틱,PP원료 [ppta],577500,세금계산서,PP,Y,인쇄,조회
20151229-1,동진씨엔피,고메리 3입 (C/T) [360*355*385] 외  3건,2660878,세금계산서,PP,Y,인쇄,조회
20151228-3,지에스칼텍스(주),H550-B (O.G) [25KG],6325000,세금계산서,PP,Y,인쇄,조회
20151228-2,(주)경남케미칼,MB 510-2 [M／B 510-2 (BLUE)] 외  3건,761750,세금계산서,PP,Y,인쇄,조회
20151228-1,성신목재,팔레트1100*1100 열처리(도면) [1100*1100],435600,세금계산서,PP,Y,인쇄,조회
20151224-4,제이케이머티리얼즈(주)/순성공장,PP원료,3642562,세금계산서,PP,Y,인쇄,조회
20151224-3,일신화학공업(주),스트레치랩(일반 기계랩) [25*500mm*1400m(0.025T*500W*1400M)] 외  1건,4250400,세금계산서,제이케이머티리얼즈,Y,인쇄,조회
20151224-2,성신목재,팔레트 1100*1100 [1100*1100] 외  4건,204600,세금계산서,PP,Y,인쇄,조회
20151224-1,성신목재,팔레트 1100*1100 [1100*1100] 외  1건,97680,세금계산서,PP,Y,인쇄,조회
20151223-1,(주)그린엔텍,PP원료,26928000,세금계산서,PP,Y,인쇄,조회
20151222-2,제이케이머티리얼즈(주)/순성공장,PP원료,3606592,세금계산서,PP,Y,인쇄,조회
20151222-1,백암지관공업사,지관 50 [지관 50＊5＊184] 외  1건,1382040,세금계산서,PP,Y,인쇄,조회
20151221-2,(주)세우케미칼,E308 [E308],39875000,세금계산서,PE,Y,인쇄,조회
20151218-2,백암지관공업사,지관 406 [지관 406＊6＊155] 외  1건,603169,세금계산서,PP,Y,인쇄,조회
20151218-1,삼현산업팩,STEEL 19MMx0.50MMx15KG BLACK MINI RIBBON [STEEL 19MMx0.50x15KG BLACK MINI RIBBON],1033490,세금계산서,PP,Y,인쇄,조회
20151217-2,수성운반기계,핸드카 [SHP-23＼500-C(MC바퀴)],418000,세금계산서,PP,Y,인쇄,조회
20151217-1,(주)경남케미칼,MB 307 [M／B 307 Yellow] 외  3건,882750,세금계산서,PP,Y,인쇄,조회
20151216-3,(주)탐스텍,스트레치필름(일반 핸드랩 20) [20*500mm*350m],364848,세금계산서,PP,Y,인쇄,조회
20151216-1,제이케이머티리얼즈(주)/순성공장,PP원료,3642562,세금계산서,PP,Y,인쇄,조회
20151215-3,삼보팩,경인팩 2KG [320*190*780],935000,세금계산서,PE,Y,인쇄,조회
20151215-2,백암지관공업사,지관 200 [지관 200＊4＊189] 외  1건,779301,세금계산서,PP,Y,인쇄,조회
20151215-1,삼현산업팩,STEEL 16.0MM*0.50MM*13KG BLACK MINI RIBBON [16.0MM*0.50MM*13KG BLACK MINI RIBBON] 외  1건,2803718,영세율,PP,Y,인쇄,조회
20151214-2,중앙기획,동판비 [동판비(50*100)솔표식품],143000,세금계산서,PP,Y,인쇄,조회
20151214-1,진영프라스틱,PP원료 [ppta] 외  1건,178750,세금계산서,PP,Y,인쇄,조회
20151212-1,백암지관공업사,지관 200 [지관 200＊8＊189],997920,세금계산서,PP,Y,인쇄,조회
20151211-1,삼보팩,패드 430 [패드 430＊200 (무지)] 외  2건,2081200,세금계산서,PP,Y,인쇄,조회
20151210-1,(주)경남케미칼,MB 820FL [M／B 820FL（BLACK）] 외  1건,610500,세금계산서,PP,Y,인쇄,조회
20151209-3,창미포장기계,수축필름 15인치 [15인치x1332mx0.015T (sanyu 포장)],132000,세금계산서,PP,Y,인쇄,조회
20151209-2,진영프라스틱,PP원료 [은색],4565000,세금계산서,PP,Y,인쇄,조회
20151209-1,제이케이머티리얼즈(주)/순성공장,PP원료,17661270,세금계산서,PP,Y,인쇄,조회
20151208-4,삼보팩,평면골판지 [구래단 (880mm x 50000mm)],511500,세금계산서,PP,Y,인쇄,조회
20151208-3,삼보팩,패드 420 [패드 420＊200],797500,세금계산서,PP,Y,인쇄,조회
20151208-2,(주)문정산업,4017 (O.G),17370925,세금계산서,PP,Y,인쇄,조회
20151208-1,(주)태진케미칼,PP원료 [가공],2648800,세금계산서,PP,Y,인쇄,조회
20151207-3,두성엔지니어링,밴드 S TYPE 고리 [브라켓트],687500,세금계산서,PP,Y,인쇄,조회
20151207-2,백암지관공업사,지관 406 [지관 406＊6＊155] 외  2건,1267596,세금계산서,PP,Y,인쇄,조회
20151207-1,삼영계전,DX9(온도기) [KMWNR],103400,카드,PP,Y,인쇄,조회
20151204-2,삼보팩,스넬 C/T 260* [260*132*263],1584000,세금계산서,PP,Y,인쇄,조회
20151204-1,백암지관공업사,지관 50 [지관 50＊5＊184] 외  1건,1221664,세금계산서,PE,Y,인쇄,조회
20151203-3,(주)경남케미칼,MB 307 [M／B 307 Yellow] 외  2건,946000,세금계산서,PP,Y,인쇄,조회
20151203-2,삼보팩,박스 DF [480 320 380] 외  2건,1161600,세금계산서,PE,Y,인쇄,조회
20151203-1,성신목재,팔레트 1200*1100 [1200*1100] 외  2건,158400,세금계산서,PP,Y,인쇄,조회
20151201-5,효창산업,CALPET-FP [CALPET-FP],3300000,세금계산서,PP,Y,인쇄,조회
20151201-4,성신목재,팔레트 1300*1050 [1300*1050] 외  6건,393690,세금계산서,PP,Y,인쇄,조회
20151201-3,성신목재,팔레트1100*1100 열처리(도면) [1100*1100],435600,세금계산서,PP,Y,인쇄,조회
20151201-2,영창프라스틱,STOPPER 50 PCS [STOPPER 50 PCS 투명],1195500,영세율,PP,Y,인쇄,조회
20151130-2,(주)경남케미칼,MB 307 [M／B 307 Yellow] 외  1건,577500,세금계산서,PP,Y,인쇄,조회
20151130-1,백암지관공업사,지관 200 [지관 200＊8＊189] 외  1건,997920,세금계산서,PP,Y,인쇄,조회
20151127-1,TGP MARKETING,스트레치필름(일반 핸드랩) [18*500mm*350m] 외  5건,15748493,수입,PP,Y,인쇄,조회
20151126-4,삼보팩,박스 내수PE(폴리밴드) [320 190 780],440000,세금계산서,PE,Y,인쇄,조회
20151126-3,성신목재,팔레트 1100*1100 [1100*1100] 외  4건,190960,세금계산서,PP,Y,인쇄,조회
20151126-2,(주)스피드랩코리아,스트레치필름(일반 기계랩) [20*500mm*1400m] 외  2건,774796,세금계산서,PP,Y,인쇄,조회
20151126-1,금성상회,PP원료,19635000,세금계산서,PP,Y,인쇄,조회
20151125-1,백암지관공업사,지관 280 [지관 280＊8＊187] 외  1건,991760,세금계산서,PP,Y,인쇄,조회
20151124-4,지에스칼텍스(주),H550-B (O.G) [25KG],19800000,세금계산서,PP,Y,인쇄,조회
20151124-1,(주)그린엔텍,PP원료 외  1건,42240000,세금계산서,PP,Y,인쇄,조회
20151123-2,(주)세우케미칼,E308 [E308],39875000,세금계산서,PE,Y,인쇄,조회
20151123-1,백암지관공업사,지관 50 [지관 50＊5＊184] 외  2건,1301520,세금계산서,PE,Y,인쇄,조회
20151120-1,백암지관공업사,지관 200 [지관 200＊8＊189] 외  1건,1055454,세금계산서,PP,Y,인쇄,조회
20151119-4,삼보팩,패드 310 [패드 310＊200 (레드)] 외  3건,3006850,세금계산서,PP,Y,인쇄,조회
20151119-3,백암지관공업사,지관 230 [지관 230＊5＊187] 외  1건,698414,세금계산서,PP,Y,인쇄,조회
20151119-2,성신목재,팔레트1180*1180 [1180*1180] 외  4건,387200,세금계산서,PP,Y,인쇄,조회
20151118-2,중앙기획,동판비 [연마기콘제작] 외  2건,726000,세금계산서,PP,Y,인쇄,조회
20151118-1,(주)경남케미칼,MB 100B（ [M／B 100B（WHITE）] 외  1건,808500,세금계산서,PP,Y,인쇄,조회
20151114-1,금성상회,PP원료,65450,세금계산서,PP,Y,인쇄,조회
20151113-3,톰부인터내셔날,스트레치필름(일반 핸드랩) [15*500mm*400m],2758272,세금계산서,PP,Y,인쇄,조회
20151113-2,(주)신영잉크,PP잉크 [원청(39)] 외  1건,136125,세금계산서,PP,Y,인쇄,조회
20151113-1,제이케이머티리얼즈(주)/순성공장,PP원료,29055488,세금계산서,PP,Y,인쇄,조회
20151112-1,지에스칼텍스(주),H430 [500KG],20955000,세금계산서,PP,Y,인쇄,조회
20151111-3,금성상회,PP원료,1804000,세금계산서,PP,Y,인쇄,조회
20151111-2,백암지관공업사,지관 280 [지관 280＊8＊187] 외  1건,965360,세금계산서,PP,Y,인쇄,조회
20151111-1,한일모션,인덕션모터 [SPI40GT] 외  1건,50900,카드,PP,Y,인쇄,조회
20151109-1,백암지관공업사,지관 50 [지관 50＊5＊184] 외  1건,1377420,세금계산서,PE,Y,인쇄,조회
20151106-2,백암지관공업사,지관 200 [지관 200＊8＊186] 외  2건,897019,세금계산서,PP,Y,인쇄,조회
20151106-1,삼보팩,PB청 540* (삼성) [540*200] 외  2건,3058000,세금계산서,PP,Y,인쇄,조회
20151104-3,지에스칼텍스(주),H430 [25KG],1397000,세금계산서,PP,Y,인쇄,조회
20151104-2,지에스칼텍스(주),H430 [500KG],20955000,세금계산서,PP,Y,인쇄,조회
20151104-1,백암지관공업사,지관 200 [지관 200＊8＊189] 외  2건,951482,세금계산서,PP,Y,인쇄,조회
20151103-2,(주)경남케미칼,UV-NATURAL 외  2건,1199000,세금계산서,PP,Y,인쇄,조회
20151102-3,일신화학공업(주),스트레치랩(일반 기계랩) [25*500mm*1400m(0.025T*500W*1400M)] 외  1건,4250400,세금계산서,PP,Y,인쇄,조회
20151102-2,삼보팩,패드 430 [패드 430＊200 (무지)] 외  2건,2258300,세금계산서,PP,Y,인쇄,조회
20151030-3,경호도료판매,공구및 페인트,31350,카드,PP,Y,인쇄,조회
20151030-2,백암지관공업사,지관 200 [지관 200＊8＊189] 외  1건,852174,세금계산서,PP,Y,인쇄,조회
20151030-1,제이케이머티리얼즈(주)/순성공장,PP원료,37484480,세금계산서,PP,Y,인쇄,조회
20151029-1,동진씨엔피,박스 경인팩 6KG [465 455 245],124300,세금계산서,PE,Y,인쇄,조회
20151028-3,동진씨엔피,박스 경인팩 6KG [465 455 245],248600,세금계산서,PE,Y,인쇄,조회
20151028-2,관인화학,PE원료 [가공원료],137500,세금계산서,PE,Y,인쇄,조회
20151028-1,백암지관공업사,지관 280 [지관 280＊8＊187] 외  2건,1606880,세금계산서,PP,Y,인쇄,조회
20151027-1,대림프라스틱(주),팔레트 1100*1100*120 [1100*1100*120],1122000,세금계산서,PP,Y,인쇄,조회
20151026-1,백암지관공업사,지관 280 [지관 280＊8＊187] 외  1건,974600,세금계산서,PP,Y,인쇄,조회
20151023-3,(주)세우케미칼,E308 [E308],39875000,세금계산서,PE,Y,인쇄,조회
20151023-2,성신목재,팔레트 1440*830 [1440*830] 외  4건,410520,세금계산서,PP,Y,인쇄,조회
20151023-1,영창프라스틱,STOPPER 500 PCS [STOPPER 500 PCS 투명],148500,세금계산서,PP,Y,인쇄,조회
20151022-1,지에스칼텍스(주),H430 [500KG] 외  1건,27830000,세금계산서,PP,Y,인쇄,조회
20151021-4,백암지관공업사,지관 200 [지관 200＊4＊189] 외  1건,759660,세금계산서,PP,Y,인쇄,조회
20151021-3,주식회사 우림,OPP-TAPE [OPP-TAPE 65*48*43(투명) 라바테이프] 외  1건,312180,세금계산서,PP,Y,인쇄,조회
20151021-2,(주)삼신,PP원료,20002125,세금계산서,PP,Y,인쇄,조회
20151021-1,대창수지,PP원료 [백색] 외  1건,30222500,세금계산서,PP,Y,인쇄,조회
20151019-4,(주)그린엔텍,PP원료,61776000,세금계산서,PP,Y,인쇄,조회
20151019-3,지에스칼텍스(주),H430 [500KG] 외  1건,22572000,세금계산서,PP,Y,인쇄,조회
20151019-2,(주)경남케미칼,MB 510-2 [M／B 510-2 (BLUE)] 외  2건,918500,세금계산서,PP,Y,인쇄,조회
20151019-1,(주)스피드랩코리아,스트레치필름(일반 기계랩) [20*500mm*1400m] 외  2건,866250,세금계산서,PP,Y,인쇄,조회
20151017-1,삼보팩,PB청 470*200 (삼성-적색) [470＊200],627000,세금계산서,PP,Y,인쇄,조회
20151016-1,백암지관공업사,지관 200 [지관 200＊8＊189] 외  1건,913836,세금계산서,PP,Y,인쇄,조회
20151015-5,(주)태진케미칼,PP원료 [가공원료],2970000,세금계산서,PP,Y,인쇄,조회
20151015-4,삼보팩,고메리 12입(IN) [410*275*180] 외  2건,2287670,세금계산서,PP,Y,인쇄,조회
20151015-3,금성상회,PP원료,13942500,세금계산서,PP,Y,인쇄,조회
20151015-2,영창프라스틱,STOPPER 50 PCS [STOPPER 50 PCS 투명],1410413,영세율,PP,Y,인쇄,조회
20151015-1,제이케이머티리얼즈(주)/순성공장,PP원료,3618384,세금계산서,PP,Y,인쇄,조회
20151013-5,(주)엘지화학,H5300 [H5300],7150000,세금계산서,PP,Y,인쇄,조회
20151013-4,백암지관공업사,지관 280 [지관 280＊8＊187] 외  2건,1404920,세금계산서,PP,Y,인쇄,조회
20151013-1,제이케이머티리얼즈(주)/순성공장,PP원료,3694614,세금계산서,PP,Y,인쇄,조회
20151012-3,동진씨엔피,박스 D-17폴리테잎 [580 455 205] 외  1건,1185800,세금계산서,PP,Y,인쇄,조회
20151012-2,(주)한국바코드시스템,라벨(아트지도안적색) [[86*46 ]],88000,세금계산서,PP,Y,인쇄,조회
20151012-1,롯데케미칼 주식회사,MF5000(PE원료),19140000,세금계산서,PE,Y,인쇄,조회
20151010-1,창미포장기계,수축필름 15인치 [15인치x1332m(시맥스)],66000,세금계산서,PE,Y,인쇄,조회
20151008-2,동방포장기자재,스트레치필름(기능성 기계랩) [18*300mm*1700m],1795200,세금계산서,PP,Y,인쇄,조회
20151008-1,성신목재,팔레트 1440*830 [1440*830] 외  12건,603460,세금계산서,PP,Y,인쇄,조회
20151007-3,지에스칼텍스(주),H550-B (O.G) [25KG],6765000,세금계산서,PP,Y,인쇄,조회
20151007-2,금정기획,라벨(아트지0452) [110*45],93500,세금계산서,PP,Y,인쇄,조회
20151007-1,(주)삼신,PP원료,21342244,세금계산서,PP,Y,인쇄,조회
20151006-2,백암지관공업사,지관 280 [지관 280＊8＊187] 외  1건,989340,세금계산서,PP,Y,인쇄,조회
20151006-1,효창산업,CALPET-FP [CALPET-FP],3300000,세금계산서,PP,Y,인쇄,조회
20151005-1,지에스칼텍스(주),H430 [500KG],17160000,세금계산서,PP,Y,인쇄,조회
20151002-4,금성상회,PP원료,14674638,세금계산서,PP,Y,인쇄,조회
20151002-3,(주)경남케미칼,MB 307 [M／B 307 Yellow] 외  1건,948750,세금계산서,PP,Y,인쇄,조회
20151002-2,삼보팩,패드 460 [패드 460＊200] 외  1건,1355200,세금계산서,PP,Y,인쇄,조회
20151002-1,백암지관공업사,지관 280 [지관 280＊8＊187] 외  2건,867218,세금계산서,PP,Y,인쇄,조회
20151001-3,동방포장기자재,스트레치필름(기능성 기계랩) [18*300mm*1700m],561000,세금계산서,PP,Y,인쇄,조회
20151001-2,제이케이머티리얼즈(주)/순성공장,PP원료,4079889,세금계산서,PP,Y,인쇄,조회
20150930-3,동진씨엔피,박스 DF [480 320 380] 외  4건,2666400,세금계산서,PE,Y,인쇄,조회
20150930-2,백암지관공업사,지관 200 [지관 200＊8＊189] 외  1건,877399,세금계산서,PP,Y,인쇄,조회
20150930-1,제이케이머티리얼즈(주)/순성공장,PP원료,3927456,세금계산서,PP,Y,인쇄,조회
20150925-1,두성엔지니어링,캠용 [M1.5*61T],38500,세금계산서,PP,Y,인쇄,조회
20150924-1,대림프라스틱(주),팔레트 1100*1100*120 [1100*1100*120],1122000,세금계산서,PP,Y,인쇄,조회
20150922-7,성신목재,팔레트1100*1100 열처리(도면) [1100*1100],435600,세금계산서,PP,Y,인쇄,조회
20150922-6,지에스칼텍스(주),H550-B (O.G) [25KG],11088000,세금계산서,PP,Y,인쇄,조회
20150922-5,삼보팩,패드 500 [패드500*280 (무지)],1034000,세금계산서,PP,Y,인쇄,조회
20150922-4,신영화학,Toluene(톨루엔),122100,세금계산서,PP,Y,인쇄,조회
20150922-3,백암지관공업사,지관 200 [지관 200＊8＊189] 외  1건,913836,세금계산서,PP,Y,인쇄,조회
20150922-2,진영프라스틱,PP원료 [cpp],198000,세금계산서,PP,Y,인쇄,조회
20150922-1,주식회사 우림,OPP TAPE [50mm＊38M (투명)] 외  1건,704715,세금계산서,PP,Y,인쇄,조회
20150921-3,우양물산,V belt [C108],55000,카드,PP,Y,인쇄,조회
20150921-2,(주)동남툴스,타코메타(심포),214500,카드,PP,Y,인쇄,조회
20150921-1,롯데케미칼 주식회사,MF5000(PE원료),12760000,세금계산서,PE,Y,인쇄,조회
20150918-3,톰부인터내셔날,스트레치필름(일반 핸드랩) [15*500mm*400m],471539,세금계산서,PP,Y,인쇄,조회
20150918-2,성신목재,팔레트 1380＊920 [1380＊920] 외  1건,35200,세금계산서,PP,Y,인쇄,조회
20150918-1,금산포장,스트레치필름(기능 핸드랩) [12* 500mm *400m] 외  1건,1725503,세금계산서,PP,Y,인쇄,조회
20150917-3,신영화학,PP잉크 [흑색] 외  1건,212850,세금계산서,PP,Y,인쇄,조회
20150917-2,(주)경남케미칼,MB 510-2 [M／B 510-2 (BLUE)] 외  1건,979000,세금계산서,PP,Y,인쇄,조회
20150917-1,백암지관공업사,지관 200 [지관 200＊4＊189] 외  1건,779301,세금계산서,PP,Y,인쇄,조회
20150916-4,일신화학공업(주),스트레치랩(일반 기계랩) [25*500mm*1400m(0.025T*500W*1400M)],2125200,세금계산서,제이케이머티리얼즈,Y,인쇄,조회
20150916-3,지에스칼텍스(주),H430 [500KG] 외  1건,17556000,세금계산서,PP,Y,인쇄,조회
20150916-2,삼보팩,패드 400 [패드 400＊200 (레드)],825000,세금계산서,PP,Y,인쇄,조회
20150915-4,백암지관공업사,지관 50 [지관 50＊5＊184] 외  1건,1120680,세금계산서,PE,Y,인쇄,조회
20150915-3,신영화학,PP잉크 [흑색] 외  1건,151800,세금계산서,PP,Y,인쇄,조회
20150915-2,지에스칼텍스(주),H550-B (O.G) [25KG],6930000,세금계산서,PP,Y,인쇄,조회
20150915-1,제이케이머티리얼즈(주)/순성공장,PP원료,20659243,세금계산서,PP,Y,인쇄,조회
20150914-6,유원기획,동판비 [동판비],132000,세금계산서,PP,Y,인쇄,조회
20150914-5,주식회사 우림,박스 [문구박스],2200,세금계산서,PP,Y,인쇄,조회
20150914-4,(주)경남케미칼,MB 6520 [M／B 6520] 외  1건,577500,세금계산서,PP,Y,인쇄,조회
20150914-3,영창프라스틱,STOPPER 500 PCS [STOPPER 500 PCS 투명],81675,세금계산서,PP,Y,인쇄,조회
20150914-2,금성상회,PP원료,13640000,세금계산서,PP,Y,인쇄,조회
20150914-1,파워엠팩,반자동밴딩기 [D-53x2],22000000,세금계산서,PP,Y,인쇄,조회
20150911-3,일신화학공업(주),스트레치랩(일반 기계랩) [25*500mm*1400m(0.025T*500W*1400M)],2125200,세금계산서,PP,Y,인쇄,조회
20150911-2,성신목재,팔레트 1260*840 [1260*840] 외  4건,123200,세금계산서,PP,Y,인쇄,조회
20150911-1,백암지관공업사,지관 200 [지관 200＊8＊189] 외  1건,913836,세금계산서,PP,Y,인쇄,조회
20150910-2,금산포장,스트레치필름(일반 핸드랩) [18*500mm*350m],180488,세금계산서,PP,Y,인쇄,조회
20150910-1,진영프라스틱,PP원료 [은색],4675000,세금계산서,PP,Y,인쇄,조회
20150909-3,주식회사 우림,OPP TAPE [50mm＊38M (투명)] 외  1건,128535,세금계산서,PP,Y,인쇄,조회
20150909-2,롯데케미칼 주식회사,MF5000(PE원료),19140000,세금계산서,PE,Y,인쇄,조회
20150909-1,(주)경남케미칼,MB 510-2 [M／B 510-2 (BLUE)] 외  1건,552750,세금계산서,PP,Y,인쇄,조회
20150908-2,백암지관공업사,지관 50 [지관 50＊5＊184] 외  1건,1228101,세금계산서,PE,Y,인쇄,조회
20150908-1,지에스칼텍스(주),H430 [500KG],17556000,세금계산서,PP,Y,인쇄,조회
20150907-1,(주)삼신,PP원료,21191555,세금계산서,PP,Y,인쇄,조회
20150904-1,성신목재,팔레트 1100*1100 [1100*1100] 외  3건,170720,세금계산서,PP,Y,인쇄,조회
20150902-1,백암지관공업사,지관 200 [지관 200＊8＊189],997920,세금계산서,PP,Y,인쇄,조회
20150901-3,롯데케미칼 주식회사,MF5000(PE원료),19140000,세금계산서,PE,Y,인쇄,조회
20150901-2,지에스칼텍스(주),H430 [500KG],21945000,세금계산서,PP,Y,인쇄,조회
20150901-1,영창프라스틱,STOPPER 500 PCS [STOPPER 500 PCS 투명],148500,세금계산서,PP,Y,인쇄,조회
20150831-2,성은산업,수축필름 [220*145 (고메리)],880000,세금계산서,PP,Y,인쇄,조회
20150831-1,백암지관공업사,지관 200 [지관 200＊8＊189] 외  1건,913836,세금계산서,PP,Y,인쇄,조회
20150828-3,대양스트랩(주),PET 15.62X0.89X1220M [PET 15.62X0.89X1220M D/G SMOOTH],4473600,영세율,PP,Y,인쇄,조회
20150828-2,금정기획,라벨(아트지) [115*55],770000,세금계산서,PP,Y,인쇄,조회
20150828-1,금성상회,PP원료,14300000,세금계산서,PP,Y,인쇄,조회
20150827-3,롯데케미칼 주식회사,MF5000(PE원료),13200000,세금계산서,PE,Y,인쇄,조회
20150827-2,백암지관공업사,지관 200 [지관 200＊8＊189] 외  1건,852174,세금계산서,PP,Y,인쇄,조회
20150827-1,지에스칼텍스(주),H430 [500KG],8976000,세금계산서,PP,Y,인쇄,조회
20150826-4,지에스칼텍스(주),H430-A (O.G) [25KG],-4488000,세금계산서,PP,Y,인쇄,조회
20150826-3,관인화학,PE원료 [가공원료],756250,세금계산서,PE,Y,인쇄,조회
20150826-2,(주)경남케미칼,MB 307 [M／B 307 Yellow] 외  2건,1006500,세금계산서,PP,Y,인쇄,조회
20150826-1,삼보팩,패드 430 [패드 430＊200 (무지)] 외  1건,2221450,세금계산서,PP,Y,인쇄,조회
20150825-2,신영화학,pp [미적] 외  1건,201300,세금계산서,PP,Y,인쇄,조회
20150825-1,성신목재,팔레트 1440*830 [1440*830] 외  6건,446380,세금계산서,PP,Y,인쇄,조회
20150824-4,지에스칼텍스(주),H430 [500KG],5984000,세금계산서,PP,Y,인쇄,조회
20150824-3,백암지관공업사,지관 200 [지관 200＊4＊189],695217,세금계산서,PP,Y,인쇄,조회
20150824-2,(주)삼신,PP원료,21757824,세금계산서,PP,Y,인쇄,조회
20150824-1,제이케이머티리얼즈(주)/순성공장,PP원료,23222771,세금계산서,PP,Y,인쇄,조회
20150820-4,백암지관공업사,지관 230 [지관 230＊5＊187] 외  2건,793269,세금계산서,PP,Y,인쇄,조회
20150820-3,두성엔지니어링,밴드가이드 [홀더(12.2m)가공] 외  4건,533500,세금계산서,PP,Y,인쇄,조회
20150820-2,일신화학공업(주),스트레치랩(일반 기계랩) [25*500mm*1400m(0.025T*500W*1400M)],2125200,세금계산서,제이케이머티리얼즈,Y,인쇄,조회
20150820-1,제이케이머티리얼즈(주)/순성공장,PP원료,4097324,세금계산서,PP,Y,인쇄,조회
20150819-2,성신목재,팔레트 1260*840 [1260*840] 외  3건,404800,세금계산서,PP,Y,인쇄,조회
20150819-1,성신목재,팔레트 [1260*650] 외  2건,95260,세금계산서,PP,Y,인쇄,조회
20150818-2,삼보팩,고메리 12입(IN) [410*275*180] 외  2건,2175250,세금계산서,PP,Y,인쇄,조회
20150818-1,지에스칼텍스(주),H430-A (O.G) [25KG],22440000,세금계산서,PP,Y,인쇄,조회
20150817-9,동진씨엔피,박스 D-28폴리테잎 [760 310 205] 외  3건,2659800,세금계산서,PE,Y,인쇄,조회
20150817-8,롯데케미칼 주식회사,MF5000(PE원료),19800000,세금계산서,PP,Y,인쇄,조회
20150817-7,(주)삼신,PP원료,21832624,세금계산서,PP,Y,인쇄,조회
20150817-6,백암지관공업사,지관 280 [지관 280＊8＊187] 외  2건,1465860,세금계산서,PP,Y,인쇄,조회
20150817-5,대림프라스틱(주),팔레트 1100*1100*120 [1100*1100*120],1122000,세금계산서,PP,Y,인쇄,조회
20150817-4,대화산전,"W-TPR [DG-40SI,220V] 외  1건",67100,카드,PP,Y,인쇄,조회
20150817-3,호성수출포장,"OPP-TAPE [OPP-TAPE 50＊50(투명,한온)]",148500,카드,PP,Y,인쇄,조회
20150817-2,(주)신영유화,HAN COMP(HAN4) [68 3L],14300,카드,PP,Y,인쇄,조회
20150817-1,계양종합공구,볼렌찌 [10M/M],19800,세금계산서,PP,Y,인쇄,조회
20150814-2,백암지관공업사,지관 50 [지관 50＊5＊184] 외  1건,1586970,세금계산서,PE,Y,인쇄,조회
20150813-2,지에스칼텍스(주),H550-B (O.G) [25KG] 외  1건,29480000,세금계산서,PP,Y,인쇄,조회
20150813-1,(주)태진케미칼,PP원료 [가공원료],3247200,세금계산서,PP,Y,인쇄,조회
20150811-2,효창산업,CALPET-FP [CALPET-FP],3300000,세금계산서,PP,Y,인쇄,조회
20150811-1,백암지관공업사,지관 200 [지관 200＊8＊189],997920,세금계산서,PP,Y,인쇄,조회
20150810-3,신영화학,PP잉크 [군청(35)] 외  1건,169950,세금계산서,PP,Y,인쇄,조회
20150810-2,(주)경남케미칼,MB 820FL [M／B 820FL（BLACK）] 외  1건,814000,세금계산서,PP,Y,인쇄,조회
20150810-1,금성상회,PP원료 [청색],8941900,세금계산서,PP,Y,인쇄,조회
20150807-5,백암지관공업사,지관 50 [지관 50＊5＊184] 외  1건,1729200,세금계산서,PE,Y,인쇄,조회
20150807-4,지에스칼텍스(주),H430 [500KG],17952000,세금계산서,PP,Y,인쇄,조회
20150807-3,동방포장기자재,스트레치필름(기능성 기계랩) [18*300mm*1700m],561000,세금계산서,PP,Y,인쇄,조회
20150807-2,백암지관공업사,지관 200 [지관 200＊4＊189] 외  1건,667814,세금계산서,PP,Y,인쇄,조회
20150807-1,삼보팩,미국박스 [440 200 445],756800,세금계산서,PP,Y,인쇄,조회
20150806-1,(주)삼신,PP원료,21805696,세금계산서,PP,Y,인쇄,조회
20150804-2,(주)경남케미칼,MB 820FL [M／B 820FL（BLACK）] 외  1건,1042250,세금계산서,PP,Y,인쇄,조회
20150804-1,진영프라스틱,PP원료 [은색] 외  1건,14344000,세금계산서,PP,Y,인쇄,조회
20150803-1,롯데케미칼 주식회사,MF5000(PE원료),19800000,세금계산서,PP,Y,인쇄,조회
20150729-1,금정기획,라벨(아트지도안 타이거팩) 4502 [120*65] 외  2건,407000,세금계산서,PP,Y,인쇄,조회
20150728-3,금성상회,PP원료,13420000,세금계산서,PP,Y,인쇄,조회
20150728-2,백암지관공업사,지관 200 [지관 200＊8＊189],997920,세금계산서,PP,Y,인쇄,조회
20150728-1,제이케이머티리얼즈(주)/순성공장,PP원료,16712091,세금계산서,PP,Y,인쇄,조회
20150727-1,(주)삼신,PP원료,21723416,세금계산서,PP,Y,인쇄,조회
20150724-1,지에스칼텍스(주),H430-B (O.G) [25kg],22935000,세금계산서,PP,Y,인쇄,조회
20150723-2,일신화학공업(주),스트레치랩(일반 기계랩) [25*500mm*1400m(0.025T*500W*1400M)],2125200,세금계산서,PP,Y,인쇄,조회
20150723-1,백암지관공업사,지관 200 [지관 200＊4＊189] 외  2건,1511043,세금계산서,PP,Y,인쇄,조회
20150722-3,롯데케미칼 주식회사,MF5000(PE원료),20064000,세금계산서,PE,Y,인쇄,조회
20150722-2,(주)삼신,PP원료 외  1건,21405956,세금계산서,PP,Y,인쇄,조회
20150721-3,백암지관공업사,지관 200 [지관 200＊4＊189],695217,세금계산서,PP,Y,인쇄,조회
20150721-2,금성상회,PP원료,13992000,세금계산서,PE,Y,인쇄,조회
20150721-1,제이케이머티리얼즈(주)/순성공장,PP원료,4160079,세금계산서,PP,Y,인쇄,조회
20150720-1,(주)경남케미칼,MB 100B（ [M／B 100B（WHITE）],924000,세금계산서,PP,Y,인쇄,조회
20150717-3,(주)엘지화학,H5300 [H5300],19140000,세금계산서,PP,Y,인쇄,조회
20150717-2,백암지관공업사,지관 50 [지관 50＊5＊184] 외  2건,1786734,세금계산서,PE,Y,인쇄,조회
20150717-1,삼보팩,패드 430 [패드 430＊200 (무지)] 외  2건,1689600,세금계산서,PP,Y,인쇄,조회
20150716-6,(주)경남케미칼,MB 100B（ [M／B 100B（WHITE）] 외  1건,1144000,세금계산서,PP,Y,인쇄,조회
20150716-5,삼보팩,미국박스 [420 200 425] 외  2건,1193830,세금계산서,PP,Y,인쇄,조회
20150716-4,진흥산업,폴리백 26＊44 [폴리백 26＊44],1320000,세금계산서,PP,Y,인쇄,조회
20150716-3,(주)스피드랩코리아,스트레치필름(일반 핸드랩) [20*500mm*380m] 외  2건,82060,세금계산서,창고,Y,인쇄,조회
20150716-2,제이케이머티리얼즈(주)/순성공장,PP원료,4131369,세금계산서,PP,Y,인쇄,조회
20150716-1,삼보팩,파워팩 4500 C/T 320 [320*130*320] 외  2건,2511850,세금계산서,PP,Y,인쇄,조회
20150715-3,동진씨엔피,고메리 3입 (C/T) [360*355*385] 외  4건,3342900,세금계산서,PE,Y,인쇄,조회
20150715-2,백암지관공업사,지관 406 [지관 406＊6＊155] 외  1건,519585,세금계산서,PP,Y,인쇄,조회
20150715-1,성신목재,팔레트 1260*840 [1260*840] 외  5건,387200,세금계산서,PP,Y,인쇄,조회
20150714-4,삼보팩,무인쇄톰슨접착 350 [350*130*350] 외  1건,2564980,세금계산서,PP,Y,인쇄,조회
20150714-3,제이케이머티리얼즈(주)/순성공장,PP원료,4188789,세금계산서,PP,Y,인쇄,조회
20150714-2,(주)삼신,PP원료,21656096,세금계산서,PP,Y,인쇄,조회
20150714-1,백암지관공업사,지관 200 [지관 200＊8＊189] 외  1건,852174,세금계산서,PP,Y,인쇄,조회
20150713-1,(주)경남케미칼,MB 510-2 [M／B 510-2 (BLUE)] 외  1건,921250,세금계산서,PP,Y,인쇄,조회
20150710-4,성신목재,팔레트 1100*1100 [1100*1100] 외  7건,367730,세금계산서,PP,Y,인쇄,조회
20150710-3,삼보팩,서플라이웨이BOX(White) [440*200*445] 외  2건,1655500,세금계산서,PP,Y,인쇄,조회
20150710-2,(주)태진케미칼,PP원료 [가공원료],3176800,세금계산서,PP,Y,인쇄,조회
20150709-1,구덕화학,PP원료 [원색],20415120,세금계산서,PP,Y,인쇄,조회
20150708-2,성신목재,팔레트 1100*1100 [1100*1100] 외  6건,369380,세금계산서,PP,Y,인쇄,조회
20150708-1,백암지관공업사,지관 50 [지관 50＊5＊184] 외  2건,1172762,세금계산서,PE,Y,인쇄,조회
20150706-6,(주)경남케미칼,MB 510-2 [M／B 510-2 (BLUE)] 외  2건,789250,세금계산서,PP,Y,인쇄,조회
20150706-5,일신화학공업(주),스트레치랩(일반 기계랩) [25*500mm*1400m(0.025T*500W*1400M)],2125200,세금계산서,PP,Y,인쇄,조회
20150706-4,롯데케미칼 주식회사,MF5000(PE원료),40128000,세금계산서,PE,Y,인쇄,조회
20150706-3,대한테크,PET METAL SEAL 12.7MM*0.80MM*29MM [SEAL 12.7MM*0.80MM*29MM],3344000,세금계산서,PP,Y,인쇄,조회
20150706-2,제이케이머티리얼즈(주)/순성공장,PP원료,4203144,세금계산서,PP,Y,인쇄,조회
20150706-1,(주)삼신,PP원료,21689008,세금계산서,PP,Y,인쇄,조회
20150703-1,주식회사 유성수지,PP원료,4488000,세금계산서,PP,Y,인쇄,조회
20150702-1,백암지관공업사,지관 200 [지관 200＊8＊189] 외  1건,913836,세금계산서,PP,Y,인쇄,조회
20150701-1,창미포장기계,수축필름 24인치x1332m [수축필름 15*610*1300] 외  1건,1584000,세금계산서,PP,Y,인쇄,조회
20150630-3,주식회사 인터켐,OPP-TAPE(투명) [OPP-TAPE 50＊50] 외  1건,82225,세금계산서,PP,Y,인쇄,조회
20150630-2,(주)스피드랩코리아,스트레치필름(일반 핸드랩) [15*500mm*350m (15Mic*350M)],778800,세금계산서,PP,Y,인쇄,조회
20150630-1,삼보팩,PB청 540* (삼성) [540*200],1548800,세금계산서,PP,Y,인쇄,조회
20150629-3,톰부인터내셔날,출장비 A/S [센타신주가공-테프론코닝] 외  3건,170500,세금계산서,PP,Y,인쇄,조회
20150629-2,백암지관공업사,지관 50 [지관 50＊5＊184] 외  2건,1341199,세금계산서,PP,Y,인쇄,조회
20150629-1,(주)한국바코드시스템,라벨(아트지도안2T) [[76*156 ]] 외  4건,627000,세금계산서,PP,Y,인쇄,조회
20150626-2,창미포장기계,수축필름 24인치x1332m [수축필름 15*610*1300] 외  1건,333300,세금계산서,PP,Y,인쇄,조회
20150626-1,삼보팩,패드 430 [패드 430＊200 (무지)],797500,세금계산서,PP,Y,인쇄,조회
20150625-1,창미포장기계,수축필름 24인치 [24인치x1332m (시맥스)] 외  2건,195800,세금계산서,PP,Y,인쇄,조회
20150624-4,롯데케미칼 주식회사,MF5000(PE원료),8525000,세금계산서,PE,Y,인쇄,조회
20150624-3,영창프라스틱,STOPPER 50 PCS [STOPPER 50 PCS 투명],1538112,영세율,PP,Y,인쇄,조회
20150624-2,진영프라스틱,PP원료 [은색] 외  1건,14740000,세금계산서,PP,Y,인쇄,조회
20150623-2,TGP MARKETING,스트레치필름(일반 핸드랩) [15*500mm*350m] 외  7건,14724011,수입,PP,Y,인쇄,조회
20150623-1,삼보팩,PP청 450*(광림) [450*200] 외  1건,1837000,세금계산서,PP,Y,인쇄,조회
20150622-3,백암지관공업사,지관 200 [지관 200＊4＊189] 외  1건,1231320,세금계산서,PP,Y,인쇄,조회
20150622-2,제이케이머티리얼즈(주)/순성공장,PP원료,17086058,세금계산서,PP,Y,인쇄,조회
20150622-1,(주)삼신,PP원료,21611216,세금계산서,PP,Y,인쇄,조회
20150618-4,성신목재,팔레트1100*1100 열처리(도면) [1100*1100],435600,세금계산서,PP,Y,인쇄,조회
20150618-3,성신목재,재단 합판 7t(절단) 외  2건,231000,세금계산서,PE,Y,인쇄,조회
20150618-2,대림프라스틱(주),팔레트 1100*1100*120 [1100*1100*120],1122000,세금계산서,PP,Y,인쇄,조회
20150618-1,두성엔지니어링,밴드노즐 [1.4*20L*3EA],440000,세금계산서,PP,Y,인쇄,조회
20150617-1,성신목재,팔레트 920＊1380 [920＊1380] 외  1건,33550,세금계산서,PP,Y,인쇄,조회
20150616-4,(주)경남케미칼,MB 6520 [M／B 6520] 외  1건,415250,세금계산서,PP,Y,인쇄,조회
20150616-2,(주)스피드랩코리아,스트레치필름(일반 핸드랩) [15*500mm*350m (15Mic*350M)],259600,세금계산서,PP,Y,인쇄,조회
20150616-1,톰부인터내셔날,수축필름 18인치 [SHRINK FILM - 60GA],79200,세금계산서,PP,Y,인쇄,조회
20150615-1,주식회사 인터켐,OPP-TAPE [OPP-TAPE 50＊50] 외  1건,122650,세금계산서,PP,Y,인쇄,조회
20150612-1,성신목재,팔레트 1100*1100 [1100*1100] 외  2건,165440,세금계산서,PP,Y,인쇄,조회
20150611-5,종로씨엔피,"휴대용 전자저울 [HL-100 ( 1/100g, 100G)]",165000,세금계산서,PP,Y,인쇄,조회
20150611-4,효창산업,CALPET-FP [CALPET-FP],3300000,세금계산서,PP,Y,인쇄,조회
20150611-3,(주)성신인스트루먼트,디지메틱 캘리퍼스 [0-150mm 0.01mm],121000,세금계산서,PP,Y,인쇄,조회
20150610-3,(주)경남케미칼,MB 307 [M／B 307 Yellow] 외  1건,1078000,세금계산서,PP,Y,인쇄,조회
20150610-2,백암지관공업사,지관 200 [지관 200＊8＊186] 외  3건,1190970,세금계산서,PP,Y,인쇄,조회
20150610-1,(주)삼신,PP원료,21715936,세금계산서,PP,Y,인쇄,조회
20150609-1,성진화학,PP원료,6600000,세금계산서,PP,Y,인쇄,조회
20150608-1,롯데케미칼 주식회사,5000ST(PE원료),20460000,세금계산서,PE,Y,인쇄,조회
20150605-1,성신목재,팔레트 860*1290 [860*1290] 외  2건,52800,세금계산서,PP,Y,인쇄,조회
20150604-1,백암지관공업사,지관 280 [지관 280＊8＊187] 외  2건,1003200,세금계산서,PP,Y,인쇄,조회
20150603-1,신영화학,Toluene(톨루엔),49500,세금계산서,PP,Y,인쇄,조회
20150602-2,톰부인터내셔날,수축필름 24 (SHRINK FILM 60GA) [24인치*610mm(W) x 1335m],105600,세금계산서,PP,Y,인쇄,조회
20150602-1,백암지관공업사,지관 200 [지관 200＊8＊189],997920,세금계산서,PP,Y,인쇄,조회
20150601-1,일신화학공업(주),스트레치랩(일반 기계랩) [25*500mm*1400m(0.025T*500W*1400M)] 외  1건,4250400,세금계산서,제이케이머티리얼즈,Y,인쇄,조회
20150528-3,두성엔지니어링,밴드노즐 [와이어수정(1.4*100L*3줄)],165000,세금계산서,PP,Y,인쇄,조회
20150528-2,(주)삼신,PP원료,21718928,세금계산서,PP,Y,인쇄,조회
20150528-1,백암지관공업사,지관 200 [지관 200＊4＊186] 외  2건,813333,세금계산서,PP,Y,인쇄,조회
20150527-4,제이케이머티리얼즈(주)/순성공장,PP원료,24091144,세금계산서,PP,Y,인쇄,조회
20150527-3,(주)스피드랩코리아,스트레치필름(일반 핸드랩) [15*500mm*350m],259600,세금계산서,PP,Y,인쇄,조회
20150527-2,금성상회,PP원료,14300000,세금계산서,PP,Y,인쇄,조회
20150526-4,백암지관공업사,지관 50 [지관 50＊5＊181],2178000,세금계산서,PE,Y,인쇄,조회
20150526-3,성신목재,팔레트1100*1100 열처리(도면) [1100*1100],435600,세금계산서,PP,Y,인쇄,조회
20150526-2,대한테크,PP METAL SEAL 19MM*0.80MM*32MM [SEAL 19MM*0.80MM*32MM],6534000,세금계산서,PP,Y,인쇄,조회
20150526-1,영창프라스틱,STOPPER 50 PCS [STOPPER 50 PCS 투명],88000,세금계산서,PP,Y,인쇄,조회
20150522-4,삼보팩,스넬 C/T 260* [260*132*263] 외  3건,2924790,세금계산서,PP,Y,인쇄,조회
20150522-3,백암지관공업사,지관 230 [지관 230＊5＊187] 외  1건,902055,세금계산서,PP,Y,인쇄,조회
20150522-2,제이케이머티리얼즈(주),PP원료,4313386,세금계산서,PP,Y,인쇄,조회
20150522-1,(주)삼신,PP원료 [펄] 외  1건,21568756,세금계산서,PP,Y,인쇄,조회
20150521-3,(주)제일에스엔씨,스트레치필름(핸드랩) [15*500*400 (기능성)],1384416,세금계산서,PP,Y,인쇄,조회
20150521-2,백암지관공업사,지관 406 [지관 406＊6＊155] 외  2건,623535,세금계산서,PP,Y,인쇄,조회
20150521-1,금성상회,PP원료 [B급],8692200,세금계산서,PP,Y,인쇄,조회
20150520-2,(주)경남케미칼,MB 510-2 [M／B 510-2 (BLUE)] 외  1건,998250,세금계산서,PP,Y,인쇄,조회
20150520-1,제이케이머티리얼즈(주),PP원료,4170936,세금계산서,PP,Y,인쇄,조회
20150519-4,롯데케미칼 주식회사,MF5000(PE원료),44179850,세금계산서,PE,Y,인쇄,조회
20150519-3,성신목재,팔레트 1260*840 [1260*840] 외  11건,769120,세금계산서,PP,Y,인쇄,조회
20150519-2,동진씨엔피,경인팩 2KG [320*190*780] 외  2건,2486000,세금계산서,PE,Y,인쇄,조회
20150519-1,진영프라스틱,PP원료 [청색] 외  1건,5280000,세금계산서,PP,Y,인쇄,조회
20150518-2,삼보팩,고메리 12입(IN) [410*275*180],986700,세금계산서,PP,Y,인쇄,조회
20150518-1,삼보팩,미국박스 [420 200 425] 외  1건,1850750,세금계산서,PP,Y,인쇄,조회
20150515-3,금성상회,PP원료 [B급],885500,세금계산서,PP,Y,인쇄,조회
20150515-2,(주)디에스팩,H430,19448000,세금계산서,PP,Y,인쇄,조회
20150515-1,(주)삼신,PP원료,21814672,세금계산서,PP,Y,인쇄,조회
20150514-1,백암지관공업사,지관 200 [지관 200＊4＊189] 외  2건,837300,세금계산서,PP,Y,인쇄,조회
20150513-3,성신목재,팔레트 1290＊860 [1290＊860] 외  4건,192280,세금계산서,PP,Y,인쇄,조회
20150513-2,금성상회,PP원료 외  1건,1540000,세금계산서,PP,Y,인쇄,조회
20150513-1,삼보팩,PB청 540* (삼성) [540*200],1408000,세금계산서,PP,Y,인쇄,조회
20150511-1,백암지관공업사,지관 280 [지관 280＊8＊187] 외  1건,1070080,세금계산서,PP,Y,인쇄,조회
20150509-1,두성엔지니어링,샤프트 [pe가이드],473000,세금계산서,PP,Y,인쇄,조회
20150508-1,삼보팩,고메리 2입(IN) [460*455*410] 외  1건,1493250,세금계산서,PP,Y,인쇄,조회
20150507-4,백암지관공업사,지관 200 [지관 200＊8＊189] 외  1건,925047,세금계산서,PP,Y,인쇄,조회
20150507-3,지에스칼텍스(주),H710-B (O.G),19008000,세금계산서,PP,Y,인쇄,조회
20150507-2,성신목재,팔레트 1260*840 [1260*840] 외  2건,105600,세금계산서,PP,Y,인쇄,조회
20150507-1,(주)삼신,PP원료,21717432,세금계산서,PP,Y,인쇄,조회
20150506-1,(주)경남케미칼,MB 307 [M／B 307 Yellow] 외  1건,935000,세금계산서,PP,Y,인쇄,조회
20150501-2,일신화학공업(주),스트레치필름(일반 핸드랩) [15*500mm*450m],1846152,세금계산서,자강산업,Y,인쇄,조회
20150430-4,진흥산업,폴리백 57*58 [폴리백 57*58] 외  2건,1025200,세금계산서,PP,Y,인쇄,조회
20150430-3,제이케이머티리얼즈(주),PP원료,8052660,세금계산서,PP,Y,인쇄,조회
20150430-2,백암지관공업사,지관 200 [지관 200＊8＊189] 외  1건,1391280,세금계산서,PP,Y,인쇄,조회
20150430-1,유원기획,동판비 [동판비],132000,세금계산서,PP,Y,인쇄,조회
20150428-1,(주)엘지화학,H5300 [H5300] 외  1건,26730000,세금계산서,PP,Y,인쇄,조회
20150424-3,일신화학공업(주),스트레치랩(일반 기계랩) [25*500mm*1400m(0.025T*500W*1400M)],2213750,세금계산서,PP,Y,인쇄,조회
20150424-2,백암지관공업사,지관 200 [지관 200＊4＊189] 외  1건,852174,세금계산서,PP,Y,인쇄,조회
20150424-1,두성엔지니어링,고무로라 외경가공,66000,세금계산서,PP,Y,인쇄,조회
20150423-1,(주)삼신,PP원료,21786248,세금계산서,PP,Y,인쇄,조회
20150422-2,(주)한온,OPP-TAPE(일반) [OPP-TAPE 50＊50] 외  1건,456500,세금계산서,PP,Y,인쇄,조회
20150422-1,(주)엘지화학,H5300 [H5300],1485000,세금계산서,PP,Y,인쇄,조회
20150421-1,금정기획,라벨(아트지무지)108*50 [[108*50 ]],572000,세금계산서,PP,Y,인쇄,조회
20150418-1,삼보팩,고메리 12입(IN) [410*275*180] 외  1건,1811700,세금계산서,PP,Y,인쇄,조회
20150417-3,(주)엘지화학,LC370 [수축밴드용 원료],66000,세금계산서,PP,Y,인쇄,조회
20150417-2,(주)경남케미칼,MB 307 [M／B 307 Yellow] 외  1건,830500,세금계산서,PP,Y,인쇄,조회
20150417-1,백암지관공업사,지관 200 [지관 200＊8＊189],831600,세금계산서,PP,Y,인쇄,조회
20150416-1,효창산업,CALPET-FP [CALPET-FP],3300000,세금계산서,PP,Y,인쇄,조회
20150415-5,백암지관공업사,지관 230 [지관 230＊5＊187] 외  3건,715809,세금계산서,PP,Y,인쇄,조회
20150415-4,백암지관공업사,지관 50 [지관 50＊5＊181],1887600,세금계산서,PE,Y,인쇄,조회
20150415-3,(주)삼신,PP원료,21677040,세금계산서,PP,Y,인쇄,조회
20150415-2,제이케이머티리얼즈(주),PP원료,23996280,세금계산서,PP,Y,인쇄,조회
20150415-1,동진씨엔피,박스 DF [480 320 380] 외  2건,1710500,세금계산서,PE,Y,인쇄,조회
20150414-1,성신목재,팔레트 1100*1100 [1100*1100] 외  4건,173360,세금계산서,PP,Y,인쇄,조회
20150413-1,지에스칼텍스(주),H430-A (O.G) [25KG],9636000,세금계산서,PP,Y,인쇄,조회
20150410-2,삼보팩,고메리 3입(IN) [345*340*390] 외  1건,1797180,세금계산서,PP,Y,인쇄,조회
20150410-1,(주)경남케미칼,UV-NATURAL 외  3건,2224750,세금계산서,PP,Y,인쇄,조회
20150409-4,(주)세우케미칼,E308 [E308],43175000,세금계산서,PE,Y,인쇄,조회
20150409-3,백암지관공업사,지관 200 [지관 200＊4＊189],695217,세금계산서,PP,Y,인쇄,조회
20150409-2,삼보팩,서플라이웨이BOX(White) [440*200*445] 외  1건,605440,세금계산서,PP,Y,인쇄,조회
20150409-1,관인화학,PE원료 [가공원료],584375,세금계산서,PE,Y,인쇄,조회
20150408-1,두성엔지니어링,밴드노즐 [1.4*90L*3EA],440000,세금계산서,PP,Y,인쇄,조회
20150407-3,두성엔지니어링,PE가이드 샤프트,330000,세금계산서,PP,Y,인쇄,조회
20150407-2,대림프라스틱(주),팔레트 1100*1100*120 [1100*1100*120],1122000,세금계산서,PP,Y,인쇄,조회
20150407-1,(주)삼신,PP원료,21712944,세금계산서,PP,Y,인쇄,조회
20150406-1,백암지관공업사,지관 200 [지관 200＊8＊189],960960,세금계산서,PP,Y,인쇄,조회
20150403-2,(주)경남케미칼,MB 7308 [M／B 7308] 외  1건,748000,세금계산서,PP,Y,인쇄,조회
20150403-1,제이케이머티리얼즈(주),PP원료,2751595,세금계산서,PP,Y,인쇄,조회
20150402-2,대양스트랩(주),PET 16mm x 0.8T x 1200m,594000,세금계산서,PP,Y,인쇄,조회
20150402-1,이타코리아(주),ITA20 [충전사pet결속기] 외  1건,3322000,세금계산서,PP,Y,인쇄,조회
20150401-1,주식회사 유성수지,PP원료,17446000,세금계산서,PE,Y,인쇄,조회
20150331-1,두성엔지니어링,부싱가공 [12*8*4t] 외  1건,99000,세금계산서,PP,Y,인쇄,조회
20150330-2,백암지관공업사,지관 280 [지관 280＊8＊187] 외  1건,989340,세금계산서,PP,Y,인쇄,조회
20150330-1,제이케이머티리얼즈(주),PP원료,10804255,세금계산서,PP,Y,인쇄,조회
20150327-2,(주)삼신,PP원료,21692000,세금계산서,PP,Y,인쇄,조회
20150327-1,한국바코드시스템,라벨(아트지도안청색) [[86*46 ]] 외  2건,385000,세금계산서,PP,Y,인쇄,조회
20150326-2,백암지관공업사,지관 50 [지관 50＊5＊181] 외  2건,1665048,세금계산서,PP,Y,인쇄,조회
20150326-1,(주)경남케미칼,MB 100B（ [M／B 100B（WHITE）] 외  2건,904750,세금계산서,PP,Y,인쇄,조회
20150325-1,신영화학,PP잉크 [원녹],107250,세금계산서,PP,Y,인쇄,조회
20150323-2,프로켐 주식회사,MF5000(PE원료),19668000,세금계산서,PE,Y,인쇄,조회
20150323-1,백암지관공업사,지관 200 [지관 200＊8＊189],997920,세금계산서,PP,Y,인쇄,조회
20150320-3,(주)삼신,PP원료 (백색),8975736,세금계산서,PE,Y,인쇄,조회
20150320-2,(주)삼신,PE원료 [재생],12591832,세금계산서,PE,Y,인쇄,조회
20150320-1,(주)경남케미칼,UV-NATURAL 외  2건,1212750,세금계산서,PP,Y,인쇄,조회
20150319-5,(주)엘지화학,H5300 [H5300] 외  1건,43120000,세금계산서,PP,Y,인쇄,조회
20150319-4,성신목재,팔레트 1290＊860 [1290＊860] 외  2건,158400,세금계산서,PP,Y,인쇄,조회
20150319-3,금성상회,PP원료 외  1건,24209900,세금계산서,PP,Y,인쇄,조회
20150319-2,(주)엘지화학,H5300 [H5300],13860000,세금계산서,PP,Y,인쇄,조회
20150319-1,동진씨엔피,박스 내수PE(폴리밴드) [320 190 780] 외  2건,1431100,세금계산서,PE,Y,인쇄,조회
20150318-1,(주)스피드랩코리아,스트레치필름 [0.015T*500W*380M(말레이시아)] 외  5건,264440,세금계산서,PP,Y,인쇄,조회
20150317-3,프로켐 주식회사,MF5000(PE원료),40975000,세금계산서,PE,Y,인쇄,조회
20150317-2,제이케이머티리얼즈(주),PP원료,21096460,세금계산서,PP,Y,인쇄,조회
20150317-1,백암지관공업사,지관 200 [지관 200＊8＊189] 외  1건,844181,세금계산서,PP,Y,인쇄,조회
20150314-1,(주)디에스팩,H430,17952000,세금계산서,PP,Y,인쇄,조회
20150313-3,에이스인쇄,모조지 STICKER [모조지 STICKER],192500,세금계산서,PP,Y,인쇄,조회
20150313-2,창미포장기계,수축필름 [15인치x1332mx0.015T (sanyu 포장)],320100,세금계산서,PP,Y,인쇄,조회
20150313-1,프로켐 주식회사,MF5000(PE원료),19668000,세금계산서,PE,Y,인쇄,조회
20150312-3,일신화학공업(주),스트레치랩(일반 기계랩) [25*500mm*1400m(0.025T*500W*1400M)],2213750,세금계산서,PP,Y,인쇄,조회
20150312-2,백암지관공업사,지관 200 [지관 200＊4＊186] 외  1건,978978,세금계산서,PP,Y,인쇄,조회
20150312-1,제이케이머티리얼즈(주),PP원료,3918530,세금계산서,PP,Y,인쇄,조회
20150310-2,지에스칼텍스(주),H430-B (O.G) [25kg] 외  1건,36300000,세금계산서,PP,Y,인쇄,조회
20150310-1,백암지관공업사,지관 200 [지관 200＊8＊186] 외  2건,1788600,세금계산서,PP,Y,인쇄,조회
20150309-2,백암지관공업사,지관 200 [지관 200＊8＊189] 외  1건,815214,세금계산서,PP,Y,인쇄,조회
20150309-1,영창프라스틱,STOPPER 50 PCS [STOPPER 50 PCS 투명],297000,세금계산서,영창프라스틱,Y,인쇄,조회
20150307-1,진흥산업,폴리백 26＊44 [폴리백 26＊44] 외  1건,1626240,세금계산서,PP,Y,인쇄,조회
20150306-5,삼보팩,미국박스 580 [580*170*580] 외  6건,3659700,세금계산서,PP,Y,인쇄,조회
20150306-4,두성엔지니어링,캠 쵸크 [핀홀더 브라켓트] 외  1건,1540000,세금계산서,PP,Y,인쇄,조회
20150306-3,프로켐 주식회사,5000S(PE원료),19668000,세금계산서,PE,Y,인쇄,조회
20150306-2,(주)스피드랩코리아,스트레치필름 [0.012T*500W*400M(말레이시아)],110000,세금계산서,PP,Y,인쇄,조회
20150306-1,동방포장기자재,스트레치필름(기능성 기계랩) [18*300mm*1700m],1795200,세금계산서,PP,Y,인쇄,조회
20150305-3,성신목재,팔레트 1380＊920 [1380＊920] 외  1건,70400,세금계산서,PP,Y,인쇄,조회
20150305-2,신영화학,PP미적 [PP잉크] 외  1건,126225,세금계산서,PP,Y,인쇄,조회
20150305-1,(주)경남케미칼,MB 820FL [M／B 820FL（BLACK）] 외  1건,891000,세금계산서,PP,Y,인쇄,조회
20150304-1,효창산업,CALPET-FP [CALPET-FP],3300000,세금계산서,PP,Y,인쇄,조회
20150303-2,동진씨엔피,고메리 3입 (C/T) [360*355*385] 외  1건,1758900,세금계산서,PP,Y,인쇄,조회
20150303-1,신영화학,Toluene(톨루엔),37950,세금계산서,PP,Y,인쇄,조회
20150302-2,프로켐 주식회사,5000S(PE원료),19668000,세금계산서,PE,Y,인쇄,조회
20150302-1,유원기획,동판비 [동판비],88000,세금계산서,PP,Y,인쇄,조회
20150228-1,(주)엘지화학,H5300 [H5300],23100000,세금계산서,PP,Y,인쇄,조회
20150227-3,동진씨엔피,경인팩 2KG [320*190*780] 외  2건,2398000,세금계산서,PE,Y,인쇄,조회
20150227-2,삼현산업팩,STEEL 16.0MM*0.50MM*13KG BLACK MINI RIBBON [16.0MM*0.50MM*13KG BLACK MINI RIBBON],847240,영세율,PP,Y,인쇄,조회
20150227-1,백암지관공업사,지관 200 [지관 200＊8＊189] 외  2건,2377056,세금계산서,PP,Y,인쇄,조회
20150226-4,삼보팩,미국박스 580 [580*170*580],368940,세금계산서,PP,Y,인쇄,조회
20150226-3,삼환강업(주),STEEL 19MMx0.50MMx15KG BLACK MINI RIBBON [STEEL 19MMx0.50x15KG BLACK MINI RIBBON],2681995,영세율,PP,Y,인쇄,조회
20150226-2,영창프라스틱,STOPPER 50 PCS [STOPPER 50 PCS 투명],1955254,영세율,영창프라스틱,Y,인쇄,조회
20150226-1,(주)엘지화학,H5300 [H5300],15400000,세금계산서,PP,Y,인쇄,조회
20150225-1,프로켐 주식회사,MF5000(PE원료),12760000,세금계산서,PE,Y,인쇄,조회
20150224-6,(주)경남케미칼,MB 510-2 [M／B 510-2 (BLUE)] 외  2건,990000,세금계산서,PP,Y,인쇄,조회
20150224-5,(주)그린엔텍,PP원료,34355200,세금계산서,PP,Y,인쇄,조회
20150224-4,(주)스피드랩코리아,스트레치필름 [0.015T*500W*350M(인도네시아)] 외  4건,148500,세금계산서,PP,Y,인쇄,조회
20150224-3,성신목재,팔레트 860*1290 [860*1290] 외  3건,86350,세금계산서,PP,Y,인쇄,조회
20150224-2,백암지관공업사,지관 200 [지관 200＊4＊189] 외  1건,742341,세금계산서,PP,Y,인쇄,조회
20150224-1,제이케이머티리얼즈(주),PP원료,28223250,세금계산서,PP,Y,인쇄,조회
20150223-2,(주)삼신,PP원료,21692000,세금계산서,PP,Y,인쇄,조회
20150223-1,금성상회,PP원료,14729000,세금계산서,PP,Y,인쇄,조회
20150217-2,진영프라스틱,PP원료 [은색],11220000,세금계산서,PP,Y,인쇄,조회
20150217-1,삼보팩,패드 400 [패드 400＊200 (레드)],841500,세금계산서,PP,Y,인쇄,조회
20150216-1,성신목재,팔레트 1100*1000 [1100*1000] 외  5건,361680,세금계산서,PP,Y,인쇄,조회
20150214-1,대림프라스틱(주),팔레트 1100*1100*120 [1100*1100*120],1122000,세금계산서,PP,Y,인쇄,조회
20150213-1,백암지관공업사,지관 280 [지관 280＊8＊187] 외  2건,2166234,세금계산서,PP,Y,인쇄,조회
20150211-3,삼보팩,패드 420 [패드 420＊200] 외  1건,1595000,세금계산서,PP,Y,인쇄,조회
20150211-2,금성상회,PP원료 [A급] 외  1건,9331300,세금계산서,PP,Y,인쇄,조회
20150211-1,제이케이머티리얼즈(주),PP원료,4149750,세금계산서,PP,Y,인쇄,조회
20150210-3,백암지관공업사,지관 200 [지관 200＊8＊189],960960,세금계산서,PP,Y,인쇄,조회
20150210-2,(주)경남케미칼,UV-NATURAL 외  1건,1034000,세금계산서,PP,Y,인쇄,조회
20150210-1,(주)엘지화학,H5300 [H5300],23100000,세금계산서,PP,Y,인쇄,조회
20150209-1,프로켐 주식회사,MF5000(PE원료),19140000,세금계산서,PE,Y,인쇄,조회
20150206-2,삼보팩,PB청 540* (삼성) [540*200],1408000,세금계산서,PP,Y,인쇄,조회
20150206-1,백암지관공업사,지관 200 [지관 200＊8＊189] 외  1건,815214,세금계산서,PP,Y,인쇄,조회
20150205-2,에이스인쇄,MADE IN KOREA(인쇄),66990,세금계산서,PE,Y,인쇄,조회
20150205-1,동진씨엔피,박스 DF [480 320 380] 외  1건,2443870,세금계산서,PE,Y,인쇄,조회
20150204-2,(주)엘지화학,H5300 [H5300],3080000,세금계산서,PP,Y,인쇄,조회
20150204-1,성신목재,팔레트 1100*1100 [1100*1100] 외  3건,190960,세금계산서,PP,Y,인쇄,조회
20150203-3,지에스칼텍스(주),H430 [500KG],7755000,세금계산서,PP,Y,인쇄,조회
20150203-2,백암지관공업사,지관 50 [지관 50＊5＊181] 외  1건,1228101,세금계산서,PE,Y,인쇄,조회
20150203-1,프로켐 주식회사,MF5000(PE원료),19140000,세금계산서,PE,Y,인쇄,조회
20150202-4,(주)경남케미칼,MB 510-2 [M／B 510-2 (BLUE)],715000,세금계산서,PP,Y,인쇄,조회
20150202-3,동방포장기자재,스트레치필름(기능 핸드랩) [12* 500mm *400m],589600,세금계산서,PP,Y,인쇄,조회
20150202-2,지에스칼텍스(주),H430-B (O.G) [25kg],22110000,세금계산서,PP,Y,인쇄,조회
20150202-1,제이케이머티리얼즈(주),PP원료,18595500,세금계산서,PP,Y,인쇄,조회
20150131-3,금성상회,PP원료,14300000,세금계산서,PP,Y,인쇄,조회
20150131-2,두성엔지니어링,캠용 기어가공 [m1.5*61T] 외  1건,104500,세금계산서,PP,Y,인쇄,조회
20150130-2,성신목재,팔레트 1260*840 [1260*840] 외  2건,369600,세금계산서,PP,Y,인쇄,조회
20150130-1,백암지관공업사,지관 200 [지관 200＊8＊189],960960,세금계산서,PP,Y,인쇄,조회
20150129-1,대한테크,PP METAL SEAL 19MM*0.80MM*32MM [SEAL 19MM*0.80MM*32MM],2420000,세금계산서,PP,Y,인쇄,조회
20150127-4,일신화학공업(주),스트레치필름(일반 핸드랩) [15*500mm*450m],1846152,세금계산서,자강산업,Y,인쇄,조회
20150127-3,(주)삼신,PP원료,22506880,세금계산서,PP,Y,인쇄,조회
20150127-2,(주)태진케미칼,PP원료 [가공원료],2195600,세금계산서,PP,Y,인쇄,조회
20150127-1,백암지관공업사,지관 280 [지관 280＊8＊187] 외  1건,873180,세금계산서,PP,Y,인쇄,조회
20150123-2,(주)엘지화학,H5300 [H5300],19140000,세금계산서,PP,Y,인쇄,조회
20150123-1,백암지관공업사,지관 50 [지관 50＊5＊181],2178000,세금계산서,PE,Y,인쇄,조회
20150122-3,백암지관공업사,지관 200 [지관 200＊4＊189] 외  1건,742341,세금계산서,PP,Y,인쇄,조회
20150122-2,프로켐 주식회사,5000S,19800000,세금계산서,PE,Y,인쇄,조회
20150122-1,삼보팩,미국박스 580 [580*170*580],368940,세금계산서,PP,Y,인쇄,조회
20150121-2,성신목재,팔레트 1290＊860 [1290＊860] 외  3건,176000,세금계산서,PP,Y,인쇄,조회
20150121-1,두성엔지니어링,캠용 기어가공 [M1.5*61T],231000,세금계산서,PP,Y,인쇄,조회
20150120-1,일신화학공업(주),스트레치랩(일반 기계랩) [25*500mm*1400m(0.025T*500W*1400M)],5667200,세금계산서,,Y,인쇄,조회
20150119-1,백암지관공업사,지관 406 [지관 406＊6＊155] 외  1건,641238,세금계산서,PP,Y,인쇄,조회
20150116-2,(주)엘지화학,H5300 [H5300],19140000,세금계산서,PP,Y,인쇄,조회
20150116-1,제이케이머티리얼즈(주),PP원료,26326080,세금계산서,PP,Y,인쇄,조회
20150115-2,(주)경남케미칼,MB 307 [M／B 307 Yellow] 외  1건,962500,세금계산서,PP,Y,인쇄,조회
20150115-1,삼현산업팩,피피클립(PP클립) [19*28],3520,세금계산서,삼현산업팩,Y,인쇄,조회
20150114-3,백암지관공업사,지관 200 [지관 200＊4＊189],669468,세금계산서,PP,Y,인쇄,조회
20150114-2,지에스칼텍스(주),H710-B (O.G) [500kg],18348000,세금계산서,PP,Y,인쇄,조회
20150114-1,삼보팩,PP청 450*(광림) [450*200] 외  1건,1042800,세금계산서,PP,Y,인쇄,조회
20150113-1,프로켐 주식회사,MF5000(PE원료),19800000,세금계산서,PE,Y,인쇄,조회
20150109-2,백암지관공업사,지관 200 [지관 200＊8＊186] 외  1건,960960,세금계산서,PP,Y,인쇄,조회
20150109-1,제이케이머티리얼즈(주),PP원료,4303530,세금계산서,PP,Y,인쇄,조회
20150108-1,(주)동원화학,우편물 자동파속끈3호 [6mm x 2250mx5kg(황색)],88000,세금계산서,PP,Y,인쇄,조회
20150107-5,삼보팩,패드 430 [패드 430＊200 (무지)] 외  1건,1507000,세금계산서,PP,Y,인쇄,조회
20150107-4,백암지관공업사,지관 50 [지관 50＊5＊181] 외  2건,1224883,세금계산서,PP,Y,인쇄,조회
20150107-3,(주)태진케미칼,PP원료 [가공원료],2427040,세금계산서,PP,Y,인쇄,조회
20150107-2,금정기획,라벨(아트지) [50*30] 외  1건,352000,세금계산서,PP,Y,인쇄,조회
20150107-1,(주)삼신,PP원료,22795828,세금계산서,PP,Y,인쇄,조회
20150106-1,성은산업,수축필름 [220*145 (고메리)],792000,세금계산서,PP,Y,인쇄,조회
20150105-7,(주)경남케미칼,MB 510-2 [M／B 510-2 (BLUE)] 외  1건,915750,세금계산서,PP,Y,인쇄,조회
20150105-6,삼보팩,PB청 540* (삼성) [540*200] 외  2건,3030500,세금계산서,PP,Y,인쇄,조회
20150105-5,백암지관공업사,지관 200 [지관 200＊8＊189] 외  1건,888087,세금계산서,PP,Y,인쇄,조회
20150105-3,효창산업,CALPET - FP [CALPET - FP],3300000,세금계산서,PP,Y,인쇄,조회
20150105-2,진영프라스틱,PP원료 [청색] 외  1건,14300000,세금계산서,PP,Y,인쇄,조회
20150105-1,영창프라스틱,STOPPER 50 PCS [STOPPER 50 PCS 투명],967178,영세율,영창프라스틱,Y,인쇄,조회
20150102-1,프로켐 주식회사,MF5000(PE원료),19800000,세금계산서,PE,Y,인쇄,조회
20141231-1,대양스트랩(주),PET 15.62X0.89X1220M [PET 15.62X0.89X1220M D/G SMOOTH],4732800,영세율,PP,Y,인쇄,조회
20141229-3,프로켐 주식회사,MF5000(PE원료),10791000,세금계산서,PE,Y,인쇄,조회
20141229-2,백암지관공업사,지관 50 [지관 50＊5＊225] 외  1건,1195920,세금계산서,PE,Y,인쇄,조회
20141229-1,제이케이머티리얼즈(주),PP원료,4495436,세금계산서,PP,Y,인쇄,조회
20141227-2,(주)엘지화학,H5300 [H5300],18612000,세금계산서,PP,Y,인쇄,조회
20141227-1,(주)엘지화학,H5300 [H5300],27918000,세금계산서,PP,Y,인쇄,조회
20141226-3,성신목재,팔레트 1440*830 [1440*830] 외  3건,410520,세금계산서,PP,Y,인쇄,조회
20141226-2,삼보팩,타이거팩 4500 C/T 320 [320*130*320] 외  5건,2988590,세금계산서,PP,Y,인쇄,조회
20141226-1,(주)삼신,PP원료,22988735,세금계산서,PP,Y,인쇄,조회
20141224-3,동진씨엔피,박스 D6 [465 455 245] 외  3건,2129380,세금계산서,PE,Y,인쇄,조회
20141224-2,백암지관공업사,지관 200 [지관 200＊4＊189] 외  1건,742341,세금계산서,PP,Y,인쇄,조회
20141224-1,금정기획,라벨(아트지도안 타이거팩) 4502 [120*65] 외  1건,88000,세금계산서,PP,Y,인쇄,조회
20141223-2,프로켐 주식회사,MF5000(PE원료) 외  1건,8992500,세금계산서,PP,Y,인쇄,조회
20141223-1,삼보팩,미국박스 [440 200 445] 외  1건,2440900,세금계산서,PP,Y,인쇄,조회
20141222-1,백암지관공업사,지관 50 [지관 50＊5＊181] 외  1건,2345367,세금계산서,PE,Y,인쇄,조회
20141219-1,백암지관공업사,지관 200 [지관 200＊8＊189] 외  1건,786984,세금계산서,PP,Y,인쇄,조회
20141218-2,대림프라스틱(주),팔레트 1100*1100*120 [1100*1100*120],1122000,세금계산서,PP,Y,인쇄,조회
20141218-1,효창산업,CALPET - FP [CALPET - FP],55000,세금계산서,PP,Y,인쇄,조회
20141217-1,백암지관공업사,지관 200 [지관 200＊4＊189],708092,세금계산서,PP,Y,인쇄,조회
20141216-3,성신목재,팔레트 1320*890 [1320*890] 외  2건,387200,세금계산서,PP,Y,인쇄,조회
20141216-2,(주)경남케미칼,MB 307 [M／B 307 Yellow] 외  2건,1045000,세금계산서,PP,Y,인쇄,조회
20141216-1,(주)삼신,PE원료 [재생],24540450,세금계산서,PE,Y,인쇄,조회
20141215-2,삼보팩,서플라이웨이BOX(White) [440*200*445] 외  2건,1787170,세금계산서,PP,Y,인쇄,조회
20141215-1,제이케이머티리얼즈(주),PP원료,4479816,세금계산서,PP,Y,인쇄,조회
20141212-4,성신목재,팔레트1100*1100 열처리(도면) [1100*1100],435600,세금계산서,PP,Y,인쇄,조회
20141212-3,삼환강업(주),STEEL 19MMx0.50MMx15KG BLACK MINI RIBBON [STEEL 19MMx0.50x15KG BLACK MINI RIBBON],2834895,영세율,PP,Y,인쇄,조회
20141212-2,삼현산업팩,STEEL 16.0MM*0.50MM*13KG BLACK MINI RIBBON [16.0MM*0.50MM*13KG BLACK MINI RIBBON],847240,영세율,PP,Y,인쇄,조회
20141212-1,삼보팩,패드 420 [패드 420＊200] 외  1건,1562000,세금계산서,PP,Y,인쇄,조회
20141211-3,에이스인쇄,모조지 STICKER [모조지 STICKER],38500,세금계산서,PP,Y,인쇄,조회
20141211-2,(주)삼신,PP원료,23946450,세금계산서,PP,Y,인쇄,조회
20141211-1,(주)삼신,PP원료,20706400,세금계산서,PP,Y,인쇄,조회
20141210-3,(주)태진케미칼,PP원료,8525000,세금계산서,PP,Y,인쇄,조회
20141210-2,(주)경남케미칼,MB 510-2 [M／B 510-2 (BLUE)] 외  3건,1325500,세금계산서,PP,Y,인쇄,조회
20141210-1,(주)그린엔텍,HP629J [pp원료],50490000,세금계산서,PP,Y,인쇄,조회
20141209-2,백암지관공업사,지관 200 [지관 200＊4＊189],669468,세금계산서,PP,Y,인쇄,조회
20141208-3,성신목재,팔레트 1100*1100 [1100*1100] 외  7건,277640,세금계산서,PP,Y,인쇄,조회
20141208-2,백암지관공업사,지관 200 [지관 200＊8＊189] 외  1건,900961,세금계산서,PP,Y,인쇄,조회
20141208-1,프로켐 주식회사,MF5000(PE원료),21582000,세금계산서,PP,Y,인쇄,조회
20141205-2,제이케이머티리얼즈(주),PP원료,4542296,세금계산서,PP,Y,인쇄,조회
20141205-1,삼보팩,패드 430 [패드 430＊200 (무지)],797500,세금계산서,PP,Y,인쇄,조회
20141203-2,백암지관공업사,지관 200 [지관 200＊8＊189],960960,세금계산서,PP,Y,인쇄,조회
20141203-1,대림프라스틱(주),팔레트 1100*1100*120 [1100*1100*120],448800,세금계산서,PP,Y,인쇄,조회
20141201-2,동진씨엔피,고메리 3입 (C/T) [360*355*385] 외  3건,3210900,세금계산서,PE,Y,인쇄,조회
20141201-1,백암지관공업사,지관 200 [지관 200＊8＊189] 외  1건,888087,세금계산서,PP,Y,인쇄,조회
20141129-1,(주)엘지화학,H5300 [H5300] 외  1건,44000000,세금계산서,PP,Y,인쇄,조회
20141128-2,(주)제일에스엔씨,스트레치랩(일반 기계랩) [25*500mm*1400m(0.025T*500W*1400M)] 외  2건,5742880,세금계산서,PP,Y,인쇄,조회
20141128-1,제이케이머티리얼즈(주),PP원료,3064644,세금계산서,PP,Y,인쇄,조회
20141126-3,삼보팩,고메리 3입(IN) [345*340*390],432300,세금계산서,PP,Y,인쇄,조회
20141126-2,(주)엘지화학,H5300 [H5300],14432000,세금계산서,PP,Y,인쇄,조회
20141126-1,백암지관공업사,지관 200 [지관 200＊8＊189] 외  1건,815214,세금계산서,PP,Y,인쇄,조회
20141125-1,제이케이머티리얼즈(주),PP원료,21305680,세금계산서,PP,Y,인쇄,조회
20141124-3,동방포장기자재,스트레치필름(기능 핸드랩) [12* 500mm *400m] 외  1건,639100,세금계산서,PP,Y,인쇄,조회
20141124-2,삼보팩,PP청 400*(광림) [400*200] 외  4건,4815943,세금계산서,PP,Y,인쇄,조회
20141124-1,진영프라스틱,PP원료 외  1건,18562500,세금계산서,PP,Y,인쇄,조회
20141121-2,(주)경남케미칼,MB 307 [M／B 307 Yellow] 외  3건,1342000,세금계산서,PP,Y,인쇄,조회
20141121-1,동원화학수지,PP원료,7271220,세금계산서,PP,Y,인쇄,조회
20141120-1,(주)삼신,PE원료 [재생],23997600,세금계산서,PE,Y,인쇄,조회
20141119-3,(주)엘지화학,H5300 [H5300],21648000,세금계산서,PP,Y,인쇄,조회
20141119-2,성신목재,팔레트 1200＊800 [1200＊800] 외  1건,63800,세금계산서,PP,Y,인쇄,조회
20141119-1,백암지관공업사,지관 280 [지관 280＊8＊187] 외  2건,938630,세금계산서,PP,Y,인쇄,조회
20141118-3,프로켐 주식회사,MF5000(PE원료),22242000,세금계산서,PE,Y,인쇄,조회
20141118-2,진영프라스틱,PE원료 [재생],5775000,세금계산서,PE,Y,인쇄,조회
20141118-1,진영프라스틱,PP원료,1993750,세금계산서,PP,Y,인쇄,조회
20141117-1,(주)태진케미칼,PP원료 [가공원료],4386800,세금계산서,PP,Y,인쇄,조회
20141114-2,백암지관공업사,지관 280 [지관 280＊8＊187],379500,세금계산서,PP,Y,인쇄,조회
20141114-1,진영프라스틱,PP원료 [은색] 외  1건,5431250,세금계산서,PP,Y,인쇄,조회
20141113-4,창미포장기계,수축필름 [15인치x1332mx0.015T (sanyu 포장)],306900,세금계산서,PP,Y,인쇄,조회
20141113-3,백암지관공업사,지관 200 [지관 200＊8＊189] 외  1건,779301,세금계산서,PP,Y,인쇄,조회
20141113-2,(주)삼신,PP원료,24030600,세금계산서,PP,Y,인쇄,조회
20141113-1,동진씨엔피,경인팩 2KG [320*190*780],998844,세금계산서,PE,Y,인쇄,조회
20141112-2,지에스칼텍스(주),H430-A (O.G) [25KG],18418400,세금계산서,PP,Y,인쇄,조회
20141112-1,성신목재,팔레트 860*1290 [860*1290] 외  7건,788040,세금계산서,PP,Y,인쇄,조회
20141111-1,금정기획,라벨(아트지삼성)100*100 [[100*100 ]],297000,세금계산서,PP,Y,인쇄,조회
20141110-1,백암지관공업사,지관 280 [지관 280＊8＊187] 외  1건,1005620,세금계산서,PP,Y,인쇄,조회
20141107-3,프로켐 주식회사,MF5000(PE원료),22242000,세금계산서,PE,Y,인쇄,조회
20141107-2,삼보팩,PB청 540* (삼성) [540*200],1154560,세금계산서,PP,Y,인쇄,조회
20141107-1,대림프라스틱(주),팔레트 1100*1100*120 [1100*1100*120],448800,세금계산서,PP,Y,인쇄,조회
20141106-5,(주)제일에스엔씨,스트레치필름(일반 핸드랩) [15*500mm*400m],1879020,세금계산서,PP,Y,인쇄,조회
20141106-4,삼보팩,무인쇄톰슨접착 320 [320*130*320] 외  1건,2216500,세금계산서,PP,Y,인쇄,조회
20141106-3,영창프라스틱,STOPPER 50 PCS [STOPPER 50 PCS 투명],721046,영세율,PP,Y,인쇄,조회
20141106-2,금성상회,PP원료,17043180,세금계산서,PP,Y,인쇄,조회
20141106-1,제이케이머티리얼즈(주),PP원료,4732860,세금계산서,PP,Y,인쇄,조회
20141105-4,백암지관공업사,지관 200 [지관 200＊8＊189],776160,세금계산서,PP,Y,인쇄,조회
20141105-3,진영프라스틱,PP원료 [은색] 외  1건,7218750,세금계산서,PP,Y,인쇄,조회
20141105-2,(주)삼신,PP원료,5228850,세금계산서,PP,Y,인쇄,조회
20141105-1,제이케이머티리얼즈(주),PP원료,19946740,세금계산서,PP,Y,인쇄,조회
20141104-2,(주)경남케미칼,MB 307 [M／B 307 Yellow] 외  2건,1221000,세금계산서,PP,Y,인쇄,조회
20141104-1,원영포리머(주),PP원료 [ppa],-11880000,세금계산서,PP,Y,인쇄,조회
20141030-3,백암지관공업사,지관 280 [지관 280＊8＊187] 외  1건,983840,세금계산서,PP,Y,인쇄,조회
20141030-2,(주)삼신,PE원료 [재생],24406800,세금계산서,PE,Y,인쇄,조회
20141030-1,(주)제일에스엔씨,스트레치필름(일반 핸드) [18*500*400],1503040,세금계산서,PP,Y,인쇄,조회
20141029-2,신영화학,Toluene(톨루엔),62700,세금계산서,PP,Y,인쇄,조회
20141028-2,백암지관공업사,지관 50 [지관 50＊5＊181] 외  1건,2376000,세금계산서,PE,Y,인쇄,조회
20141027-3,원영포리머(주),PP원료,12540000,세금계산서,PP,Y,인쇄,조회
20141027-2,(주)제일에스엔씨,스트레치필름(일반 핸드랩) [20*500mm*380m],-198330,세금계산서,PP,Y,인쇄,조회
20141027-1,대림프라스틱(주),팔레트 1100*1100*120 [1100*1100*120],448800,세금계산서,PP,Y,인쇄,조회
20141024-6,지에스칼텍스(주),H710-B (O.G) [25KG],16236000,세금계산서,PP,Y,인쇄,조회
20141024-5,프로켐 주식회사,MF5000(PE원료),22968000,세금계산서,PP,Y,인쇄,조회
20141024-4,백암지관공업사,지관 200 [지관 200＊8＊189],960960,세금계산서,PP,Y,인쇄,조회
20141024-3,금성상회,PP원료 [opp],16491640,세금계산서,PP,Y,인쇄,조회
20141024-2,삼보팩,패드 430 [패드 430＊200 (무지)],797500,세금계산서,PP,Y,인쇄,조회
20141024-1,금정기획,라벨(아트지삼성)100*100 [[100*100 ]],55000,세금계산서,PP,Y,인쇄,조회
20141023-3,성신목재,팔레트1100*1100 열처리(도면) [1100*1100],435600,세금계산서,PP,Y,인쇄,조회
20141023-2,지에스칼텍스(주),H710-B (O.G) [25KG],25256000,세금계산서,PP,Y,인쇄,조회
20141023-1,(주)삼신,PP원료,24235200,세금계산서,PP,Y,인쇄,조회
20141021-2,지에스칼텍스(주),5850Y-A (0.G) [(PP원료)] 외  1건,21648000,세금계산서,PP,Y,인쇄,조회
20141021-1,백암지관공업사,지관 280 [지관 280＊8＊187] 외  2건,1541988,세금계산서,PP,Y,인쇄,조회
20141020-2,(주)경남케미칼,MB 100B（ [M／B 100B（WHITE）] 외  3건,1144000,세금계산서,PP,Y,인쇄,조회
20141020-1,성신목재,팔레트 840*1260 [840*1260] 외  3건,88000,세금계산서,PP,Y,인쇄,조회
20141017-2,(주)엘지화학,H5300 [H5300],22440000,세금계산서,PP,Y,인쇄,조회
20141017-1,진영프라스틱,PP원료 [은색],2475000,세금계산서,PP,Y,인쇄,조회
20141016-1,성신목재,팔레트 1380＊920 [1380＊920] 외  3건,176000,세금계산서,PP,Y,인쇄,조회
20141015-3,(주)제일에스엔씨,스트레치필름(일반 핸드랩) [20*500mm*400m] 외  1건,1173810,세금계산서,PP,Y,인쇄,조회
20141015-2,백암지관공업사,지관 280 [지관 280＊8＊187] 외  1건,793724,세금계산서,PP,Y,인쇄,조회
20141015-1,제이케이머티리얼즈(주),PP원료,13771230,세금계산서,PP,Y,인쇄,조회
20141014-4,프로켐 주식회사,MF5000(PE원료),22968000,세금계산서,PP,Y,인쇄,조회
20141014-3,(주)엘지화학,H5300 [H5300],22440000,세금계산서,PP,Y,인쇄,조회
20141014-2,두성엔지니어링,타이밍 [폴리가공10t(L Type)] 외  1건,445500,세금계산서,PP,Y,인쇄,조회
20141014-1,(주)삼신,PP원료,24184050,세금계산서,PP,Y,인쇄,조회
20141013-2,삼보팩,PB청450*200 (POWER BAND) [450*200],547800,세금계산서,PP,Y,인쇄,조회
20141013-1,백암지관공업사,지관 200 [지관 200＊8＊189] 외  4건,3592327,세금계산서,PP,Y,인쇄,조회
20141008-4,효창산업,CALPET [CALPET],2904000,세금계산서,PP,Y,인쇄,조회
20141008-3,백암지관공업사,지관 280 [지관 280＊8＊187] 외  1건,1006720,세금계산서,PP,Y,인쇄,조회
20141008-2,동방포장기자재,스트레치필름(기계랩) - 기능성 [18*300mm*1700m] 외  1건,2090000,세금계산서,PP,Y,인쇄,조회
20141008-1,(주)삼신,PP원료,24609750,세금계산서,PP,Y,인쇄,조회
20141007-2,금성상회,PE원료 [재생],8690000,세금계산서,PE,Y,인쇄,조회
20141007-1,(주)엘지화학,H5300 [H5300],22440000,세금계산서,PP,Y,인쇄,조회
20141006-2,대림프라스틱(주),팔레트 1100*1100*120 [1100*1100*120],448800,세금계산서,PP,Y,인쇄,조회
20141006-1,프로켐 주식회사,MF5000(PE원료),26796000,세금계산서,PE,Y,인쇄,조회
20141002-3,제이케이머티리얼즈(주),PP원료,4670160,세금계산서,PP,Y,인쇄,조회
20141002-2,삼보팩,평면골판지 [구래단 (880mm x 50000mm)],511500,세금계산서,PP,Y,인쇄,조회
20141002-1,백암지관공업사,지관 280 [지관 280＊8＊187] 외  1건,759187,세금계산서,PP,Y,인쇄,조회
20141001-3,백암지관공업사,지관 50 [지관 50＊5＊181],1996500,세금계산서,PE,Y,인쇄,조회
20141001-2,(주)제일에스엔씨,스트레치랩(일반) [25*500mm*1400m(0.025T*500W*1400M)],4427500,세금계산서,PP,Y,인쇄,조회
20141001-1,두성엔지니어링,엠보로라 외경연마 외  1건,616000,세금계산서,PP,Y,인쇄,조회
20140930-3,한국바코드시스템,라벨(아트지도안황색) [[86*46 ]] 외  2건,264000,세금계산서,PP,Y,인쇄,조회
20140930-2,동방포장기자재,스트레치필름(기계랩) - 기능성 [18*300mm*1700m(자동랩)],280500,세금계산서,PP,Y,인쇄,조회
20140930-1,백암지관공업사,지관 280 [지관 280＊8＊187] 외  1건,1118238,세금계산서,PP,Y,인쇄,조회
20140929-2,금정기획,라벨(아트지1888903) [110*45] 외  2건,302500,세금계산서,PP,Y,인쇄,조회
20140929-1,두성엔지니어링,밴드노즐 [와이어수정가공],132000,세금계산서,PP,Y,인쇄,조회
20140926-4,(주)엘지화학,H5300 [H5300],22440000,세금계산서,PP,Y,인쇄,조회
20140926-3,삼보팩,패드 430 [패드 430＊200 (무지)],797500,세금계산서,PP,Y,인쇄,조회
20140926-2,(주)한온,OPP-TAPE [OPP-TAPE 50＊50 (일반)] 외  1건,935000,세금계산서,PE,Y,인쇄,조회
20140926-1,진영프라스틱,PP원료,7975000,세금계산서,PP,Y,인쇄,조회
20140925-6,프로켐 주식회사,MF5000(PE원료),23364000,세금계산서,PE,Y,인쇄,조회
20140925-5,대양스트랩(주),PET 15.62X0.89X1220M [PET 15.62X0.89X1220M D/G SMOOTH] 외  1건,10293600,영세율,PP,Y,인쇄,조회
20140925-4,진흥산업,폴리백 26＊44 [폴리백 26＊44] 외  1건,1584000,세금계산서,PP,Y,인쇄,조회
20140925-2,백암지관공업사,지관 200 [지관 200＊8＊189] 외  1건,943989,세금계산서,PP,Y,인쇄,조회
20140925-1,(주)경남케미칼,MB 307 [M／B 307 Yellow] 외  3건,907500,세금계산서,PP,Y,인쇄,조회
20140924-1,(주)엘지화학,H5300 [H5300],22440000,세금계산서,PP,Y,인쇄,조회
20140922-3,성신목재,팔레트 860*1290 [860*1290] 외  6건,804760,세금계산서,PP,Y,인쇄,조회
20140922-2,대림프라스틱(주),팔레트 1100*1100*120 [1100*1100*120],448800,세금계산서,PP,Y,인쇄,조회
20140922-1,백암지관공업사,지관 50 [지관 50＊5＊181] 외  2건,2750695,세금계산서,PP,Y,인쇄,조회
20140919-2,삼환강업(주),STEEL 19MMx0.56x16KG BLACK MINI RIBBON [STEEL 19MMx0.56x16KG BLACK MINI RIBBON] 외  1건,15013095,영세율,PP,Y,인쇄,조회
20140919-1,(주)삼신,PP원료,23636250,세금계산서,PP,Y,인쇄,조회
20140918-2,백암지관공업사,지관 280 [지관 280＊8＊187] 외  2건,891475,세금계산서,PP,Y,인쇄,조회
20140918-1,동진씨엔피,박스 D-28폴리테잎 [760 310 205] 외  2건,2486000,세금계산서,PE,Y,인쇄,조회
20140917-3,삼보팩,패드540(무인쇄) [패드540*200] 외  2건,2546280,세금계산서,PP,Y,인쇄,조회
20140917-2,(주)엘지화학,H5300 [H5300],18700000,세금계산서,PP,Y,인쇄,조회
20140917-1,(주)제일에스엔씨,스트레치필름(기능성)핸드랩 [12mic * 500mm *400m] 외  1건,1937320,세금계산서,PP,Y,인쇄,조회
20140916-1,삼보팩,패드 480 [패드 480＊200] 외  3건,3426720,세금계산서,PP,Y,인쇄,조회
20140915-2,성신목재,팔레트 1100*1100 [1100*1100] 외  1건,179080,세금계산서,PP,Y,인쇄,조회
20140915-1,백암지관공업사,지관 200 [지관 200＊8＊189] 외  2건,904075,세금계산서,PP,Y,인쇄,조회
20140912-4,프로켐 주식회사,MF5000(PE원료),23364000,세금계산서,PE,Y,인쇄,조회
20140912-3,한국바코드시스템,라벨(아트지도안HR-901) [[125*65 ]] 외  2건,726000,세금계산서,PP,Y,인쇄,조회
20140912-2,(주)삼신,PP원료,24157650,세금계산서,PP,Y,인쇄,조회
20140912-1,(주)제일에스엔씨,스트레치필름(핸드랩) [18*500mm*380m] 외  1건,1507440,세금계산서,PP,Y,인쇄,조회
20140911-2,삼보팩,스넬 C/T 260* [260*132*263],1056000,세금계산서,PP,Y,인쇄,조회
20140911-1,(주)경남케미칼,MB 510-2 [M／B 510-2 (BLUE)] 외  4건,878625,세금계산서,PP,Y,인쇄,조회
20140910-1,한국바코드시스템,라벨(아트지도안2T) [[76*156 ]] 외  1건,506000,세금계산서,PP,Y,인쇄,조회
20140905-2,삼보팩,PP청 400*(광림) [400*200],495000,세금계산서,PP,Y,인쇄,조회
20140905-1,백암지관공업사,지관 200 [지관 200＊8＊189] 외  1건,779871,세금계산서,PP,Y,인쇄,조회
20140904-1,대림프라스틱(주),팔레트 1100*1100*120 [1100*1100*120],448800,세금계산서,PP,Y,인쇄,조회
20140902-1,제이케이머티리얼즈(주),PP원료,21459130,세금계산서,PP,Y,인쇄,조회
20140901-4,동진씨엔피,박스-내수PE(무인쇄) [320*190*780],-506000,세금계산서,PE,Y,인쇄,조회
20140901-3,동진씨엔피,박스-내수PE(무인쇄) [320*190*780],506000,세금계산서,PE,Y,인쇄,조회
20140901-2,성신목재,팔레트 1440*830 [1440*830] 외  3건,410520,세금계산서,PP,Y,인쇄,조회
20140901-1,백암지관공업사,지관 200 [지관 200＊8＊189] 외  1건,1313202,세금계산서,PP,Y,인쇄,조회
20140830-2,동진씨엔피,박스-내수PE(무인쇄) [320*190*780],506000,세금계산서,PE,Y,인쇄,조회
20140830-1,(주)엘지화학,H5300 [H5300],28215000,세금계산서,PP,Y,인쇄,조회
20140829-3,삼보팩,무인쇄톰슨접착 430 [430*130*430] 외  2건,3133878,세금계산서,PP,Y,인쇄,조회
20140829-2,(주)제일에스엔씨,스트레치필름(일반 핸드) [20*500*400] 외  1건,113960,세금계산서,PP,Y,인쇄,조회
20140829-1,(주)삼신,PP원료,24731850,세금계산서,PP,Y,인쇄,조회
20140828-3,삼보팩,옴니 C/T 320 [320*130*320] 외  4건,4991800,세금계산서,PP,Y,인쇄,조회
20140828-2,백암지관공업사,지관 280 [지관 280＊8＊187] 외  1건,919347,세금계산서,PP,Y,인쇄,조회
20140828-1,성원판지 주식회사,크래프트지 합지가공비 [55*55*1000*900],702900,세금계산서,PP,Y,인쇄,조회
20140827-2,금성상회,PP원료 [호프렌],8250000,세금계산서,PP,Y,인쇄,조회
20140827-1,금정기획,라벨(아트지도안옴니) [80*100] 외  1건,365200,세금계산서,PP,Y,인쇄,조회
20140826-3,(주)삼신,PE원료 [재생],16283256,세금계산서,PE,Y,인쇄,조회
20140826-2,(주)그린엔텍,PP원료,43549000,세금계산서,PP,Y,인쇄,조회
20140826-1,백암지관공업사,지관 200 [지관 200＊8＊189] 외  1건,827226,세금계산서,PP,Y,인쇄,조회
20140825-2,(주)경남케미칼,MB 510-2 [M／B 510-2 (BLUE)] 외  1건,808500,세금계산서,PP,Y,인쇄,조회
20140825-1,(주)제일에스엔씨,스트레치필름(일반 핸드) [18*500*400],357060,세금계산서,PP,Y,인쇄,조회
20140822-6,창미포장기계,수축필름 [15인치x1332mx0.015T (sanyu 포장)],460350,세금계산서,PP,Y,인쇄,조회
20140822-5,진영프라스틱,PP원료 [ppta] 외  1건,5225000,세금계산서,PP,Y,인쇄,조회
20140822-4,(주)신흥케미칼,PP원료,7975000,세금계산서,PE,Y,인쇄,조회
20140822-3,프로켐 주식회사,MF5000(PE원료),23364000,세금계산서,PP,Y,인쇄,조회
20140822-2,영창프라스틱,STOPPER 50 PCS [STOPPER 50 PCS 투명] 외  1건,633589,영세율,영창프라스틱,Y,인쇄,조회
20140822-1,제이케이머티리얼즈(주),PP원료,4606360,세금계산서,PP,Y,인쇄,조회
20140821-3,삼보팩,패드540(무인쇄) [패드540*200] 외  3건,3017300,세금계산서,PP,Y,인쇄,조회
20140821-2,(주)제일에스엔씨,스트레치필름(일반 핸드) [20*500*400],793320,세금계산서,PP,Y,인쇄,조회
20140821-1,대림프라스틱(주),팔레트 1100*1100*120 [1100*1100*120],448800,세금계산서,PP,Y,인쇄,조회
20140820-3,성신목재,팔레트 1100*1100 [1100*1100] 외  3건,185680,세금계산서,PP,Y,인쇄,조회
20140820-2,백암지관공업사,지관 200 [지관 200＊4＊189] 외  1건,786231,세금계산서,영창프라스틱,Y,인쇄,조회
20140820-1,(주)삼신,PP원료,24363020,세금계산서,PP,Y,인쇄,조회
20140819-5,영창프라스틱,STOPPER 50 PCS [STOPPER 50 PCS 투명],1346000,영세율,영창프라스틱,Y,인쇄,조회
20140819-4,성신목재,팔레트 1260*840 [1260*840] 외  2건,140800,세금계산서,PP,Y,인쇄,조회
20140819-3,(주)제일에스엔씨,스트레치랩(일반) [0.025T*500W*1400M],2213750,세금계산서,PP,Y,인쇄,조회
20140819-2,(주)동신밴드,HY301(PP원료),48620000,세금계산서,PP,Y,인쇄,조회
20140819-1,진영프라스틱,PP원료 [청색] 외  2건,17256250,세금계산서,PP,Y,인쇄,조회
20140818-1,금정기획,스티커 [스티커(회사주소)],104500,세금계산서,PP,Y,인쇄,조회
20140814-4,(주)경남케미칼,MB 307 [M／B 307 Yellow],1188000,세금계산서,PP,Y,인쇄,조회
20140814-3,진영프라스틱,PP원료 [청색] 외  3건,132000,세금계산서,PP,Y,인쇄,조회
20140814-2,진영프라스틱,PE원료 [재생],38500,세금계산서,PE,Y,인쇄,조회
20140814-1,진영프라스틱,PP원료,3987500,세금계산서,PP,Y,인쇄,조회
20140813-1,백암지관공업사,지관 200 [지관 200＊8＊189] 외  1건,1097745,세금계산서,PP,Y,인쇄,조회
20140812-4,대림프라스틱(주),팔레트 1100*1100*120 [1100*1100*120],448800,세금계산서,PP,Y,인쇄,조회
20140812-3,(주)삼신,PP원료,24385812,세금계산서,PP,Y,인쇄,조회
20140812-2,동진씨엔피,경인팩 2KG [320*190*780] 외  2건,2139500,세금계산서,PE,Y,인쇄,조회
20140812-1,(주)디에스팩,H430-ZP5,18590000,세금계산서,PP,Y,인쇄,조회
20140811-1,진영프라스틱,PP원료,3987500,세금계산서,PP,Y,인쇄,조회
20140808-2,프로켐 주식회사,MF5000(PE원료),23364000,세금계산서,PE,Y,인쇄,조회
20140808-1,백암지관공업사,지관 200 [지관 200＊8＊189] 외  1건,859042,세금계산서,PP,Y,인쇄,조회
20140807-3,두성엔지니어링,고무로라 피복 [@240*165L] 외  7건,1930500,세금계산서,PP,Y,인쇄,조회
20140807-2,제이케이머티리얼즈(주),PP원료,4670160,세금계산서,PP,Y,인쇄,조회
20140807-1,성은산업,수축필름 [220*145 (고메리)],660000,세금계산서,PP,Y,인쇄,조회
20140806-1,(주)경남케미칼,MB 510-2 [M／B 510-2 (BLUE)] 외  1건,737000,세금계산서,PP,Y,인쇄,조회
20140805-5,삼보팩,패드 400 [패드 400＊200 (레드)] 외  2건,1793550,세금계산서,PP,Y,인쇄,조회
20140805-4,삼보팩,무인쇄톰슨접착 320 [320*130*320] 외  1건,2169750,세금계산서,PP,Y,인쇄,조회
20140805-3,백암지관공업사,지관 280 [지관 280＊8＊187] 외  1건,1004586,세금계산서,PP,Y,인쇄,조회
20140805-2,(주)삼신,PP원료,24883980,세금계산서,PP,Y,인쇄,조회
20140805-1,제이케이머티리얼즈(주),PP원료,21634580,세금계산서,PP,Y,인쇄,조회
20140731-1,(주)유경산업지대,표지인쇄,554400,세금계산서,PP,Y,인쇄,조회
20140728-4,지에스칼텍스(주),H430 [500KG],22968000,세금계산서,PP,Y,인쇄,조회
20140728-3,관인화학,PE원료 [가공원료],594000,세금계산서,PP,Y,인쇄,조회
20140728-2,백암지관공업사,지관 200 [지관 200＊4＊189] 외  1건,786231,세금계산서,PP,Y,인쇄,조회
20140728-1,(주)삼신,PP원료,24945844,세금계산서,PP,Y,인쇄,조회
20140725-5,(주)경남케미칼,MB 307 [M／B 307 Yellow] 외  1건,913000,세금계산서,PP,Y,인쇄,조회
20140725-4,신영화학,PP잉크 [PP잉크] 외  1건,138600,세금계산서,PP,Y,인쇄,조회
20140725-3,프로켐 주식회사,MF5000(PE원료),23364000,세금계산서,PE,Y,인쇄,조회
20140725-2,(주)제일에스엔씨,스트레치필름(일반 핸드) [18*500*400] 외  2건,1595990,세금계산서,PP,Y,인쇄,조회
20140725-1,(주)지산페이퍼,크래프트지 (구레단원지) [900폭 A60 (60g/m2)],1389960,세금계산서,PP,Y,인쇄,조회
20140724-1,백암지관공업사,지관 200 [지관 200＊8＊189] 외  2건,2917215,세금계산서,PP,Y,인쇄,조회
20140722-1,성신목재,팔레트1100*1100 열처리(도면) [1100*1100],435600,세금계산서,PP,Y,인쇄,조회
20140721-4,성신목재,수출용 나무박스 [Box 1220*1000*2100 열처리],231000,세금계산서,PP,Y,인쇄,조회
20140721-3,(주)삼신,PE원료 [재생],24714668,세금계산서,PE,Y,인쇄,조회
20140721-2,백암지관공업사,지관 200 [지관 200＊8＊189] 외  1건,786231,세금계산서,PP,Y,인쇄,조회
20140718-2,(주)경남케미칼,MB 100B（ [M／B 100B（WHITE）] 외  1건,841500,세금계산서,PP,Y,인쇄,조회
20140718-1,삼보팩,패드540(무인쇄) [패드540*200],811800,세금계산서,PP,Y,인쇄,조회
20140717-2,삼보팩,서플라이웨이BOX(White) [440*200*445] 외  3건,1735250,세금계산서,PP,Y,인쇄,조회
20140717-1,효창산업,CALPET [CALPET],2904000,세금계산서,PP,Y,인쇄,조회
20140716-2,금성상회,PP원료 [호프렌],5651250,세금계산서,PP,Y,인쇄,조회
20140716-1,(주)제일에스엔씨,스트레치필름(일반 핸드) [20*500*400],793320,세금계산서,PP,Y,인쇄,조회
20140715-2,백암지관공업사,지관 200 [지관 200＊8＊186],202950,세금계산서,PP,Y,인쇄,조회
20140715-1,지에스칼텍스(주),H430 [500KG] 외  1건,22858000,세금계산서,PP,Y,인쇄,조회
20140714-2,대림프라스틱(주),팔레트 1100*1100*120 [1100*1100*120],561000,세금계산서,PP,Y,인쇄,조회
20140714-1,백암지관공업사,지관 280 [지관 280＊8＊187] 외  1건,1004586,세금계산서,PP,Y,인쇄,조회
20140710-2,백암지관공업사,지관 200 [지관 200＊8＊189] 외  1건,447859,세금계산서,PP,Y,인쇄,조회
20140710-1,(주)삼신,PP원료,24529076,세금계산서,PP,Y,인쇄,조회
20140709-3,백암지관공업사,지관 50 [지관 50＊5＊181],2178000,세금계산서,PE,Y,인쇄,조회
20140709-2,(주)제일에스엔씨,스트레치필름(일반 핸드) [18*500*400] 외  1건,793452,세금계산서,PP,Y,인쇄,조회
20140708-2,삼보팩,패드 430 [패드 430＊200 (무지)] 외  2건,1089660,세금계산서,PP,Y,인쇄,조회
20140708-1,백암지관공업사,지관 200 [지관 200＊8＊189] 외  1건,859042,세금계산서,PP,Y,인쇄,조회
20140707-4,두성엔지니어링,타이밍 [L TYPE 타이밍 폴리가공 10T],440000,세금계산서,PP,Y,인쇄,조회
20140707-3,지에스칼텍스(주),H430-A (O.G) [25KG],22308000,세금계산서,PP,Y,인쇄,조회
20140707-2,(주)경남케미칼,MB 510-2 [M／B 510-2 (BLUE)] 외  2건,1023000,세금계산서,PP,Y,인쇄,조회
20140707-1,영창프라스틱,STOPPER 500 PCS [STOPPER 500 PCS 투명],297000,세금계산서,PP,Y,인쇄,조회
20140704-4,두성엔지니어링,밴드 S Type [고리],440000,세금계산서,PP,Y,인쇄,조회
20140704-3,프로켐 주식회사,MF5000(PE원료),23364000,세금계산서,PE,Y,인쇄,조회
20140704-2,한국바코드시스템,라벨(아트지도안 파워팩) 4502 [120*65] 외  4건,594000,세금계산서,PP,Y,인쇄,조회
20140704-1,금정기획,라벨(아트지무지)108*50 [[108*50 ]] 외  1건,517000,세금계산서,PP,Y,인쇄,조회
20140703-2,프로켐 주식회사,5000ST(PE원료),11484000,세금계산서,PE,Y,인쇄,조회
20140703-1,백암지관공업사,지관 406 [지관 406＊6＊155] 외  1건,661377,세금계산서,PP,Y,인쇄,조회
20140702-3,(주)삼신,PP원료,24755368,세금계산서,PP,Y,인쇄,조회
20140702-2,제이케이머티리얼즈(주),PP원료,4670160,세금계산서,PP,Y,인쇄,조회
20140702-1,성신목재,팔레트 1100*1100 [1100*1100] 외  14건,675950,세금계산서,PP,Y,인쇄,조회
20140701-1,금성상회,PP원료,7260000,세금계산서,PP,Y,인쇄,조회
20140630-2,프로켐 주식회사,Y-120H [pp원료],987250,세금계산서,PP,Y,인쇄,조회
20140630-1,지에스칼텍스(주),H430 [500KG],22968000,세금계산서,PP,Y,인쇄,조회
20140626-4,(주)그린엔텍,PP원료,41416320,세금계산서,PP,Y,인쇄,조회
20140626-3,삼보팩,고메리 12입(IN) [410*275*180] 외  1건,1020690,세금계산서,PP,Y,인쇄,조회
20140626-2,(주)세우케미칼,E308 [E308],29370000,세금계산서,PE,Y,인쇄,조회
20140626-1,삼보팩,고메리 12입(IN) [410*275*180] 외  1건,2309010,세금계산서,PP,Y,인쇄,조회
20140625-6,대양스트랩(주),PET 19.05x1.02X800M [PET 19.05x1.02X800M D/G SMOOTH],5472000,영세율,PP,Y,인쇄,조회
20140625-5,동진씨엔피,박스 D-28폴리테잎 [760 310 205] 외  4건,3600333,세금계산서,PE,Y,인쇄,조회
20140625-4,두성엔지니어링,다이스수리 외  1건,495000,세금계산서,PP,Y,인쇄,조회
20140625-3,백암지관공업사,지관 200 [지관 200＊8＊189],1022868,세금계산서,PP,Y,인쇄,조회
20140625-2,(주)삼신,PE원료 [재생],23176208,세금계산서,PE,Y,인쇄,조회
20140624-3,프로켐 주식회사,MF5000(PE원료) 외  1건,17523000,세금계산서,PE,Y,인쇄,조회
20140624-2,대림프라스틱(주),팔레트 1100*1100*120 [1100*1100*120],448800,세금계산서,PP,Y,인쇄,조회
20140624-1,금성상회,PE원료 [재생],8635000,세금계산서,PE,Y,인쇄,조회
20140623-3,삼환강업(주),STEEL 19MMx0.80MM ZINC COATED HT ROPE [STEEL 19MMx0.80MM ZINC COATED HT ROPE],5312891,영세율,PP,Y,인쇄,조회
20140623-2,삼보팩,패드 420 [패드 420＊200] 외  1건,2062500,세금계산서,PP,Y,인쇄,조회
20140623-1,경인팩,리프트레버,33000,세금계산서,PP,Y,인쇄,조회
20140620-1,백암지관공업사,지관 50 [지관 50＊5＊181],2178000,세금계산서,PE,Y,인쇄,조회
20140619-2,백암지관공업사,지관 280 [지관 280＊8＊187] 외  2건,809021,세금계산서,PP,Y,인쇄,조회
20140619-1,지에스칼텍스(주),H430 [500KG],22968000,세금계산서,PE,Y,인쇄,조회
20140618-5,(주)경남케미칼,MB 510（B [M／B 510（BLUE）] 외  2건,924000,세금계산서,PP,Y,인쇄,조회
20140618-4,(주)동원화학,PP18M [PP18M／M 8 KG (황)] 외  1건,1061280,세금계산서,PP,Y,인쇄,조회
20140618-3,삼보팩,패드540(무인쇄) [패드540*200],811800,세금계산서,PP,Y,인쇄,조회
20140618-2,두성엔지니어링,밴드가이드 [후렌지가공 M/C 나이론],924000,세금계산서,PP,Y,인쇄,조회
20140618-1,금성상회,PP원료,16500000,세금계산서,PP,Y,인쇄,조회
20140617-1,금성상회,PP원료 외  1건,15546080,세금계산서,PP,Y,인쇄,조회
20140616-3,제이케이머티리얼즈(주),PP원료,15934050,세금계산서,PP,Y,인쇄,조회
20140616-2,진영프라스틱,PP원료,5981250,세금계산서,PP,Y,인쇄,조회
20140616-1,백암지관공업사,지관 200 [지관 200＊4＊189] 외  1건,859042,세금계산서,PP,Y,인쇄,조회
20140612-1,영창프라스틱,STOPPER 50 PCS [STOPPER 50 PCS 투명],387835,영세율,영창프라스틱,Y,인쇄,조회
20140611-6,(주)삼신,PP원료,24696760,세금계산서,PP,Y,인쇄,조회
20140611-5,삼보팩,미국박스 580 [580*170*580] 외  2건,1153240,세금계산서,PP,Y,인쇄,조회
20140611-4,두성엔지니어링,타이밍 [L Type 타이밍풀리가공 10T] 외  1건,71500,세금계산서,PP,Y,인쇄,조회
20140611-3,(주)태진케미칼,PP원료 [가공원료],2148300,세금계산서,PP,Y,인쇄,조회
20140611-2,백암지관공업사,지관 50 [지관 50＊5＊181] 외  1건,1831500,세금계산서,PE,Y,인쇄,조회
20140611-1,제이케이머티리얼즈(주),PP원료,4797760,세금계산서,PP,Y,인쇄,조회
20140610-1,지에스칼텍스(주),H430 [500KG],22968000,세금계산서,PP,Y,인쇄,조회
20140609-3,프로켐 주식회사,MF5000(PE원료),23364000,세금계산서,PE,Y,인쇄,조회
20140609-2,(주)한온,OPP-TAPE [OPP-TAPE 50＊50(미색)] 외  1건,467500,세금계산서,PE,Y,인쇄,조회
20140605-6,동진씨엔피,박스 DF [480 320 380] 외  2건,2645500,세금계산서,PE,Y,인쇄,조회
20140605-5,(주)경남케미칼,MB 820FL [M／B 820FL（BLACK）] 외  2건,1023000,세금계산서,PP,Y,인쇄,조회
20140605-4,백암지관공업사,지관 200 [지관 200＊4＊186] 외  2건,931854,세금계산서,PP,Y,인쇄,조회
20140605-3,금성상회,PP원료 [청색],7150000,세금계산서,PP,Y,인쇄,조회
20140605-2,성신목재,팔레트 1100*1100 [1100*1100] 외  1건,16280,세금계산서,PP,Y,인쇄,조회
20140605-1,대림프라스틱(주),팔레트 1100*1100*120 [1100*1100*120],448800,세금계산서,PP,Y,인쇄,조회
20140604-2,(주)삼신,PP원료,24367904,세금계산서,PP,Y,인쇄,조회
20140604-1,프로켐 주식회사,5000ST(PE원료),15576000,세금계산서,PE,Y,인쇄,조회
20140603-4,제이케이머티리얼즈(주),PP원료,20333060,세금계산서,PP,Y,인쇄,조회
20140603-2,프로켐 주식회사,MF5000(PE원료),11682000,세금계산서,PE,Y,인쇄,조회
20140602-1,백암지관공업사,지관 200 [지관 200＊4＊189] 외  1건,1150855,세금계산서,PP,Y,인쇄,조회
20140530-2,금성상회,PE원료 [재생],3410000,세금계산서,PE,Y,인쇄,조회
20140530-1,두성엔지니어링,보빈수리 [pe 보니핸들 하우징],990000,세금계산서,PP,Y,인쇄,조회
20140529-3,백암지관공업사,지관 200 [지관 200＊8＊189] 외  1건,846351,세금계산서,PP,Y,인쇄,조회
20140529-2,프로켐 주식회사,MF5000(PE원료 ),11682000,세금계산서,PE,Y,인쇄,조회
20140529-1,(주)경남케미칼,MB 820FL [M／B 820FL（BLACK）],396000,세금계산서,PP,Y,인쇄,조회
20140527-2,두성엔지니어링,밴드노즐 [와이어수정(1.6*77*3)],165000,세금계산서,PP,Y,인쇄,조회
20140527-1,(주)삼신,PE원료 [재생],25147716,세금계산서,PE,Y,인쇄,조회
20140526-3,성신목재,팔레트 1290＊860 [1290＊860] 외  8건,381920,세금계산서,PP,Y,인쇄,조회
20140526-2,대림프라스틱(주),팔레트 1100*1100*120 [1100*1100*120],224400,세금계산서,PP,Y,인쇄,조회
20140526-1,백암지관공업사,지관 200 [지관 200＊4＊186] 외  1건,287834,세금계산서,PP,Y,인쇄,조회
20140523-2,백암지관공업사,지관 200 [지관 200＊8＊189] 외  1건,932773,세금계산서,PP,Y,인쇄,조회
20140523-1,삼보팩,패드 430 [패드 430＊200 (무지)] 외  1건,1162700,세금계산서,PP,Y,인쇄,조회
20140521-1,두성엔지니어링,다이스수리,220000,세금계산서,PP,Y,인쇄,조회
20140520-3,프로켐 주식회사,MF5000(PE원료 ),19470000,세금계산서,PE,Y,인쇄,조회
20140520-2,(주)경남케미칼,MB 510-2 [M／B 510-2 (BLUE)] 외  1건,682000,세금계산서,PP,Y,인쇄,조회
20140520-1,관인화학,PE원료 [가공원료] 외  1건,825935,세금계산서,PP,Y,인쇄,조회
20140519-2,효창산업,CALPET [CALPET],2904000,세금계산서,PP,Y,인쇄,조회
20140519-1,성신목재,팔레트 1290＊860 [1290＊860] 외  7건,670120,세금계산서,PP,Y,인쇄,조회
20140516-4,에이스인쇄,모조지 STICKER [모조지 STICKER],77000,세금계산서,PE,Y,인쇄,조회
20140516-3,백암지관공업사,지관 200 [지관 200＊8＊189] 외  1건,859042,세금계산서,PP,Y,인쇄,조회
20140516-2,삼보팩,무인쇄톰슨접착 460 [460*130*460],2187900,세금계산서,PP,Y,인쇄,조회
20140516-1,삼현산업팩,STEEL 16.0MM*0.50MM*13KG BLACK MINI RIBBON [16.0MM*0.50MM*13KG BLACK MINI RIBBON],773800,영세율,PP,Y,인쇄,조회
20140515-2,삼보팩,고메리 3입(IN) [345*340*390] 외  1건,1810600,세금계산서,PP,Y,인쇄,조회
20140515-1,(주)삼신,PP원료,24750484,세금계산서,PP,Y,인쇄,조회
20140514-6,백암지관공업사,지관 50 [지관 50＊5＊181],2178000,세금계산서,PE,Y,인쇄,조회
20140514-5,삼보팩,파워팩 4505 ＆ 4506 C/T 430 [430*130*430],553300,세금계산서,PP,Y,인쇄,조회
20140514-4,삼보팩,파워팩 4505 ＆ 4506 C/T 430 [430*130*430],553300,세금계산서,PP,Y,인쇄,조회
20140514-3,(주)경남케미칼,MB 820FL [M／B 820FL（BLACK）],396000,세금계산서,PP,Y,인쇄,조회
20140514-2,제이케이머티리얼즈(주),PP원료,4777025,세금계산서,PP,Y,인쇄,조회
20140514-1,금성상회,PP원료 [호프렌] 외  1건,17067050,세금계산서,PP,Y,인쇄,조회
20140513-1,백암지관공업사,지관 200 [지관 200＊8＊189] 외  1건,931854,세금계산서,PP,Y,인쇄,조회
20140512-1,제이케이머티리얼즈(주),PP원료,18597700,세금계산서,PP,Y,인쇄,조회
20140509-2,(주)경남케미칼,MB 100B（ [M／B 100B（WHITE）],319000,세금계산서,PP,Y,인쇄,조회
20140509-1,금성상회,PP원료 [청색],7150000,세금계산서,PP,Y,인쇄,조회
20140508-3,프로켐 주식회사,MF5000(PE원료 ),11682000,세금계산서,PE,Y,인쇄,조회
20140508-2,백암지관공업사,지관 280 [지관 280＊8＊187] 외  1건,842978,세금계산서,PP,Y,인쇄,조회
20140508-1,(주)삼신,PP원료,25317028,세금계산서,PP,Y,인쇄,조회
20140507-1,(주)경남케미칼,MB 6520 [M／B 6520] 외  3건,1468500,세금계산서,PP,Y,인쇄,조회
20140506-1,백암지관공업사,지관 200 [지관 200＊8＊189] 외  1건,859042,세금계산서,PP,Y,인쇄,조회
20140502-2,성신목재,팔레트1100*1100 열처리(도면) [1100*1100] 외  3건,822800,세금계산서,PP,Y,인쇄,조회
20140502-1,대림프라스틱(주),팔레트 1100*1100*120 [1100*1100*120],448800,세금계산서,PE,Y,인쇄,조회
20140430-4,백암지관공업사,지관 200 [지관 200＊4＊189] 외  1건,783013,세금계산서,PP,Y,인쇄,조회
20140430-3,금성상회,PP원료,15965950,세금계산서,PP,Y,인쇄,조회
20140430-2,(주)삼신,PP원료,25041896,세금계산서,PP,Y,인쇄,조회
20140430-1,진흥산업,폴리백 26＊44 [폴리백 26＊44],1320000,세금계산서,PE,Y,인쇄,조회
20140429-1,삼보팩,미국박스 [440 200 445],946000,세금계산서,PP,Y,인쇄,조회
20140428-3,(주)경남케미칼,MB 510-2 [M／B 510-2 (BLUE)] 외  2건,880000,세금계산서,PP,Y,인쇄,조회
20140428-2,백암지관공업사,지관 200 [지관 200＊8＊189] 외  1건,787455,세금계산서,PP,Y,인쇄,조회
20140428-1,동방포장기자재,스트레치필름(기계랩) - 기능성 [18*300*1700],1795200,세금계산서,PP,Y,인쇄,조회
20140425-2,(주)시몬사,피피클립 [2KG],14960,세금계산서,PP,Y,인쇄,조회
20140425-1,삼현산업팩,STEEL 16.0MM*0.50MM*13KG BLACK MINI RIBBON [16.0MM*0.50MM*13KG BLACK MINI RIBBON],817402,영세율,PP,Y,인쇄,조회
20140424-2,동방포장기자재,스트레치필름(기계랩) - 기능성 [18*300*1700],112200,세금계산서,PP,Y,인쇄,조회
20140424-1,(주)삼신,PE원료 [재생],25035384,세금계산서,PE,Y,인쇄,조회
20140423-3,백암지관공업사,지관 200 [지관 200＊4＊189],695217,세금계산서,PP,Y,인쇄,조회
20140423-2,삼보팩,패드 430 [패드 430＊200 (무지)] 외  1건,814000,세금계산서,PP,Y,인쇄,조회
20140423-1,제이케이머티리얼즈(주),PP원료,41415770,세금계산서,PP,Y,인쇄,조회
20140422-2,(주)경남케미칼,MB 100B（ [M／B 100B（WHITE）] 외  1건,500500,세금계산서,PP,Y,인쇄,조회
20140422-1,성신목재,팔레트 1290＊860 [1290＊860] 외  2건,316800,세금계산서,PP,Y,인쇄,조회
20140421-3,(주)경남케미칼,MB 510-2 [M／B 510-2 (BLUE)] 외  2건,628980,세금계산서,PP,Y,인쇄,조회
20140421-2,백암지관공업사,지관 200 [지관 200＊8＊189] 외  1건,822637,세금계산서,PE,Y,인쇄,조회
20140421-1,(주)삼신,PP원료,21673564,세금계산서,PP,Y,인쇄,조회
20140419-1,삼보팩,패드 430 [패드 430＊200 (무지)] 외  1건,850300,세금계산서,PP,Y,인쇄,조회
20140417-1,프로켐 주식회사,MF5000(PE원료) 외  1건,22770000,세금계산서,PE,Y,인쇄,조회
20140416-3,백암지관공업사,지관 200 [지관 200＊4＊189] 외  2건,859042,세금계산서,PP,Y,인쇄,조회
20140416-2,성신목재,팔레트 1380＊920 [1380＊920] 외  4건,187660,세금계산서,PP,Y,인쇄,조회
20140416-1,삼보팩,서플라이웨이BOX(White) [440*200*445] 외  2건,1593350,세금계산서,PP,Y,인쇄,조회
20140415-3,백암지관공업사,지관 50 [지관 50＊5＊181],2178000,세금계산서,PE,Y,인쇄,조회
20140415-2,호성수출포장,OPP-TAPE [OPP-TAPE 50＊50 (미색)] 외  1건,247500,세금계산서,PP,Y,인쇄,조회
20140414-4,파워엠팩,콘트롤 박스 [D-53] 외  1건,495000,세금계산서,PP,Y,인쇄,조회
20140414-3,두성엔지니어링,고무로라 외경가공,33000,세금계산서,PP,Y,인쇄,조회
20140414-2,(주)삼신,PP원료,24675596,세금계산서,PP,Y,인쇄,조회
20140414-1,두성엔지니어링,오븐케이싱제작,1650000,세금계산서,PP,Y,인쇄,조회
20140412-1,삼보팩,패드 480 [패드 480＊200] 외  1건,1095600,세금계산서,PP,Y,인쇄,조회
20140411-2,동진씨엔피,경인팩 2KG [320*190*780] 외  2건,2722500,세금계산서,PE,Y,인쇄,조회
20140411-1,삼보팩,패드540(무인쇄) [패드540*200],1380500,세금계산서,PP,Y,인쇄,조회
20140410-2,성신목재,팔레트 1100*1100 [1100*1100] 외  3건,365640,세금계산서,PP,Y,인쇄,조회
20140410-1,백암지관공업사,지관 200 [지관 200＊4＊189] 외  1건,786231,세금계산서,PP,Y,인쇄,조회
20140409-3,(주)경남케미칼,MB 100B（ [M／B 100B（WHITE）] 외  3건,1166000,세금계산서,PP,Y,인쇄,조회
20140409-2,프로켐 주식회사,MF5000(PE원료),23364000,세금계산서,PE,Y,인쇄,조회
20140409-1,성신목재,팔레트 1100*1100 [1100*1100 (열처리포함)] 외  5건,626230,세금계산서,PP,Y,인쇄,조회
20140408-1,대림프라스틱(주),팔레트 1100*1100*120 [1100*1100*120],561000,세금계산서,PP,Y,인쇄,조회
20140407-5,창미포장기계,수축필름 [15인치x1332mx0.015T (sanyu 포장)] 외  1건,531960,세금계산서,PP,Y,인쇄,조회
20140407-3,대양스트랩(주),PET 15.62X0.89X1220M [PET 15.62X0.89X1220M D/G SMOOTH] 외  1건,9110400,영세율,PP,Y,인쇄,조회
20140407-1,(주)삼신,PP원료,24631640,세금계산서,PP,Y,인쇄,조회
20140404-1,백암지관공업사,지관 200 [지관 200＊8＊186] 외  2건,1236757,세금계산서,PP,Y,인쇄,조회
20140403-2,삼보팩,패드 420 [패드 420＊200] 외  1건,1041700,세금계산서,PP,Y,인쇄,조회
20140403-1,금정기획,라벨(아트지무지)45*180 [[45*180 ]],115500,세금계산서,PP,Y,인쇄,조회
20140401-4,한국바코드시스템,바코드리본 110 [110*300 OUT],132000,세금계산서,PP,Y,인쇄,조회
20140401-3,성신목재,팔레트 1290＊860 [1290＊860] 외  3건,193600,세금계산서,PP,Y,인쇄,조회
20140401-2,백암지관공업사,지관 200 [지관 200＊8＊189] 외  1건,859042,세금계산서,PP,Y,인쇄,조회
20140401-1,금정기획,라벨(아트지3003535) [110*45] 외  3건,566500,세금계산서,PP,Y,인쇄,조회
20140331-3,(주)삼신,PP원료,24926308,세금계산서,PP,Y,인쇄,조회
20140331-2,백암지관공업사,지관 50 [지관 50＊5＊181],1488300,세금계산서,PE,Y,인쇄,조회
20140331-1,삼보팩,스넬 C/T 260* [260*132*263],1584000,세금계산서,PP,Y,인쇄,조회
20140328-1,진흥산업,폴리백 57*58 [폴리백 57*58] 외  1건,902000,세금계산서,PP,Y,인쇄,조회
20140327-2,삼환강업(주),STEEL 19MMx0.56x16KG BLACK MINI RIBBON [STEEL 19MMx0.56x16KG BLACK MINI RIBBON],21233598,영세율,PP,Y,인쇄,조회
20140326-1,동진씨엔피,인쇄판 [외부PE폴리밴드] 외  3건,2327600,세금계산서,PE,Y,인쇄,조회
20140325-3,프로켐 주식회사,5000SSB(PE원료 O.G),11220000,세금계산서,PE,Y,인쇄,조회
20140325-2,제이에스유화(주),HY301(PP원료),24156000,세금계산서,PP,Y,인쇄,조회
20140325-1,백암지관공업사,지관 200 [지관 200＊8＊189] 외  1건,1022867,세금계산서,PP,Y,인쇄,조회
20140324-2,(주)경남케미칼,MB 100B（ [M／B 100B（WHITE）] 외  2건,874500,세금계산서,PP,Y,인쇄,조회
20140324-1,(주)삼신,PE원료 [재생],24841652,세금계산서,PE,Y,인쇄,조회
20140321-2,두성엔지니어링,나사축 [M12*2*300L],132000,세금계산서,PE,Y,인쇄,조회
20140321-1,백암지관공업사,지관 50 [지관 50＊5＊181] 외  2건,1280492,세금계산서,PP,Y,인쇄,조회
20140320-1,성신목재,팔레트 1100*1100 [1100*1100] 외  4건,357720,세금계산서,PP,Y,인쇄,조회
20140319-2,동진씨엔피,박스 경인팩 6KG (무인쇄) [465 455 245],124300,세금계산서,PE,Y,인쇄,조회
20140319-1,(주)삼신,PE원료 [재생],24838396,세금계산서,PE,Y,인쇄,조회
20140318-1,대림프라스틱(주),팔레트 1100*1100*120 [1100*1100*120],448800,세금계산서,PP,Y,인쇄,조회
20140317-2,삼보팩,패드 420 [패드 420＊200 (적색패드)] 외  1건,973500,세금계산서,PP,Y,인쇄,조회
20140317-1,효창산업,CALPET [CALPET],2904000,세금계산서,PP,Y,인쇄,조회
20140315-1,삼보팩,산유(HR816) [460*315*450] 외  2건,1964270,세금계산서,PP,Y,인쇄,조회
20140314-1,백암지관공업사,지관 280 [지관 280＊8＊187] 외  1건,1004586,세금계산서,PP,Y,인쇄,조회
20140313-1,(주)삼신,PP원료,24900260,세금계산서,PP,Y,인쇄,조회
20140312-2,(주)경남케미칼,MB 307 [M／B 307 Yellow] 외  2건,1061500,세금계산서,PP,Y,인쇄,조회
20140312-1,백암지관공업사,지관 200 [지관 200＊8＊189] 외  2건,1553226,세금계산서,PP,Y,인쇄,조회
20140311-3,금성상회,PE원료 [재생],10230000,세금계산서,PP,Y,인쇄,조회
20140311-2,호성수출포장,OPP-TAPE [OPP-TAPE 50＊50 (미색)] 외  1건,195250,세금계산서,PP,Y,인쇄,조회
20140311-1,삼보팩,패드 430 [패드 430＊200 (무지)] 외  1건,1338700,세금계산서,PP,Y,인쇄,조회
20140307-2,백암지관공업사,지관 200 [지관 200＊8＊189] 외  1건,815091,세금계산서,PP,Y,인쇄,조회
20140307-1,제이케이머티리얼즈(주),PP원료,34907576,세금계산서,PP,Y,인쇄,조회
20140305-2,삼보팩,PP청 450*(광림) [450*200],547800,세금계산서,PP,Y,인쇄,조회
20140305-1,(주)삼신,PP원료,24900260,세금계산서,PP,Y,인쇄,조회
20140304-1,지에스칼텍스(주),H430-A [500KG],28380000,세금계산서,PP,Y,인쇄,조회
20140303-2,(주)삼신,PP원료,24986544,세금계산서,PP,Y,인쇄,조회
20140303-1,성신목재,팔레트 1290＊860 [1290＊860] 외  3건,176000,세금계산서,PP,Y,인쇄,조회
20140228-2,백암지관공업사,지관 200 [지관 200＊8＊189] 외  1건,1407912,세금계산서,PP,Y,인쇄,조회
20140228-1,프로켐 주식회사,5000STSA(PE원료 O.G),19156500,세금계산서,PE,Y,인쇄,조회
20140227-4,(주)세우케미칼,5014 [pp원료],101816000,세금계산서,PP,Y,인쇄,조회
20140227-3,(주)경남케미칼,MB 510-2 [M／B 510-2 (BLUE)] 외  1건,649000,세금계산서,PE,Y,인쇄,조회
20140227-2,금성상회,PP원료 [cpp],8020650,세금계산서,PE,Y,인쇄,조회
20140227-1,(주)유경산업지대,표지인쇄 외  1건,765600,세금계산서,PP,Y,인쇄,조회
20140226-1,대림프라스틱(주),팔레트 1100*1100*120 [1100*1100*120],561000,세금계산서,PP,Y,인쇄,조회
20140225-1,백암지관공업사,지관 200 [지관 200＊8＊189] 외  1건,846907,세금계산서,PP,Y,인쇄,조회
20140224-3,성신목재,팔레트 1100*1100 [1100*1100] 외  4건,360360,세금계산서,PP,Y,인쇄,조회
20140224-2,영창프라스틱,STOPPER 50 PCS [STOPPER 50 PCS 투명] 외  1건,1014807,영세율,PP,Y,인쇄,조회
20140224-1,(주)삼신,PP원료,24997940,세금계산서,PP,Y,인쇄,조회
20140222-1,동진씨엔피,박스 DF (무인쇄) [480 320 380] 외  2건,2645500,세금계산서,PP,Y,인쇄,조회
20140220-1,(주)경남케미칼,MB 820FL [M／B 820FL（BLACK）] 외  2건,500500,세금계산서,PP,Y,인쇄,조회
20140219-1,(주)지산페이퍼,크래프트지 (구레단원지) [900폭 A60 (60g/m2)],1235520,세금계산서,(주)유경산업지대,Y,인쇄,조회
20140218-3,삼보팩,고메리 3입 (C/T) [360*355*385] 외  3건,2988150,세금계산서,PP,Y,인쇄,조회
20140218-2,백암지관공업사,지관 200 [지관 200＊8＊189] 외  1건,966041,세금계산서,PP,Y,인쇄,조회
20140217-3,두성엔지니어링,고무로라 외경가공 [냉각수 박스밴드] 외  1건,616000,세금계산서,PP,Y,인쇄,조회
20140217-2,(주)삼신,PP원료,24914912,세금계산서,PP,Y,인쇄,조회
20140217-1,삼보팩,고메리 3입(IN) [345*340*390],605220,세금계산서,PP,Y,인쇄,조회
20140215-1,제이에스유화(주),HY301(PP원료),20130000,세금계산서,PP,Y,인쇄,조회
20140214-1,성신목재,팔레트 1100*1100 [1100*1100] 외  12건,353430,세금계산서,PP,Y,인쇄,조회
20140213-2,(주)태진케미칼,PP원료 [가공] 외  1건,4313100,세금계산서,PP,Y,인쇄,조회
20140213-1,(주)경남케미칼,MB 307 [M／B 307 Yellow] 외  2건,863500,세금계산서,PP,Y,인쇄,조회
20140212-2,(주)삼신,PP원료,24838396,세금계산서,PP,Y,인쇄,조회
20140212-1,백암지관공업사,지관 200 [지관 200＊4＊189] 외  1건,786231,세금계산서,PP,Y,인쇄,조회
20140211-2,영창프라스틱,STOPPER 50 PCS [STOPPER 50 PCS 투명],1825200,영세율,PE,Y,인쇄,조회
20140211-1,제이에스유화(주),HY301(PP원료),4026000,세금계산서,PP,Y,인쇄,조회
20140210-2,영창프라스틱,STOPPER 500 PCS [STOPPER 500 PCS 투명],66000,세금계산서,PP,Y,인쇄,조회
20140210-1,백암지관공업사,지관 200 [지관 200＊8＊186] 외  2건,992386,세금계산서,PP,Y,인쇄,조회
20140208-1,대림프라스틱(주),팔레트 1100*1100*120 [1100*1100*120],448800,세금계산서,PP,Y,인쇄,조회
20140207-2,(주)삼신,PE원료 [재생],25068450,세금계산서,PE,Y,인쇄,조회
20140207-1,프로켐 주식회사,5000STSB(PE원료 O.G),11352000,세금계산서,PE,Y,인쇄,조회
20140205-3,백암지관공업사,지관 230 [지관 230＊5＊187] 외  2건,853960,세금계산서,PP,Y,인쇄,조회
20140205-2,백암지관공업사,지관 50 [지관 50＊5＊181] 외  1건,2138400,세금계산서,PE,Y,인쇄,조회
20140205-1,제이케이머티리얼즈(주),PP원료,39658080,세금계산서,PP,Y,인쇄,조회
20140204-2,(주)윤성,종이앵글(각대) [50*50*5*1200],198000,세금계산서,PP,Y,인쇄,조회
20140204-1,삼보팩,패드 480 [패드 480＊200] 외  2건,1084600,세금계산서,PP,Y,인쇄,조회
20140129-1,동방포장기자재,스트레치필름(기계랩) - 기능성 [18*300*1700] 외  1건,2301200,세금계산서,PP,Y,인쇄,조회
20140128-1,(주)삼신,PP원료,25205400,세금계산서,PP,Y,인쇄,조회
20140127-2,(주)세우케미칼,5014 [pp원료],50908000,세금계산서,PP,Y,인쇄,조회
20140127-1,백암지관공업사,지관 200 [지관 200＊8＊189] 외  1건,1351086,세금계산서,PP,Y,인쇄,조회
20140124-2,영창프라스틱,STOPPER 500 PCS [STOPPER 500 PCS 투명],30800,세금계산서,PP,Y,인쇄,조회
20140124-1,(주)경남케미칼,MB 510-2 [M／B 510-2 (BLUE)] 외  2건,877250,세금계산서,PP,Y,인쇄,조회
20140123-1,(주)세우케미칼,5014 [pp원료],50908000,세금계산서,PP,Y,인쇄,조회
20140122-2,(주)삼신,PP원료,24680700,세금계산서,PP,Y,인쇄,조회
20140122-1,백암지관공업사,지관 406 [지관 406＊6＊155] 외  3건,1334073,세금계산서,PP,Y,인쇄,조회
20140121-1,삼보팩,미국박스 [420 200 425] 외  2건,1427690,세금계산서,PP,Y,인쇄,조회
20140120-3,제이에스유화(주),HY301(PP원료),35442000,세금계산서,PP,Y,인쇄,조회
20140120-2,(주)엠에이티,스트레치필름 [0.025T*500W*1400M(위니아/엠에이티)],6350080,세금계산서,PP,Y,인쇄,조회
20140120-1,성신목재,팔레트 1220*1220 [1220*1220] 외  4건,387200,세금계산서,PP,Y,인쇄,조회
20140117-3,(주)세우케미칼,E308 [E308],51766000,세금계산서,PE,Y,인쇄,조회
20140117-2,금성상회,PE원료 [재생],12320000,세금계산서,PE,Y,인쇄,조회
20140117-1,관인화학,PE원료 [재생 (가공원료)],735625,세금계산서,PE,Y,인쇄,조회
20140116-3,지에스칼텍스(주),H430 [500KG],31152000,세금계산서,PP,Y,인쇄,조회
20140116-2,(주)삼신,PP원료,25111350,세금계산서,PP,Y,인쇄,조회
20140116-1,백암지관공업사,지관 200 [지관 200＊4＊189] 외  1건,827187,세금계산서,PP,Y,인쇄,조회
20140115-3,삼보팩,스넬 C/T 260* [260*132*263],1584000,세금계산서,PP,Y,인쇄,조회
20140115-2,영창프라스틱,STOPPER 50 PCS [STOPPER 50 PCS 투명] 외  3건,4384070,영세율,PP,Y,인쇄,조회
20140115-1,프로켐 주식회사,MF5000(PE원료),23628000,세금계산서,PP,Y,인쇄,조회
20140114-3,백암지관공업사,지관 50 [지관 50＊5＊181] 외  1건,2217600,세금계산서,PE,Y,인쇄,조회
20140114-2,삼보팩,패드 420 [패드 420＊200 (적색패드)] 외  1건,973500,세금계산서,PP,Y,인쇄,조회
20140114-1,대림프라스틱(주),팔레트 1100*1100*120 [1100*1100*120],561000,세금계산서,PP,Y,인쇄,조회
20140113-4,성신목재,팔레트 1100*1100 [1100*1100] 외  5건,360360,세금계산서,PP,Y,인쇄,조회
20140113-2,금성상회,PE원료 [재생],-15840000,세금계산서,PE,Y,인쇄,조회
20140113-1,금성상회,PE원료 [재생],15840000,세금계산서,PE,Y,인쇄,조회
20140110-5,동진씨엔피,박스 D-28폴리테잎 [760 310 205] 외  1건,1354100,세금계산서,PE,Y,인쇄,조회
20140110-4,(주)경남케미칼,MB 307 [M／B 307 Yellow] 외  2건,1397000,세금계산서,PP,Y,인쇄,조회
20140110-3,효창산업,CALPET [CALPET],2904000,세금계산서,PP,Y,인쇄,조회
20140110-2,백암지관공업사,지관 200 [지관 200＊8＊189] 외  1건,868144,세금계산서,PP,Y,인쇄,조회
20140110-1,금정기획,라벨(아트지 4503) [150*100] 외  1건,200200,세금계산서,PP,Y,인쇄,조회
20140109-1,한국바코드시스템,라벨(아트지도안황색) [[86*46 ]] 외  4건,693000,세금계산서,PP,Y,인쇄,조회
20140108-1,삼보팩,패드540(무인쇄) [패드540*200] 외  1건,1934900,세금계산서,PP,Y,인쇄,조회
20140107-1,영창프라스틱,STOPPER 50 PCS [STOPPER 50 PCS 투명],1361850,영세율,PP,Y,인쇄,조회
20140106-2,백암지관공업사,지관 200 [지관 200＊4＊189] 외  1건,786231,세금계산서,PP,Y,인쇄,조회
20140106-1,(주)삼신,PP원료,24820950,세금계산서,PP,Y,인쇄,조회
20140103-4,신한화학포장기계(주),크래프트지,415800,세금계산서,PP,Y,인쇄,조회
20140103-3,영창프라스틱,STOPPER 500 PCS [STOPPER 500 PCS 투명],371250,세금계산서,PP,Y,인쇄,조회
20140103-2,(주)삼신,PP원료,24401850,세금계산서,PP,Y,인쇄,조회
20140103-1,삼보팩,패드 430 [패드 430＊200 (무지)] 외  1건,1431320,세금계산서,PP,Y,인쇄,조회
20131231-1,창미포장기계,수축필름 [15인치x1332mx0.015T (sanyu 포장)],306900,세금계산서,PP,Y,인쇄,조회
20131230-3,삼보팩,무인쇄톰슨접착 320 [320*130*320] 외  1건,2711280,세금계산서,PP,Y,인쇄,조회
20131230-2,성신목재,팔렛트1440*840 [1440*840] 외  2건,404800,세금계산서,PP,Y,인쇄,조회
20131230-1,동진씨엔피,박스 DF (무인쇄) [480 320 380],544500,세금계산서,PE,Y,인쇄,조회
20131227-1,제이케이머티리얼즈(주),PP원료,13991032,세금계산서,PP,Y,인쇄,조회
20131226-5,제이에스유화(주),HY301(PP원료),23232000,세금계산서,PP,Y,인쇄,조회
20131226-4,제이에스유화(주),HY301(PP원료),19580000,세금계산서,PP,Y,인쇄,조회
20131226-3,금성상회,PP원료 [청색],14300000,세금계산서,PE,Y,인쇄,조회
20131226-2,백암지관공업사,지관 50 [지관 50＊5＊181] 외  1건,3162984,세금계산서,PP,Y,인쇄,조회
20131226-1,(주)경남케미칼,MB 510-2 [M／B 510-2 (BLUE)] 외  1건,742500,세금계산서,PP,Y,인쇄,조회
20131224-2,제이에스유화(주),HY301(PP원료),23232000,세금계산서,PP,Y,인쇄,조회
20131224-1,(주)삼신,PP원료,17186400,세금계산서,PP,Y,인쇄,조회
20131223-1,프로켐 주식회사,MF5000(PE원료 O.G),23364000,세금계산서,PP,Y,인쇄,조회
20131220-2,백암지관공업사,지관 200 [지관 200＊8＊186] 외  1건,740724,세금계산서,PP,Y,인쇄,조회
20131220-1,진흥산업,폴리백 26＊44 [폴리백 26＊44] 외  1건,1496000,세금계산서,PP,Y,인쇄,조회
20131218-2,(주)삼신,PP원료,25471050,세금계산서,PP,Y,인쇄,조회
20131218-1,두성엔지니어링,고무로라 외경가공 외  4건,1050500,세금계산서,PP,Y,인쇄,조회
20131217-1,대림프라스틱(주),팔레트 1100*1100*120 [1100*1100*120],561000,세금계산서,PP,Y,인쇄,조회
20131216-3,백암지관공업사,지관 200 [지관 200＊8＊189],890274,세금계산서,PP,Y,인쇄,조회
20131216-2,(주)경남케미칼,MB 307 [M／B 307 Yellow] 외  2건,1003750,세금계산서,PP,Y,인쇄,조회
20131216-1,프로켐 주식회사,5000STSB(PE원료 O.G) 외  1건,9258425,세금계산서,PE,Y,인쇄,조회
20131214-1,(주)삼신,PP원료,24976050,세금계산서,PP,Y,인쇄,조회
20131212-4,영창프라스틱,STOPPER 50 PCS [STOPPER 50 PCS 투명] 외  3건,4481995,영세율,PP,Y,인쇄,조회
20131212-3,동진씨엔피,경인팩 2KG [320*190*780] 외  3건,2645500,세금계산서,PE,Y,인쇄,조회
20131212-2,삼보팩,미국박스 580 [580*170*580],368940,세금계산서,PP,Y,인쇄,조회
20131212-1,(주)태진케미칼,PP원료 [가공원료],3124110,세금계산서,PP,Y,인쇄,조회
20131211-1,백암지관공업사,지관 50 [지관 50＊5＊181] 외  1건,1370028,세금계산서,PP,Y,인쇄,조회
20131210-4,성신목재,팔레트 1100*1100 [1100*1100] 외  5건,185350,세금계산서,PP,Y,인쇄,조회
20131210-3,(주)경남케미칼,SILVER 321 [M／B 321 SILVER] 외  1건,698500,세금계산서,PP,Y,인쇄,조회
20131210-2,백암지관공업사,지관 406 [지관 406＊6＊155] 외  1건,692802,세금계산서,PP,Y,인쇄,조회
20131210-1,(주)삼신,PP원료,25015650,세금계산서,PP,Y,인쇄,조회
20131207-1,삼보팩,고메리 12입(IN) [410*275*180] 외  6건,4268110,세금계산서,PP,Y,인쇄,조회
20131206-1,대성EXT,엠보로라(축포함) [폭:180W 외경:198파이] 외  1건,6655000,세금계산서,PP,Y,인쇄,조회
20131204-5,금정기획,라벨(아트지 4502) [150*100] 외  2건,269500,세금계산서,PP,Y,인쇄,조회
20131204-4,삼보팩,고메리 3입 (C/T) [360*355*385] 외  1건,1116390,세금계산서,PP,Y,인쇄,조회
20131204-3,(주)삼신,PP원료,25220250,세금계산서,PP,Y,인쇄,조회
20131204-2,영창프라스틱,STOPPER 50 PCS [STOPPER 50 PCS 투명],881550,영세율,영창프라스틱,Y,인쇄,조회
20131204-1,영창프라스틱,STOPPER 500 PCS [STOPPER 500 PCS 투명],148500,세금계산서,영창프라스틱,Y,인쇄,조회
20131203-2,백암지관공업사,지관 200 [지관 200＊8＊189] 외  1건,931854,세금계산서,PP,Y,인쇄,조회
20131203-1,(주)경남케미칼,MB 100B（ [M／B 100B（WHITE）] 외  2건,1078000,세금계산서,PP,Y,인쇄,조회
20131202-1,영창프라스틱,지퍼팩,264000,세금계산서,영창프라스틱,Y,인쇄,조회
20131130-1,제이케이머티리얼즈(주),PP원료,36024384,세금계산서,PP,Y,인쇄,조회
20131129-2,제이에스유화(주),HY301(PP원료),23232000,세금계산서,PP,Y,인쇄,조회
20131129-1,백암지관공업사,지관 280 [지관 280＊8＊187] 외  1건,887040,세금계산서,PP,Y,인쇄,조회
20131128-1,(주)삼신,PP원료,24987600,세금계산서,PP,Y,인쇄,조회
20131126-2,백암지관공업사,지관 280 [지관 280＊8＊187] 외  3건,1659297,세금계산서,PP,Y,인쇄,조회
20131125-4,지에스칼텍스(주),H430 [500KG] 외  1건,30536000,세금계산서,PP,Y,인쇄,조회
20131125-3,(주)세우케미칼,E308 [E308],50050000,세금계산서,PE,Y,인쇄,조회
20131125-2,대양스트랩(주),PET 15.62X0.89X1220M [PET 15.62X0.89X1220M D/G SMOOTH],4732800,영세율,대양스트랩,Y,인쇄,조회
20131125-1,(주)경남케미칼,MB 100B（ [M／B 100B（WHITE）],638000,세금계산서,PP,Y,인쇄,조회
20131123-1,삼보팩,패드540(무인쇄) [패드540*200] 외  2건,2104300,세금계산서,PP,Y,인쇄,조회
20131122-2,프로켐 주식회사,MF5000(PE원료 O.G),1925000,세금계산서,PE,Y,인쇄,조회
20131122-1,백암지관공업사,지관 280 [지관 280＊8＊187] 외  2건,913572,세금계산서,PP,Y,인쇄,조회
20131121-2,금성상회,PP원료,16830000,세금계산서,PP,Y,인쇄,조회
20131121-1,금성상회,PE원료 [재생],10230000,세금계산서,PE,Y,인쇄,조회
20131120-4,(주)삼신,PE원료 [재생],25012350,세금계산서,PE,Y,인쇄,조회
20131120-3,(주)삼신,PE원료 [재생],11964150,세금계산서,PE,Y,인쇄,조회
20131120-2,(주)경남케미칼,MB 307 [M／B 307 Yellow] 외  1건,957000,세금계산서,PE,Y,인쇄,조회
20131120-1,두성엔지니어링,와인다캠,1408000,세금계산서,PP,Y,인쇄,조회
20131119-2,백암지관공업사,지관 280 [지관 280＊8＊187] 외  2건,1282523,세금계산서,PP,Y,인쇄,조회
20131119-1,효창산업,CALPET [CALPET],2904000,세금계산서,PP,Y,인쇄,조회
20131118-2,백암지관공업사,지관 200 [지관 200＊4＊189] 외  1건,786231,세금계산서,PP,Y,인쇄,조회
20131118-1,제이에스유화(주),HY301(PP원료),23496000,세금계산서,PP,Y,인쇄,조회
20131115-3,(주)삼신,PP원료,24982650,세금계산서,PP,Y,인쇄,조회
20131115-2,백암지관공업사,지관 50 [지관 50＊5＊181] 외  2건,1129616,세금계산서,PP,Y,인쇄,조회
20131115-1,삼보팩,옴니 C/T 320 [320*130*320] 외  1건,973500,세금계산서,PP,Y,인쇄,조회
20131113-1,백암지관공업사,지관 280 [지관 280＊8＊187] 외  2건,930098,세금계산서,PP,Y,인쇄,조회
20131112-3,삼보팩,서플라이웨이BOX(White) [440*200*445] 외  1건,1208680,세금계산서,PP,Y,인쇄,조회
20131112-2,성신목재,팔레트 1300 [1300*860] 외  1건,105600,세금계산서,PP,Y,인쇄,조회
20131112-1,대림프라스틱(주),팔레트 1100*1100*120 [1100*1100*120],561000,세금계산서,PP,Y,인쇄,조회
20131111-3,백암지관공업사,지관 200 [지관 200＊4＊189] 외  1건,1189478,세금계산서,PP,Y,인쇄,조회
20131111-2,삼보팩,서플라이웨이BOX(Green) [440*200*445] 외  3건,1641640,세금계산서,PP,Y,인쇄,조회
20131111-1,호성수출포장,OPP-TAPE [OPP-TAPE 50＊50],495000,세금계산서,PP,Y,인쇄,조회
20131109-1,(주)삼신,PP원료,25761450,세금계산서,PP,Y,인쇄,조회
20131107-3,백암지관공업사,지관 280 [지관 280＊8＊187] 외  3건,2221280,세금계산서,PP,Y,인쇄,조회
20131107-2,성신목재,팔레트 840*1260 [840*1260] 외  10건,552310,세금계산서,PP,Y,인쇄,조회
20131107-1,(주)경남케미칼,MB 602（G [M／B 602（GREEN）] 외  3건,926750,세금계산서,PP,Y,인쇄,조회
20131105-3,(주)세우케미칼,5014 [pp원료],23100000,세금계산서,PP,Y,인쇄,조회
20131105-2,삼보팩,패드 430 [패드 430＊200 (무지)],797500,세금계산서,PP,Y,인쇄,조회
20131105-1,백암지관공업사,지관 200 [지관 200＊8＊189] 외  1건,865110,세금계산서,PP,Y,인쇄,조회
20131101-1,(주)삼신,PP원료,24921600,세금계산서,PP,Y,인쇄,조회
20131031-1,프로켐,G5000(PE원료 O.G),179300,세금계산서,PE,Y,인쇄,조회
20131030-2,성신목재,팔렛트1440*840 [1440*840] 외  7건,801350,세금계산서,PP,Y,인쇄,조회
20131030-1,백암지관공업사,지관 200 [지관 200＊8＊189] 외  3건,2029623,세금계산서,PP,Y,인쇄,조회
20131029-2,(주)경남케미칼,MB 6520 [M／B 6520] 외  2건,701250,세금계산서,PP,Y,인쇄,조회
20131029-1,금성상회,PE원료 [재생],8184000,세금계산서,PE,Y,인쇄,조회
20131028-1,삼보팩,패드 500 [패드500*280] 외  1건,908600,세금계산서,PP,Y,인쇄,조회
20131026-1,(주)삼신,PP원료,24972750,세금계산서,PP,Y,인쇄,조회
20131025-3,두성엔지니어링,와인다캠 외  1건,1573000,세금계산서,PP,Y,인쇄,조회
20131025-2,삼현산업팩,PET 15.62X0.89X1220M [PET 15.62X0.89X1220M D/G SMOOTH],4045742,영세율,삼현산업팩,Y,인쇄,조회
20131025-1,(주)삼신,PE원료 [재생],25263150,세금계산서,PE,Y,인쇄,조회
20131024-3,백암지관공업사,지관 280 [지관 280＊8＊187] 외  2건,999688,세금계산서,PP,Y,인쇄,조회
20131024-2,영창프라스틱,STOPPER 50 PCS [STOPPER 50 PCS 투명] 외  3건,4680800,영세율,PP,Y,인쇄,조회
20131024-1,삼보팩,무인쇄톰슨접착 350 [350*130*350],1501500,세금계산서,PP,Y,인쇄,조회
20131023-1,(주)경남케미칼,MB 307 [M／B 307 Yellow] 외  1건,566500,세금계산서,PP,Y,인쇄,조회
20131022-1,동진씨엔피,박스 D-28폴리테잎 [760 310 205] 외  1건,1864500,세금계산서,PE,Y,인쇄,조회
20131021-4,백암지관공업사,지관 50 [지관 50＊5＊181],2178000,세금계산서,PE,Y,인쇄,조회
20131021-3,(주)경남케미칼,MB 510-2 [M／B 510-2 (BLUE)] 외  2건,616000,세금계산서,PP,Y,인쇄,조회
20131021-2,금성상회,PP원료 [호프렌],16500000,세금계산서,PP,Y,인쇄,조회
20131021-1,프로켐,5000S(PE원료 O.G),8870400,세금계산서,PE,Y,인쇄,조회
20131019-1,삼보팩,무인쇄톰슨접착 320 [320*130*320],1419000,세금계산서,PP,Y,인쇄,조회
20131018-3,(주)삼신,PP원료,24893550,세금계산서,PP,Y,인쇄,조회
20131018-2,백암지관공업사,지관 200 [지관 200＊8＊189],1047816,세금계산서,PP,Y,인쇄,조회
20131018-1,제이에스유화(주),HY301(PP원료),35244000,세금계산서,PP,Y,인쇄,조회
20131017-5,제이케이머티리얼즈(주),PP원료,32983280,세금계산서,PP,Y,인쇄,조회
20131017-4,자강산업(주),PP원료 [반품처리],-32983280,세금계산서,PP,Y,인쇄,조회
20131017-3,자강산업(주),PP원료,32983280,세금계산서,PP,Y,인쇄,조회
20131017-2,두성엔지니어링,와인다캠 외  1건,1474000,세금계산서,PP,Y,인쇄,조회
20131017-1,대양스트랩(주),PET 15.62X0.89X1220M [PET 15.62X0.89X1220M D/G SMOOTH],4732800,영세율,대양스트랩,Y,인쇄,조회
20131016-3,백암지관공업사,지관 280 [지관 280＊8＊187] 외  2건,882710,세금계산서,PP,Y,인쇄,조회
20131016-2,영창프라스틱,STOPPER 50 PCS [STOPPER 50 PCS 투명],628650,영세율,영창프라스틱,Y,인쇄,조회
20131016-1,대림프라스틱(주),팔레트 1100*1100*120 [1100*1100*120],336600,세금계산서,PP,Y,인쇄,조회
20131015-2,삼보팩,PP청 400*(광림) [400*200],495000,세금계산서,PP,Y,인쇄,조회
20131015-1,성은산업,수축필름 [220*145 (고메리)],946000,세금계산서,PP,Y,인쇄,조회
20131014-1,(주)삼신,PP원료,24870450,세금계산서,PP,Y,인쇄,조회
20131012-1,삼보팩,PP청 450*(광림) [450*200] 외  1건,1026300,세금계산서,PP,Y,인쇄,조회
20131011-6,(주)세우케미칼,5014 [pp원료],28875000,세금계산서,PP,Y,인쇄,조회
20131011-5,동방포장기자재,스트레치필름(기계랩) [20*300*1700],1210000,세금계산서,PP,Y,인쇄,조회
20131011-4,백암지관공업사,지관 280 [지관 280＊8＊187] 외  2건,730457,세금계산서,PP,Y,인쇄,조회
20131011-3,(주)세우케미칼,5014 [pp원료],28875000,세금계산서,PP,Y,인쇄,조회
20131011-2,제이에스유화(주),HY301(PP원료),34848000,세금계산서,PP,Y,인쇄,조회
20131011-1,동진씨엔피,박스 DF (무인쇄) [480 320 380],1089000,세금계산서,PE,Y,인쇄,조회
20131010-1,창미포장기계,수축필름 [15인치x1332mx0.015T (sanyu 포장)],306900,세금계산서,PP,Y,인쇄,조회
20131008-1,삼보팩,패드540(무인쇄) [패드540*200],828300,세금계산서,PP,Y,인쇄,조회
20131007-2,한국바코드시스템,라벨(아트지도안황색) [86*46] 외  4건,525250,세금계산서,PP,Y,인쇄,조회
20131007-1,백암지관공업사,지관 280 [지관 280＊8＊187] 외  1건,1030282,세금계산서,PP,Y,인쇄,조회
20131005-1,두성엔지니어링,와인다캠 [18.3*10L 가공],1760000,세금계산서,PP,Y,인쇄,조회
20131004-3,(주)경남케미칼,MB 307 [M／B 307 Yellow] 외  1건,737000,세금계산서,PP,Y,인쇄,조회
20131004-2,백암지관공업사,지관 200 [지관 200＊8＊189] 외  1건,910694,세금계산서,PP,Y,인쇄,조회
20131004-1,(주)삼신,PP원료,24809400,세금계산서,PP,Y,인쇄,조회
20131002-1,금정기획,라벨(아트지0554) [110*45] 외  1건,522500,세금계산서,PP,Y,인쇄,조회
20131001-2,(주)삼성잉크,spp 특홍적 잉크,303600,세금계산서,PP,Y,인쇄,조회
20131001-1,금성상회,PP원료 [청색],13585000,세금계산서,PP,Y,인쇄,조회
20130930-2,금강탱크터미널주식회사,Toluene(톨루엔),112200,세금계산서,PP,Y,인쇄,조회
20130930-1,대림프라스틱(주),팔레트 1100*1100*120 [1100*1100*120],561000,세금계산서,PP,Y,인쇄,조회
20130928-1,(주)삼신,PP원료,25418349,세금계산서,PP,Y,인쇄,조회
20130927-3,대성EXT,엠보롤제작 [폭:180W  외경:198파이],6270000,세금계산서,PP,Y,인쇄,조회
20130927-2,(주)세우케미칼,5014 [pp원료],25025000,세금계산서,PP,Y,인쇄,조회
20130927-1,백암지관공업사,지관 200 [지관 200＊8＊189] 외  2건,1963020,세금계산서,PP,Y,인쇄,조회
20130926-3,(주)삼성잉크,spp 특홍적 잉크,151800,세금계산서,PP,Y,인쇄,조회
20130926-2,지에스칼텍스(주),H430-A [500KG],30272000,세금계산서,PP,Y,인쇄,조회
20130926-1,(주)세우케미칼,E308 [E308],25025000,세금계산서,PE,Y,인쇄,조회
20130925-3,제이에스유화(주),HY301(PP원료),31328000,세금계산서,PP,Y,인쇄,조회
20130925-2,금성상회,PE원료 [재생],16500000,세금계산서,PE,Y,인쇄,조회
20130925-1,금성상회,PP원료 [청색],28600,세금계산서,PP,Y,인쇄,조회
20130923-5,(주)삼신,PP원료,25305588,세금계산서,PP,Y,인쇄,조회
20130923-4,삼보팩,패드 500 [패드500*280] 외  1건,1448700,세금계산서,PP,Y,인쇄,조회
20130923-3,백암지관공업사,지관 200 [지관 200＊8＊189] 외  1건,1019832,세금계산서,PP,Y,인쇄,조회
20130923-2,지에스칼텍스(주),H430-A [500KG],26488000,세금계산서,PP,Y,인쇄,조회
20130923-1,프로켐,5000S(PE원료 O.G),11503800,세금계산서,PE,Y,인쇄,조회
20130917-1,동진씨엔피,박스 DF [480 320 380] 외  3건,3113000,세금계산서,PE,Y,인쇄,조회
20130916-3,금성상회,PE원료 [재생],8525000,세금계산서,PE,Y,인쇄,조회
20130916-2,백암지관공업사,지관 50 [지관 50＊5＊181] 외  2건,2291238,세금계산서,PP,Y,인쇄,조회
20130916-1,대림프라스틱(주),팔레트 1100*1100*120 [1100*1100*120],561000,세금계산서,PP,Y,인쇄,조회
20130912-1,(주)삼신,PP원료,25605162,세금계산서,PP,Y,인쇄,조회
20130911-2,성신목재,팔레트 1100*1100 [1100*1100] 외  3건,185680,세금계산서,PP,Y,인쇄,조회
20130910-2,백암지관공업사,지관 280 [지관 280＊8＊187] 외  1건,1019832,세금계산서,PP,Y,인쇄,조회
20130910-1,대림프라스틱(주),팔레트 1100*1100*120 [1100*1100*120],336600,세금계산서,PP,Y,인쇄,조회
20130909-3,(주)경남케미칼,MB 510-2 [M／B 510-2 (BLUE)] 외  3건,1251250,세금계산서,PP,Y,인쇄,조회
20130909-2,자강산업(주),PP원료,20985074,세금계산서,PP,Y,인쇄,조회
20130909-1,지에스칼텍스(주),H430-A [500KG],28380000,세금계산서,PP,Y,인쇄,조회
20130906-1,삼보팩,패드 450 [패드 450＊200] 외  1건,1042800,세금계산서,PP,Y,인쇄,조회
20130905-4,지에스칼텍스(주),H430-A [500KG],26488000,세금계산서,PP,Y,인쇄,조회
20130905-3,백암지관공업사,지관 280 [지관 280＊8＊187] 외  2건,1607601,세금계산서,PP,Y,인쇄,조회
20130905-2,(주)삼신,PP원료,25598430,세금계산서,PP,Y,인쇄,조회
20130905-1,성신목재,팔레트 1290＊860 [1290＊860] 외  5건,190630,세금계산서,PP,Y,인쇄,조회
20130904-1,백암지관공업사,지관 280 [지관 280＊8＊187] 외  2건,868758,세금계산서,PP,Y,인쇄,조회
20130903-2,백암지관공업사,지관 200 [지관 200＊8＊190] 외  1건,752382,세금계산서,PP,Y,인쇄,조회
20130903-1,삼보팩,패드540(무인쇄) [패드540*200] 외  1건,1228700,세금계산서,PP,Y,인쇄,조회
20130829-2,성신목재,팔레트 1100*1100 [1100*1100] 외  5건,202620,세금계산서,PP,Y,인쇄,조회
20130829-1,백암지관공업사,지관 200 [지관 200＊8＊190] 외  1건,839238,세금계산서,PP,Y,인쇄,조회
20130828-1,(주)삼신,PP원료,25100262,세금계산서,PP,Y,인쇄,조회
20130827-4,(주)세우케미칼,5014 [pp원료],23760000,세금계산서,PP,Y,인쇄,조회
20130827-3,프로켐,5000S(PE원료 O.G),14520000,세금계산서,PE,Y,인쇄,조회
20130827-2,제이에스유화(주),HY301(PP원료),23100000,세금계산서,PP,Y,인쇄,조회
20130827-1,(주)세우케미칼,E308 [E308],50050000,세금계산서,PE,Y,인쇄,조회
20130826-2,삼보팩,패드 420 [패드 420＊200 (적색패드)],478500,세금계산서,PP,Y,인쇄,조회
20130826-1,백암지관공업사,지관 200 [지관 200＊8＊190] 외  1건,749117,세금계산서,PP,Y,인쇄,조회
20130824-2,대성EXT,"오븐 부속 [HY,TRPW-N220V 70AMR] 외  1건",184800,세금계산서,PP,Y,인쇄,조회
20130824-1,삼보팩,패드 430 [패드 430＊200 (무지)],1595000,세금계산서,PP,Y,인쇄,조회
20130823-3,효창산업,CALPET [CALPET],2904000,세금계산서,PP,Y,인쇄,조회
20130823-2,제이에스유화(주),HY301(PP원료),23100000,세금계산서,PP,Y,인쇄,조회
20130823-1,대림프라스틱(주),팔레트 1100*1100*120 [1100*1100*120],336600,세금계산서,PP,Y,인쇄,조회
20130822-3,백암지관공업사,지관 200 [지관 200＊8＊190] 외  1건,703410,세금계산서,PP,Y,인쇄,조회
20130822-2,금성상회,PE원료 [재생],16500000,세금계산서,PE,Y,인쇄,조회
20130822-1,(주)삼신,PP원료,25069968,세금계산서,PP,Y,인쇄,조회
20130821-4,(주)경남케미칼,MB 820FL [M／B 820FL（BLACK）] 외  1건,539000,세금계산서,PP,Y,인쇄,조회
20130821-3,프로켐,5000S(PE원료 O.G),10890000,세금계산서,PE,Y,인쇄,조회
20130821-2,성신목재,팔렛트1440*840 [1440*840] 외  7건,789360,세금계산서,PP,Y,인쇄,조회
20130821-1,백암지관공업사,지관 200 [지관 200＊8＊186],140679,세금계산서,PP,Y,인쇄,조회
20130820-2,백암지관공업사,지관 50 [지관 50＊5＊181],726000,세금계산서,PP,Y,인쇄,조회
20130820-1,백암지관공업사,지관 200 [지관 200＊8＊190] 외  1건,839238,세금계산서,PP,Y,인쇄,조회
20130819-4,제이에스유화(주),A-HY301(PP원료),34254000,세금계산서,PP,Y,인쇄,조회
20130819-3,영창프라스틱,STOPPER 50 PCS [STOPPER 50 PCS  투명] 외  3건,4144112,영세율,영창프라스틱,Y,인쇄,조회
20130819-2,신한화학포장기계(주),크래프트지,424875,세금계산서,PP,Y,인쇄,조회
20130819-1,(주)삼신,PP원료,24706440,세금계산서,PP,Y,인쇄,조회
20130815-1,(주)경남케미칼,MB 6520 [M／B 6520],577500,세금계산서,PP,Y,인쇄,조회
20130813-3,삼보팩,패드 500 [패드500*280] 외  2건,1284800,세금계산서,PP,Y,인쇄,조회
20130813-2,두성엔지니어링,고무로라 가공,33000,세금계산서,PP,Y,인쇄,조회
20130813-1,백암지관공업사,지관 50 [지관 50＊5＊181],1996500,세금계산서,PE,Y,인쇄,조회
20130812-4,금성상회,PP원료,7562500,세금계산서,PP,Y,인쇄,조회
20130812-3,(주)경남케미칼,MB 307 [M／B 307 Yellow],594000,세금계산서,PP,Y,인쇄,조회
20130812-2,두성엔지니어링,밴드노즐 [와이어수정 2.2*62L*3줄 가공],110000,세금계산서,PP,Y,인쇄,조회
20130812-1,백암지관공업사,지관 280 [지관 280＊8＊187] 외  1건,903408,세금계산서,PP,Y,인쇄,조회
20130809-3,프로켐 주식회사,Y-130 [Y-130 (PP원료)],1969000,세금계산서,PP,Y,인쇄,조회
20130809-2,영창프라스틱,"STOPPER 1,000 PC [STOPPER 1,000 PC투명]",742500,세금계산서,영창프라스틱,Y,인쇄,조회
20130809-1,영창프라스틱,STOPPER 50 PCS [STOPPER 50 PCS  투명],860625,영세율,영창프라스틱,Y,인쇄,조회
20130808-1,자강산업(주),PP원료,26678982,세금계산서,PP,Y,인쇄,조회
20130807-3,대림프라스틱(주),팔레트 1100*1100*120 [1100*1100*120],336600,세금계산서,PP,Y,인쇄,조회
20130807-2,금성상회,PE원료 [재생],8525000,세금계산서,PE,Y,인쇄,조회
20130807-1,(주)삼신,PP원료,25349346,세금계산서,PP,Y,인쇄,조회
20130806-4,백암지관공업사,지관 200 [지관 200＊4＊190] 외  1건,788295,세금계산서,PP,Y,인쇄,조회
20130806-3,두성엔지니어링,고무로라 외경가공,33000,세금계산서,PP,Y,인쇄,조회
20130806-2,성신목재,팔레트 1100*1100 [1100*1100] 외  3건,165440,세금계산서,PP,Y,인쇄,조회
20130806-1,지에스칼텍스(주),H430-A [25KG],26488000,세금계산서,PP,Y,인쇄,조회
20130730-1,진흥산업,폴리백 26＊44 [폴리백 26＊44] 외  2건,1716000,세금계산서,PP,Y,인쇄,조회
20130727-1,(주)태진케미칼,PP원료,8651500,세금계산서,PP,Y,인쇄,조회
20130726-2,백암지관공업사,지관 280 [지관 280＊8＊187] 외  1건,903408,세금계산서,PP,Y,인쇄,조회
20130726-1,금성상회,PP원료,11550000,세금계산서,PP,Y,인쇄,조회
20130725-2,프로켐 주식회사,E308 OG [E308 OG 500Kg 대한유화],12705000,세금계산서,PE,Y,인쇄,조회
20130725-1,백암지관공업사,지관 50 [지관 50＊5＊181],1815000,세금계산서,PE,Y,인쇄,조회
20130724-2,프로켐 주식회사,E308 OG [E308 OG 500Kg 대한유화],1815000,세금계산서,PE,Y,인쇄,조회
20130724-1,삼보팩,고메리 3입 (C/T) [360*355*385] 외  1건,1248170,세금계산서,PP,Y,인쇄,조회
20130722-2,지에스칼텍스(주),H430-B [25kg],26180000,세금계산서,PP,Y,인쇄,조회
20130722-1,대림프라스틱(주),팔레트 1100*1100*120 [1100*1100*120],336600,세금계산서,PP,Y,인쇄,조회
20130720-2,영창프라스틱,STOPPER 50 PCS [STOPPER 50 PCS  투명] 외  2건,2926550,영세율,영창프라스틱,Y,인쇄,조회
20130720-1,(주)삼신,PP원료,24812469,세금계산서,PP,Y,인쇄,조회
20130719-3,제이에스유화(주),HY301(PP원료),13475000,세금계산서,PP,Y,인쇄,조회
20130719-2,백암지관공업사,지관 200 [지관 200＊8＊190] 외  1건,974523,세금계산서,PP,Y,인쇄,조회
20130719-1,(주)삼신,PP원료,24692976,세금계산서,PP,Y,인쇄,조회
20130718-1,백암지관공업사,지관 406 [지관 406＊8＊155],578160,세금계산서,PP,Y,인쇄,조회
20130717-1,(주)세우케미칼,E 308 [E 308],50050000,세금계산서,PE,Y,인쇄,조회
20130716-3,삼보팩,패드540(무인쇄) [패드540*200] 외  1건,1047200,세금계산서,PP,Y,인쇄,조회
20130716-2,동진씨엔피,박스 내수PE(폴리밴드) [320 190 780] 외  1건,2101000,세금계산서,PE,Y,인쇄,조회
20130716-1,(주)경남케미칼,MB 406（R [M／B 406（RED）] 외  2건,508750,세금계산서,PP,Y,인쇄,조회
20130715-2,지에스칼텍스(주),H430-B [25kg],31790000,세금계산서,PP,Y,인쇄,조회
20130715-1,백암지관공업사,지관 280 [지관 280＊8＊187] 외  1건,804355,세금계산서,PP,Y,인쇄,조회
20130712-1,동방포장기자재,스트레치필름(기계랩) [18*300*1700] 외  1건,2301200,세금계산서,PP,Y,인쇄,조회
20130711-3,(주)경남케미칼,MB 307 [M／B 307 Yellow] 외  1건,935000,세금계산서,PP,Y,인쇄,조회
20130711-2,영창프라스틱,STOPPER 50 PCS [STOPPER 50 PCS  투명],747000,영세율,영창프라스틱,Y,인쇄,조회
20130711-1,삼보팩,고메리 2입 (C/T) [475*470*400] 외  3건,3499430,세금계산서,PP,Y,인쇄,조회
20130710-3,백암지관공업사,지관 200 [지관 200＊4＊190] 외  1건,693338,세금계산서,PP,Y,인쇄,조회
20130710-2,(주)삼신,PP원료,24455673,세금계산서,PP,Y,인쇄,조회
20130710-1,삼보팩,고메리 12입(IN) [410*275*180] 외  1건,2965380,세금계산서,PP,Y,인쇄,조회
20130709-1,백암지관공업사,지관 50 [지관 50＊5＊181],1815000,세금계산서,PE,Y,인쇄,조회
20130708-1,대림프라스틱(주),팔레트 1100*1100*120 [1100*1100*120],336600,세금계산서,PP,Y,인쇄,조회
20130704-3,(주)삼성잉크,Toluene 외  1건,115665,세금계산서,PP,Y,인쇄,조회
20130704-2,백암지관공업사,지관 200 [지관 200＊4＊190] 외  1건,656763,세금계산서,PP,Y,인쇄,조회
20130704-1,삼보팩,패드580 [580*406],163350,세금계산서,PP,Y,인쇄,조회
20130703-1,한국바코드시스템,라벨(아트지도안HR-817) [125*65] 외  2건,462000,세금계산서,PP,Y,인쇄,조회
20130702-4,백암지관공업사,지관 200 [지관 200＊4＊190] 외  1건,736058,세금계산서,PP,Y,인쇄,조회
20130702-3,(주)경남케미칼,MB 100B（ [M／B 100B（WHITE）],957000,세금계산서,PP,Y,인쇄,조회
20130702-2,동방포장기자재,랩 15x400x500(폭) [기능성 수동랩 15x400x500(두께 마이크론x길이x폭)] 외  1건,2123264,세금계산서,PP,Y,인쇄,조회
20130702-1,오버라이트산업,OPP-TAPE [OPP-TAPE 50＊40(베이지)] 외  1건,156750,세금계산서,PP,Y,인쇄,조회
20130629-2,삼보팩,미국박스 [440 200 445],1229800,세금계산서,PP,Y,인쇄,조회
20130629-1,삼보팩,미국박스 580 [580*170*580],614900,세금계산서,PP,Y,인쇄,조회
20130628-5,(주)삼성잉크,spp 군청 잉크 외  2건,205920,세금계산서,PP,Y,인쇄,조회
20130628-4,(주)삼신,"PE원료 [재생 (LLDPE, 임가공)] 외  1건",49810068,세금계산서,PE,Y,인쇄,조회
20130628-3,성신목재,파렛트 890*1320 [890*1320] 외  2건,387200,세금계산서,PP,Y,인쇄,조회
20130628-2,자강산업(주),PP원료,13753784,세금계산서,PP,Y,인쇄,조회
20130628-1,백암지관공업사,지관 50 [지관 50＊5＊181],1815000,세금계산서,PE,Y,인쇄,조회
20130627-2,삼광잉크제조(주),pp청색 잉크 외  1건,141075,세금계산서,PP,Y,인쇄,조회
20130627-1,백암지관공업사,지관 406 [지관 406＊8＊155],446468,세금계산서,PP,Y,인쇄,조회
20130626-4,삼광잉크제조(주),pp청색 잉크 외  2건,-203775,세금계산서,PP,Y,인쇄,조회
20130626-3,삼광잉크제조(주),pp청색 잉크 외  2건,203775,세금계산서,PP,Y,인쇄,조회
20130626-2,(주)경남케미칼,MB 510-2 [M／B 510-2 (BLUE)] 외  3건,1001000,세금계산서,PP,Y,인쇄,조회
20130626-1,백암지관공업사,지관 200 [지관 200＊4＊190] 외  1건,827288,세금계산서,PP,Y,인쇄,조회
20130625-1,두성엔지니어링,고무로라 외경가공 외  1건,143000,세금계산서,PP,Y,인쇄,조회
20130622-1,금성상회,"PE원료 [재생 (LLDPE, 임가공)]",13275900,세금계산서,PE,Y,인쇄,조회
20130621-3,(주)세우케미칼,E 308 [E 308],48906000,세금계산서,PE,Y,인쇄,조회
20130621-2,금성상회,"PE원료 [재생 (LLDPE, 임가공)]",8525000,세금계산서,PE,Y,인쇄,조회
20130621-1,동진씨엔피,경인팩 2KG [320*190*780] 외  5건,4450589,세금계산서,PP,Y,인쇄,조회
20130620-1,영창프라스틱,STOPPER 50 PCS [STOPPER 50 PCS  투명] 외  2건,2984800,영세율,영창프라스틱,Y,인쇄,조회
20130619-4,제이에스유화(주),HY301(PP원료),13090000,세금계산서,PP,Y,인쇄,조회
20130619-3,성신목재,팔레트1100*1100 열처리(도면) [1100*1100] 외  3건,611600,세금계산서,PP,Y,인쇄,조회
20130619-2,백암지관공업사,지관 200 [지관 200＊8＊190] 외  1건,525140,세금계산서,PP,Y,인쇄,조회
20130619-1,(주)삼신,PP원료,25128873,세금계산서,PP,Y,인쇄,조회
20130617-2,삼보팩,패드 430 [패드 430＊200 (무지)] 외  1건,1211100,세금계산서,PP,Y,인쇄,조회
20130617-1,백암지관공업사,지관 200 [지관 200＊8＊190] 외  1건,736058,세금계산서,PP,Y,인쇄,조회
20130614-2,한국바코드시스템,출장비 A/S,55000,세금계산서,PP,Y,인쇄,조회
20130614-1,백암지관공업사,지관 50 [지관 50＊5＊181],1650000,세금계산서,PE,Y,인쇄,조회
20130613-2,영창프라스틱,STOPPER 50 PCS [STOPPER 50 PCS  투명],77000,세금계산서,영창프라스틱,Y,인쇄,조회
20130613-1,영창프라스틱,STOPPER 50 PCS [STOPPER 50 PCS  투명],789653,영세율,영창프라스틱,Y,인쇄,조회
20130612-2,삼보팩,옴니원패드 430 [430*200] 외  1건,1148400,세금계산서,PP,Y,인쇄,조회
20130612-1,대림프라스틱(주),팔레트 1100*1100*120 [1100*1100*120],336600,세금계산서,PP,Y,인쇄,조회
20130611-2,삼보팩,PB청400*200 [400*400] 외  1건,740960,세금계산서,PP,Y,인쇄,조회
20130611-1,창미포장기계,수축필름 [15인치x1332mx0.015T (sanyu 포장)],306900,세금계산서,PP,Y,인쇄,조회
20130610-1,백암지관공업사,지관 200 [지관 200＊8＊190] 외  1건,839238,세금계산서,PP,Y,인쇄,조회
20130607-2,금정기획,라벨(아트지 4492) [150*100] 외  5건,737000,세금계산서,PP,Y,인쇄,조회
20130607-1,(주)삼신,PP원료,25197876,세금계산서,PP,Y,인쇄,조회
20130606-1,(주)경남케미칼,SILVER 321 [M／B 321 SILVER] 외  2건,660000,세금계산서,PP,Y,인쇄,조회
20130604-3,용신산업,PP원료 외  1건,8470000,세금계산서,PP,Y,인쇄,조회
20130604-2,효창산업,CALPET [CALPET],2904000,세금계산서,PP,Y,인쇄,조회
20130604-1,삼보팩,PP청 400*(광림) [400*200] 외  1건,1042800,세금계산서,PP,Y,인쇄,조회
20130603-1,두성엔지니어링,밴드노즐 [1.6*55L*3EA],440000,세금계산서,PP,Y,인쇄,조회
20130601-2,리폴리머,PP원료,7815500,세금계산서,PP,Y,인쇄,조회
20130601-1,한국바코드시스템,바코드리본 130 [130*300  OUT] 외  1건,470250,세금계산서,PP,Y,인쇄,조회
20130531-1,성신목재,팔레트 1100*1100 [1100*1100] 외  6건,195360,세금계산서,PP,Y,인쇄,조회
20130530-3,에이스인쇄,모조지 STICKER [모조지 STICKER],77000,세금계산서,PE,Y,인쇄,조회
20130530-2,백암지관공업사,지관 280 [지관 280＊8＊187] 외  1건,1105500,세금계산서,PP,Y,인쇄,조회
20130530-1,(주)삼신,PP원료,25149069,세금계산서,PP,Y,인쇄,조회
20130529-3,진영프라스틱,"PE원료 [재생 (LLDPE, 임가공)]",-3748250,세금계산서,PE,Y,인쇄,조회
20130529-2,백암지관공업사,지관 200 [지관 200＊8＊190] 외  1건,924123,세금계산서,PP,Y,인쇄,조회
20130529-1,자강산업(주),PP원료,21141384,세금계산서,PP,Y,인쇄,조회
20130527-2,(주)세우케미칼,E 308 [E 308],27885000,세금계산서,PE,Y,인쇄,조회
20130527-1,(주)윤성,종이앵글(각대) [50*50*3*100] 외  1건,0,기타,PP,Y,인쇄,조회
20130525-1,삼보팩,패드540(무인쇄) [패드540*200],828300,세금계산서,PP,Y,인쇄,조회
20130524-4,백암지관공업사,지관 200 [지관 200＊8＊190] 외  1건,839238,세금계산서,PP,Y,인쇄,조회
20130524-2,(주)세우케미칼,E 308 [E 308],22308000,세금계산서,PE,Y,인쇄,조회
20130524-1,(주)경남케미칼,MB 307 [M／B 307 Yellow] 외  1건,913000,세금계산서,PP,Y,인쇄,조회
20130523-1,금성상회,"PE원료 [재생 (LLDPE, 임가공)]",6393750,세금계산서,PE,Y,인쇄,조회
20130522-2,(주)삼신,PP원료,25113726,세금계산서,PP,Y,인쇄,조회
20130522-1,백암지관공업사,지관 200 [지관 200＊8＊190] 외  2건,1565238,세금계산서,PP,Y,인쇄,조회
20130517-1,진영프라스틱,"PE원료 [재생 (LLDPE, 임가공)]",3987500,세금계산서,PE,Y,인쇄,조회
20130516-3,성신목재,팔레트 930*1260 [930*1260] 외  4건,169400,세금계산서,PP,Y,인쇄,조회
20130516-2,백암지관공업사,지관 200 [지관 200＊8＊190] 외  1건,788295,세금계산서,PP,Y,인쇄,조회
20130516-1,금성상회,PP원료,16640250,세금계산서,PP,Y,인쇄,조회
20130515-4,지에스칼텍스(주),H430-A [25KG],22044000,세금계산서,PP,Y,인쇄,조회
20130515-3,삼보팩,서플라이웨이BOX(Green) [440*200*445] 외  2건,2039400,세금계산서,PP,Y,인쇄,조회
20130515-2,(주)경남케미칼,MB 510-2 [M／B 510-2 (BLUE)] 외  1건,808500,세금계산서,PP,Y,인쇄,조회
20130515-1,백암지관공업사,지관 50 [지관 50＊5＊181],1815000,세금계산서,PE,Y,인쇄,조회
20130513-2,대림프라스틱(주),팔레트 1100*1100*120 [1100*1100*120],336600,세금계산서,PP,Y,인쇄,조회
20130513-1,삼보팩,산유(HR812) [355*355*575] 외  1건,1244650,세금계산서,PP,Y,인쇄,조회
20130510-2,두성엔지니어링,다이스수리,181500,세금계산서,PP,Y,인쇄,조회
20130510-1,(주)태진케미칼,PP원료,16453580,세금계산서,PP,Y,인쇄,조회
20130509-2,백암지관공업사,지관 200 [지관 200＊8＊190],873180,세금계산서,PP,Y,인쇄,조회
20130509-1,두성엔지니어링,와인다캠 [100/m 용접및가공] 외  1건,638000,세금계산서,PP,Y,인쇄,조회
20130508-2,(주)신흥케미칼,PP원료 [가공원료],941160,세금계산서,PP,Y,인쇄,조회
20130508-1,금성상회,PP원료,6380000,세금계산서,PP,Y,인쇄,조회
20130507-3,대양스트랩(주),PET 15.62X0.89X1220M [PET 15.62X0.89X1220M D/G SMOOTH] 외  1건,9456000,영세율,대양스트랩,Y,인쇄,조회
20130507-2,백암지관공업사,지관 280 [지관 280＊8＊187] 외  1건,1105500,세금계산서,PP,Y,인쇄,조회
20130507-1,금성상회,PP원료,17836500,세금계산서,PP,Y,인쇄,조회
20130503-1,백암지관공업사,지관 200 [지관 200＊8＊190] 외  1건,924123,세금계산서,PP,Y,인쇄,조회
20130502-2,지에스칼텍스(주)PP영남영업소,H430-B [25kg],47190000,세금계산서,PP,Y,인쇄,조회
20130502-1,(주)경남케미칼,MB 510-2 [M／B 510-2] 외  2건,1023000,세금계산서,PP,Y,인쇄,조회
20130501-1,(주)태진케미칼,PP원료 [가공원료] 외  1건,5462600,세금계산서,PP,Y,인쇄,조회
20130429-3,영창프라스틱,STOPPER 50 PCS [STOPPER 50 PCS  투명] 외  3건,3857639,영세율,영창프라스틱,Y,인쇄,조회
20130429-2,동진씨엔피,박스 DF [480 320 380] 외  5건,3226322,세금계산서,PE,Y,인쇄,조회
20130429-1,제이케이머티리얼즈(주),PP원료,20232388,세금계산서,PP,Y,인쇄,조회
20130426-2,백암지관공업사,지관 200 [지관 200＊8＊190] 외  2건,1309167,세금계산서,PP,Y,인쇄,조회
20130426-1,금성상회,PP원료,16648500,세금계산서,PP,Y,인쇄,조회
20130424-4,제이에스유화(주),HY301(PP원료),23100000,세금계산서,PP,Y,인쇄,조회
20130424-3,지에스칼텍스(주),H430-B [25kg],36960000,세금계산서,PP,Y,인쇄,조회
20130424-2,삼보팩,무인쇄톰슨접착 460 [460*130*460] 외  2건,1577356,세금계산서,PP,Y,인쇄,조회
20130424-1,삼보팩,무인쇄톰슨접착 460 [460*130*460],1516944,세금계산서,PP,Y,인쇄,조회
20130423-2,대림프라스틱(주),팔레트 1100*1100*120 [1100*1100*120],336600,세금계산서,PP,Y,인쇄,조회
20130423-1,성신목재,팔레트1100*1100 열처리(도면) [1100*1100],435600,세금계산서,PP,Y,인쇄,조회
20130422-3,(주)경남케미칼,MB 100B（ [M／B 100B（WHITE）] 외  3건,1078000,세금계산서,PP,Y,인쇄,조회
20130422-2,금성상회,PP원료,9570000,세금계산서,PP,Y,인쇄,조회
20130422-1,백암지관공업사,지관 200 [지관 200＊8＊190] 외  1건,924123,세금계산서,PP,Y,인쇄,조회
20130419-4,(주)세우케미칼,E 308 [E 308],48906000,세금계산서,PE,Y,인쇄,조회
20130419-3,삼보팩,고메리 3입 (C/T) [360*355*385] 외  1건,1523720,세금계산서,PP,Y,인쇄,조회
20130419-2,금성상회,PP원료,16632000,세금계산서,PP,Y,인쇄,조회
20130419-1,한국바코드시스템,라벨(아트지도안황색) [86*46] 외  6건,484000,세금계산서,PP,Y,인쇄,조회
20130417-1,금정기획,라벨(아트지 4500) [150*100] 외  9건,786500,세금계산서,PP,Y,인쇄,조회
20130416-4,백암지관공업사,지관 200 [지관 200＊4＊190],669468,세금계산서,PP,Y,인쇄,조회
20130416-3,영창프라스틱,STOPPER 50 PCS [STOPPER 50 PCS  투명],753600,영세율,영창프라스틱,Y,인쇄,조회
20130416-2,금성상회,PP원료,16434000,세금계산서,PP,Y,인쇄,조회
20130416-1,금성상회,PP원료,16731000,세금계산서,PP,Y,인쇄,조회
20130415-1,대림프라스틱(주),팔레트 1100*1100*120 [1100*1100*120],336600,세금계산서,PP,Y,인쇄,조회
20130412-2,금성상회,PP원료 [청색],11035200,세금계산서,PP,Y,인쇄,조회
20130412-1,(주)경남케미칼,MB 307 [M／B 307 Yellow] 외  1건,907500,세금계산서,PP,Y,인쇄,조회
20130411-2,금성상회,PP원료,16500000,세금계산서,PP,Y,인쇄,조회
20130411-1,백암지관공업사,지관 200 [지관 200＊4＊190] 외  1건,788295,세금계산서,PP,Y,인쇄,조회
20130410-2,금성상회,PP원료 [청색],2032800,세금계산서,PP,Y,인쇄,조회
20130410-1,삼보팩,고메리 12입(C/T) [570*430*390] 외  1건,2610300,세금계산서,PP,Y,인쇄,조회
20130409-1,성신목재,팔레트 860*1290 [860*1290] 외  4건,356400,세금계산서,PP,Y,인쇄,조회
20130408-1,백암지관공업사,지관 50 [지관 50＊5＊181],1815000,세금계산서,PE,Y,인쇄,조회
20130405-1,삼보팩,패드 480 [패드 480＊200] 외  3건,1601600,세금계산서,PP,Y,인쇄,조회
20130404-3,삼보팩,평면골판지,511500,세금계산서,PP,Y,인쇄,조회
20130404-2,금성상회,PP원료,16500000,세금계산서,PP,Y,인쇄,조회
20130404-1,동방포장기자재,스트레치필름(기계랩) [18*300*1700],841500,세금계산서,PP,Y,인쇄,조회
20130403-3,백암지관공업사,지관 200 [지관 200＊8＊190],902286,세금계산서,PP,Y,인쇄,조회
20130403-2,성신목재,팔레트 1380＊920 [1380＊920] 외  6건,224510,세금계산서,PP,Y,인쇄,조회
20130403-1,진흥산업,폴리백 26＊44 [폴리백 26＊44] 외  1건,1496000,세금계산서,PP,Y,인쇄,조회
20130402-3,효창산업,CALPET [CALPET],2904000,세금계산서,PP,Y,인쇄,조회
20130402-2,(주)동원화학,스트레치필름 [15mic * 300mm *500m],217800,세금계산서,PP,Y,인쇄,조회
20130402-1,금성상회,PP원료,7872150,세금계산서,PP,Y,인쇄,조회
20130401-1,지에스칼텍스(주),H430-A [25KG],22440000,세금계산서,PP,Y,인쇄,조회
20130329-1,백암지관공업사,지관 200 [지관 200＊8＊190] 외  1건,765688,세금계산서,PP,Y,인쇄,조회
20130328-2,백암지관공업사,지관 50 [지관 50＊5＊181] 외  1건,1377750,세금계산서,PE,Y,인쇄,조회
20130328-1,성신목재,팔레트 1100*1050 [1100*1050] 외  5건,194425,세금계산서,PP,Y,인쇄,조회
20130327-1,두성엔지니어링,쵸크핀 [쵸크핀] 외  1건,616000,세금계산서,PP,Y,인쇄,조회
20130326-1,(주)동원화학,스트레치필름 [15mic * 300mm *500m],24200,세금계산서,PP,Y,인쇄,조회
20130325-4,금성상회,PP원료,16500000,세금계산서,PP,Y,인쇄,조회
20130325-3,에이스인쇄,MADE IN KOREA(인쇄),71500,세금계산서,PP,Y,인쇄,조회
20130325-2,(주)경남케미칼,MB 510-2 [M／B 510-2] 외  1건,627000,세금계산서,PP,Y,인쇄,조회
20130325-1,백암지관공업사,지관 200 [지관 200＊4＊190] 외  1건,734949,세금계산서,PP,Y,인쇄,조회
20130323-1,제이케이머티리얼즈(주),PP원료,16957248,세금계산서,PP,Y,인쇄,조회
20130322-1,삼보팩,패드 430 [패드 430＊200 (무지)],797500,세금계산서,PP,Y,인쇄,조회
20130321-1,영창프라스틱,STOPPER 500 PCS [STOPPER 500 PCS 투명],385000,세금계산서,영창프라스틱,Y,인쇄,조회
20130320-3,백암지관공업사,지관 200 [지관 200＊4＊190] 외  1건,734949,세금계산서,PP,Y,인쇄,조회
20130320-2,지에스칼텍스(주),H430-B [25kg],26334000,세금계산서,PP,Y,인쇄,조회
20130320-1,성신목재,팔레트 1440*830 [1440*830] 외  3건,205260,세금계산서,PP,Y,인쇄,조회
20130319-3,영창프라스틱,STOPPER 500 PCS [STOPPER 500 PCS 투명],154000,세금계산서,영창프라스틱,Y,인쇄,조회
20130319-2,지에스칼텍스(주),H430-B [25kg],22572000,세금계산서,PP,Y,인쇄,조회
20130319-1,진영프라스틱,"PE원료 [재생 (LLDPE, 임가공)]",5981250,세금계산서,PE,Y,인쇄,조회
20130318-3,지에스칼텍스(주),H430 [25KG],15664000,세금계산서,PP,Y,인쇄,조회
20130318-2,삼보팩,패드 420 [패드 420＊200 (적색패드)] 외  2건,1531200,세금계산서,PP,Y,인쇄,조회
20130318-1,(주)세우케미칼,E 308 [E 308],49764000,세금계산서,PE,Y,인쇄,조회
20130315-3,백암지관공업사,지관 50 [지관 50＊3＊225] 외  1건,1402500,세금계산서,PP,Y,인쇄,조회
20130315-2,(주)태진케미칼,PP원료 [가공원료],1158300,세금계산서,PP,Y,인쇄,조회
20130315-1,동원화학수지,PP원료,18959600,세금계산서,PP,Y,인쇄,조회
20130314-3,동원화학수지,PP원료,22216150,세금계산서,PP,Y,인쇄,조회
20130314-2,(주)경남케미칼,MB 820FL [M／B 820FL（BLACK）] 외  1건,742500,세금계산서,PP,Y,인쇄,조회
20130314-1,백암지관공업사,지관 50 [지관 50＊5＊181] 외  1건,1269312,세금계산서,PE,Y,인쇄,조회
20130313-1,동진씨엔피,박스 DF [480 320 380] 외  3건,3583800,세금계산서,PE,Y,인쇄,조회
20130312-5,백암지관공업사,지관 200 [지관 200＊8＊190] 외  2건,1133499,세금계산서,PP,Y,인쇄,조회
20130312-4,성신목재,팔레트 920＊1400 [920＊1400] 외  5건,394240,세금계산서,PP,Y,인쇄,조회
20130312-3,대림프라스틱(주),팔레트 1100*1100*120 [1100*1100*120],448800,세금계산서,PP,Y,인쇄,조회
20130312-2,(주)정금,인버터 [인버터수리및출장비],440000,세금계산서,PP,Y,인쇄,조회
20130312-1,(주)엠에이티,스트레치필름 [0.025T*500W*1400M(위니아/엠에이티)],6350080,세금계산서,PP,Y,인쇄,조회
20130309-1,(주)문정산업,5014 [pp원료],28545000,세금계산서,PP,Y,인쇄,조회
20130308-3,백암지관공업사,지관 50 [지관 50＊5＊181] 외  1건,1280400,세금계산서,PE,Y,인쇄,조회
20130308-1,진영프라스틱,"PE원료 [재생 (LLDPE, 임가공)]",1993750,세금계산서,PE,Y,인쇄,조회
20130305-2,백암지관공업사,지관 200 [지관 200＊8＊190] 외  1건,669636,세금계산서,PP,Y,인쇄,조회
20130305-1,동방포장기자재,스트레치필름(기능성) [12mic * 500mm *400m],1179200,세금계산서,PP,Y,인쇄,조회
20130304-2,삼보팩,패드 420 [패드 420＊200],478500,세금계산서,PP,Y,인쇄,조회
20130304-1,백암지관공업사,지관 150 [지관 150*10*160 (체신청)] 외  1건,778775,세금계산서,PP,Y,인쇄,조회
20130301-1,삼보팩,패드 430 [패드 430＊200 (무지)],797500,세금계산서,PP,Y,인쇄,조회
20130228-4,(주)삼신,PP원료,24215004,세금계산서,PP,Y,인쇄,조회
20130228-3,삼보팩,고메리 12입(IN) [410*275*180] 외  2건,2521200,세금계산서,PP,Y,인쇄,조회
20130228-2,성신목재,파렛트 1150*1150 [1150*1150] 외  8건,371030,세금계산서,PP,Y,인쇄,조회
20130228-1,(주)경남케미칼,MB 510-2 [M／B 510-2] 외  1건,627000,세금계산서,PP,Y,인쇄,조회
20130227-2,백암지관공업사,지관 200 [지관 200＊4＊190],167367,세금계산서,PP,Y,인쇄,조회
20130227-1,백암지관공업사,지관 50 [지관 50＊5＊181],1452000,세금계산서,PE,Y,인쇄,조회
20130226-2,영창프라스틱,STOPPER 50 PCS [STOPPER 50 PCS  투명] 외  2건,2587100,영세율,PP,Y,인쇄,조회
20130226-1,제이에스유화(주),Y910A [Y910A(pe원료)],11616000,세금계산서,PE,Y,인쇄,조회
20130225-2,지에스칼텍스(주),H430 [500KG] 외  1건,45654400,세금계산서,PP,Y,인쇄,조회
20130225-1,성은산업,수축필름 [220*145 (고메리)],924000,세금계산서,PP,Y,인쇄,조회
20130222-3,(주)세우케미칼,E 308 [E 308],49764000,세금계산서,PE,Y,인쇄,조회
20130222-2,백암지관공업사,지관 200 [지관 200＊8＊190] 외  1건,683544,세금계산서,PP,Y,인쇄,조회
20130222-1,대림프라스틱(주),팔레트 1100*1100*120 [1100*1100*120],336600,세금계산서,PP,Y,인쇄,조회
20130221-2,삼보팩,무인쇄톰슨접착 320 [320*130*320] 외  1건,2211000,세금계산서,PP,Y,인쇄,조회
20130221-1,(주)경남케미칼,MB 6520 [M／B 6520] 외  2건,874500,세금계산서,PP,Y,인쇄,조회
20130220-3,(주)세우케미칼,E 308 [E 308],49764000,세금계산서,PE,Y,인쇄,조회
20130220-2,지에스칼텍스(주),H430 [500KG] 외  1건,22022000,세금계산서,PP,Y,인쇄,조회
20130220-1,삼보팩,무인쇄톰슨접착 320 [320*130*320] 외  2건,1441000,세금계산서,PP,Y,인쇄,조회
20130218-2,(주)삼신,PP원료,24719904,세금계산서,PP,Y,인쇄,조회
20130218-1,백암지관공업사,지관 200 [지관 200＊8＊190] 외  1건,736054,세금계산서,PP,Y,인쇄,조회
20130216-2,금성상회,PP원료,14713875,세금계산서,PP,Y,인쇄,조회
20130216-1,영창프라스틱,BAND STOPPER SET [(15x100M)0.55T황색BAND와STOPPERSET],569284,영세율,PP,Y,인쇄,조회
20130215-2,제이케이머티리얼즈(주),PP원료,30903158,세금계산서,PP,Y,인쇄,조회
20130215-1,삼보팩,고메리 2입 (C/T) [475*470*400] 외  1건,1881110,세금계산서,PP,Y,인쇄,조회
20130214-1,성신목재,팔렛트1440*840 [1440*840] 외  2건,404800,세금계산서,PP,Y,인쇄,조회
20130212-1,백암지관공업사,지관 200 [지관 200＊8＊190] 외  2건,2364003,세금계산서,PP,Y,인쇄,조회
20130206-1,백암지관공업사,지관 200 [지관 200＊8＊190] 외  1건,704286,세금계산서,PP,Y,인쇄,조회
20130205-2,(주)경남케미칼,MB 820FL [M／B 820FL（BLACK）] 외  2건,1309000,세금계산서,PP,Y,인쇄,조회
20130205-1,(주)삼신,PP원료,24967305,세금계산서,PP,Y,인쇄,조회
20130201-2,(주)세우케미칼,E 308 [E 308],38280000,세금계산서,PE,Y,인쇄,조회
20130201-1,백암지관공업사,지관 50 [지관 50＊5＊181],1452000,세금계산서,PE,Y,인쇄,조회
20130131-3,지에스칼텍스(주),H430 [500KG],22572000,세금계산서,PP,Y,인쇄,조회
20130131-2,제이에스유화(주),Y910A [Y910A(pe원료)],22572000,세금계산서,PE,Y,인쇄,조회
20130131-1,한국바코드시스템,라벨(아트지도안2T) [76*156] 외  1건,308000,세금계산서,PP,Y,인쇄,조회
20130130-7,(주)경남케미칼,MB 820FL [M／B 820FL（BLACK）],429000,세금계산서,PP,Y,인쇄,조회
20130130-6,백암지관공업사,지관 200 [지관 200＊8＊190] 외  1건,839238,세금계산서,PP,Y,인쇄,조회
20130130-5,금성상회,PP원료 [청색],12196800,세금계산서,PP,Y,인쇄,조회
20130130-4,성신목재,파렛트 1150*1150 [1150*1150] 외  5건,329560,세금계산서,PP,Y,인쇄,조회
20130130-3,동진씨엔피,박스 DF [480 320 380] 외  4건,2949100,세금계산서,PE,Y,인쇄,조회
20130130-2,삼보팩,패드580 [580*406],653400,세금계산서,PP,Y,인쇄,조회
20130130-1,(주)태진케미칼,PP원료 [청색],4126100,세금계산서,PP,Y,인쇄,조회
20130129-1,대림프라스틱(주),팔레트 1100*1100*120 [1100*1100*120],336600,세금계산서,PP,Y,인쇄,조회
20130125-4,(주)경남케미칼,MB 307 [M／B 307 Yellow] 외  1건,825000,세금계산서,PP,Y,인쇄,조회
20130125-3,백암지관공업사,지관 406 [지관 406＊6＊155],508002,세금계산서,PP,Y,인쇄,조회
20130125-2,삼보팩,미국박스 580 [580*170*580],122980,세금계산서,PP,Y,인쇄,조회
20130125-1,지에스칼텍스(주),H430-A [25KG] 외  1건,21868000,세금계산서,PP,Y,인쇄,조회
20130124-3,백암지관공업사,지관 406 [지관 406＊6＊155],553410,세금계산서,PP,Y,인쇄,조회
20130124-2,(주)삼신,PP원료,37488825,세금계산서,PP,Y,인쇄,조회
20130124-1,에이스인쇄,모조지 STICKER [모조지 STICKER],50050,세금계산서,PP,Y,인쇄,조회
20130122-5,성신목재,팔레트 1440*830 [1440*830] 외  3건,205260,세금계산서,PP,Y,인쇄,조회
20130122-4,백암지관공업사,지관 50 [지관 50＊5＊181] 외  2건,2291238,세금계산서,PP,Y,인쇄,조회
20130122-3,효창산업,CALPET [CALPET],2904000,세금계산서,PP,Y,인쇄,조회
20130122-2,삼보팩,고메리 3입(IN) [345*340*390] 외  1건,1161050,세금계산서,PP,Y,인쇄,조회
20130122-1,제이케이머티리얼즈(주),PP원료,30604288,세금계산서,PP,Y,인쇄,조회
20130118-1,(주)경남케미칼,MB 307 [M／B 307 Yellow] 외  1건,390500,세금계산서,PP,Y,인쇄,조회
20130117-2,대양스트랩(주),PET 15.62X0.89X1220M [PET 15.62X0.89X1220M D/G SMOOTH] 외  1건,9456000,영세율,대양스트랩,Y,인쇄,조회
20130117-1,삼보팩,PB청400*200 [400*400],990000,세금계산서,PP,Y,인쇄,조회
20130116-5,(주)태진케미칼,PP원료 [가공원료],1161600,세금계산서,PP,Y,인쇄,조회
20130116-4,(주)세우케미칼,E 308 [E 308],48906000,세금계산서,PE,Y,인쇄,조회
20130116-3,두성엔지니어링,고무로라 피복 외  1건,539000,세금계산서,PP,Y,인쇄,조회
20130115-3,금성상회,PP원료 [투명],8772500,세금계산서,PP,Y,인쇄,조회
20130115-2,백암지관공업사,지관 200 [지관 200＊8＊190],873180,세금계산서,PP,Y,인쇄,조회
20130115-1,오버라이트산업,OPP-TAPE [OPP-TAPE 50＊40(베이지)] 외  2건,1776500,세금계산서,PP,Y,인쇄,조회
20130114-1,(주)경남케미칼,MB 820FL [M／B 820FL（BLACK）] 외  1건,891000,세금계산서,PP,Y,인쇄,조회
20130112-1,백암지관공업사,지관 50 [지관 50＊5＊181] 외  1건,1646040,세금계산서,PE,Y,인쇄,조회
20130111-2,삼보팩,고메리 12입(C/T) [570*430*390] 외  2건,2635600,세금계산서,PP,Y,인쇄,조회
20130111-1,금성상회,"PE원료 [재생 (LLDPE, 임가공)]",10862500,세금계산서,PE,Y,인쇄,조회
20130110-2,백암지관공업사,지관 200 [지관 200＊8＊190] 외  1건,833725,세금계산서,PP,Y,인쇄,조회
20130110-1,(주)삼신,PP원료,36583371,세금계산서,PP,Y,인쇄,조회
20130108-2,지에스칼텍스(주),H430-B [25kg],21648000,세금계산서,PP,Y,인쇄,조회
20130108-1,대림프라스틱(주),팔레트 1100*1100*120 [1100*1100*120],336600,세금계산서,PP,Y,인쇄,조회
20130104-1,백암지관공업사,지관 50 [지관 50＊5＊181],1452000,세금계산서,PE,Y,인쇄,조회
20130103-1,백암지관공업사,지관 200 [지관 200＊8＊190] 외  1건,786385,세금계산서,PP,Y,인쇄,조회
20130102-2,지에스칼텍스(주),H430-B [25kg],21648000,세금계산서,PP,Y,인쇄,조회
20130102-1,(주)경남케미칼,MB 510-2 [M／B 510-2] 외  2건,1116500,세금계산서,PP,Y,인쇄,조회
20121228-2,(주)세우케미칼,E 308 [E 308],48334000,세금계산서,PE,Y,인쇄,조회
20121228-1,동진씨엔피,박스 D17 [580 455 205] 외  3건,2331054,세금계산서,PE,Y,인쇄,조회
20121227-1,(주)삼신,PP원료,36053226,세금계산서,PP,Y,인쇄,조회
20121226-1,지에스칼텍스(주),H430-B [25kg],21912000,세금계산서,PP,Y,인쇄,조회
20121224-3,성신목재,팔레트 1440*830 [1440*830] 외  3건,205260,세금계산서,PP,Y,인쇄,조회
20121224-2,백암지관공업사,지관 50 [지관 50＊5＊181] 외  1건,1646040,세금계산서,PP,Y,인쇄,조회
20121224-1,삼보팩,미국박스 580 [580*170*580],368940,세금계산서,PP,Y,인쇄,조회
20121222-1,영창프라스틱,STOPPER 50 PCS [STOPPER 50 PCS  투명] 외  2건,1756370,세금계산서,영창프라스틱,Y,인쇄,조회
20121221-2,대림프라스틱(주),팔레트 1100*1100*120 [1100*1100*120],224400,세금계산서,PP,Y,인쇄,조회
20121221-1,백암지관공업사,지관 200 [지관 200＊8＊190] 외  1건,685454,세금계산서,PP,Y,인쇄,조회
20121220-5,진흥산업,폴리백 26＊44 [폴리백 26＊44] 외  2건,1892000,세금계산서,PP,Y,인쇄,조회
20121220-4,금성상회,PP원료 [코포리마],8772500,세금계산서,PP,Y,인쇄,조회
20121220-3,백암지관공업사,지관 406 [지관 406＊6＊155] 외  1건,608225,세금계산서,PP,Y,인쇄,조회
20121220-2,두성엔지니어링,밴드다이스(4줄타입)및 와인더1축,11000000,세금계산서,PP,Y,인쇄,조회
20121220-1,두성엔지니어링,쵸크핀 [쵸크핀] 외  2건,473000,세금계산서,PP,Y,인쇄,조회
20121219-3,창미포장기계,수축필름 [15인치  (sanyu 포장)],306900,세금계산서,PP,Y,인쇄,조회
20121219-2,동방포장기자재,스트레치필름(기능성) [12mic * 500mm],429000,세금계산서,PP,Y,인쇄,조회
20121219-1,(주)삼신,PP원료,29760489,세금계산서,PP,Y,인쇄,조회
20121218-2,성신목재,팔레트 860*1290 [860*1290] 외  3건,166760,세금계산서,PP,Y,인쇄,조회
20121218-1,(주)경남케미칼,MB 820FL [M／B 820FL（BLACK）] 외  2건,1023000,세금계산서,PP,Y,인쇄,조회
20121217-1,삼보팩,패드 400 [패드  400＊200] 외  2건,1581800,세금계산서,PP,Y,인쇄,조회
20121214-1,백암지관공업사,지관 200 [지관 200＊8＊190] 외  2건,1565238,세금계산서,PP,Y,인쇄,조회
20121213-1,지에스칼텍스(주),H430-A [25KG] 외  1건,22044000,세금계산서,PP,Y,인쇄,조회
20121212-1,백암지관공업사,지관 200 [지관 200＊8＊190] 외  1건,722722,세금계산서,PP,Y,인쇄,조회
20121211-3,제이케이머티리얼즈(주),PP원료,31816092,세금계산서,PP,Y,인쇄,조회
20121211-2,(주)삼신,PP원료,34240635,세금계산서,PP,Y,인쇄,조회
20121211-1,성신목재,팔레트 1100*1100 [1100*1100],435600,세금계산서,PP,Y,인쇄,조회
20121207-2,백암지관공업사,지관 200 [지관 200＊8＊190] 외  1건,736058,세금계산서,PP,Y,인쇄,조회
20121207-1,삼보팩,수지대-파워팩 [320 (4500)] 외  5건,3623400,세금계산서,PP,Y,인쇄,조회
20121205-2,원영포리머(주),PP원료 [kpp] 외  1건,15125000,세금계산서,PP,Y,인쇄,조회
20121205-1,(주)경남케미칼,MB 510-2 [M／B 510-2] 외  2건,1100000,세금계산서,PP,Y,인쇄,조회
20121203-1,영창프라스틱,STOPPER 50 PCS [STOPPER 50 PCS  투명] 외  3건,3285277,영세율,영창프라스틱,Y,인쇄,조회
20121129-3,백암지관공업사,지관 200 [지관 200＊8＊190] 외  1건,926882,세금계산서,PP,Y,인쇄,조회
20121129-2,대림프라스틱(주),팔레트 1100*1100*120 [1100*1100*120],336600,세금계산서,PP,Y,인쇄,조회
20121129-1,삼보팩,패드 420 [패드 420＊200] 외  2건,1531200,세금계산서,PP,Y,인쇄,조회
20121128-1,지에스칼텍스(주),H430-A [25KG] 외  1건,22470800,세금계산서,PP,Y,인쇄,조회
20121127-1,백암지관공업사,지관 200 [지관 200＊8＊190] 외  1건,703410,세금계산서,PP,Y,인쇄,조회
20121126-1,효창산업,CALPET [CALPET],2904000,세금계산서,PP,Y,인쇄,조회
20121123-2,성신목재,팔레트 1100*1000 [1100*1000] 외  11건,551320,세금계산서,PP,Y,인쇄,조회
20121123-1,(주)태진케미칼,PP원료 [가공원료(파샤가공)] 외  1건,1325500,세금계산서,PP,Y,인쇄,조회
20121122-1,백암지관공업사,지관 200 [지관 200＊4＊190] 외  1건,696880,세금계산서,PP,Y,인쇄,조회
20121121-1,백암지관공업사,지관 280 [지관 280＊8＊187] 외  2건,1299540,세금계산서,PP,Y,인쇄,조회
20121120-1,(주)세우케미칼,E 308 [E 308],48906000,세금계산서,PE,Y,인쇄,조회
20121119-2,지에스칼텍스(주),H430-B [25kg] 외  1건,22453200,세금계산서,PP,Y,인쇄,조회
20121119-1,동방포장기자재,스트레치필름A(18MIC) [500mm * 450m],16456000,세금계산서,PP,Y,인쇄,조회
20121116-2,(주)경남케미칼,MB 510-2 [M／B 510-2] 외  1건,706750,세금계산서,PP,Y,인쇄,조회
20121116-1,백암지관공업사,지관 200 [지관 200＊8＊190] 외  1건,736058,세금계산서,PP,Y,인쇄,조회
20121115-1,삼보팩,고메리 3입 (C/T) [360*355*385] 외  2건,1850750,세금계산서,PP,Y,인쇄,조회
20121114-2,성신목재,팔레트 1440*830 [1440*830] 외  3건,205260,세금계산서,PP,Y,인쇄,조회
20121114-1,(주)삼신,PP원료,23234035,세금계산서,PP,Y,인쇄,조회
20121113-1,금성상회,PP원료,9075000,세금계산서,PP,Y,인쇄,조회
20121112-2,지에스칼텍스(주),H710-B [25KG] 외  1건,20988000,세금계산서,PP,Y,인쇄,조회
20121112-1,대림프라스틱(주),팔레트 1100*1100*120 [1100*1100*120],336600,세금계산서,PP,Y,인쇄,조회
20121110-1,백암지관공업사,지관 200 [지관 200＊8＊190] 외  1건,924123,세금계산서,PP,Y,인쇄,조회
20121109-1,삼보팩,PB청400*200 [400*400] 외  2건,1537800,세금계산서,PP,Y,인쇄,조회
20121108-1,동진씨엔피,박스 DF [480 320 380] 외  3건,2172940,세금계산서,PE,Y,인쇄,조회
20121107-4,(주)경남케미칼,MB 510-2 [M／B 510-2] 외  2건,1023000,세금계산서,PP,Y,인쇄,조회
20121107-3,제이케이머티리얼즈(주),PP원료,32118900,세금계산서,PP,Y,인쇄,조회
20121107-2,금정기획,라벨(아트지도안옴니) [80*100] 외  1건,156200,세금계산서,PP,Y,인쇄,조회
20121107-1,백암지관공업사,지관 150 [지관 150*10*160 (체신청)] 외  1건,691957,세금계산서,PP,Y,인쇄,조회
20121106-1,금성상회,PE원료,8800000,세금계산서,PP,Y,인쇄,조회
20121105-1,성신목재,팔레트 1380＊920 [1380＊920] 외  9건,867460,세금계산서,PP,Y,인쇄,조회
20121102-2,지에스칼텍스(주),H430 [25KG] 외  1건,22770000,세금계산서,PP,Y,인쇄,조회
20121102-1,백암지관공업사,지관 50 [지관 50＊5＊181] 외  1건,1705000,세금계산서,PP,Y,인쇄,조회
20121031-3,두성엔지니어링,밴드노즐 외  1건,286000,세금계산서,PP,Y,인쇄,조회
20121031-2,동원화학수지,PP원료 [노랑],12870000,세금계산서,PP,Y,인쇄,조회
20121031-1,백암지관공업사,지관 280 [지관 280＊8＊187] 외  1건,1262756,세금계산서,PP,Y,인쇄,조회
20121030-1,(주)삼신,PP원료,37109325,세금계산서,PP,Y,인쇄,조회
20121025-1,백암지관공업사,지관 200 [지관 200＊4＊190] 외  1건,810471,세금계산서,PP,Y,인쇄,조회
20121024-4,영창프라스틱,STOPPER 50 PCS [STOPPER 50 PCS  투명],402300,영세율,영창프라스틱,Y,인쇄,조회
20121024-3,두성엔지니어링,기어가공 [M1 * 119T],49500,세금계산서,PP,Y,인쇄,조회
20121024-1,금성상회,PP원료,281600,세금계산서,PP,Y,인쇄,조회
20121023-3,금성상회,PP원료,4928000,세금계산서,PP,Y,인쇄,조회
20121023-2,대림프라스틱(주),팔레트 1100*1100*120 [1100*1100*120],224400,세금계산서,PP,Y,인쇄,조회
20121023-1,두성엔지니어링,밴드노즐 [와이어 수정가공] 외  1건,214500,세금계산서,PP,Y,인쇄,조회
20121022-3,지에스칼텍스(주),H430 [500KG],23760000,세금계산서,PP,Y,인쇄,조회
20121022-2,성신목재,팔레트 860*1290 [860*1290] 외  3건,173360,세금계산서,PP,Y,인쇄,조회
20121022-1,백암지관공업사,지관 280 [지관 280＊8＊187] 외  3건,1935516,세금계산서,PP,Y,인쇄,조회
20121019-2,한국바코드시스템,라벨(아트지도안HR-811) [125*65] 외  1건,363000,세금계산서,PP,Y,인쇄,조회
20121019-1,삼보팩,옴니원패드 430 [430*430] 외  1건,1035100,세금계산서,PP,Y,인쇄,조회
20121018-2,(주)삼신,PP원료,37134900,세금계산서,PP,Y,인쇄,조회
20121018-1,백암지관공업사,지관 200 [지관 200＊4＊190] 외  1건,745575,세금계산서,PP,Y,인쇄,조회
20121017-2,삼보팩,무인쇄톰슨접착 350 [350*130*350],1001000,세금계산서,PP,Y,인쇄,조회
20121017-1,금정기획,라벨(아트지1030708) [110*45] 외  3건,588500,세금계산서,PP,Y,인쇄,조회
20121016-2,영창프라스틱,지퍼팩,105600,세금계산서,PP,Y,인쇄,조회
20121016-1,지에스칼텍스(주),H430 [25KG] 외  1건,34870000,세금계산서,PP,Y,인쇄,조회
20121015-2,(주)경남케미칼,MB 307 [M／B 307 Yellow] 외  1건,849750,세금계산서,PP,Y,인쇄,조회
20121015-1,동방포장기자재,스트레치필름A(18MIC) [500mm * 450m],16632000,세금계산서,PP,Y,인쇄,조회
20121012-2,백암지관공업사,지관 50 [지관 50＊5＊181] 외  1건,1249908,세금계산서,PP,Y,인쇄,조회
20121010-3,백암지관공업사,지관 280 [지관 280＊8＊187] 외  1건,903408,세금계산서,PP,Y,인쇄,조회
20121010-2,(주)엠에이티,스트레치필름 [0.025T*500W*1400M(위니아/엠에이티)],6350080,세금계산서,PP,Y,인쇄,조회
20121010-1,성은산업,수축필름 [220*145 (고메리)],484000,세금계산서,PP,Y,인쇄,조회
20121009-3,두성엔지니어링,shaft가공 [B/R부위 용접및 가공] 외  1건,880000,세금계산서,PP,Y,인쇄,조회
20121009-2,삼보팩,패드 430 [패드 430＊200] 외  1건,1338700,세금계산서,PP,Y,인쇄,조회
20121009-1,영창프라스틱,STOPPER 50 PCS [STOPPER 50 PCS  투명] 외  3건,5648342,영세율,PP,Y,인쇄,조회
20121008-1,제이케이머티리얼즈(주),PP원료,43582968,세금계산서,PP,Y,인쇄,조회
20121005-2,백암지관공업사,지관 200 [지관 200＊8＊190] 외  1건,819834,세금계산서,PP,Y,인쇄,조회
20121005-1,제이케이머티리얼즈(주),PP원료,4793184,세금계산서,PP,Y,인쇄,조회
20121004-1,금성상회,PP원료,7260000,세금계산서,PP,Y,인쇄,조회
20120926-1,(주)세우케미칼,E 308 [E 308],48906000,세금계산서,PE,Y,인쇄,조회
20120925-5,동진씨엔피,박스 DF [480 320 380] 외  2건,2113210,세금계산서,PE,Y,인쇄,조회
20120925-4,(주)삼신,PP원료,36210790,세금계산서,PP,Y,인쇄,조회
20120925-3,영창프라스틱,STOPPER 50 PCS [STOPPER 50 PCS  투명],540750,영세율,PP,Y,인쇄,조회
20120925-2,(주)태진케미칼,PP원료 [가공원료],1659900,세금계산서,PP,Y,인쇄,조회
20120925-1,(주)경남케미칼,MB 510-2 [M／B 510-2] 외  1건,660000,세금계산서,PP,Y,인쇄,조회
20120924-2,백암지관공업사,지관 200 [지관 200＊4＊190],656594,세금계산서,PP,Y,인쇄,조회
20120924-1,진흥산업,폴리백 57*58 [폴리백 57*58],726000,세금계산서,PP,Y,인쇄,조회
20120921-1,지에스칼텍스(주),H430 [500KG],23100000,세금계산서,PP,Y,인쇄,조회
20120920-3,백암지관공업사,지관 50 [지관 50＊5＊181] 외  1건,1956504,세금계산서,PP,Y,인쇄,조회
20120920-2,두성엔지니어링,와인다 보빈 [@280 타입가공],2310000,세금계산서,PP,Y,인쇄,조회
20120920-1,삼보팩,서플라이웨이BOX [440*200*445 (Blue)] 외  3건,2385900,세금계산서,PP,Y,인쇄,조회
20120919-5,금성상회,PP원료,3509000,세금계산서,PP,Y,인쇄,조회
20120919-4,백암지관공업사,지관 200 [지관 200＊8＊190] 외  1건,899514,세금계산서,PP,Y,인쇄,조회
20120919-3,(주)세우케미칼,E 308 [E 308],48906000,세금계산서,PE,Y,인쇄,조회
20120919-2,대림프라스틱(주),팔레트 1100*1100*120 [1100*1100*120],448800,세금계산서,PP,Y,인쇄,조회
20120919-1,성신목재,팔레트 1100*1100 [1100*1100(특수파렛트)],871200,세금계산서,PP,Y,인쇄,조회
20120918-2,두성엔지니어링,고무로라연마 외  1건,82500,세금계산서,PP,Y,인쇄,조회
20120918-1,백암지관공업사,지관 200 [지관 200＊4＊190] 외  1건,1121428,세금계산서,PP,Y,인쇄,조회
20120914-3,효창산업,CALPET [CALPET],2904000,세금계산서,PP,Y,인쇄,조회
20120914-2,금성상회,PP원료 [ ],1754500,세금계산서,PP,Y,인쇄,조회
20120914-1,지에스칼텍스(주),H430 [500KG],23100000,세금계산서,PP,Y,인쇄,조회
20120913-2,(주)경남케미칼,MB 820FL [M／B 820FL（BLACK）] 외  1건,1067000,세금계산서,PP,Y,인쇄,조회
20120913-1,(주)동원화학,PP8M [PP8M／M10KG(백)],2090000,세금계산서,PP,Y,인쇄,조회
20120912-2,백암지관공업사,지관 280 [지관 280＊8＊187] 외  1건,895818,세금계산서,PP,Y,인쇄,조회
20120910-2,지에스칼텍스(주),H430-A [25KG] 외  1건,22770000,세금계산서,PP,Y,인쇄,조회
20120910-1,동방포장기자재,스트레치필름A(18MIC) [500mm * 450m],16632000,세금계산서,PP,Y,인쇄,조회
20120906-3,금성상회,PP원료,877250,세금계산서,PP,Y,인쇄,조회
20120906-2,(주)삼신,PP원료,34771770,세금계산서,PP,Y,인쇄,조회
20120906-1,백암지관공업사,지관 200 [지관 200＊8＊190] 외  1건,895796,세금계산서,PP,Y,인쇄,조회
20120905-1,백암지관공업사,지관 50 [지관 50＊5＊181] 외  2건,2273790,세금계산서,PP,Y,인쇄,조회
20120904-2,삼보팩,패드 500 [패드500*280] 외  1건,1845800,세금계산서,PP,Y,인쇄,조회
20120904-1,(주)동원화학,PP6MM [PP6M／M10KG(백)],2310000,세금계산서,PP,Y,인쇄,조회
20120903-3,두성엔지니어링,쵸크핀 [쵸크핀(캠)] 외  2건,308000,세금계산서,PP,Y,인쇄,조회
20120903-2,성신목재,팔레트 860*1290 [860*1290] 외  6건,365640,세금계산서,PP,Y,인쇄,조회
20120903-1,(주)경남케미칼,MB 510-2 [M／B 510-2] 외  2건,1064250,세금계산서,PP,Y,인쇄,조회
20120901-1,제이케이머티리얼즈(주),PP원료,39378900,세금계산서,PP,Y,인쇄,조회
20120831-3,에이스인쇄,MADE IN KOREA(인쇄),66000,세금계산서,PP,Y,인쇄,조회
20120831-2,금성상회,PE원료,10656250,세금계산서,PP,Y,인쇄,조회
20120831-1,백암지관공업사,지관 200 [지관 200＊4＊190] 외  1건,677292,세금계산서,PP,Y,인쇄,조회
20120829-1,삼보팩,고메리 12입(IN) [410*275*180],1973400,세금계산서,PP,Y,인쇄,조회
20120828-1,지에스칼텍스(주),H430 [500KG] 외  1건,25674000,세금계산서,PP,Y,인쇄,조회
20120827-1,백암지관공업사,지관 280 [지관 280＊8＊187] 외  2건,770695,세금계산서,PP,Y,인쇄,조회
20120824-2,(주)세우케미칼,E 308 [E 308],47476000,세금계산서,PP,Y,인쇄,조회
20120824-1,(주)동원화학,스트레치필름(핸드랩) [20*500*400] 외  3건,509168,세금계산서,PP,Y,인쇄,조회
20120823-2,백암지관공업사,지관 50 [지관 50＊5＊181],1905750,세금계산서,PE,Y,인쇄,조회
20120823-1,한국바코드시스템,라벨(아트지도안황색) [86*46] 외  6건,572000,세금계산서,PP,Y,인쇄,조회
20120822-4,삼보팩,무인쇄톰슨접착 320 [320*130*320] 외  1건,1043460,세금계산서,PP,Y,인쇄,조회
20120822-3,영창프라스틱,STOPPER 50 PCS [STOPPER 50 PCS  투명] 외  4건,4427747,세금계산서,PP,Y,인쇄,조회
20120822-2,삼보팩,무인쇄톰슨접착 320 [320*130*320],2119040,세금계산서,PP,Y,인쇄,조회
20120822-1,대림프라스틱(주),팔레트 1100*1100*120 [1100*1100*120],448800,세금계산서,PP,Y,인쇄,조회
20120821-1,지에스칼텍스(주),H430 [25KG],22308000,세금계산서,PP,Y,인쇄,조회
20120820-1,백암지관공업사,지관 200 [지관 200＊8＊190] 외  1건,888855,세금계산서,PP,Y,인쇄,조회
20120817-1,(주)삼신,PP원료,35849330,세금계산서,PP,Y,인쇄,조회
20120816-1,성신목재,팔레트 1380＊920 [1380＊920] 외  4건,193600,세금계산서,PP,Y,인쇄,조회
20120815-1,동진씨엔피,박스 D-28(4.4) [760 310 205] 외  3건,2520100,세금계산서,PE,Y,인쇄,조회
20120814-2,백암지관공업사,지관 200 [지관 200＊8＊190] 외  1건,696880,세금계산서,PP,Y,인쇄,조회
20120814-1,대양스트랩(주),PET 15.62X0.89X1220M [PET 15.62X0.89X1220M D/G SMOOTH] 외  1건,10140000,세금계산서,PP,Y,인쇄,조회
20120813-1,백암지관공업사,지관 50 [지관 50＊5＊181],1452000,세금계산서,PP,Y,인쇄,조회
20120811-1,(주)경남케미칼,MB 510-2 [M／B 510-2] 외  2건,1364000,세금계산서,PP,Y,인쇄,조회
20120810-1,백암지관공업사,지관 200 [지관 200＊8＊190] 외  1건,736058,세금계산서,PP,Y,인쇄,조회
20120808-1,(주)세우케미칼,E 308 [E 308],47476000,세금계산서,PE,Y,인쇄,조회
20120806-1,지에스칼텍스(주),H430 [25KG] 외  1건,22110000,세금계산서,PP,Y,인쇄,조회
20120731-1,백암지관공업사,지관 200 [지관 200＊8＊190] 외  1건,682096,세금계산서,PP,Y,인쇄,조회
20120730-3,제이케이머티리얼즈(주),PP원료,40172946,세금계산서,PP,Y,인쇄,조회
20120730-2,대림프라스틱(주),팔레트 1100*1100*120 [1100*1100*120],448800,세금계산서,PP,Y,인쇄,조회
20120730-1,동방포장기자재,스트레치필름A(18MIC) [500mm * 450m],16720000,세금계산서,PP,Y,인쇄,조회
20120728-1,(주)태진케미칼,PP원료 [가공원료],1504800,세금계산서,PP,Y,인쇄,조회
20120727-2,백암지관공업사,지관 200 [지관 200＊8＊190] 외  1건,1266540,세금계산서,PP,Y,인쇄,조회
20120727-1,진흥산업,폴리백 26＊44 [폴리백 26＊44] 외  1건,1496000,세금계산서,PP,Y,인쇄,조회
20120726-2,삼보팩,패드540(무인쇄) [패드540*200],1113200,세금계산서,PP,Y,인쇄,조회
20120726-1,삼보팩,패드540(무인쇄) [패드540*200],1012000,영세율,PP,Y,인쇄,조회
20120725-2,영창프라스틱,STOPPER 50 PCS [STOPPER 50 PCS  투명],0,영세율,PP,Y,인쇄,조회
20120724-6,(주)삼신,PP원료,29936390,세금계산서,PP,Y,인쇄,조회
20120724-5,동원화학수지,PP원료 외  1건,13813800,세금계산서,PP,Y,인쇄,조회
20120724-4,동원화학수지,PE원료 [가공],4709760,세금계산서,PE,Y,인쇄,조회
20120724-3,(주)삼신,PP원료,41538915,세금계산서,PP,Y,인쇄,조회
20120724-2,성신목재,팔레트 1100*1000 [1100*1000] 외  5건,194370,세금계산서,PP,Y,인쇄,조회
20120724-1,삼보팩,고메리 12입(C/T) [570*430*390] 외  3건,2897950,세금계산서,PP,Y,인쇄,조회
20120723-1,지에스칼텍스(주),H430 [25KG] 외  1건,21941480,세금계산서,PP,Y,인쇄,조회
20120720-1,백암지관공업사,지관 200 [지관 200＊8＊190] 외  1건,938337,세금계산서,PP,Y,인쇄,조회
20120719-3,지에스칼텍스(주),H430-B [25kg],1760000,세금계산서,PP,Y,인쇄,조회
20120719-2,금성상회,PE원료,10230000,세금계산서,PP,Y,인쇄,조회
20120719-1,대림프라스틱(주),팔레트 1100*1100*120 [1100*1100*120],224400,세금계산서,PP,Y,인쇄,조회
20120717-3,백암지관공업사,지관 280 [지관 280＊8＊187] 외  2건,1358346,세금계산서,PP,Y,인쇄,조회
20120717-2,금정기획,라벨(아트지 4501) [150*100] 외  3건,533500,세금계산서,PP,Y,인쇄,조회
20120717-1,삼보팩,스넬 C/T 260* [260*132*263],1086800,세금계산서,PP,Y,인쇄,조회
20120716-4,성신목재,팔레트 860*1290 [860*1290] 외  3건,185680,세금계산서,PP,Y,인쇄,조회
20120716-3,(주)경남케미칼,MB 100B（ [M／B 100B（WHITE）] 외  2건,2112000,세금계산서,PP,Y,인쇄,조회
20120716-2,(주)엠에이티,스트레치필름(기계랩) [18*300*1500],2024000,세금계산서,PP,Y,인쇄,조회
20120716-1,효창산업,CALPET [CALPET],2904000,세금계산서,PP,Y,인쇄,조회
20120713-2,삼보팩,패드 400 [패드  400＊200] 외  2건,1391500,세금계산서,PP,Y,인쇄,조회
20120713-1,(주)엠에이티,스트레치필름(핸드랩) [20*500*400],1359600,세금계산서,PP,Y,인쇄,조회
20120711-1,삼보팩,고메리 2입 (C/T) [475*470*400] 외  2건,2624820,세금계산서,PP,Y,인쇄,조회
20120710-4,백암지관공업사,지관 200 [지관 200＊8＊190] 외  1건,843242,세금계산서,PP,Y,인쇄,조회
20120710-3,동진씨엔피,박스 DF [480 320 380] 외  2건,2216500,세금계산서,PE,Y,인쇄,조회
20120710-2,두성엔지니어링,와인다캠 [100/m type  가공],1100000,세금계산서,PP,Y,인쇄,조회
20120710-1,성신목재,팔레트 1100*1100 [1100*1100] 외  5건,185680,세금계산서,PP,Y,인쇄,조회
20120709-2,CFPTRADING,pp원료 (수입),37525114,세금계산서,PP,Y,인쇄,조회
20120709-1,지에스칼텍스(주),H430 [25KG] 외  1건,21794520,세금계산서,PP,Y,인쇄,조회
20120704-1,백암지관공업사,지관 200 [지관 200＊4＊190] 외  1건,1034633,세금계산서,PP,Y,인쇄,조회
20120703-2,(주)신흥케미칼,PP원료,5274500,세금계산서,PP,Y,인쇄,조회
20120703-1,동방포장기자재,스트레치필름A(18MIC) [500mm * 450m],17212800,세금계산서,PP,Y,인쇄,조회
20120702-3,백암지관공업사,지관 200 [지관 200＊4＊190] 외  1건,754353,세금계산서,PP,Y,인쇄,조회
20120702-2,(주)세우케미칼,E 308 [E 308],47476000,세금계산서,PP,Y,인쇄,조회
20120702-1,삼보팩,미국박스 [440 200 445],1461900,세금계산서,PP,Y,인쇄,조회
20120629-1,대림프라스틱(주),팔레트 1100*1100*120 [1100*1100*120],336600,세금계산서,PP,Y,인쇄,조회
20120628-3,(주)경남케미칼,MB 6520 [M／B 6520],385000,세금계산서,PP,Y,인쇄,조회
20120628-2,성신목재,팔레트 860*1290 [860*1290] 외  5건,572880,세금계산서,PP,Y,인쇄,조회
20120628-1,자강산업(주),PP원료,20863128,세금계산서,PP,Y,인쇄,조회
20120627-4,삼보팩,스넬 C/T 260* [260*132*263] 외  1건,2267100,세금계산서,PP,Y,인쇄,조회
20120627-3,(주)경남케미칼,MB 100B（ [M／B 100B（WHITE）],638000,세금계산서,PP,Y,인쇄,조회
20120627-2,백암지관공업사,지관 200 [지관 200＊4＊190] 외  1건,1159774,세금계산서,PP,Y,인쇄,조회
20120626-1,(주)삼신,PP원료,46655840,세금계산서,PP,Y,인쇄,조회
20120623-1,지에스칼텍스(주),H430-A [25KG],21780000,세금계산서,PP,Y,인쇄,조회
20120621-1,영창프라스틱,"STOPPER 1,000 PC [STOPPER 1,000 PC투명] 외  1건",2496601,세금계산서,PP,Y,인쇄,조회
20120620-2,백암지관공업사,지관 200 [지관 200＊8＊190] 외  3건,1295338,세금계산서,PP,Y,인쇄,조회
20120620-1,금성상회,PE원료 [LLDPE],8800000,세금계산서,PP,Y,인쇄,조회
20120618-1,두성엔지니어링,고무로라 피복 [@215*240L] 외  2건,418000,세금계산서,PP,Y,인쇄,조회
20120615-2,성신목재,팔렛트 3850*600 [3850*600],81400,세금계산서,PP,Y,인쇄,조회
20120614-1,효창산업,CALPET [CALPET],1936000,세금계산서,PP,Y,인쇄,조회
20120613-3,(주)경남케미칼,MB 510-2 [M／B 510-2],682000,세금계산서,PP,Y,인쇄,조회
20120613-2,(주)삼신,PP원료,45795200,세금계산서,PP,Y,인쇄,조회
20120613-1,(주)신흥케미칼,PP원료 [가공],845625,세금계산서,PP,Y,인쇄,조회
20120611-3,백암지관공업사,지관 200 [지관 200＊8＊190] 외  2건,3472893,세금계산서,PP,Y,인쇄,조회
20120611-2,(주)세우케미칼,E 308 [E 308],24453000,세금계산서,PE,Y,인쇄,조회
20120611-1,(주)세우케미칼,5014 [pp원료],25597000,세금계산서,PP,Y,인쇄,조회
20120605-2,에이스인쇄,모조지 STICKER [모조지 STICKER],48125,세금계산서,PE,Y,인쇄,조회
20120605-1,금정기획,라벨(아트지) [108*50] 외  4건,555500,세금계산서,PP,Y,인쇄,조회
20120604-1,삼보팩,패드 450＊2 [패드 450＊200] 외  1건,1092300,세금계산서,PP,Y,인쇄,조회
20120601-3,성신목재,팔레트 1380＊920 [1380＊920] 외  4건,187990,세금계산서,PP,Y,인쇄,조회
20120601-2,백암지관공업사,지관 200 [지관 200＊8＊190] 외  1건,715792,세금계산서,PP,Y,인쇄,조회
20120601-1,(주)경남케미칼,MB 820FL [M／B 820FL（BLACK）] 외  2건,874500,세금계산서,PP,Y,인쇄,조회
20120531-2,자강산업(주),PP원료,44601876,세금계산서,PP,Y,인쇄,조회
20120531-1,삼보팩,무인쇄톰슨접착 430 [430*130*430],1141800,세금계산서,PP,Y,인쇄,조회
20120530-2,삼보팩,무인쇄톰슨접착 430 [430*130*430],570900,세금계산서,PP,Y,인쇄,조회
20120530-1,삼보팩,서플라이웨이BOX [440*200*445 (BLUE)] 외  2건,1949200,세금계산서,PP,Y,인쇄,조회
20120529-4,삼보팩,무인쇄톰슨접착 320 [320*130*320],1461900,세금계산서,PP,Y,인쇄,조회
20120529-3,백암지관공업사,지관 200 [지관 200＊8＊190] 외  1건,690571,세금계산서,PP,Y,인쇄,조회
20120529-2,(주)경남케미칼,MB 510-2 [M／B 510-2] 외  2건,1023000,세금계산서,PP,Y,인쇄,조회
20120529-1,동방포장기자재,스트레치필름A(18MIC) [500mm * 450m],17212800,세금계산서,PP,Y,인쇄,조회
20120524-2,(주)삼신,PP원료,44466400,세금계산서,PP,Y,인쇄,조회
20120524-1,성신목재,팔레트 1100*1000 [1100*1000] 외  9건,377630,세금계산서,PP,Y,인쇄,조회
20120522-2,대림프라스틱(주),팔레트 1100*1100*120 [1100*1100*120],336600,세금계산서,PP,Y,인쇄,조회
20120522-1,백암지관공업사,지관 200 [지관 200＊8＊190] 외  1건,736797,세금계산서,PP,Y,인쇄,조회
20120521-1,자강산업(주),PP원료,5127408,세금계산서,PP,Y,인쇄,조회
20120519-2,동진씨엔피,박스 DF [480 320 380] 외  3건,3113000,세금계산서,PE,Y,인쇄,조회
20120519-1,(주)태진케미칼,PP원료 [가공원료],1545500,세금계산서,PP,Y,인쇄,조회
20120518-1,(주)경남케미칼,MB 510-2 [M／B 510-2] 외  3건,819500,세금계산서,PP,Y,인쇄,조회
20120517-1,백암지관공업사,지관 50 [지관 50＊5＊181] 외  2건,3041262,세금계산서,PE,Y,인쇄,조회
20120516-1,(주)삼신,PP원료,44916960,세금계산서,PP,Y,인쇄,조회
20120515-4,삼보팩,옴니원패드 430 [430*430] 외  2건,2259400,세금계산서,PP,Y,인쇄,조회
20120515-3,(주)세우케미칼,E 308 [E 308],51766000,세금계산서,PE,Y,인쇄,조회
20120515-2,금성상회,PP원료 [청색],7884800,세금계산서,PP,Y,인쇄,조회
20120515-1,에이스인쇄,봉투 [봉투],88000,세금계산서,PP,Y,인쇄,조회
20120514-2,두성엔지니어링,고무로라 피복 외  1건,825000,세금계산서,PP,Y,인쇄,조회
20120514-1,효창산업,CALPET [CALPET],1936000,세금계산서,PP,Y,인쇄,조회
20120512-1,금성상회,PP원료 [kpp],9075000,세금계산서,PP,Y,인쇄,조회
20120509-1,백암지관공업사,지관 200 [지관 200＊8＊190] 외  1건,927498,세금계산서,PP,Y,인쇄,조회
20120508-3,에이스인쇄,모조지 STICKER [모조지 STICKER],38500,세금계산서,PP,Y,인쇄,조회
20120508-2,(주)세우케미칼,E 308 [E 308],25883000,세금계산서,PE,Y,인쇄,조회
20120508-1,(주)세우케미칼,5014 [pp원료],27027000,세금계산서,PP,Y,인쇄,조회
20120507-1,CFPTRADING,pp원료 (수입),41366484,세금계산서,PP,Y,인쇄,조회
20120504-1,성신목재,팔레트 860*860 [860*860] 외  4건,126280,세금계산서,PP,Y,인쇄,조회
20120503-2,백암지관공업사,지관 200 [지관 200＊8＊190],900900,세금계산서,PP,Y,인쇄,조회
20120503-1,성신목재,팔레트1100*1100 열처리(도면) [1100*1100],740520,세금계산서,PP,Y,인쇄,조회
20120502-1,백암지관공업사,지관 50 [지관 50＊5＊181],1905750,세금계산서,PE,Y,인쇄,조회
20120501-1,(주)경남케미칼,MB 510-2 [M／B 510-2] 외  2건,2046000,세금계산서,PP,Y,인쇄,조회
20120430-5,진영프라스틱,PE원료,6517500,세금계산서,PP,Y,인쇄,조회
20120430-4,대양스트랩(주),PET 15.62X0.89X1220M [PET 15.62X0.89X1220M D/G SMOOTH],4867200,세금계산서,PP,Y,인쇄,조회
20120430-3,자강산업(주),PP원료,21057630,세금계산서,PP,Y,인쇄,조회
20120430-2,백암지관공업사,지관 200 [지관 200＊8＊190] 외  1건,863262,세금계산서,PP,Y,인쇄,조회
20120430-1,성신목재,팔레트 860*1290 [860*1290] 외  4건,361680,세금계산서,PP,Y,인쇄,조회
20120424-1,백암지관공업사,지관 200 [지관 200＊4＊190] 외  1건,1167610,세금계산서,PP,Y,인쇄,조회
20120423-1,(주)삼신,PP원료 외  1건,74348164,세금계산서,PP,Y,인쇄,조회
20120420-1,백암지관공업사,지관 50 [지관 50＊5＊181] 외  1건,1652200,세금계산서,PP,Y,인쇄,조회
20120419-3,백암지관공업사,지관 200 [지관 200＊8＊190] 외  1건,820419,세금계산서,PP,Y,인쇄,조회
20120419-2,금정기획,라벨(아트지0384) [110*45] 외  4건,456500,세금계산서,PP,Y,인쇄,조회
20120419-1,자강산업(주),PP원료,5286886,세금계산서,PP,Y,인쇄,조회
20120418-5,(주)엠에이티,스트레치필름 [0.025T*500W*1400M(위니아/엠에이티)] 외  1건,8374080,세금계산서,PP,Y,인쇄,조회
20120418-4,(주)세우케미칼,5014 [pp원료],41800000,세금계산서,PP,Y,인쇄,조회
20120418-3,(주)세우케미칼,E 308 [E 308],12078000,세금계산서,PE,Y,인쇄,조회
20120418-2,오버라이트산업,OPP-TAPE [OPP-TAPE 50＊50(미색)] 외  1건,1125300,세금계산서,PE,Y,인쇄,조회
20120418-1,진흥산업,폴리백 26＊44 [폴리백 26＊44] 외  1건,1496000,세금계산서,PP,Y,인쇄,조회
20120417-2,대림프라스틱(주),팔레트 1100*1100*120 [1100*1100*120],336600,세금계산서,PP,Y,인쇄,조회
20120417-1,삼보팩,패드540*20 [패드540*200],1113200,세금계산서,PP,Y,인쇄,조회
20120416-1,백암지관공업사,지관 200 [지관 200＊8＊190] 외  1건,770985,세금계산서,PP,Y,인쇄,조회
20120412-5,두성엔지니어링,밴드 로라수리외 외  1건,132000,세금계산서,PP,Y,인쇄,조회
20120412-4,삼보팩,패드 400 [패드  400＊200],471900,세금계산서,PP,Y,인쇄,조회
20120412-3,(주)세우케미칼,E 308 [E 308],40260000,세금계산서,PE,Y,인쇄,조회
20120412-2,(주)세우케미칼,5014 [pp원료],12540000,세금계산서,PP,Y,인쇄,조회
20120412-1,성신목재,팔렛트1440*840 [1440*840] 외  2건,404800,세금계산서,PP,Y,인쇄,조회
20120411-1,백암지관공업사,지관 50 [지관 50＊5＊181] 외  1건,1830994,세금계산서,PE,Y,인쇄,조회
20120410-4,동진씨엔피,박스 KIC D-28(4.4) [ ] 외  2건,2293940,세금계산서,PE,Y,인쇄,조회
20120410-3,성신목재,팔레트 920＊1400 [920＊1400] 외  2건,176000,세금계산서,PP,Y,인쇄,조회
20120410-2,효창산업,CALPET [CALPET],1936000,세금계산서,PP,Y,인쇄,조회
20120410-1,(주)동원화학,PP6MM [PP6M／M10KG(백)] 외  1건,2178000,세금계산서,PP,Y,인쇄,조회
20120409-1,삼보팩,패드 430＊2 [패드 430＊200] 외  1건,1666500,세금계산서,PP,Y,인쇄,조회
20120406-6,(주)경남케미칼,MB 820FL [M／B 820FL（BLACK）] 외  1건,1083500,세금계산서,PP,Y,인쇄,조회
20120406-5,진영프라스틱,PE원료,6517500,세금계산서,PE,Y,인쇄,조회
20120406-4,금정기획,라벨(아트지 4500) [150*100] 외  2건,297000,세금계산서,PP,Y,인쇄,조회
20120406-3,두성엔지니어링,shaft가공 [@15*145.5],165000,세금계산서,PP,Y,인쇄,조회
20120406-2,수성운반기계,핸드카 [포크수평수리],88000,세금계산서,PP,Y,인쇄,조회
20120405-1,백암지관공업사,지관 200 [지관 200＊8＊190] 외  1건,850080,세금계산서,PP,Y,인쇄,조회
20120404-2,동원화학수지,PP원료 [B급] 외  2건,19203800,세금계산서,PP,Y,인쇄,조회
20120404-1,수성운반기계,핸드카 [작기수리] 외  1건,308000,세금계산서,PP,Y,인쇄,조회
20120403-1,금성상회,PP원료 [청색],7884800,세금계산서,PP,Y,인쇄,조회
20120402-1,(주)세우케미칼,E 308 [E 308],52338000,세금계산서,PE,Y,인쇄,조회
20120331-1,두성엔지니어링,밴드 로라수리외,99000,세금계산서,PP,Y,인쇄,조회
20120330-3,유성수지(천안,PP원료 [청색],5720000,세금계산서,PP,Y,인쇄,조회
20120330-2,영창프라스틱,STOPPER 50 PCS [STOPPER 50 PCS  투명],42589,세금계산서,PP,Y,인쇄,조회
20120330-1,영창프라스틱,STOPPER 50 PCS [STOPPER 50 PCS  투명] 외  3건,3082503,세금계산서,PP,Y,인쇄,조회
20120329-3,CFPTRADING,pp원료 (수입),37422476,세금계산서,PP,Y,인쇄,조회
20120329-2,삼보팩,박스 320*130*320(톰슨) [970 600 0 S],1461900,세금계산서,PP,Y,인쇄,조회
20120329-1,백암지관공업사,지관 50 [지관 50＊5＊181] 외  1건,1712260,세금계산서,PE,Y,인쇄,조회
20120327-2,백암지관공업사,지관 280 [지관 280＊8＊187] 외  1건,682704,세금계산서,PP,Y,인쇄,조회
20120327-1,자강산업(주),PP원료,21908480,세금계산서,PP,Y,인쇄,조회
20120326-3,성신목재,팔레트 1100*1100 [1100*1100] 외  5건,192390,세금계산서,PP,Y,인쇄,조회
20120326-1,삼보팩,산유(HR811) [355*355*450] 외  1건,1910700,세금계산서,PP,Y,인쇄,조회
20120324-1,백암지관공업사,지관 50 [지관 50＊5＊181],1452000,세금계산서,PE,Y,인쇄,조회
20120323-3,백암지관공업사,지관 200 [지관 200＊8＊190],1041040,세금계산서,PP,Y,인쇄,조회
20120323-2,(주)세우케미칼,5014 [pp원료],30525000,세금계산서,PP,Y,인쇄,조회
20120323-1,(주)세우케미칼,E 308 [E 308],20933000,세금계산서,PE,Y,인쇄,조회
20120322-2,삼보팩,패드 400 [패드  400＊200],508200,세금계산서,PP,Y,인쇄,조회
20120322-1,영창프라스틱,STOPPER 50 PCS [STOPPER 50 PCS  투명],417000,세금계산서,PP,Y,인쇄,조회
20120321-1,창미포장기계,수축필름 [15인치  (sanyu 포장)],306900,세금계산서,PP,Y,인쇄,조회
20120320-1,백암지관공업사,지관 230 [지관 230＊5＊187] 외  1건,691442,세금계산서,PP,Y,인쇄,조회
20120319-2,(주)경남케미칼,MB 510-2 [M／B 510-2] 외  1건,1133000,세금계산서,PP,Y,인쇄,조회
20120316-1,백암지관공업사,지관 50 [지관 50＊5＊181],1452000,세금계산서,PE,Y,인쇄,조회
20120315-4,백암지관공업사,지관 406 [지관 406＊6＊155] 외  1건,347780,세금계산서,PP,Y,인쇄,조회
20120315-3,삼보팩,미국박스 [450 200 455] 외  2건,1263845,세금계산서,PP,Y,인쇄,조회
20120315-2,삼보팩,미국박스 [420 200 425],898700,세금계산서,PP,Y,인쇄,조회
20120315-1,자강산업(주),PP원료,5311680,세금계산서,PP,Y,인쇄,조회
20120314-3,백암지관공업사,지관 200 [지관 200＊8＊190] 외  1건,995280,세금계산서,PP,Y,인쇄,조회
20120314-2,주신플라스틱,PP원료 [원색],8175552,세금계산서,PP,Y,인쇄,조회
20120314-1,성신목재,팔레트 840*1260 [840*1260] 외  4건,419760,세금계산서,PP,Y,인쇄,조회
20120312-3,CFPTRADING,pp원료 (수입),35806226,세금계산서,PP,Y,인쇄,조회
20120312-2,백암지관공업사,지관 150 [지관 150*10*160 (체신청)] 외  1건,1098240,세금계산서,PP,Y,인쇄,조회
20120312-1,(주)동원화학,PP8M [PP8M／M10KG(백)],2090000,세금계산서,PP,Y,인쇄,조회
20120309-3,(주)경남케미칼,MB 820FL [M／B 820FL（BLACK）],429000,세금계산서,PP,Y,인쇄,조회
20120309-2,백암지관공업사,지관 150 [지관 150*10*160 (체신청)] 외  1건,1075360,세금계산서,PP,Y,인쇄,조회
20120309-1,진영프라스틱,PE원료,8250000,세금계산서,PE,Y,인쇄,조회
20120308-1,한국바코드시스템,바코드리본 110 [110*300 OUT],132000,세금계산서,PP,Y,인쇄,조회
20120307-2,백암지관공업사,지관 50 [지관 50＊5＊181] 외  1건,1623371,세금계산서,PP,Y,인쇄,조회
20120307-1,동진씨엔피,박스 D-28폴리테잎 [760 310 205] 외  4건,2366100,세금계산서,PE,Y,인쇄,조회
20120306-2,삼보팩,패드 430＊2 [패드 430＊200],983400,세금계산서,PP,Y,인쇄,조회
20120306-1,백암지관공업사,지관 200 [지관 200＊4＊190] 외  1건,664263,세금계산서,PP,Y,인쇄,조회
20120305-1,성신목재,팔레트 860*1290 [860*1290] 외  4건,205260,세금계산서,PP,Y,인쇄,조회
20120303-3,(주)세우케미칼,E 308 [E 308],30448000,세금계산서,PE,Y,인쇄,조회
20120303-2,(주)세우케미칼,5014 [pp원료],20350000,세금계산서,PP,Y,인쇄,조회
20120229-2,자강산업(주),PP원료,22836770,세금계산서,PE,Y,인쇄,조회
20120229-1,효창산업,CALPET [CALPET],1936000,세금계산서,PP,Y,인쇄,조회
20120228-2,영창프라스틱,STOPPER 50 PCS [STOPPER 50 PCS  투명] 외  2건,2683144,세금계산서,PP,Y,인쇄,조회
20120228-1,제이케이플라스틱,팔레트 1100*1100*120 [1100*1100*120],577500,세금계산서,PP,Y,인쇄,조회
20120227-3,금정기획,라벨(아트지) [108*50],85800,세금계산서,PP,Y,인쇄,조회
20120227-2,장은산업,PP원료 [청색],16596800,세금계산서,PE,Y,인쇄,조회
20120227-1,성은산업,수축필름 [220*145 (고메리)],462000,세금계산서,PE,Y,인쇄,조회
20120224-1,금정기획,라벨(아트지 4501) [150*100] 외  2건,231000,세금계산서,PP,Y,인쇄,조회
20120223-2,백암지관공업사,지관 50 [지관 50＊5＊181] 외  1건,1081924,세금계산서,PP,Y,인쇄,조회
20120223-1,두성엔지니어링,고무로라 피복 외  2건,6556000,세금계산서,PP,Y,인쇄,조회
20120222-1,백암지관공업사,지관 200 [지관 200＊8＊190],900900,세금계산서,PP,Y,인쇄,조회
20120221-2,(주)경남케미칼,MB 307 [M／B 307 Yellow] 외  2건,1419000,세금계산서,PP,Y,인쇄,조회
20120220-1,금성상회,PP원료 [청색],7884800,세금계산서,PP,Y,인쇄,조회
20120217-2,(주)세우케미칼,E 308 [E 308],47476000,세금계산서,PE,Y,인쇄,조회
20120217-1,파워엠팩,밴딩휠 핸들 외  2건,405900,세금계산서,PP,Y,인쇄,조회
20120216-7,동진씨엔피,박스 DF [480 320 380] 외  2건,2255000,세금계산서,PE,Y,인쇄,조회
20120216-6,(주)삼신,PP원료 외  1건,85036864,세금계산서,PP,Y,인쇄,조회
20120216-5,백암지관공업사,지관 50 [지관 50＊5＊181] 외  1건,1154428,세금계산서,PP,Y,인쇄,조회
20120216-4,삼보팩,산유(HR) [355*355*575] 외  1건,1330450,세금계산서,PP,Y,인쇄,조회
20120216-3,(주)동원화학,PP6MM [PP6M／M10KG(백)] 외  1건,3300000,세금계산서,PP,Y,인쇄,조회
20120216-2,자강산업(주),PP원료,6792720,세금계산서,PP,Y,인쇄,조회
20120216-1,(주)삼신,PP원료,43085020,세금계산서,PP,Y,인쇄,조회
20120215-4,(주)세우케미칼,E 308 [E 308],23738000,세금계산서,PE,Y,인쇄,조회
20120215-3,(주)세우케미칼,5014 [pp원료],25168000,세금계산서,PP,Y,인쇄,조회
20120215-2,삼보팩,무인쇄톰슨접착 460 [460*130*460],2253900,세금계산서,PP,Y,인쇄,조회
20120215-1,진영프라스틱,PE원료,6187500,세금계산서,PP,Y,인쇄,조회
20120214-1,백암지관공업사,지관 50 [지관 50＊5＊181] 외  1건,1221000,세금계산서,PP,Y,인쇄,조회
20120213-3,금성상회,PP원료 [청색],-830720,세금계산서,PP,Y,인쇄,조회
20120213-2,백암지관공업사,지관 200 [지관 200＊8＊190],1041040,세금계산서,PP,Y,인쇄,조회
20120213-1,성신목재,팔레트 1380＊920 [1380＊920] 외  1건,88000,세금계산서,PP,Y,인쇄,조회
20120210-2,금성상회,PP원료 [청색] 외  1건,1330560,세금계산서,PP,Y,인쇄,조회
20120208-2,동원화학수지,PP원료 [ppa] 외  1건,47862870,세금계산서,PP,Y,인쇄,조회
20120208-1,금정기획,라벨(아트지) [115*55],400400,세금계산서,PP,Y,인쇄,조회
20120207-6,백암지관공업사,지관 200 [지관 200＊4＊190],672302,세금계산서,PP,Y,인쇄,조회
20120207-5,성신목재,팔렛트1440*840 [1440*840] 외  2건,404800,세금계산서,PP,Y,인쇄,조회
20120207-4,한국바코드시스템,프린터ZM400(203dpi)z4M [바코드 프린터] 외  4건,1696200,세금계산서,PP,Y,인쇄,조회
20120207-3,대양스트랩(주),PET 19.05x1.02X800M [PET 19.05x1.02X800M D/G SMOOTH],4320000,세금계산서,PP,Y,인쇄,조회
20120207-2,금성상회,PP원료 [청색],7884800,세금계산서,PP,Y,인쇄,조회
20120206-3,CFPTRADING,pp원료 (수입),37142755,세금계산서,PP,Y,인쇄,조회
20120206-2,대한테크,PP METAL SEAL 19MM*0.80MM*32MM [SEAL 19MM*0.80MM*32MM],7425000,세금계산서,PP,Y,인쇄,조회
20120206-1,주신플라스틱,PP원료 [원색],7512582,세금계산서,PP,Y,인쇄,조회
20120204-1,삼보팩,패드 430＊2 [패드 430＊200],819500,세금계산서,PP,Y,인쇄,조회
20120203-2,(주)경남케미칼,MB 100B（ [M／B 100B（WHITE）] 외  1건,1064250,세금계산서,PP,Y,인쇄,조회
20120203-1,영창프라스틱,STOPPER 50 PCS [STOPPER 50 PCS  투명],846600,세금계산서,PP,Y,인쇄,조회
20120202-2,백암지관공업사,지관 230 [지관 230＊5＊187] 외  1건,717860,세금계산서,PP,Y,인쇄,조회
20120202-1,삼보팩,패드 400 [패드  400＊200] 외  1건,1306800,세금계산서,PP,Y,인쇄,조회
20120201-2,대림프라스틱(주),팔레트 1100*1100*120 [1100*1100*120],224400,세금계산서,PP,Y,인쇄,조회
20120201-1,삼보팩,스넬 C/T 260* [260*132*263],1630200,세금계산서,PP,Y,인쇄,조회
20120131-8,(주)세우케미칼,E 308 [E 308],25564000,세금계산서,PE,Y,인쇄,조회
20120131-6,성신목재,팔레트 1375*915 [1375*915] 외  2건,739200,세금계산서,PP,Y,인쇄,조회
20120131-5,(주)태진케미칼,PP원료,1056000,세금계산서,PP,Y,인쇄,조회
20120131-4,백암지관공업사,지관 230 [지관 230＊5＊187] 외  1건,1139952,세금계산서,PP,Y,인쇄,조회
20120131-3,(주)경남케미칼,MB 100B（ [M／B 100B（WHITE）] 외  1건,1210000,세금계산서,PP,Y,인쇄,조회
20120131-2,(주)태진케미칼,PP원료 [백색] 외  1건,23501500,세금계산서,PP,Y,인쇄,조회
20120131-1,(주)세우케미칼,5014 [pp원료],22968000,세금계산서,PP,Y,인쇄,조회
20120130-5,성신목재,팔레트 1260*930 [1260*930] 외  1건,17600,세금계산서,PP,Y,인쇄,조회
20120130-4,백암지관공업사,지관 200 [지관 200＊8＊190] 외  1건,825902,세금계산서,PP,Y,인쇄,조회
20120130-3,동원화학수지,PP원료,29406960,세금계산서,PP,Y,인쇄,조회
20120130-2,(주)태진케미칼,PP원료 [가공],1155000,세금계산서,PP,Y,인쇄,조회
20120130-1,(주)엠에이티,스트레치필름 [0.025T*500W*1400M(위니아/엠에이티)],6350080,세금계산서,PP,Y,인쇄,조회
20120127-2,삼보팩,PB청400*200 [400*400],847000,세금계산서,PP,Y,인쇄,조회
20120127-1,자강산업(주),PP원료,23143670,세금계산서,PP,Y,인쇄,조회
20120126-1,성신목재,팔레트 860*1290 [860*1290] 외  4건,188320,세금계산서,PP,Y,인쇄,조회
20120120-1,백암지관공업사,지관 230 [지관 230＊5＊187] 외  1건,1148400,세금계산서,PP,Y,인쇄,조회
20120119-1,효창산업,CALPET [CALPET],1936000,세금계산서,PP,Y,인쇄,조회
20120118-2,백암지관공업사,지관 230 [지관 230＊5＊187] 외  1건,644459,세금계산서,PP,Y,인쇄,조회
20120118-1,(주)경남케미칼,MB 510-2 [M／B 510-2] 외  1건,726000,세금계산서,PP,Y,인쇄,조회
20120117-2,성신목재,팔레트 1375*915 [1375*915] 외  2건,739200,세금계산서,PP,Y,인쇄,조회
20120117-1,(주)동원화학,PP8M [PP8M／M10KG(백)],2090000,세금계산서,PP,Y,인쇄,조회
20120116-3,유성수지,PP원료 [투명B급] 외  1건,20222400,세금계산서,PP,Y,인쇄,조회
20120116-2,진영프라스틱,PE원료,6187500,세금계산서,PE,Y,인쇄,조회
20120116-1,성신목재,팔레트 860*1290 [860*1290] 외  5건,357720,세금계산서,PP,Y,인쇄,조회
20120113-1,(주)세우케미칼,E 308 [E 308],40172000,세금계산서,PE,Y,인쇄,조회
20120112-4,영창프라스틱,STOPPER 50 PCS [STOPPER 50 PCS  투명] 외  3건,2904418,영세율,PP,Y,인쇄,조회
20120112-3,삼보팩,"랜든 캡 상,하 셋트 [1370*915*130]",871200,세금계산서,PP,Y,인쇄,조회
20120112-2,(주)경남케미칼,MB 820FL [M／B 820FL（BLACK）] 외  2건,1606000,세금계산서,PP,Y,인쇄,조회
20120112-1,백암지관공업사,지관 230 [지관 230＊5＊187] 외  2건,1124156,세금계산서,PP,Y,인쇄,조회
20120111-1,(주)동원화학,PP6MM [PP6M／M10KG(백)],2200000,세금계산서,PP,Y,인쇄,조회
20120110-2,동진씨엔피,박스 DF [480 320 385] 외  3건,2101000,세금계산서,PE,Y,인쇄,조회
20120110-1,영창프라스틱,STOPPER 50 PCS [STOPPER 50 PCS  투명],1604400,영세율,PP,Y,인쇄,조회
20120109-3,창미포장기계,수축필름 [15인치  (sanyu 포장)],306900,세금계산서,PP,Y,인쇄,조회
20120109-2,삼보팩,원패드 455 [455*230],1361250,세금계산서,PP,Y,인쇄,조회
20120109-1,백암지관공업사,지관 230 [지관 230＊5＊187] 외  2건,1308606,세금계산서,PP,Y,인쇄,조회
20120106-1,성신목재,팔레트 1375*915 [1375*915] 외  3건,828025,세금계산서,PP,Y,인쇄,조회
20120105-1,두성엔지니어링,체인기어 내경수정및 축가공,132000,세금계산서,PP,Y,인쇄,조회
20120104-3,CFPTRADING,pp원료 (수입),39890422,세금계산서,PP,Y,인쇄,조회
20120104-2,(주)태진케미칼,PP원료,21723900,세금계산서,PP,Y,인쇄,조회
20120104-1,성신목재,팔레트 1380＊920 [1380＊920] 외  6건,186340,세금계산서,PP,Y,인쇄,조회
20120103-2,백암지관공업사,지관 230 [지관 230＊5＊187] 외  1건,671193,세금계산서,PP,Y,인쇄,조회
20120103-1,금정기획,라벨(아트지무지) [150*100] 외  8건,539000,세금계산서,PP,Y,인쇄,조회
20120102-2,영창프라스틱,지퍼팩,880000,세금계산서,PP,Y,인쇄,조회
20120102-1,(주)경남케미칼,MB 100B（ [M／B 100B（WHITE）] 외  1건,979000,세금계산서,PP,Y,인쇄,조회
20111230-2,자강산업(주),PP원료,23263020,세금계산서,PP,Y,인쇄,조회
20111230-1,두성엔지니어링,와인다캠 [수리] 외  2건,880000,세금계산서,PP,Y,인쇄,조회
20111229-6,(주)세우케미칼,5014 [pp원료],25025000,세금계산서,PP,Y,인쇄,조회
20111229-5,(주)세우케미칼,E 308 [E 308],23738000,세금계산서,PE,Y,인쇄,조회
20111229-4,성신목재,팔레트 1375*915 [1375*915] 외  2건,739200,세금계산서,PP,Y,인쇄,조회
20111229-3,백암지관공업사,지관 230 [지관 230＊5＊187] 외  1건,872520,세금계산서,PP,Y,인쇄,조회
20111229-2,(주)삼신,PP원료,42955110,세금계산서,PP,Y,인쇄,조회
20111229-1,(주)엠에이티,스트레치필름(핸드랩) [20*500*400] 외  1건,2624600,세금계산서,PP,Y,인쇄,조회
20111227-1,진영프라스틱,PE원료,4125000,세금계산서,PP,Y,인쇄,조회
20111226-3,백암지관공업사,지관 200 [지관 200＊8＊190] 외  1건,843242,세금계산서,PP,Y,인쇄,조회
20111226-2,자강산업(주),PP원료,23501720,세금계산서,PP,Y,인쇄,조회
20111226-1,유성수지,PP원료,8316000,세금계산서,PP,Y,인쇄,조회
20111223-2,(주)동원화학,우편물 자동파속끈3호 [6mm x 2250mx5kg(황색)] 외  1건,25656400,세금계산서,PP,Y,인쇄,조회
20111223-1,(주)경일포장,무인쇄톰슨접착 350 [350*130*350],1547700,세금계산서,PP,Y,인쇄,조회
20111220-3,백암지관공업사,지관 200 [지관 200＊8＊190] 외  1건,703102,세금계산서,PP,Y,인쇄,조회
20111220-2,(주)경남케미칼,MB 510-2 [M／B 510-2] 외  2건,1177000,세금계산서,PP,Y,인쇄,조회
20111220-1,효창산업,CALPET [CALPET],2904000,세금계산서,PP,Y,인쇄,조회
20111216-3,백암지관공업사,지관 50 [지관 50＊5＊181] 외  1건,1080816,세금계산서,PP,Y,인쇄,조회
20111216-2,(주)경일포장,무인쇄톰슨접착 320 [320*130*320],1949200,세금계산서,PP,Y,인쇄,조회
20111216-1,성신목재,팔레트 1375*915 [1375*915] 외  2건,739200,세금계산서,PP,Y,인쇄,조회
20111215-3,백암지관공업사,지관 230 [지관 230＊5＊187],650496,세금계산서,PP,Y,인쇄,조회
20111215-2,(주)경일포장,무인쇄톰슨접착 320 [320*130*320] 외  2건,1540000,세금계산서,PP,Y,인쇄,조회
20111215-1,영창프라스틱,STOPPER 100 PCS [STOPPER 100 PCS 투명],772597,세금계산서,PP,Y,인쇄,조회
20111214-1,백암지관공업사,지관 200 [지관 200＊8＊190] 외  1건,758157,세금계산서,PP,Y,인쇄,조회
20111213-2,(주)태진케미칼,PP원료,962500,세금계산서,PP,Y,인쇄,조회
20111213-1,금성상회,PP원료,13798400,세금계산서,PP,Y,인쇄,조회
20111212-1,(주)경남케미칼,MB 100B（ [M／B 100B（WHITE）] 외  1건,704000,세금계산서,PP,Y,인쇄,조회
20111210-1,(주)태진케미칼,PP원료 [가공원료],1178100,세금계산서,PP,Y,인쇄,조회
20111209-6,한국바코드시스템,라벨(아트지도안황색) [86*46] 외  2건,385000,세금계산서,PP,Y,인쇄,조회
20111209-5,백암지관공업사,지관 50 [지관 50＊5＊181] 외  1건,1712260,세금계산서,PP,Y,인쇄,조회
20111209-4,(주)경일포장,고메리 2입 (C/T) [475*470*400] 외  1건,1938860,세금계산서,PP,Y,인쇄,조회
20111209-3,금정기획,체신청스티커(소) [11.5*1.7] 외  2건,137500,세금계산서,PP,Y,인쇄,조회
20111209-1,자강산업(주),PP원료,23749440,세금계산서,PP,Y,인쇄,조회
20111207-4,(주)세우케미칼,E 308 [E 308],23738000,세금계산서,PE,Y,인쇄,조회
20111207-3,(주)세우케미칼,5014 [pp원료],25025000,세금계산서,PP,Y,인쇄,조회
20111207-2,백암지관공업사,지관 406 [지관 406＊6＊155] 외  1건,908490,세금계산서,PP,Y,인쇄,조회
20111207-1,(주)경일포장,고메리 12입(IN) [410*275*180],3049200,세금계산서,PP,Y,인쇄,조회
20111206-2,(주)경남케미칼,MB 100B（ [M／B 100B（WHITE）] 외  5건,1346125,세금계산서,PP,Y,인쇄,조회
20111205-4,(주)경일포장,원패드 455 [455*200],1089000,세금계산서,PP,Y,인쇄,조회
20111205-3,백암지관공업사,지관 230 [지관 230＊5＊187] 외  1건,593489,세금계산서,PP,Y,인쇄,조회
20111205-2,양주수지,PP원료,37026000,세금계산서,PP,Y,인쇄,조회
20111205-1,자강산업(주),PP원료,7099840,세금계산서,PP,Y,인쇄,조회
20111203-1,(주)삼신,PP원료,42866010,세금계산서,PP,Y,인쇄,조회
20111202-3,영창프라스틱,STOPPER 50 PCS [STOPPER 50 PCS  투명],1390590,세금계산서,PP,Y,인쇄,조회
20111202-2,성은산업,수축필름 [220*145 (고메리)],440000,세금계산서,PP,Y,인쇄,조회
20111202-1,성신목재,팔레트 1375*915 [1375*915] 외  2건,739200,세금계산서,PP,Y,인쇄,조회
20111201-2,백암지관공업사,지관 230 [지관 230＊5＊187],670208,세금계산서,PP,Y,인쇄,조회
20111201-1,(주)삼신,PP원료 외  1건,73881720,세금계산서,PP,Y,인쇄,조회
20111129-2,두성엔지니어링,쵸크핀 [쵸크핀] 외  1건,253000,세금계산서,PP,Y,인쇄,조회
20111129-1,백암지관공업사,지관 280 [지관 280＊8＊187] 외  2건,1226214,세금계산서,PP,Y,인쇄,조회
20111128-2,백암지관공업사,지관 280 [지관 280＊8＊187] 외  1건,926640,세금계산서,PP,Y,인쇄,조회
20111128-1,백암지관공업사,지관 50 [지관 50＊5＊181],1452000,세금계산서,PP,Y,인쇄,조회
20111126-1,(주)경일포장,고메리 12입(C/T) [570*430*390] 외  1건,3404940,세금계산서,PP,Y,인쇄,조회
20111125-4,(주)세우케미칼,E 308 [E 308],23738000,세금계산서,PP,Y,인쇄,조회
20111125-3,(주)세우케미칼,5014 [pp원료],25311000,세금계산서,PP,Y,인쇄,조회
20111125-2,(주)경일포장,무인쇄톰슨접착 350 [350*130*350] 외  2건,2728000,세금계산서,PP,Y,인쇄,조회
20111125-1,백암지관공업사,지관 230 [지관 230＊5＊187] 외  1건,598998,세금계산서,PP,Y,인쇄,조회
20111124-1,(주)태진케미칼,PP원료,20639300,세금계산서,PP,Y,인쇄,조회
20111123-2,백암지관공업사,지관 230 [지관 230＊5＊187] 외  2건,1127262,세금계산서,PP,Y,인쇄,조회
20111123-1,(주)경남케미칼,MB 100B（ [M／B 100B（WHITE）] 외  1건,1210000,세금계산서,PP,Y,인쇄,조회
20111122-2,금성상회,PP원료 외  1건,34619200,세금계산서,PP,Y,인쇄,조회
20111122-1,(주)태진케미칼,PP원료,19028350,세금계산서,PP,Y,인쇄,조회
20111121-4,백암지관공업사,지관 280 [지관 280＊8＊187] 외  2건,802516,세금계산서,PP,Y,인쇄,조회
20111121-3,(주)경일포장,호프만 BOX [440*200*445],730950,세금계산서,PP,Y,인쇄,조회
20111121-2,동원화학수지,PP원료,4001250,세금계산서,PP,Y,인쇄,조회
20111121-1,진영프라스틱,PE원료,6187500,세금계산서,PE,Y,인쇄,조회
20111119-1,금성상회,PP원료 [청색],9856000,세금계산서,PP,Y,인쇄,조회
20111118-2,(주)세우케미칼,5014 [pp원료] 외  1건,29205000,세금계산서,PP,Y,인쇄,조회
20111118-1,금성상회,PP원료 [청색],1001000,세금계산서,PP,Y,인쇄,조회
20111117-4,영창프라스틱,STOPPER 50 PCS [STOPPER 50 PCS  투명],25276,영세율,PP,Y,인쇄,조회
20111117-3,에이스인쇄,모조지 STICKER [모조지 STICKER],66000,세금계산서,PP,Y,인쇄,조회
20111117-2,(주)동원화학,PP8M [PP8M／M10KG(백)],2090000,세금계산서,PP,Y,인쇄,조회
20111117-1,영창프라스틱,STOPPER 50 PCS [STOPPER 50 PCS  투명] 외  2건,4205600,영세율,PP,Y,인쇄,조회
20111116-7,창미포장기계,수축필름 [15인치  (sanyu 포장)],306900,세금계산서,PP,Y,인쇄,조회
20111116-6,(주)경남케미칼,MB 510-2 [M／B 510-2],511500,세금계산서,PP,Y,인쇄,조회
20111116-5,(주)경남케미칼,MB 510-2 [M／B 510-2] 외  1건,527010,세금계산서,PP,Y,인쇄,조회
20111116-4,동진씨엔피,박스 D-28(4.4) [760 310 205] 외  2건,2420880,세금계산서,PE,Y,인쇄,조회
20111116-3,효창산업,CALPET [CALPET],1936000,세금계산서,PP,Y,인쇄,조회
20111116-2,자강산업(주),PP원료,7031310,세금계산서,PP,Y,인쇄,조회
20111116-1,제이케이플라스틱,핸드카겸용파렛(녹색) [1100*1100*150],836000,세금계산서,PP,Y,인쇄,조회
20111115-1,진흥산업,폴리백 26＊44 [폴리백 26＊44] 외  1건,1460800,세금계산서,PE,Y,인쇄,조회
20111114-3,백암지관공업사,지관 280 [지관 280＊8＊187] 외  2건,775280,세금계산서,PP,Y,인쇄,조회
20111114-2,동원화학수지,PP원료 [가공원료],2333100,세금계산서,PP,Y,인쇄,조회
20111114-1,(주)경일포장,"랜든 캡 상,하 셋트 [1370*915*130] 외  1건",2649900,세금계산서,PP,Y,인쇄,조회
20111112-1,(주)세우케미칼,E 308 [E 308],47476000,세금계산서,PE,Y,인쇄,조회
20111110-4,성신목재,팔레트 1375*915 [1375*915] 외  1건,669900,세금계산서,PP,Y,인쇄,조회
20111110-3,(주)그린엔텍,PP원료,41967200,세금계산서,PP,Y,인쇄,조회
20111110-2,백암지관공업사,지관 50 [지관 50＊5＊181],1942050,세금계산서,PE,Y,인쇄,조회
20111110-1,(주)삼신,PP원료,28096915,세금계산서,PP,Y,인쇄,조회
20111109-2,금성상회,PP원료,90750,세금계산서,PP,Y,인쇄,조회
20111109-1,백암지관공업사,지관 200 [지관 200＊4＊190],685484,세금계산서,PE,Y,인쇄,조회
20111108-4,백암지관공업사,지관 280 [지관 280＊8＊187] 외  1건,909909,세금계산서,PP,Y,인쇄,조회
20111108-3,현대기어,감속기 [90m/m],9900000,세금계산서,PP,Y,인쇄,조회
20111108-2,(주)동원화학,우편물 자동파속끈3호 [6mm x 2250mx5kg(황색)] 외  1건,7128000,세금계산서,PE,Y,인쇄,조회
20111108-1,진영프라스틱,PE원료,4262500,세금계산서,PE,Y,인쇄,조회
20111104-2,금성상회,PP원료,17745420,세금계산서,PP,Y,인쇄,조회
20111104-1,금성상회,PP원료,15798200,세금계산서,PP,Y,인쇄,조회
20111103-4,두성엔지니어링,PE 와인다축수리 외  1건,198000,세금계산서,PE,Y,인쇄,조회
20111103-3,(주)경남케미칼,MB 6520 [M／B 6520] 외  1건,1023000,세금계산서,PP,Y,인쇄,조회
20111103-2,백암지관공업사,지관 230 [지관 230＊5＊187] 외  1건,702702,세금계산서,PP,Y,인쇄,조회
20111103-1,금성상회,PP원료,18112820,세금계산서,PP,Y,인쇄,조회
20111102-3,(주)경일포장,패드 430＊2 [패드 430＊200] 외  1건,2546500,세금계산서,PP,Y,인쇄,조회
20111102-2,금성상회,PP원료,9221740,세금계산서,PP,Y,인쇄,조회
20111102-1,자강산업(주),PP원료,7103910,세금계산서,PP,Y,인쇄,조회
20111101-1,백암지관공업사,지관 200 [지관 200＊4＊190] 외  1건,829444,세금계산서,PP,Y,인쇄,조회
20111029-1,백암지관공업사,지관 280 [지관 280＊8＊187] 외  1건,776490,세금계산서,PP,Y,인쇄,조회
20111028-1,(주)동원화학,수출용 12m/m [12m/m *0.6t *8.5kg] 외  3건,11054659,세금계산서,PP,Y,인쇄,조회
20111027-4,성신목재,팔레트 1375 *9158 [1375*9158] 외  5건,187660,세금계산서,PP,Y,인쇄,조회
20111027-3,대림프라스틱(주),팔레트 1100*1100*120 [1100*1100*120],1122000,세금계산서,PP,Y,인쇄,조회
20111027-2,백암지관공업사,지관 50 [지관 50＊5＊181] 외  1건,2750000,세금계산서,PP,Y,인쇄,조회
20111027-1,(주)삼신,PP원료,27876475,세금계산서,PP,Y,인쇄,조회
20111026-3,유성수지,PP원료 [청색],8547000,세금계산서,PP,Y,인쇄,조회
20111026-2,동원화학수지,PP원료 외  2건,27950450,세금계산서,PP,Y,인쇄,조회
20111026-1,(주)경일포장,수지대-옴니 [320] 외  3건,1941940,세금계산서,PP,Y,인쇄,조회
20111025-2,(주)경일포장,PB청450*200 (POWER BAND) [450*450],940500,세금계산서,PP,Y,인쇄,조회
20111025-1,영창프라스틱,STOPPER 50 PCS [STOPPER 50 PCS  투명],675900,영세율,영창프라스틱,Y,인쇄,조회
20111024-4,대양스트랩(주),PET 19.05x1.02X800M [PET 19.05x1.02X800M D/G SMOOTH],0,세금계산서,대양스트랩,Y,인쇄,조회
20111024-3,자강산업(주),PP원료,7394310,세금계산서,PP,Y,인쇄,조회
20111024-2,(주)경남케미칼,MB 820FL [M／B 820FL（BLACK）] 외  1건,1210000,세금계산서,PP,Y,인쇄,조회
20111024-1,백암지관공업사,지관 280 [지관 280＊8＊187] 외  1건,866580,세금계산서,PP,Y,인쇄,조회
20111022-1,(주)세우케미칼,E 308 [E 308],48620000,세금계산서,PE,Y,인쇄,조회
20111021-2,성신목재,팔레트 1375*915 [1375*915] 외  4건,792000,세금계산서,PP,Y,인쇄,조회
20111021-1,백암지관공업사,지관 230 [지관 230＊5＊187] 외  1건,649541,세금계산서,PP,Y,인쇄,조회
20111020-1,백암지관공업사,지관 230 [지관 230＊5＊187],408320,세금계산서,PP,Y,인쇄,조회
20111019-3,(주)문정산업,5014 [pp원료],19635000,세금계산서,PP,Y,인쇄,조회
20111019-2,두성엔지니어링,고무로라연마 외  2건,181500,세금계산서,PP,Y,인쇄,조회
20111019-1,동진씨엔피,박스 DF (무인쇄) [480 320 380] 외  2건,1917300,세금계산서,PE,Y,인쇄,조회
20111018-1,(주)엠에이티,스트레치필름 [0.025T*500W*1400M(위니아/엠에이티)],6350080,세금계산서,PP,Y,인쇄,조회
20111017-3,백암지관공업사,지관 200 [지관 200＊8＊190] 외  1건,1266540,세금계산서,PP,Y,인쇄,조회
20111017-2,진영프라스틱,PP원료,4262500,세금계산서,PP,Y,인쇄,조회
20111017-1,효창산업,CALPET [CALPET],4356000,세금계산서,PP,Y,인쇄,조회
20111014-3,두성엔지니어링,연신기축수리및체인기어,132000,세금계산서,PP,Y,인쇄,조회
20111014-2,백암지관공업사,지관 280 [지관 280＊8＊187] 외  1건,709940,세금계산서,PP,Y,인쇄,조회
20111014-1,한국바코드시스템,라벨(아트지3003021) [110*45 (500매)] 외  11건,1721500,세금계산서,PP,Y,인쇄,조회
20111012-5,성신목재,팔레트 1375*915 [1375*915] 외  11건,1283920,세금계산서,PP,Y,인쇄,조회
20111012-4,(주)세우케미칼,5014 [pp원료],52052000,세금계산서,PP,Y,인쇄,조회
20111012-3,자강산업(주),PP원료 외  1건,32793420,세금계산서,PP,Y,인쇄,조회
20111012-2,백암지관공업사,지관 200 [지관 200＊8＊190] 외  1건,863262,세금계산서,PP,Y,인쇄,조회
20111012-1,(주)동원화학,PP9M/M [PP9M/M*8KG(백색)],-79200,세금계산서,PP,Y,인쇄,조회
20111007-1,백암지관공업사,지관 50 [지관 50＊5＊181] 외  1건,1709400,세금계산서,PP,Y,인쇄,조회
20111006-3,(주)경남케미칼,MB 100B（ [M／B 100B（WHITE）] 외  2건,1199000,세금계산서,PP,Y,인쇄,조회
20111006-2,(주)태진케미칼,PP원료 [가공원료],1254000,세금계산서,PP,Y,인쇄,조회
20111005-4,동원화학수지,PP원료 외  1건,18938150,세금계산서,PP,Y,인쇄,조회
20111005-3,(주)경남케미칼,MB 510-2 [M／B 510-2] 외  4건,1438250,세금계산서,PP,Y,인쇄,조회
20111005-2,(주)경일포장,패드 400 [패드  400＊400] 외  1건,1266100,세금계산서,PP,Y,인쇄,조회
20111005-1,백암지관공업사,지관 200 [지관 200＊8＊190] 외  2건,1753499,세금계산서,PP,Y,인쇄,조회
20111004-3,(주)동원화학,PP9M/M [PP9M/M*8KG(백색)],79200,세금계산서,PP,Y,인쇄,조회
20111004-1,진영프라스틱,PE원료,3410000,세금계산서,PE,Y,인쇄,조회
20111001-1,(주)세우케미칼,E 308 [E 308],48620000,세금계산서,PE,Y,인쇄,조회
20110930-1,백암지관공업사,지관 200 [지관 200＊4＊187] 외  1건,1233812,세금계산서,PP,Y,인쇄,조회
20110929-1,백암지관공업사,지관 200 [지관 200＊4＊190],448201,세금계산서,PP,Y,인쇄,조회
20110928-4,(주)삼신,PP원료,12766710,세금계산서,PP,Y,인쇄,조회
20110928-3,(주)문정산업,PP원료,26694250,세금계산서,PP,Y,인쇄,조회
20110928-2,(주)경남케미칼,MB 100B（ [M／B 100B（WHITE）] 외  2건,1375000,세금계산서,PP,Y,인쇄,조회
20110928-1,효창산업,CALPET [CALPET],1936000,세금계산서,PP,Y,인쇄,조회
20110927-3,대양스트랩(주),PET 15.62X0.89X1220M [PET 15.62X0.89X1220M D/G SMOOTH],4944000,영세율,PP,Y,인쇄,조회
20110927-2,(주)경일포장,패드540*20 [패드540*200],1113200,세금계산서,PP,Y,인쇄,조회
20110926-1,(주)동원화학,우편물 자동파속끈3호 [6mm x 2250mx5kg(황색)] 외  1건,21753600,세금계산서,PP,Y,인쇄,조회
20110923-3,백암지관공업사,지관 230 [지관 230＊5＊187] 외  2건,1735294,세금계산서,PP,Y,인쇄,조회
20110923-2,(주)시몬사,포리백 [8*5.5] 외  1건,10835,세금계산서,PP,Y,인쇄,조회
20110923-1,(주)엠에이티,스트레치필름(위니아) [25*400*500],5100480,세금계산서,PP,Y,인쇄,조회
20110922-2,백암지관공업사,지관 230 [지관 230＊5＊187] 외  1건,578916,세금계산서,PP,Y,인쇄,조회
20110922-1,성신목재,팔레트 920*920 [920*920] 외  1건,14630,세금계산서,PP,Y,인쇄,조회
20110921-3,두성엔지니어링,오븐기축 [40*710],49500,세금계산서,PP,Y,인쇄,조회
20110921-2,(주)문정산업,5014 [pp원료] 외  1건,4581500,세금계산서,PP,Y,인쇄,조회
20110921-1,대림프라스틱(주),팔레트 1100*1100*120 [1100*1100*120],448800,세금계산서,PE,Y,인쇄,조회
20110920-3,성신목재,팔레트 1375*915 [1375*915] 외  2건,739200,세금계산서,PP,Y,인쇄,조회
20110920-2,(주)경남케미칼,MB 100B（ [M／B 100B（WHITE）] 외  1건,833250,세금계산서,PP,Y,인쇄,조회
20110920-1,백암지관공업사,지관 50 [지관 50＊5＊181] 외  1건,1266540,세금계산서,PP,Y,인쇄,조회
20110919-4,한국바코드시스템,프린터헤드 [Z6M(203dpi)8dot] 외  4건,1534500,세금계산서,PP,Y,인쇄,조회
20110919-3,백암지관공업사,지관 200 [지관 200＊8＊187] 외  1건,938080,세금계산서,PP,Y,인쇄,조회
20110919-2,두성엔지니어링,고무로라연마 외  2건,352000,세금계산서,PP,Y,인쇄,조회
20110919-1,금정기획,스티커 [스티커(체신청)],330000,세금계산서,PE,Y,인쇄,조회
20110917-2,(주)경남케미칼,MB 510-2 [M／B 510-2] 외  1건,1105500,세금계산서,PP,Y,인쇄,조회
20110917-1,자강산업(주),PP원료,7267260,세금계산서,PP,Y,인쇄,조회
20110916-1,(주)삼신,PP원료,41986395,세금계산서,PP,Y,인쇄,조회
20110915-4,동진씨엔피,박스 D-28폴리테잎 [760 310 205] 외  3건,2354550,세금계산서,PE,Y,인쇄,조회
20110915-3,(주)경일포장,무인쇄톰슨접착 430 [430*130*430] 외  1건,1156489,세금계산서,PP,Y,인쇄,조회
20110915-2,백암지관공업사,지관 200 [지관 200＊8＊190],935935,세금계산서,PP,Y,인쇄,조회
20110915-1,자강산업(주),PP원료,26880150,세금계산서,PP,Y,인쇄,조회
20110908-2,(주)엠에이티,스트레치필름 [0.025T*500W*1400M(위니아/엠에이티)],6350080,세금계산서,PP,Y,인쇄,조회
20110908-1,영창프라스틱,STOPPER 50 PCS [STOPPER 50 PCS  투명],880000,세금계산서,영창프라스틱,Y,인쇄,조회
20110906-5,(주)세우케미칼,E 308 [E 308],49478000,세금계산서,PE,Y,인쇄,조회
20110906-3,(주)경일포장,무인쇄톰슨접착 320 [320*130*320] 외  2건,3385800,세금계산서,PP,Y,인쇄,조회
20110906-2,백암지관공업사,지관 280 [지관 280＊8＊187] 외  1건,1067715,세금계산서,PP,Y,인쇄,조회
20110906-1,백암지관공업사,지관 200 [지관 200＊8＊190] 외  1건,836404,세금계산서,PP,Y,인쇄,조회
20110905-2,동진씨엔피,박스 DF [480 320 380] 외  6건,3606196,세금계산서,PP,Y,인쇄,조회
20110905-1,(주)태진케미칼,PP원료 [가공원료],1485000,세금계산서,PP,Y,인쇄,조회
20110903-2,(주)경일포장,고메리 12입(IN) [410*275*180] 외  1건,2549580,세금계산서,PP,Y,인쇄,조회
20110903-1,(주)경일포장,고메리 3입 (C/T) [360*355*385] 외  1건,3175040,세금계산서,PP,Y,인쇄,조회
20110902-5,(주)세우케미칼,5014 [pp원료],52052000,세금계산서,PP,Y,인쇄,조회
20110902-4,백암지관공업사,지관 200 [지관 200＊8＊190] 외  1건,693924,세금계산서,PP,Y,인쇄,조회
20110902-3,성신목재,팔레트 1375*915 [1375*915] 외  8건,1072390,세금계산서,PP,Y,인쇄,조회
20110902-2,(주)경남케미칼,MB 100B（ [M／B 100B（WHITE）] 외  2건,1166000,세금계산서,PP,Y,인쇄,조회
20110902-1,(주)경일포장,"랜든 캡 상,하 셋트 [1370*915*130] 외  1건",2234100,세금계산서,PP,Y,인쇄,조회
20110901-3,백암지관공업사,지관 230 [지관 230＊5＊187] 외  1건,605004,세금계산서,PP,Y,인쇄,조회
20110831-2,백암지관공업사,지관 150 [지관 150*10*160 (체신청)],2574000,세금계산서,PP,Y,인쇄,조회
20110831-1,(주)삼신,PP원료,44667150,세금계산서,PP,Y,인쇄,조회
20110830-4,(주)경일포장,패드 480＊2 [패드 480＊200],617100,세금계산서,PP,Y,인쇄,조회
20110830-3,백암지관공업사,지관 280 [지관 280＊8＊187] 외  1건,1220208,세금계산서,PP,Y,인쇄,조회
20110830-2,(주)경일포장,무인쇄 260 [260*132*263] 외  1건,2360600,세금계산서,PP,Y,인쇄,조회
20110830-1,(주)문정산업,5014 [pp원료(OG)],24310000,세금계산서,PP,Y,인쇄,조회
20110826-2,백암지관공업사,지관 230 [지관 230＊5＊187] 외  1건,1238380,세금계산서,PP,Y,인쇄,조회
20110825-3,진영프라스틱,PP원료,-2818750,세금계산서,PP,Y,인쇄,조회
20110825-2,한국바코드시스템,라벨(아트지도안황색) [86*46] 외  3건,495000,세금계산서,PP,Y,인쇄,조회
20110825-1,성은산업,수축필름 [220*145 (고메리)],484000,세금계산서,PP,Y,인쇄,조회
20110824-2,유성수지,PP원료 [청색],9625000,세금계산서,PP,Y,인쇄,조회
20110824-1,백암지관공업사,지관 50 [지관 50＊5＊181] 외  1건,1266540,세금계산서,PP,Y,인쇄,조회
20110823-3,진영프라스틱,PP원료,-6875000,세금계산서,PP,Y,인쇄,조회
20110823-2,백암지관공업사,지관 230 [지관 230＊5＊187] 외  1건,693308,세금계산서,PP,Y,인쇄,조회
20110823-1,동원화학수지,PP원료 외  1건,20512800,세금계산서,PP,Y,인쇄,조회
20110822-5,(주)경일포장,원패드 455 [455*230],1089000,세금계산서,PP,Y,인쇄,조회
20110822-4,(주)경남케미칼,MB 100B（ [M／B 100B（WHITE）] 외  1건,1243000,세금계산서,PP,Y,인쇄,조회
20110822-2,영창프라스틱,STOPPER 50 PCS [STOPPER 50 PCS  투명] 외  2건,3986869,세금계산서,영창프라스틱,Y,인쇄,조회
20110822-1,성신목재,팔레트 1375*915 [1375*915] 외  2건,739200,세금계산서,PP,Y,인쇄,조회
20110819-1,(주)세우케미칼,5014 [pp원료],52052000,세금계산서,PP,Y,인쇄,조회
20110818-3,백암지관공업사,지관 280 [지관 280＊8＊187] 외  2건,764016,세금계산서,PP,Y,인쇄,조회
20110818-2,(주)삼신,PP원료,36329040,세금계산서,PP,Y,인쇄,조회
20110818-1,효창산업,CALPET [CALPET],1936000,세금계산서,PP,Y,인쇄,조회
20110817-5,진영프라스틱,PP원료,4262500,세금계산서,PP,Y,인쇄,조회
20110817-3,금성상회,PP원료,17336000,세금계산서,PP,Y,인쇄,조회
20110817-2,(주)경남케미칼,MB 6520 [M／B 6520] 외  1건,1177000,세금계산서,PP,Y,인쇄,조회
20110817-1,영창프라스틱,"STOPPER 5,000 PC [STOPPER 5,000 PC투명]",742500,세금계산서,PP,Y,인쇄,조회
20110813-1,백암지관공업사,지관 50 [지관 50＊5＊181] 외  1건,1506780,세금계산서,PP,Y,인쇄,조회
20110812-5,자강산업(주),PP원료,7187136,세금계산서,PP,Y,인쇄,조회
20110812-4,두성엔지니어링,고무로라연마 외  1건,286000,세금계산서,PP,Y,인쇄,조회
20110812-3,(주)경일포장,수지대금 [신옴니 460*130*460] 외  1건,1057243,세금계산서,PP,Y,인쇄,조회
20110812-2,대림프라스틱(주),팔레트 1100*1100*120 [1100*1100*120],1155000,세금계산서,PP,Y,인쇄,조회
20110811-1,(주)경일포장,PB청 [400*400],2032800,세금계산서,PP,Y,인쇄,조회
20110810-3,성신목재,팔레트 1375*915 [1375*915] 외  2건,739200,세금계산서,PP,Y,인쇄,조회
20110810-2,백암지관공업사,지관 200 [지관 200＊8＊190] 외  2건,1204403,세금계산서,PP,Y,인쇄,조회
20110810-1,영창프라스틱,STOPPER 50 PCS [STOPPER 50 PCS  투명],426000,세금계산서,PP,Y,인쇄,조회
20110809-1,진영프라스틱,PP원료,3410000,세금계산서,PP,Y,인쇄,조회
20110808-1,백암지관공업사,지관 230 [지관 230＊5＊187] 외  1건,618094,세금계산서,PP,Y,인쇄,조회
20110805-7,(주)세우케미칼,E 308 [E 308],49192000,세금계산서,PE,Y,인쇄,조회
20110805-6,진영프라스틱,PE원료,4125000,세금계산서,PP,Y,인쇄,조회
20110805-5,진영프라스틱,PP원료,13131250,세금계산서,PP,Y,인쇄,조회
20110805-4,(주)삼신,PP원료,7708250,세금계산서,PP,Y,인쇄,조회
20110805-3,(주)세우케미칼,5014 [pp원료],52052000,세금계산서,PP,Y,인쇄,조회
20110805-1,(주)경일포장,옴니 C/T 460 [460*130*460] 외  1건,1413720,세금계산서,PP,Y,인쇄,조회
20110804-1,백암지관공업사,지관 50 [지관 50＊5＊181] 외  1건,1221495,세금계산서,PP,Y,인쇄,조회
20110726-1,(주)경남케미칼,MB 100B（ [M／B 100B（WHITE）],957000,세금계산서,PP,Y,인쇄,조회
20110725-5,(주)경일포장,패드 430＊2 [패드 430＊200],1188000,세금계산서,PP,Y,인쇄,조회
20110725-4,백암지관공업사,지관 230 [지관 230＊5＊187] 외  1건,617786,세금계산서,PP,Y,인쇄,조회
20110725-3,자강산업(주),PP원료,7861700,세금계산서,PP,Y,인쇄,조회
20110725-2,두성엔지니어링,엠보롤제작 [200파이],5500000,세금계산서,PP,Y,인쇄,조회
20110725-1,(주)태진케미칼,PP원료 [가공원료],2211000,세금계산서,PP,Y,인쇄,조회
20110721-1,백암지관공업사,지관 230 [지관 230＊5＊187] 외  1건,604850,세금계산서,PP,Y,인쇄,조회
20110720-1,성신목재,팔레트 1375*915 [1375*915] 외  7건,925540,세금계산서,PP,Y,인쇄,조회
20110719-2,(주)경남케미칼,MB 510-2 [M／B 510-2],682000,세금계산서,PP,Y,인쇄,조회
20110719-1,백암지관공업사,지관 280 [지관 280＊8＊187] 외  1건,772424,세금계산서,PP,Y,인쇄,조회
20110718-2,동진씨엔피,박스 DF [480 320 380],544500,세금계산서,PP,Y,인쇄,조회
20110718-1,백암지관공업사,지관 200 [지관 200＊8＊190] 외  1건,745390,세금계산서,PP,Y,인쇄,조회
20110716-1,백암지관공업사,지관 406 [지관 406＊6＊155] 외  1건,539503,세금계산서,PP,Y,인쇄,조회
20110715-3,(주)경남케미칼,MB 100B（ [M／B 100B（WHITE）],638000,세금계산서,PP,Y,인쇄,조회
20110715-2,대림프라스틱(주),팔레트 1100*1100*120 [1100*1100*120],448800,세금계산서,PP,Y,인쇄,조회
20110715-1,(주)경일포장,무인쇄톰슨접착 430 [430*130*430],778800,세금계산서,PP,Y,인쇄,조회
20110714-1,(주)경일포장,원패드 455 [455*230] 외  1건,1402500,세금계산서,PP,Y,인쇄,조회
20110712-1,백암지관공업사,지관 230 [지관 230＊5＊187] 외  1건,569230,세금계산서,PP,Y,인쇄,조회
20110711-3,(주)세우케미칼,5014 [pp원료],52052000,세금계산서,PP,Y,인쇄,조회
20110711-2,진영프라스틱,PP원료,4537500,세금계산서,PP,Y,인쇄,조회
20110711-1,영창프라스틱,STOPPER 50 PCS [STOPPER 50 PCS  투명] 외  3건,3624392,세금계산서,PP,Y,인쇄,조회
20110709-1,(주)경남케미칼,MB 100B（ [M／B 100B（WHITE）] 외  1건,880000,세금계산서,PP,Y,인쇄,조회
20110708-1,백암지관공업사,지관 230 [지관 230＊5＊187] 외  2건,567165,세금계산서,PP,Y,인쇄,조회
20110706-6,영창프라스틱,지퍼팩,1232000,세금계산서,PP,Y,인쇄,조회
20110706-5,성신목재,팔레트 1375*915 [1375*915] 외  2건,739200,세금계산서,PP,Y,인쇄,조회
20110706-4,효창산업,CALPET [CALPET],1936000,세금계산서,PP,Y,인쇄,조회
20110706-3,대양스트랩(주),PET 15.62X0.89X1220M [PET 15.62X0.89X1220M D/G SMOOTH],5438400,세금계산서,PP,Y,인쇄,조회
20110706-2,(주)삼신,PP원료,41132080,세금계산서,PP,Y,인쇄,조회
20110706-1,(주)디에스팩,STOPPER 50 PCS [STOPPER 50 PCS  투명],0,영세율,영창프라스틱,Y,인쇄,조회
20110705-3,(주)경남케미칼,MB 510-2 [M／B 510-2] 외  1건,907500,세금계산서,PP,Y,인쇄,조회
20110705-2,대림프라스틱(주),팔레트 1100*1100*120 [1100*1100*120],231000,세금계산서,PP,Y,인쇄,조회
20110704-2,(주)태진케미칼,PP원료,3690500,세금계산서,PP,Y,인쇄,조회
20110704-1,백암지관공업사,지관 200 [지관 200＊8＊190] 외  1건,745390,세금계산서,PP,Y,인쇄,조회
20110701-2,(주)태진케미칼,PP원료 [가공원료],1079100,세금계산서,PP,Y,인쇄,조회
20110630-3,영창프라스틱,STOPPER 50 PCS [STOPPER 50 PCS  투명],585000,영세율,영창프라스틱,Y,인쇄,조회
20110630-2,자강산업(주),PP원료,22553300,세금계산서,PP,Y,인쇄,조회
20110630-1,자강산업(주),PP원료,7488250,세금계산서,PP,Y,인쇄,조회
20110629-2,성신목재,팔레트 1375*915 [1375*915] 외  2건,739200,세금계산서,PP,Y,인쇄,조회
20110629-1,백암지관공업사,지관 230 [지관 230＊5＊187] 외  1건,670038,세금계산서,PP,Y,인쇄,조회
20110627-3,성은산업,수축필름 [380*390],990000,세금계산서,PP,Y,인쇄,조회
20110627-2,백암지관공업사,지관 230 [지관 230＊5＊187] 외  1건,609008,세금계산서,PP,Y,인쇄,조회
20110627-1,(주)경남케미칼,7309 [VIOLET] 외  1건,1001000,세금계산서,PP,Y,인쇄,조회
20110622-1,백암지관공업사,지관 200 [지관 200＊8＊190] 외  1건,712866,세금계산서,PP,Y,인쇄,조회
20110621-1,두성엔지니어링,고무로라연마 외  1건,253000,세금계산서,PP,Y,인쇄,조회
20110620-2,(주)세우케미칼,E 308 [E 308],51194000,세금계산서,PE,Y,인쇄,조회
20110620-1,대림프라스틱(주),팔레트 1100*1100*120 [1100*1100*120],231000,세금계산서,PP,Y,인쇄,조회
20110618-1,백암지관공업사,지관 280 [지관 280＊8＊187] 외  1건,1014970,세금계산서,PP,Y,인쇄,조회
20110617-1,(주)삼신,PP원료,43888075,세금계산서,PP,Y,인쇄,조회
20110616-1,백암지관공업사,지관 230 [지관 230＊5＊187] 외  1건,610302,세금계산서,PP,Y,인쇄,조회
20110614-3,(주)경일포장,고메리 12입(IN) [410*275*180] 외  7건,4754805,세금계산서,PP,Y,인쇄,조회
20110614-2,(주)경남케미칼,MB 100B（ [M／B 100B（WHITE）],594000,세금계산서,PP,Y,인쇄,조회
20110614-1,백암지관공업사,지관 230 [지관 230＊5＊187] 외  1건,609008,세금계산서,PP,Y,인쇄,조회
20110613-3,성신목재,팔레트 1380＊920 [1380＊920] 외  2건,739200,세금계산서,PP,Y,인쇄,조회
20110613-2,금성상회,PP원료,13094950,세금계산서,PP,Y,인쇄,조회
20110613-1,(주)엠에이티,스트레치필름(핸드랩) [20*500*400] 외  1건,2673440,세금계산서,PE,Y,인쇄,조회
20110610-2,(주)경일포장,고메리 12입(C/T) [570*430*390] 외  1건,1514040,세금계산서,PP,Y,인쇄,조회
20110610-1,백암지관공업사,지관 200 [지관 200＊8＊190] 외  1건,745390,세금계산서,PP,Y,인쇄,조회
20110609-3,(주)삼신,PP원료,59309250,세금계산서,PP,Y,인쇄,조회
20110609-2,동방포장기자재,스트레치필름(핸드랩) [20*500*400] 외  1건,1079100,세금계산서,PP,Y,인쇄,조회
20110609-1,성림화학,종이앵글(각대) [50*50*5*1200],198000,세금계산서,PP,Y,인쇄,조회
20110608-3,성신목재,팔레트 860*1290 [860*1290] 외  5건,185680,세금계산서,PP,Y,인쇄,조회
20110608-2,백암지관공업사,지관 50 [지관 50＊5＊181] 외  1건,1473925,세금계산서,PP,Y,인쇄,조회
20110608-1,금성상회,PP원료,12959100,세금계산서,PP,Y,인쇄,조회
20110607-2,(주)경남케미칼,MB 100B（ [M／B 100B（WHITE）] 외  1건,940500,세금계산서,PP,Y,인쇄,조회
20110607-1,(주)세우케미칼,E 308 [E 308],51194000,세금계산서,PE,Y,인쇄,조회
20110606-1,백암지관공업사,지관 406 [지관 406＊6＊155] 외  1건,532369,세금계산서,PP,Y,인쇄,조회
20110603-1,동진씨엔피,박스 D6 [465 455 250] 외  2건,1958000,세금계산서,PE,Y,인쇄,조회
20110602-2,백암지관공업사,지관 230 [지관 230＊5＊187] 외  2건,566596,세금계산서,PP,Y,인쇄,조회
20110602-1,영창프라스틱,STOPPER 50 PCS [STOPPER 50 PCS  투명],1155000,세금계산서,PP,Y,인쇄,조회
20110601-6,(주)세우케미칼,5014 [pp원료],53768000,세금계산서,PP,Y,인쇄,조회
20110601-5,(주)경일포장,옴니 C/T 460 [460*130*460] 외  1건,1453100,세금계산서,PP,Y,인쇄,조회
20110601-4,효창산업,CALPET [CALPET],1452000,세금계산서,PP,Y,인쇄,조회
20110601-3,원영포리머(주),KPP [KPP],13200000,세금계산서,PP,Y,인쇄,조회
20110601-2,(주)경남케미칼,MB 406（R [M／B 406（RED）] 외  4건,1394250,세금계산서,PP,Y,인쇄,조회
20110601-1,(주)엠에이티,스트레치필름 [0.025T*500W*1400M(위니아)],6575360,세금계산서,PP,Y,인쇄,조회
20110528-2,백암지관공업사,지관 50 [지관 50＊3＊225] 외  1건,923785,세금계산서,PP,Y,인쇄,조회
20110528-1,백암지관공업사,지관 200 [지관 200＊8＊190] 외  1건,753205,세금계산서,PP,Y,인쇄,조회
20110527-3,창미포장기계,수축필름 [15] 외  1건,732600,세금계산서,PP,Y,인쇄,조회
20110527-2,파워엠팩,피피클립 [15m/m],110000,세금계산서,PP,Y,인쇄,조회
20110527-1,(주)경남케미칼,MB 100B（ [M／B 100B（WHITE）] 외  2건,1507000,세금계산서,PP,Y,인쇄,조회
20110526-2,(주)경일포장,"랜든 캡 상,하 셋트 [1370*915*130]",2376000,세금계산서,PP,Y,인쇄,조회
20110526-1,진흥산업,폴리백 26＊44 [폴리백 26＊44],1320000,세금계산서,PE,Y,인쇄,조회
20110525-2,성신목재,팔레트 1380＊920 [1380＊920] 외  2건,739200,세금계산서,PP,Y,인쇄,조회
20110525-1,백암지관공업사,지관 200 [지관 200＊8＊190],806652,세금계산서,PP,Y,인쇄,조회
20110524-2,(주)경일포장,옴니 C/T [320*130*320],1329900,세금계산서,PP,Y,인쇄,조회
20110524-1,(주)태진케미칼,PP원료,23061500,세금계산서,PP,Y,인쇄,조회
20110521-1,백암지관공업사,지관 50 [지관 50＊5＊181],1345520,세금계산서,PP,Y,인쇄,조회
20110520-3,금성상회,PP원료,10258985,세금계산서,PP,Y,인쇄,조회
20110520-2,한국바코드시스템,라벨(아트지) [63*17] 외  15건,2538800,세금계산서,PP,Y,인쇄,조회
20110520-1,에이스인쇄,리무버(인쇄),71500,세금계산서,PE,Y,인쇄,조회
20110519-1,백암지관공업사,지관 200 [지관 200＊4＊190] 외  1건,610502,세금계산서,PP,Y,인쇄,조회
20110518-2,(주)경남케미칼,MB 100B（ [M／B 100B（WHITE）],594000,세금계산서,PP,Y,인쇄,조회
20110518-1,효창산업,CALPET [CALPET],1936000,세금계산서,PP,Y,인쇄,조회
20110517-3,(주)경일포장,무인쇄톰슨접착 430 [430*130*430] 외  2건,2498100,세금계산서,PP,Y,인쇄,조회
20110517-2,자강산업(주),PP원료,27777376,세금계산서,PP,Y,인쇄,조회
20110517-1,성신목재,팔레트 1380＊920 [1380＊920] 외  2건,739200,세금계산서,PP,Y,인쇄,조회
20110516-2,백암지관공업사,지관 230 [지관 230＊5＊187],561792,세금계산서,PP,Y,인쇄,조회
20110516-1,자강산업(주),PP원료,4141104,세금계산서,PP,Y,인쇄,조회
20110512-1,제이에스유화(주),Y910A [Y910A(pe원료)],12078000,세금계산서,PE,Y,인쇄,조회
20110511-2,백암지관공업사,지관 50 [지관 50＊5＊181] 외  2건,1714068,세금계산서,PP,Y,인쇄,조회
20110511-1,(주)세우케미칼,E 308 [E 308],52624000,세금계산서,PE,Y,인쇄,조회
20110509-2,창미포장기계,수축필름 [22],217800,세금계산서,PP,Y,인쇄,조회
20110509-1,백암지관공업사,지관 50 [지관 50＊5＊181] 외  1건,1147788,세금계산서,PP,Y,인쇄,조회
20110506-4,파워엠팩,반자동히터,165000,세금계산서,PP,Y,인쇄,조회
20110506-1,(주)경남케미칼,MB 100B（ [M／B 100B（WHITE）] 외  1건,657250,세금계산서,PP,Y,인쇄,조회
20110505-1,(주)태진케미칼,PP원료,20231750,세금계산서,PP,Y,인쇄,조회
20110504-3,창미포장기계,수축필름 [16] 외  1건,0,세금계산서,PP,Y,인쇄,조회
20110504-2,동진씨엔피,박스 D-28(4.4) [760 310 205] 외  2건,1589720,세금계산서,PE,Y,인쇄,조회
20110504-1,백암지관공업사,지관 230 [지관 230＊5＊187] 외  1건,685746,세금계산서,PP,Y,인쇄,조회
20110503-1,대양스트랩(주),PET 15.62X0.89X1220M [PET 15.62X0.89X1220M D/G SMOOTH],5299200,세금계산서,대양스트랩,Y,인쇄,조회
20110502-3,(주)경남케미칼,MB 6520 [M／B 6520] 외  3건,1663750,세금계산서,PP,Y,인쇄,조회
20110502-2,백암지관공업사,지관 230 [지관 230＊5＊187] 외  1건,976453,세금계산서,PP,Y,인쇄,조회
20110502-1,성신목재,팔레트 1380＊920 [1380＊920] 외  2건,739200,세금계산서,PP,Y,인쇄,조회
20110429-3,청림수지,PP원료,25626370,세금계산서,PP,Y,인쇄,조회
20110429-2,금성상회,PP원료,19434250,세금계산서,PP,Y,인쇄,조회
20110429-1,(주)태진케미칼,PP원료,15534750,세금계산서,PP,Y,인쇄,조회
20110428-1,백암지관공업사,지관 200 [지관 200＊4＊190],595333,세금계산서,PP,Y,인쇄,조회
20110427-1,자강산업(주),PP원료,1917828,세금계산서,PP,Y,인쇄,조회
20110426-2,(주)경일포장,호프만 BOX [440*200*445],619850,세금계산서,PP,Y,인쇄,조회
20110426-1,(주)경남케미칼,MB 100B（ [M／B 100B（WHITE）],891000,세금계산서,PP,Y,인쇄,조회
20110425-2,(주)세우케미칼,5014 [pp원료],56628000,세금계산서,PP,Y,인쇄,조회
20110425-1,진흥산업,폴리백 57*58 [폴리백 57*58] 외  1건,743600,세금계산서,PE,Y,인쇄,조회
20110423-1,진영프라스틱,PE원료,22687500,세금계산서,PE,Y,인쇄,조회
20110421-2,백암지관공업사,지관 200 [지관 200＊8＊190],932131,세금계산서,PP,Y,인쇄,조회
20110421-1,영창프라스틱,STOPPER 50 PCS [STOPPER 50 PCS  투명] 외  3건,2934211,세금계산서,영창프라스틱,Y,인쇄,조회
20110420-4,백암지관공업사,지관 50 [지관 50＊5＊181],1866909,세금계산서,PP,Y,인쇄,조회
20110420-3,자강산업(주),PP원료,2047980,세금계산서,PP,Y,인쇄,조회
20110420-2,대림프라스틱,팔레트 1100*1100*120 [1100*1100*120],231000,세금계산서,PP,Y,인쇄,조회
20110419-3,(주)동원화학,PP8M [PP8M／M10KG(백색)],407000,세금계산서,PP,Y,인쇄,조회
20110419-2,금성상회,PP원료,20044750,세금계산서,PP,Y,인쇄,조회
20110419-1,백암지관공업사,지관 200 [지관 200＊4＊190] 외  1건,640662,세금계산서,PP,Y,인쇄,조회
20110418-4,(주)경남케미칼,MB 307 B [M／B 307 B] 외  1건,781000,세금계산서,PP,Y,인쇄,조회
20110418-3,(주)경일포장,패드 450＊2 [패드 450＊200] 외  2건,2381500,세금계산서,PP,Y,인쇄,조회
20110418-1,효창산업,CALPET [CALPET],2200000,세금계산서,PP,Y,인쇄,조회
20110416-1,성은산업,수축필름 [220*155],462000,세금계산서,PE,Y,인쇄,조회
20110415-3,(주)세우케미칼,E 308 [E 308],51194000,세금계산서,PE,Y,인쇄,조회
20110415-2,유성수지,PP원료 [특A] 외  1건,19142200,세금계산서,PP,Y,인쇄,조회
20110415-1,금성상회,PP원료,20988000,세금계산서,PP,Y,인쇄,조회
20110414-1,대림프라스틱,팔레트 1100*1100*120 [1100*1100*120],220000,세금계산서,PP,Y,인쇄,조회
20110413-3,두성엔지니어링,밴드가이드 [pe],220000,세금계산서,PE,Y,인쇄,조회
20110413-2,백암지관공업사,지관 200 [지관 200＊8＊190] 외  1건,665557,세금계산서,PP,Y,인쇄,조회
20110413-1,동원화학수지,PP원료,22673750,세금계산서,PP,Y,인쇄,조회
20110412-1,에이스인쇄,#28 STICKER [#28] 외  2건,150150,세금계산서,PE,Y,인쇄,조회
20110411-4,백암지관공업사,지관 406 [지관 406＊6＊155] 외  1건,733444,세금계산서,PP,Y,인쇄,조회
20110411-3,금성상회,PP원료,18259500,세금계산서,PP,Y,인쇄,조회
20110411-2,(주)경남케미칼,MB 510-2 [M／B 510-2] 외  2건,2002000,세금계산서,PP,Y,인쇄,조회
20110411-1,동진씨엔피,박스 D6 [465 455 250] 외  1건,1551000,세금계산서,PP,Y,인쇄,조회
20110408-3,대한테크,PP METAL SEAL 19MM*0.80MM*32MM [SEAL 19MM*0.80MM*32MM] 외  1건,474100,세금계산서,PP,Y,인쇄,조회
20110408-2,성신목재,팔레트 1380＊920 [1380＊920] 외  2건,910140,세금계산서,PP,Y,인쇄,조회
20110408-1,백암지관공업사,지관 230 [지관 230＊5＊187] 외  1건,617786,세금계산서,PP,Y,인쇄,조회
20110407-1,오버라이트산업,OPP-TAPE [OPP-TAPE 50＊50] 외  1건,2417500,세금계산서,PP,Y,인쇄,조회
20110406-2,대림프라스틱,팔레트 1100*1100*120 [1100*1100*120],220000,세금계산서,PP,Y,인쇄,조회
20110406-1,백암지관공업사,지관 50 [지관 50＊5＊181] 외  1건,1801926,세금계산서,PP,Y,인쇄,조회
20110402-1,자강산업(주),PP원료,1919742,세금계산서,PP,Y,인쇄,조회
20110401-6,금성상회,PP원료,15889900,세금계산서,PP,Y,인쇄,조회
20110401-5,(주)신흥케미칼,HDPE 원색가공 [PE가공],810000,세금계산서,PE,Y,인쇄,조회
20110401-4,(주)세우케미칼,5014 [pp원료],56628000,세금계산서,PP,Y,인쇄,조회
20110401-3,두성엔지니어링,고무로라연마,33000,세금계산서,PP,Y,인쇄,조회
20110401-2,백암지관공업사,지관 200 [지관 200＊8＊190],806652,세금계산서,PP,Y,인쇄,조회
20110401-1,수성운반기계,핸드카 [SUP-2500-C],770000,세금계산서,PP,Y,인쇄,조회
20110331-1,동진씨엔피,DDSM TOP BAND [320*190*780],418000,세금계산서,PP,Y,인쇄,조회
20110330-4,백암지관공업사,지관 230 [지관 230＊5＊187] 외  1건,656224,세금계산서,PP,Y,인쇄,조회
20110330-2,유성수지,PP원료,12340625,세금계산서,PP,Y,인쇄,조회
20110330-1,제이에스유화(주),Y910A [Y910A(pe원료)],34848000,세금계산서,PE,Y,인쇄,조회
20110329-2,(주)세우케미칼,E 308 [E 308],49478000,세금계산서,PE,Y,인쇄,조회
20110329-1,백암지관공업사,지관 50 [지관 50＊5＊181],2068737,세금계산서,PP,Y,인쇄,조회
20110328-2,백암지관공업사,지관 280 [지관 280＊8＊187] 외  1건,557271,세금계산서,PP,Y,인쇄,조회
20110328-1,백암지관공업사,지관 200 [지관 200＊4＊190],595333,세금계산서,PP,Y,인쇄,조회
20110326-1,자강산업(주),PP원료 [PP원료],5072848,세금계산서,PP,Y,인쇄,조회
20110325-2,동진씨엔피,박스-내수PE(폴리밴드) [320*190*780] 외  2건,2268200,세금계산서,PE,Y,인쇄,조회
20110325-1,(주)경남케미칼,MB 100B（ [M／B 100B（WHITE）] 외  3건,1100000,세금계산서,PP,Y,인쇄,조회
20110324-2,(주)디디에스엠,PP 06MM [06MMx5486Mx0.55MM Yellow] 외  1건,10977120,세금계산서,PP,Y,인쇄,조회
20110324-1,백암지관공업사,지관 230 [지관 230＊5＊187] 외  1건,660706,세금계산서,PP,Y,인쇄,조회
20110323-1,예원산업,KPP [KPP],15757500,세금계산서,PP,Y,인쇄,조회
20110322-1,성신목재,팔레트 1380＊920 [1380＊920] 외  6건,1105940,세금계산서,PP,Y,인쇄,조회
20110321-2,백암지관공업사,지관 50 [지관 50＊5＊181] 외  1건,1533620,세금계산서,PP,Y,인쇄,조회
20110321-1,대림프라스틱,팔레트 1100*1100*120 [1100*1100*120],220000,세금계산서,PP,Y,인쇄,조회
20110319-1,(주)경남케미칼,MB 100B（ [M／B 100B（WHITE）],528000,세금계산서,PP,Y,인쇄,조회
20110318-4,원영포리머(주),KPP [KPP],12650000,세금계산서,PP,Y,인쇄,조회
20110318-3,자강산업(주),PP원료 [PP원료],5285720,세금계산서,PP,Y,인쇄,조회
20110318-2,백암지관공업사,지관 230 [지관 230＊5＊187],561792,세금계산서,PP,Y,인쇄,조회
20110318-1,청림수지,PP원료 [PP원료],26182530,세금계산서,PP,Y,인쇄,조회
20110317-1,(주)경일포장,PB청 420 [420*420] 외  1건,2024000,세금계산서,PP,Y,인쇄,조회
20110316-3,백암지관공업사,지관 200 [지관 200＊8＊190] 외  1건,671305,세금계산서,PP,Y,인쇄,조회
20110316-2,(주)경일포장,미국박스 [420 200 425] 외  2건,1733875,세금계산서,PP,Y,인쇄,조회
20110316-1,금성상회,PP원료 [PP원료],16762000,세금계산서,PP,Y,인쇄,조회
20110314-4,백암지관공업사,지관 200 [지관 200＊8＊190] 외  1건,757895,세금계산서,PP,Y,인쇄,조회
20110314-3,(주)경남케미칼,MB 100B（ [M／B 100B（WHITE）] 외  1건,775500,세금계산서,PP,Y,인쇄,조회
20110314-2,(주)세우케미칼,5014 [pp원료],52338000,세금계산서,PP,Y,인쇄,조회
20110314-1,성신목재,팔레트 1380＊920 [1380＊920] 외  8건,1300640,세금계산서,PP,Y,인쇄,조회
20110311-3,백암지관공업사,지관 50 [지관 50＊5＊181],1345520,세금계산서,PP,Y,인쇄,조회
20110311-2,영창프라스틱,"STOPPER 1,000 PC [STOPPER 1,000 PC투명] 외  2건",2410659,세금계산서,PP,Y,인쇄,조회
20110311-1,자강산업(주),PP원료 [PP원료],7216000,세금계산서,PP,Y,인쇄,조회
20110310-1,유성수지,PP원료 [PP원료],21516550,세금계산서,PP,Y,인쇄,조회
20110309-1,(주)태진케미칼,PP원료 [PP원료],12820500,세금계산서,PP,Y,인쇄,조회
20110308-5,(주)경남케미칼,MB 307 [M／B 307 Yellow] 외  2건,990000,세금계산서,PP,Y,인쇄,조회
20110308-4,영창프라스틱,STOPPER 50 PCS [STOPPER 50 PCS  투명],1084500,세금계산서,영창프라스틱,Y,인쇄,조회
20110308-3,두성엔지니어링,와인다캠 외  3건,1351900,세금계산서,PP,Y,인쇄,조회
20110308-2,(주)경일포장,"랜든 캡 상,하 셋트 [1370*915*130] 외  1건",3687200,세금계산서,PP,Y,인쇄,조회
20110308-1,백암지관공업사,지관 200 [지관 200＊8＊190] 외  1건,767047,세금계산서,PP,Y,인쇄,조회
20110304-4,예원산업,KPP [KPP],15642000,세금계산서,PP,Y,인쇄,조회
20110304-3,(주)세우케미칼,E 308 [E 308],49478000,세금계산서,PE,Y,인쇄,조회
20110304-2,백암지관공업사,지관 200 [지관 200＊8＊187] 외  2건,998246,세금계산서,PP,Y,인쇄,조회
20110304-1,금성상회,PP원료 [PP원료],17841450,세금계산서,PP,Y,인쇄,조회
20110302-6,백암지관공업사,지관 200 [지관 200＊8＊190] 외  1건,780410,세금계산서,PP,Y,인쇄,조회
20110302-5,유성수지,PP원료 [PP원료],18861480,세금계산서,PP,Y,인쇄,조회
20110302-4,(주)세우케미칼,5014 [pp원료],52338000,세금계산서,PP,Y,인쇄,조회
20110302-3,자강산업(주),PP원료 [PP원료],3896640,세금계산서,PP,Y,인쇄,조회
20110302-2,대림프라스틱,팔레트 1100*1100*120 [1100*1100*120],220000,세금계산서,PP,Y,인쇄,조회
20110302-1,(주)삼신,PP원료 (백색) [펄] 외  1건,23473395,세금계산서,PP,Y,인쇄,조회
20110228-2,예원산업,PP원료 [PP원료],-6103350,세금계산서,PP,Y,인쇄,조회
20110228-1,진흥산업,폴리백 26＊44 [폴리백 26＊44] 외  1건,1390400,세금계산서,PE,Y,인쇄,조회
20110226-2,백암지관공업사,지관 50 [지관 50＊5＊181] 외  1건,1511331,세금계산서,PP,Y,인쇄,조회
20110226-1,(주)경일포장,패드 400 [패드  400＊200],951500,세금계산서,PP,Y,인쇄,조회
20110224-4,동진씨엔피,박스 D-28(4.4) [760 310 205] 외  5건,2565860,세금계산서,PE,Y,인쇄,조회
20110224-3,동진씨엔피,DDSM TOP BAND [320*190*780],440000,세금계산서,PP,Y,인쇄,조회
20110224-2,(주)세우케미칼,E 308 [E 308],49478000,세금계산서,PP,Y,인쇄,조회
20110224-1,(주)삼신,PP원료 [PP원료] 외  1건,34012880,세금계산서,PP,Y,인쇄,조회
20110223-1,백암지관공업사,지관 230 [지관 230＊5＊187] 외  1건,1001935,세금계산서,PP,Y,인쇄,조회
20110222-4,금성상회,PE원료,41772500,세금계산서,PE,Y,인쇄,조회
20110222-2,(주)경남케미칼,MB 100B（ [M／B 100B（WHITE）] 외  1건,775500,세금계산서,PP,Y,인쇄,조회
20110222-1,효창산업,CALPET [CALPET],1760000,세금계산서,PP,Y,인쇄,조회
20110221-1,자강산업(주),PP원료 [PP원료],1658052,세금계산서,PP,Y,인쇄,조회
20110219-1,백암지관공업사,지관 200 [지관 200＊8＊190] 외  1건,689488,세금계산서,PP,Y,인쇄,조회
20110218-2,(주)경일포장,옴니원패드 430 [430*430] 외  2건,3954500,세금계산서,PP,Y,인쇄,조회
20110218-1,백암지관공업사,지관 200 [지관 200＊8＊190] 외  1건,670361,세금계산서,PP,Y,인쇄,조회
20110217-3,두성엔지니어링,고무로라연마 외  1건,71500,세금계산서,PP,Y,인쇄,조회
20110217-2,성신목재,팔레트 1380＊920 [1380＊920] 외  1건,151690,세금계산서,PP,Y,인쇄,조회
20110217-1,대림프라스틱,팔레트 1100*1100*120 [1100*1100*120],209000,세금계산서,PP,Y,인쇄,조회
20110216-1,(주)신흥케미칼,PP원료 [PP원료],432740,세금계산서,PP,Y,인쇄,조회
20110215-5,백암지관공업사,지관 200 [지관 200＊4＊190] 외  1건,757895,세금계산서,PP,Y,인쇄,조회
20110215-4,(주)태진케미칼,PP원료 [가공원료],2748900,세금계산서,PP,Y,인쇄,조회
20110215-3,금성상회,PP원료 [PP원료],17641800,세금계산서,PP,Y,인쇄,조회
20110215-2,(주)경일포장,패드540*20 [패드540*200],910800,세금계산서,PP,Y,인쇄,조회
20110215-1,(주)태진케미칼,PP원료 [PP원료],12705000,세금계산서,PP,Y,인쇄,조회
20110214-1,(주)세우케미칼,5014 [pp원료],50908000,세금계산서,PP,Y,인쇄,조회
20110212-1,백암지관공업사,지관 200 [지관 200＊4＊190] 외  1건,1485598,세금계산서,PP,Y,인쇄,조회
20110211-4,(주)경남케미칼,MB 510-2 [M／B 510-2],682000,세금계산서,PP,Y,인쇄,조회
20110211-3,(주)세우케미칼,E 308 [E 308],49478000,세금계산서,PE,Y,인쇄,조회
20110211-2,(주)동원화학,PP12M [PP12M／M9KG(황)],1336500,세금계산서,PP,Y,인쇄,조회
20110211-1,청림수지,PP원료 [PP원료],24177120,세금계산서,PP,Y,인쇄,조회
20110210-2,백암지관공업사,지관 200 [지관 200＊8＊190] 외  1건,714122,세금계산서,PP,Y,인쇄,조회
20110210-1,(주)경남케미칼,MB 100B（ [M／B 100B（WHITE）] 외  1건,660000,세금계산서,PP,Y,인쇄,조회
20110209-4,성은산업,수축필름 [380*390],1232000,세금계산서,PE,Y,인쇄,조회
20110209-3,자강산업(주),PP원료 [PP원료],6828096,세금계산서,PP,Y,인쇄,조회
20110209-2,금성상회,PP원료 [PP원료],17036800,세금계산서,PP,Y,인쇄,조회
20110209-1,성신목재,팔레트 1380＊920 [1380＊920] 외  5건,792000,세금계산서,PP,Y,인쇄,조회
20110208-3,한국바코드시스템,라벨(아트지도안2T) [76*156] 외  3건,389400,세금계산서,PP,Y,인쇄,조회
20110208-2,(주)경남케미칼,MB 820FL [M／B 820FL（BLACK）] 외  2건,896500,세금계산서,PP,Y,인쇄,조회
20110208-1,백암지관공업사,지관 200 [지관 200＊8＊190],806652,세금계산서,PP,Y,인쇄,조회
20110207-2,(주)세우케미칼,5014 [pp원료],50908000,세금계산서,PP,Y,인쇄,조회
20110207-1,대림프라스틱,팔레트 1100*1100*120 [1100*1100*120],209000,세금계산서,PP,Y,인쇄,조회
20110201-3,백암지관공업사,지관 50 [지관 50＊5＊181] 외  1건,1069648,세금계산서,PP,Y,인쇄,조회
20110201-2,에이스인쇄,모조지 STICKER [모조지 STICKER],60500,세금계산서,PE,Y,인쇄,조회
20110201-1,청림수지,PP원료 [PP원료],23284800,세금계산서,PP,Y,인쇄,조회
20110129-1,효창산업,CALPET [CALPET],2640000,세금계산서,PP,Y,인쇄,조회
20110128-4,백암지관공업사,지관 230 [지관 230＊5＊187] 외  1건,558065,세금계산서,PP,Y,인쇄,조회
20110128-3,(주)경일포장,고메리 12입(C/T) [570*430*390] 외  2건,2018060,세금계산서,PP,Y,인쇄,조회
20110128-2,(주)경남케미칼,MB 100B（ [M／B 100B（WHITE）] 외  1건,506000,세금계산서,PP,Y,인쇄,조회
20110128-1,성신목재,팔레트 1440＊850 [1440＊850] 외  7건,304590,세금계산서,PP,Y,인쇄,조회
20110127-1,제이에스유화(주),Y910A [Y910A(pe원료)],22704000,세금계산서,PE,Y,인쇄,조회
20110126-2,(주)태진케미칼,PP원료 [PP원료],1226500,세금계산서,PP,Y,인쇄,조회
20110126-1,(주)경일포장,고메리 2입(IN) [460*455*410] 외  2건,1969770,세금계산서,PP,Y,인쇄,조회
20110125-3,(주)세우케미칼,5014 [pp원료] 외  1건,34254000,세금계산서,PP,Y,인쇄,조회
20110125-2,백암지관공업사,지관 200 [지관 200＊8＊190] 외  1건,660937,세금계산서,PP,Y,인쇄,조회
20110124-3,(주)경남케미칼,MB 307 [M／B 307 Yellow] 외  1건,792000,세금계산서,PP,Y,인쇄,조회
20110124-2,금성상회,PP원료 [PP원료],17248000,세금계산서,PP,Y,인쇄,조회
20110124-1,에이스인쇄,일본어 STICKER(적색),66000,세금계산서,PP,Y,인쇄,조회
20110122-1,(주)경일포장,고메리 2입 (C/T) [475*470*400] 외  1건,1214400,세금계산서,PP,Y,인쇄,조회
20110121-3,금성상회,PP원료 [PP원료],16332800,세금계산서,PP,Y,인쇄,조회
20110121-2,동진씨엔피,박스 D6 [465 455 245] 외  3건,3196600,세금계산서,PE,Y,인쇄,조회
20110121-1,영창프라스틱,STOPPER 100 PCS [STOPPER 100 PCS 투명] 외  1건,3275674,세금계산서,PP,Y,인쇄,조회
20110120-6,성신목재,팔레트 1380＊920 [1380＊920] 외  2건,739200,세금계산서,PP,Y,인쇄,조회
20110120-5,동진씨엔피,박스 DF [480 320 380] 외  4건,2266000,세금계산서,PP,Y,인쇄,조회
20110120-4,백암지관공업사,지관 230 [지관 230＊5＊187] 외  2건,2514419,세금계산서,PP,Y,인쇄,조회
20110120-3,(주)디디에스엠,PP 12MM [12MM20000.65MMWhite] 외  3건,20208650,세금계산서,PP,Y,인쇄,조회
20110120-2,(주)디디에스엠,15M/M (수축밴드) [15M/M * 10KG],2475000,세금계산서,PP,Y,인쇄,조회
20110120-1,동원화학수지,PP원료 [PP원료],13028400,세금계산서,PP,Y,인쇄,조회
20110118-3,자강산업(주),PP원료 [PP원료],16489396,세금계산서,PP,Y,인쇄,조회
20110118-2,(주)경남케미칼,MB 602 [M／B 602] 외  5건,1936000,세금계산서,PP,Y,인쇄,조회
20110118-1,백암지관공업사,지관 50 [지관 50＊5＊181] 외  1건,1367473,세금계산서,PP,Y,인쇄,조회
20110115-1,백암지관공업사,지관 200 [지관 200＊4＊190],451605,세금계산서,PP,Y,인쇄,조회
20110114-4,한국바코드시스템,라벨(아트지도안HR-816) [125*65] 외  2건,314600,세금계산서,PP,Y,인쇄,조회
20110114-2,자강산업(주),PP원료 [PP원료],6589660,세금계산서,PP,Y,인쇄,조회
20110114-1,(주)신흥케미칼,HDPE 가공 [PE 가공],435000,세금계산서,PE,Y,인쇄,조회
20110113-3,금성상회,PP원료 [PP원료],16811300,세금계산서,PP,Y,인쇄,조회
20110113-2,(주)경남케미칼,MB 307 [M／B 307 Yellow] 외  1건,748000,세금계산서,PP,Y,인쇄,조회
20110113-1,금성상회,PP원료 [PP원료],1140000,세금계산서,PP,Y,인쇄,조회
20110112-4,(주)엠에이티,스트레치필름(기계랩) [18*300*1500] 외  1건,2491500,세금계산서,PP,Y,인쇄,조회
20110112-3,(주)그린엔텍,PE원료,24839000,세금계산서,PE,Y,인쇄,조회
20110112-2,백암지관공업사,지관 230 [지관 230＊5＊187] 외  1건,577746,세금계산서,PP,Y,인쇄,조회
20110112-1,금성상회,PP원료 [PP원료],16772800,세금계산서,PP,Y,인쇄,조회
20110111-4,(주)경일포장,패드 430＊2 [패드 430＊200] 외  1건,1568600,세금계산서,PP,Y,인쇄,조회
20110111-3,영창프라스틱,STOPPER 50 PCS [STOPPER 50 PCS  투명],1179000,세금계산서,PP,Y,인쇄,조회
20110111-2,대림프라스틱,팔레트 1100*1100*120 [1100*1100*120],418000,세금계산서,PP,Y,인쇄,조회
20110111-1,(주)디디에스엠,15M/M (수축밴드) [15M/M * 10KG],825000,세금계산서,PP,Y,인쇄,조회
20110110-3,성신목재,팔레트 1380＊920 [1380＊920] 외  2건,739200,세금계산서,PP,Y,인쇄,조회
20110110-2,백암지관공업사,지관 50 [지관 50＊5＊181] 외  1건,940893,세금계산서,PP,Y,인쇄,조회
20110110-1,대림프라스틱,팔레트 1100*1100*120 [1100*1100*120],209000,세금계산서,PP,Y,인쇄,조회
20110108-1,백암지관공업사,지관 200 [지관 200＊8＊190] 외  1건,1057903,세금계산서,PP,Y,인쇄,조회
20110107-1,백암지관공업사,지관 200 [지관 200＊4＊190],541926,세금계산서,PP,Y,인쇄,조회
20110105-2,백암지관공업사,지관 200 [지관 200＊4＊190],608338,세금계산서,PP,Y,인쇄,조회
20110105-1,백암지관공업사,지관 200 [지관 200＊4＊190] 외  1건,683606,세금계산서,PP,Y,인쇄,조회
20110104-1,성신목재,팔레트 1380＊920 [1380＊920] 외  6건,205260,세금계산서,PP,Y,인쇄,조회
20110103-4,(주)세우케미칼,E 308 [E 308] 외  2건,145574000,세금계산서,PE,Y,인쇄,조회
20110103-3,(주)경일포장,무인쇄톰슨접착 430 [430*130*130] 외  2건,2321000,세금계산서,PP,Y,인쇄,조회
20110103-2,(주)세우케미칼,5014 [pp원료],49478000,세금계산서,PP,Y,인쇄,조회
20110103-1,두성엔지니어링,고무로라 피복,154000,세금계산서,PP,Y,인쇄,조회
20101231-1,에이스인쇄,봉투 [봉투],88000,세금계산서,PP,Y,인쇄,조회
20101230-2,(주)경일포장,목형대 [목형대],220000,세금계산서,PP,Y,인쇄,조회
20101230-1,(주)태진케미칼,PP원료 [PP원료],8069600,세금계산서,PP,Y,인쇄,조회
20101229-2,(주)경남케미칼,MB 6520 [M／B 6520] 외  1건,514250,세금계산서,PP,Y,인쇄,조회
20101229-1,백암지관공업사,지관 200 [지관 200＊4＊190] 외  1건,933471,세금계산서,PP,Y,인쇄,조회
20101227-2,금성상회,PP원료 [PP원료],16170000,세금계산서,PP,Y,인쇄,조회
20101227-1,(주)경남케미칼,MB 100B（ [M／B 100B（WHITE）] 외  1건,528000,세금계산서,PP,Y,인쇄,조회
20101224-1,백암지관공업사,지관 406 [지관 406＊6＊155],432432,세금계산서,PP,Y,인쇄,조회
20101223-3,(주)경일포장,옴니 C/T [320*130*320] 외  2건,2495460,세금계산서,PP,Y,인쇄,조회
20101223-2,진영프라스틱,PE원료,14850000,세금계산서,PE,Y,인쇄,조회
20101223-1,제이에스유화(주),Y910A [Y910A(pe원료)],21516000,세금계산서,PE,Y,인쇄,조회
20101222-4,에이스인쇄,일본어 STICKER(적색),66000,세금계산서,PP,Y,인쇄,조회
20101222-3,자강산업(주),PP원료 [PP원료],21030504,세금계산서,PP,Y,인쇄,조회
20101222-2,백암지관공업사,지관 200 [지관 200＊8＊190] 외  2건,2042163,세금계산서,PP,Y,인쇄,조회
20101221-4,제이에스유화(주),Y910A [Y910A(pe원료)],21516000,세금계산서,PE,Y,인쇄,조회
20101221-3,자강산업(주),PP원료 [PP원료],3223440,세금계산서,PP,Y,인쇄,조회
20101221-2,효창산업,CALPET [CALPET],2640000,세금계산서,PP,Y,인쇄,조회
20101221-1,유성수지,PP원료 [PP원료],21636450,세금계산서,PP,Y,인쇄,조회
20101220-2,한국바코드시스템,라벨(아트지) [115*55],412500,세금계산서,PP,Y,인쇄,조회
20101220-1,성신목재,팔레트 1380＊920 [1380＊920] 외  2건,739200,세금계산서,PP,Y,인쇄,조회
20101218-1,백암지관공업사,지관 230 [지관 230＊5＊187] 외  2건,1745897,세금계산서,PP,Y,인쇄,조회
20101217-1,(주)엠에이티,스트레치필름 [0.025T*500W*1400M],6124800,세금계산서,PP,Y,인쇄,조회
20101215-5,(주)경일포장,목형대 [목형대] 외  2건,1425479,세금계산서,PP,Y,인쇄,조회
20101215-4,(주)경남케미칼,MB 100B（ [M／B 100B（WHITE）] 외  1건,583000,세금계산서,PP,Y,인쇄,조회
20101215-3,(주)세우케미칼,5014 [pp원료] 외  1건,69080000,세금계산서,PP,Y,인쇄,조회
20101215-2,대양스트랩(주),PET 15.62X0.89X1220M [PET 15.62X0.89X1220M D/G SMOOTH] 외  1건,12936000,세금계산서,PP,Y,인쇄,조회
20101215-1,금성상회,PP원료 [PP원료],15950000,세금계산서,PP,Y,인쇄,조회
20101214-1,자강산업(주),PP원료 [PP원료],6544560,세금계산서,PP,Y,인쇄,조회
20101213-1,대림프라스틱,팔레트 1100*1100*120 [1100*1100*120],104500,세금계산서,PP,Y,인쇄,조회
20101211-2,백암지관공업사,지관 200 [지관 200＊8＊190] 외  2건,1892837,세금계산서,PP,Y,인쇄,조회
20101210-2,유성수지,PP원료 [PP원료],4563020,세금계산서,PP,Y,인쇄,조회
20101210-1,삼현산업팩,STEEL (SHR-BL/MRW) [0.4*12.7],897028,세금계산서,삼현산업팩,Y,인쇄,조회
20101209-2,(주)경일포장,패드 430＊2 [패드 430＊200],885500,세금계산서,PP,Y,인쇄,조회
20101209-1,두성엔지니어링,고무로라연마 외  1건,209000,세금계산서,PP,Y,인쇄,조회
20101208-3,(주)경일포장,스넬 C/T 260* [260*132*263],987800,세금계산서,PP,Y,인쇄,조회
20101208-1,자강산업(주),PP원료 [PP원료],6723640,세금계산서,PP,Y,인쇄,조회
20101207-2,백암지관공업사,지관 200 [지관 200＊8＊190] 외  1건,667882,세금계산서,PP,Y,인쇄,조회
20101207-1,(주)세우케미칼,5014 [pp원료],48048000,세금계산서,PP,Y,인쇄,조회
20101206-3,(주)경남케미칼,SILVER 321 [M／B 321 SILVER] 외  2건,1138500,세금계산서,PP,Y,인쇄,조회
20101206-2,(주)경일포장,고메리 3입(IN) [345*340*390] 외  1건,1226720,세금계산서,PP,Y,인쇄,조회
20101206-1,진흥산업,폴리백 26＊44 [폴리백 26＊44],1210000,세금계산서,PE,Y,인쇄,조회
20101204-2,백암지관공업사,지관 50 [지관 50＊5＊181] 외  2건,1888740,세금계산서,PP,Y,인쇄,조회
20101204-1,금성상회,PP원료 [PP원료],15730000,세금계산서,PP,Y,인쇄,조회
20101203-1,성신목재,팔레트 1450*840 [1450*840] 외  4건,610060,세금계산서,PP,Y,인쇄,조회
20101202-4,한국바코드시스템,라벨(아트지도안HR-816) [125*65 (2500매)] 외  1건,242000,세금계산서,PP,Y,인쇄,조회
20101202-3,백암지관공업사,지관 230 [지관 230＊5＊187] 외  1건,534233,세금계산서,PP,Y,인쇄,조회
20101202-2,동진씨엔피,박스 D6 [465 455 245] 외  1건,587400,세금계산서,PE,Y,인쇄,조회
20101202-1,영창프라스틱,STOPPER 50 PCS [STOPPER 50 PCS  투명] 외  1건,2119714,세금계산서,영창프라스틱,Y,인쇄,조회
20101201-5,에이스인쇄,리무버(인쇄) 외  1건,110000,세금계산서,PP,Y,인쇄,조회
20101201-4,동진씨엔피,박스 DF [480 320 380] 외  2건,3641000,세금계산서,PE,Y,인쇄,조회
20101201-3,(주)세우케미칼,5014 [pp원료] 외  1건,94952000,세금계산서,PP,Y,인쇄,조회
20101201-2,(주)세우케미칼,E 308 [E 308],46904000,세금계산서,PE,Y,인쇄,조회
20101201-1,금성상회,PP원료 [PP원료],15950000,세금계산서,PP,Y,인쇄,조회
20101130-4,백암지관공업사,지관 280 [지관 280＊8＊187] 외  1건,700405,세금계산서,PP,Y,인쇄,조회
20101130-3,창미포장기계,수축필름 [15],297000,세금계산서,PP,Y,인쇄,조회
20101130-2,금성상회,PP원료 [PP원료],16897650,세금계산서,PP,Y,인쇄,조회
20101130-1,성신목재,팔레트 1380＊920 [1380＊920] 외  7건,926200,세금계산서,PP,Y,인쇄,조회
20101129-2,진영프라스틱,PE원료,14300000,세금계산서,PE,Y,인쇄,조회
20101129-1,예원산업,PE원료,6103350,세금계산서,PE,Y,인쇄,조회
20101127-1,효창산업,CALPET [CALPET],2200000,세금계산서,PP,Y,인쇄,조회
20101126-3,영창프라스틱,STOPPER 50 PCS [STOPPER 50 PCS  투명],1190700,세금계산서,영창프라스틱,Y,인쇄,조회
20101126-2,두성엔지니어링,쵸크핀 [쵸크핀] 외  1건,192500,세금계산서,PP,Y,인쇄,조회
20101126-1,자강산업(주),PP원료 [PP원료],6292000,세금계산서,PP,Y,인쇄,조회
20101125-3,(주)경남케미칼,MB 510-2 [M／B 510-2],308000,세금계산서,PP,Y,인쇄,조회
20101125-2,대림프라스틱,팔레트 1100*1100*120 [1100*1100*120],209000,세금계산서,PP,Y,인쇄,조회
20101125-1,백암지관공업사,지관 200 [지관 200＊4＊190] 외  3건,1605642,세금계산서,PP,Y,인쇄,조회
20101124-2,(주)경남케미칼,MB 100B（ [M／B 100B（WHITE）],242000,세금계산서,PP,Y,인쇄,조회
20101124-1,성은산업,수축필름 [380*390],1100000,세금계산서,PE,Y,인쇄,조회
20101123-2,백암지관공업사,지관 280 [지관 280＊8＊187] 외  1건,937626,세금계산서,PP,Y,인쇄,조회
20101123-1,제이에스유화(주),Y910A [Y910A],21120000,세금계산서,PE,Y,인쇄,조회
20101122-2,진영프라스틱,PE원료,3575000,세금계산서,PE,Y,인쇄,조회
20101120-1,백암지관공업사,지관 280 [지관 280＊8＊187] 외  1건,587921,세금계산서,PP,Y,인쇄,조회
20101119-4,동진씨엔피,경인팩 2KG [320*190*780] 외  2건,1469600,세금계산서,PE,Y,인쇄,조회
20101119-2,자강산업(주),PP원료 [PP원료],6181890,세금계산서,PP,Y,인쇄,조회
20101119-1,백암지관공업사,지관 200 [지관 200＊8＊190] 외  1건,554492,세금계산서,PP,Y,인쇄,조회
20101118-3,금성상회,PP원료 [PP원료],12483240,세금계산서,PP,Y,인쇄,조회
20101118-2,동원화학수지,PP원료 [PP원료] 외  2건,34245200,세금계산서,PP,Y,인쇄,조회
20101118-1,에이스인쇄,모조지 STICKER [모조지 STICKER],55000,세금계산서,PE,Y,인쇄,조회
20101117-2,(주)그린엔텍,PE원료,-26907650,세금계산서,PE,Y,인쇄,조회
20101117-1,성신목재,팔레트 1380＊920 [1380＊920] 외  7건,944460,세금계산서,PP,Y,인쇄,조회
20101116-2,(주)경일포장,원패드 455 [455*230] 외  1건,2024000,세금계산서,PP,Y,인쇄,조회
20101116-1,백암지관공업사,지관 230 [지관 230＊5＊187] 외  2건,2196948,세금계산서,PP,Y,인쇄,조회
20101115-3,자강산업(주),PP원료 [PP원료],6307730,세금계산서,PP,Y,인쇄,조회
20101115-2,(주)세우케미칼,5014,46618000,세금계산서,PP,Y,인쇄,조회
20101115-1,(주)세우케미칼,E 308 [E 308],45474000,세금계산서,PE,Y,인쇄,조회
20101113-1,동진씨엔피,박스 DF [480 320 380],946000,세금계산서,PP,Y,인쇄,조회
20101112-1,(주)경남케미칼,MB 406（R [M／B 406（RED）] 외  2건,671000,세금계산서,PP,Y,인쇄,조회
20101111-3,자강산업(주),PP원료 [PP원료],6040320,세금계산서,PP,Y,인쇄,조회
20101111-2,금성상회,PP원료 [PP원료],15840000,세금계산서,PP,Y,인쇄,조회
20101111-1,(주)경일포장,원패드 500 [패드500*280],776160,세금계산서,PP,Y,인쇄,조회
20101110-1,백암지관공업사,지관 230 [지관 230＊5＊187] 외  1건,670500,세금계산서,PP,Y,인쇄,조회
20101109-5,백암지관공업사,지관 200 [지관 200＊8＊190],733194,세금계산서,PP,Y,인쇄,조회
20101109-4,(주)태진케미칼,PP원료 [PP원료],-1551825,세금계산서,PP,Y,인쇄,조회
20101109-3,원영포리머(주),KPP [KPP],10670000,세금계산서,PP,Y,인쇄,조회
20101109-2,금성상회,PP원료 [PP원료] 외  1건,15736171,세금계산서,PP,Y,인쇄,조회
20101109-1,(주)태진케미칼,PP원료 [PP원료],6036250,세금계산서,PP,Y,인쇄,조회
20101108-3,성신목재,팔레트 1380＊920 [1380＊920] 외  3건,914760,세금계산서,PP,Y,인쇄,조회
20101108-2,(주)태진케미칼,PP원료 [PP원료],5323725,세금계산서,PP,Y,인쇄,조회
20101108-1,대림프라스틱,팔레트 1100*1100*120 [1100*1100*120],209000,세금계산서,PP,Y,인쇄,조회
20101106-2,(주)경일포장,PB청 420 [420*420],1012000,세금계산서,PP,Y,인쇄,조회
20101106-1,백암지관공업사,지관 280 [지관 280＊8＊187] 외  3건,2092099,세금계산서,PP,Y,인쇄,조회
20101105-4,(주)경일포장,패드 400 [패드  400＊200] 외  1건,1903000,세금계산서,PP,Y,인쇄,조회
20101105-3,(주)경남케미칼,MB 307 B [M／B 307 B] 외  2건,992750,세금계산서,PP,Y,인쇄,조회
20101105-2,(주)세우케미칼,E 308 [E 308],31482000,세금계산서,PE,Y,인쇄,조회
20101105-1,진영프라스틱,PE원료,7150000,세금계산서,PE,Y,인쇄,조회
20101104-3,(주)세우케미칼,5014,21516000,세금계산서,PP,Y,인쇄,조회
20101104-2,자강산업(주),PP원료 [PP원료],6339190,세금계산서,PP,Y,인쇄,조회
20101104-1,동진씨엔피,박스 경인팩 6KG [465 455 245],539000,세금계산서,PP,Y,인쇄,조회
20101103-2,백암지관공업사,지관 280 [지관 280＊8＊187] 외  2건,946627,세금계산서,PP,Y,인쇄,조회
20101103-1,효창산업,CALPET [CALPET],2200000,세금계산서,PP,Y,인쇄,조회
20101102-2,(주)엠에이티,스트레치필름(핸드랩) [20*500*400] 외  1건,1629100,세금계산서,PP,Y,인쇄,조회
20101102-1,백암지관공업사,지관 200 [지관 200＊8＊190],733194,세금계산서,PP,Y,인쇄,조회
20101101-2,(주)세우케미칼,E 308 [E 308],27984000,세금계산서,PE,Y,인쇄,조회
20101101-1,진흥산업,폴리백 26*44 (인쇄) [폴리백 26＊44] 외  3건,572000,세금계산서,PP,Y,인쇄,조회
20101030-3,(주)경일포장,고메리 12입(IN) [410*275*180] 외  2건,1915870,세금계산서,PP,Y,인쇄,조회
20101030-2,(주)경일포장,고메리 3입 (C/T) [360*355*385],1118260,세금계산서,PP,Y,인쇄,조회
20101030-1,(주)경남케미칼,MB 602 [M／B 602] 외  2건,715000,세금계산서,PP,Y,인쇄,조회
20101029-3,한국바코드시스템,라벨(아트지무지) [150*100] 외  1건,308000,세금계산서,PP,Y,인쇄,조회
20101029-2,자강산업(주),PP원료 [PP원료],6235020,세금계산서,PP,Y,인쇄,조회
20101029-1,(주)태진케미칼,PP가공 [PP가공],550000,세금계산서,PP,Y,인쇄,조회
20101028-3,한국바코드시스템,라벨(아트지무지) [150*100(1500매],0,세금계산서,PP,Y,인쇄,조회
20101028-2,백암지관공업사,지관 50 [지관 50＊5＊181] 외  1건,1855114,세금계산서,PP,Y,인쇄,조회
20101028-1,진영프라스틱,PE원료,4075500,세금계산서,PE,Y,인쇄,조회
20101027-2,백암지관공업사,지관 280 [지관 280＊8＊187],331936,세금계산서,PP,Y,인쇄,조회
20101027-1,영창프라스틱,STOPPER 100 PCS [STOPPER 100 PCS 투명] 외  1건,3611457,세금계산서,PP,Y,인쇄,조회
20101026-1,동진씨엔피,박스 DF [480 320 380] 외  3건,3209800,세금계산서,PP,Y,인쇄,조회
20101025-1,금성상회,PP원료 [PP원료],13288660,세금계산서,PP,Y,인쇄,조회
20101023-1,백암지관공업사,지관 200 [지관 200＊4＊190] 외  1건,558003,세금계산서,PP,Y,인쇄,조회
20101022-1,(주)경일포장,목형대 580* [580*406] 외  1건,1177000,세금계산서,PP,Y,인쇄,조회
20101021-1,(주)세우케미칼,E 308 [E 308],27456000,세금계산서,PE,Y,인쇄,조회
20101020-4,효창산업,CALPET [CALPET],2640000,세금계산서,PP,Y,인쇄,조회
20101020-3,(주)경남케미칼,MB 307 [M／B 307 Yellow] 외  1건,715000,세금계산서,PP,Y,인쇄,조회
20101020-2,백암지관공업사,지관 230 [지관 230＊5＊187],526495,세금계산서,PP,Y,인쇄,조회
20101020-1,금성상회,PP원료 [PP원료],14204190,세금계산서,PP,Y,인쇄,조회
20101019-3,(주)세우케미칼,5014,45474000,세금계산서,PP,Y,인쇄,조회
20101019-2,성신목재,팔레트 1380＊920 [1380＊920] 외  7건,872740,세금계산서,PP,Y,인쇄,조회
20101019-1,백암지관공업사,지관 230 [지관 230＊5＊187] 외  3건,893815,세금계산서,PP,Y,인쇄,조회
20101018-1,금성상회,PP원료 [PP원료] 외  1건,11201960,세금계산서,PP,Y,인쇄,조회
20101016-1,백암지관공업사,지관 50 [지관 50＊5＊181],1600830,세금계산서,PP,Y,인쇄,조회
20101014-2,백암지관공업사,지관 200 [지관 200＊8＊190],733194,세금계산서,PP,Y,인쇄,조회
20101014-1,(주)신흥케미칼,HDPE 가공 [PE 가공],393750,세금계산서,PP,Y,인쇄,조회
20101013-1,자강산업(주),PP원료 [PP원료],6126450,세금계산서,PP,Y,인쇄,조회
20101012-2,(주)경남케미칼,MB 406（R [M／B 406（RED）],176000,세금계산서,PP,Y,인쇄,조회
20101012-1,백암지관공업사,지관 230 [지관 230＊5＊187],510540,세금계산서,PP,Y,인쇄,조회
20101011-4,금성상회,PP원료 [PP원료],17995120,세금계산서,PP,Y,인쇄,조회
20101011-3,청림수지,PP원료 [PP원료],17790300,세금계산서,PP,Y,인쇄,조회
20101011-2,자강산업(주),PP원료 [PP원료],6017880,세금계산서,PP,Y,인쇄,조회
20101011-1,백암지관공업사,지관 50 [지관 50＊3＊225] 외  2건,1409246,세금계산서,PP,Y,인쇄,조회
20101009-1,(주)경일포장,미국박스 580 [580*170*580],691020,세금계산서,PP,Y,인쇄,조회
20101008-2,백암지관공업사,지관 280 [지관 280＊8＊187] 외  1건,642721,세금계산서,PP,Y,인쇄,조회
20101008-1,(주)한국체인모터,체인모터(HRB-400),301400,세금계산서,PP,Y,인쇄,조회
20101007-3,(주)그린엔텍,PE원료,40369450,세금계산서,PP,Y,인쇄,조회
20101007-2,금성상회,PP원료 [PP원료],2700000,세금계산서,PP,Y,인쇄,조회
20101007-1,성신목재,팔레트 1380＊920 [1380＊920] 외  4건,861520,세금계산서,PP,Y,인쇄,조회
20101006-2,자강산업(주),PP원료 [PP원료],6157470,세금계산서,PP,Y,인쇄,조회
20101006-1,(주)태진케미칼,PP가공 [PP가공],1520750,세금계산서,PP,Y,인쇄,조회
20101005-4,동진씨엔피,박스 D6 [465 455 245],539000,세금계산서,PP,Y,인쇄,조회
20101005-3,백암지관공업사,지관 230 [지관 230＊5＊187] 외  1건,568236,세금계산서,PP,Y,인쇄,조회
20101005-2,(주)경일포장,원패드580 [580*406],363000,세금계산서,PP,Y,인쇄,조회
20101005-1,(주)태진케미칼,PP가공 [PP가공],1064250,세금계산서,PP,Y,인쇄,조회
20101004-2,(주)경남케미칼,MB 307 B [M／B 307 B] 외  2건,1001000,세금계산서,PP,Y,인쇄,조회
20101004-1,자강산업(주),PP원료 [PP원료],6126450,세금계산서,PP,Y,인쇄,조회
20101002-1,(주)경일포장,원패드 500 [패드500*280],776160,세금계산서,PP,Y,인쇄,조회
20101001-2,(주)세우케미칼,5014,45474000,세금계산서,PP,Y,인쇄,조회
20101001-1,(주)세우케미칼,E 308 [E 308],44616000,세금계산서,PE,Y,인쇄,조회
20100930-1,원영포리머(주),KPP [KPP],5335000,세금계산서,PP,Y,인쇄,조회
20100929-2,백암지관공업사,지관 280 [지관 280＊8＊187] 외  1건,890538,세금계산서,PP,Y,인쇄,조회
20100929-1,대림프라스틱,팔레트 1100*1100*120 [1100*1100*120],209000,세금계산서,PP,Y,인쇄,조회
20100928-4,금성상회,PP원료 [PP원료],15180000,세금계산서,PP,Y,인쇄,조회
20100928-3,백암지관공업사,지관 406 [지관 406＊8＊155] 외  1건,484479,세금계산서,PP,Y,인쇄,조회
20100928-2,(주)디디에스엠,PP 05MM [05MM x 7000 x 0.50MM Clear],1595000,세금계산서,PP,Y,인쇄,조회
20100928-1,자강산업(주),PP원료 [PP원료],6075036,세금계산서,PP,Y,인쇄,조회
20100927-3,두성엔지니어링,와인다캠,682000,세금계산서,PP,Y,인쇄,조회
20100927-2,백암지관공업사,지관 50 [지관 50＊5＊181] 외  1건,1343496,세금계산서,PP,Y,인쇄,조회
20100927-1,성은산업,수축필름 [220*155],462000,세금계산서,PP,Y,인쇄,조회
20100918-1,금성상회,PP원료 [PP원료],15824380,세금계산서,PP,Y,인쇄,조회
20100917-3,(주)태진케미칼,PP원료 [PP원료],7900200,세금계산서,PP,Y,인쇄,조회
20100917-2,동진씨엔피,박스 D-17폴리테잎 [580 455 205] 외  1건,1047640,세금계산서,PE,Y,인쇄,조회
20100917-1,에이스인쇄,일본어 STICKER(적색) 외  2건,154000,세금계산서,PE,Y,인쇄,조회
20100916-1,백암지관공업사,지관 280 [지관 280＊8＊187] 외  2건,1175314,세금계산서,PP,Y,인쇄,조회
20100915-1,백암지관공업사,지관 50 [지관 50＊5＊181] 외  1건,1269822,세금계산서,PP,Y,인쇄,조회
20100914-2,(주)경남케미칼,MB 820FL [M／B 820FL（BLACK）] 외  1건,671000,세금계산서,PP,Y,인쇄,조회
20100914-1,(주)세우케미칼,5014,27456000,세금계산서,PP,Y,인쇄,조회
20100913-2,동원화학수지,5014 [OG],5698000,세금계산서,PP,Y,인쇄,조회
20100913-1,금성상회,PP원료 [PP원료],8890000,세금계산서,PP,Y,인쇄,조회
20100910-2,백암지관공업사,지관 50 [지관 50＊5＊181] 외  1건,843612,세금계산서,PP,Y,인쇄,조회
20100910-1,(주)세우케미칼,E 308 [E 308],43758000,세금계산서,PE,Y,인쇄,조회
20100909-1,자강산업(주),PP원료 [PP원료],6117540,세금계산서,PP,Y,인쇄,조회
20100908-4,성신목재,팔레트 1290＊860 [1290＊860] 외  6건,459360,세금계산서,PP,Y,인쇄,조회
20100908-3,동진씨엔피,박스 D-28(4.4) [760 310 205] 외  1건,1024100,세금계산서,PE,Y,인쇄,조회
20100908-2,대림프라스틱,팔레트 1100*1100*120 [1100*1100*120],209000,세금계산서,PP,Y,인쇄,조회
20100908-1,금성상회,PP원료 [PP원료],6400000,세금계산서,PP,Y,인쇄,조회
20100907-1,금성상회,PP원료 [PP원료],13800000,세금계산서,PP,Y,인쇄,조회
20100906-7,(주)경일포장,고메리 12입(C/T) [570*430*390] 외  5건,3628897,세금계산서,PP,Y,인쇄,조회
20100906-6,(주)세우케미칼,5014,34320000,세금계산서,PP,Y,인쇄,조회
20100906-5,대양스트랩(주),PET 15.62X0.89X1220M [PET 15.62X0.89X1220M D/G SMOOTH],4368000,세금계산서,대양스트랩,Y,인쇄,조회
20100906-3,백암지관공업사,지관 280 [지관 280＊8＊187] 외  1건,653347,세금계산서,PP,Y,인쇄,조회
20100906-2,(주)경남케미칼,MB 510-2 [M／B 510-2] 외  2건,932250,세금계산서,PP,Y,인쇄,조회
20100906-1,자강산업(주),PP원료 [PP원료],5753220,세금계산서,PP,Y,인쇄,조회
20100904-1,동진씨엔피,박스 DF [480 320 380] 외  2건,1201200,세금계산서,PP,Y,인쇄,조회
20100903-2,금성상회,PP원료 [PP원료],5796000,세금계산서,PP,Y,인쇄,조회
20100903-1,한국바코드시스템,라벨(아트지무지) [150*100(1500매] 외  2건,495000,세금계산서,PP,Y,인쇄,조회
20100901-3,백암지관공업사,지관 50 [지관 50＊5＊181] 외  1건,960498,세금계산서,PP,Y,인쇄,조회
20100901-2,(주)세우케미칼,5014,20592000,세금계산서,PP,Y,인쇄,조회
20100901-1,효창산업,CALPET [CALPET],2200000,세금계산서,PP,Y,인쇄,조회
20100831-2,자강산업(주),PP원료 [PP원료],5948910,세금계산서,PP,Y,인쇄,조회
20100831-1,진흥산업,폴리백 26＊44 [폴리백 26＊44] 외  1건,1292500,세금계산서,PE,Y,인쇄,조회
20100830-2,백암지관공업사,지관 50 [지관 50＊5＊181] 외  1건,920950,세금계산서,PP,Y,인쇄,조회
20100830-1,(주)태진케미칼,PP원료 [PP원료],8464500,세금계산서,PP,Y,인쇄,조회
20100828-1,(주)경일포장,원패드 455 [455*230],1214400,세금계산서,PP,Y,인쇄,조회
20100827-8,동진씨엔피,경인팩 2KG 외  2건,1760000,세금계산서,PP,Y,인쇄,조회
20100827-7,(주)경남케미칼,MB 406（R [M／B 406（RED）] 외  2건,781000,세금계산서,PP,Y,인쇄,조회
20100827-6,백암지관공업사,지관 230 [지관 230＊5＊187] 외  1건,560513,세금계산서,PP,Y,인쇄,조회
20100827-5,파워엠팩,PP12M [PP12M／M9KG(황)] 외  1건,2970000,세금계산서,PP,Y,인쇄,조회
20100827-4,한국바코드시스템,라벨(아트지) [115*55(2500매)] 외  4건,833800,세금계산서,PP,Y,인쇄,조회
20100827-3,영창프라스틱,STOPPER 50 PCS [STOPPER 50 PCS  투명],825000,세금계산서,PP,Y,인쇄,조회
20100827-2,예원산업,PP원료 [PP원료],13058760,세금계산서,PE,Y,인쇄,조회
20100826-3,성신목재,팔레트 1380＊920 [1380＊920] 외  2건,739200,세금계산서,PP,Y,인쇄,조회
20100826-2,(주)동신밴드,H5300 [H5300],10428000,세금계산서,PP,Y,인쇄,조회
20100826-1,(주)경일포장,무인쇄톰슨접착 320 [320*130*320] 외  1건,2267100,세금계산서,PP,Y,인쇄,조회
20100825-2,(주)경일포장,옴니 C/T 460 [460*130*460] 외  1건,2175800,세금계산서,PP,Y,인쇄,조회
20100825-1,자강산업(주),PP원료 [PP원료],5791500,세금계산서,PP,Y,인쇄,조회
20100824-4,두성엔지니어링,PE로라수리,110000,세금계산서,PP,Y,인쇄,조회
20100824-3,성림화학,종이앵글(각대) [50*50*5*1200],198000,세금계산서,PP,Y,인쇄,조회
20100824-2,백암지관공업사,지관 200 [지관 200＊8＊190] 외  1건,699190,세금계산서,PP,Y,인쇄,조회
20100824-1,두성엔지니어링,고무로라연마 외  1건,220000,세금계산서,PP,Y,인쇄,조회
20100820-2,백암지관공업사,지관 230 [지관 230＊5＊187],526495,세금계산서,PP,Y,인쇄,조회
20100820-1,성신목재,팔레트 1380＊920 [1380＊920] 외  2건,352000,세금계산서,PP,Y,인쇄,조회
20100819-3,(주)세우케미칼,5014,23562000,세금계산서,PP,Y,인쇄,조회
20100819-1,자강산업(주),PP원료 [PP원료],6058800,세금계산서,PP,Y,인쇄,조회
20100818-6,(주)태진케미칼,PP원료 [PP원료],8746650,세금계산서,PP,Y,인쇄,조회
20100818-5,영창프라스틱,STOPPER 50 PCS [STOPPER 50 PCS  투명],330000,세금계산서,PP,Y,인쇄,조회
20100818-4,백암지관공업사,지관 230 [지관 230＊5＊187] 외  1건,525434,세금계산서,PP,Y,인쇄,조회
20100818-3,(주)경남케미칼,MB 510-2 [M／B 510-2],616000,세금계산서,PP,Y,인쇄,조회
20100818-2,자강산업(주),PP원료 [PP원료],5925150,세금계산서,PP,Y,인쇄,조회
20100818-1,금성상회,PP원료 [PP원료],15696120,세금계산서,PP,Y,인쇄,조회
20100817-1,(주)태진케미칼,PP원료 [PP원료],9088200,세금계산서,PP,Y,인쇄,조회
20100816-1,대림프라스틱,팔레트 1100*1100*120 [1100*1100*120],209000,세금계산서,PP,Y,인쇄,조회
20100814-2,(주)경일포장,패드 400 [패드  400＊400] 외  3건,3141600,세금계산서,PP,Y,인쇄,조회
20100814-1,백암지관공업사,지관 200 [지관 200＊8＊190],875759,세금계산서,PP,Y,인쇄,조회
20100813-1,성신목재,팔레트 1380＊920 [1380＊920] 외  6건,195030,세금계산서,PP,Y,인쇄,조회
20100812-5,유성수지,PP원료 [PP원료(조파)] 외  1건,18903720,세금계산서,PP,Y,인쇄,조회
20100812-3,영창프라스틱,STOPPER 500 PCS [STOPPER 500 PCS 투명],1594437,세금계산서,PP,Y,인쇄,조회
20100812-1,백암지관공업사,지관 50 [지관 50＊5＊181] 외  1건,1495956,세금계산서,PP,Y,인쇄,조회
20100811-2,영창프라스틱,STOPPER 50 PCS [STOPPER 50 PCS  투명],24750,세금계산서,PP,Y,인쇄,조회
20100811-1,창미포장기계,"수축필름 [15""(크레오박)] 외  1건",366300,세금계산서,PP,Y,인쇄,조회
20100810-4,백암지관공업사,지관 200 [지관 200＊8＊190] 외  1건,614182,세금계산서,PP,Y,인쇄,조회
20100810-3,금성상회,PP원료 [PP원료],13800000,세금계산서,PP,Y,인쇄,조회
20100810-1,금성상회,PP원료 [PP원료],1350000,세금계산서,PP,Y,인쇄,조회
20100809-3,(주)세우케미칼,E 308 [E 308] 외  1건,67320000,세금계산서,PE,Y,인쇄,조회
20100809-2,(주)태진케미칼,PP원료 [PP원료],8657550,세금계산서,PP,Y,인쇄,조회
20100809-1,영창프라스틱,STOPPER 50 PCS [STOPPER 50 PCS  투명],792000,세금계산서,PP,Y,인쇄,조회
20100805-2,효창산업,CALPET [CALPET],2640000,세금계산서,PP,Y,인쇄,조회
20100805-1,(주)경남케미칼,MB 510-2 [M／B 510-2] 외  1건,671000,세금계산서,PP,Y,인쇄,조회
20100803-2,(주)그린엔텍,PE원료,22861080,세금계산서,PP,Y,인쇄,조회
20100730-1,금성상회,매입할인 [일시적 금액조정],-4812500,세금계산서,PP,Y,인쇄,조회
20100729-1,성신목재,팔레트 1450*840 [1450*840] 외  4건,208230,세금계산서,PP,Y,인쇄,조회
20100728-3,동진씨엔피,박스 DF [480 320 380] 외  1건,946000,세금계산서,PP,Y,인쇄,조회
20100728-2,자강산업(주),PP원료 [PP원료],6205584,세금계산서,PP,Y,인쇄,조회
20100728-1,백암지관공업사,지관 200 [지관 200＊4＊190] 외  1건,583012,세금계산서,PP,Y,인쇄,조회
20100727-2,백암지관공업사,지관 200 [지관 200＊8＊190] 외  1건,990851,세금계산서,PP,Y,인쇄,조회
20100727-1,(주)디디에스엠,"12 x 3,000M 0.55T [12 x 3,000M 0.55T 백색 W/Blue print] 외  1건",2304500,세금계산서,PP,Y,인쇄,조회
20100726-1,대림프라스틱,팔레트 1100*1100*120 [1100*1100*120],209000,세금계산서,PP,Y,인쇄,조회
20100722-2,(주)경일포장,박스 44-20 [440 200 445],1257410,세금계산서,PP,Y,인쇄,조회
20100722-1,대지수지,PP원료 [PP원료],14775750,세금계산서,PP,Y,인쇄,조회
20100721-3,영창프라스틱,STOPPER 50 PCS [STOPPER 50 PCS  투명],275000,세금계산서,PP,Y,인쇄,조회
20100721-2,주신플라스틱,PP원료(원색) 외  1건,8250000,세금계산서,PP,Y,인쇄,조회
20100721-1,백암지관공업사,지관 200 [지관 200＊4＊190] 외  1건,633204,세금계산서,PP,Y,인쇄,조회
20100720-1,(주)경남케미칼,MB 510（B [M／B 510（BLUE）],836000,세금계산서,PP,Y,인쇄,조회
20100719-3,백암지관공업사,지관 50 [지관 50＊5＊181] 외  2건,1781441,세금계산서,PP,Y,인쇄,조회
20100719-2,(주)경남케미칼,MB 307 B [M／B 307 B] 외  2건,1045000,세금계산서,PP,Y,인쇄,조회
20100719-1,금성상회,PP원료 [PP원료],8280000,세금계산서,PP,Y,인쇄,조회
20100716-1,대림프라스틱,팔레트 1100*1100*120 [1100*1100*120],209000,세금계산서,PP,Y,인쇄,조회
20100715-1,원영포리머(주),KPP [KPP],12804000,세금계산서,PP,Y,인쇄,조회
20100714-4,(주)경일포장,목형대 [목형대] 외  1건,837100,세금계산서,PP,Y,인쇄,조회
20100714-3,(주)그린엔텍,PE원료 외  1건,15106300,세금계산서,PE,Y,인쇄,조회
20100714-2,자강산업(주),PP원료 [PP원료],6178260,세금계산서,PP,Y,인쇄,조회
20100712-1,금성상회,PP원료 [PP원료],13744800,세금계산서,PP,Y,인쇄,조회
20100710-3,동진씨엔피,DDSM TOP BAND 인판제작 [320*190*780],253000,세금계산서,PP,Y,인쇄,조회
20100710-2,백암지관공업사,지관 200 [지관 200＊8＊190] 외  1건,702226,세금계산서,PP,Y,인쇄,조회
20100710-1,동진씨엔피,박스 D6 [465 455 250] 외  2건,1513688,세금계산서,PP,Y,인쇄,조회
20100709-2,백암지관공업사,지관 50 [지관 50＊5＊181],1524600,세금계산서,PP,Y,인쇄,조회
20100709-1,금성상회,PP원료 [PP원료],1400000,세금계산서,PP,Y,인쇄,조회
20100707-2,백암지관공업사,지관 200 [지관 200＊8＊190],733194,세금계산서,PP,Y,인쇄,조회
20100707-1,금성상회,PP원료 [PP원료],13062500,세금계산서,PP,Y,인쇄,조회
20100706-2,(주)태진케미칼,PP원료 [PP원료],9652500,세금계산서,PP,Y,인쇄,조회
20100706-1,금성상회,PP원료 [PP원료] 외  1건,13750000,세금계산서,PP,Y,인쇄,조회
20100702-2,(주)세우케미칼,E 308 [E 308],42075000,세금계산서,PE,Y,인쇄,조회
20100702-1,(주)세우케미칼,E 308 [E 308],25245000,세금계산서,PE,Y,인쇄,조회
20100701-2,(주)세우케미칼,5014 [5014],40392000,세금계산서,PP,Y,인쇄,조회
20100701-1,백암지관공업사,지관 50 [지관 50＊5＊181],1829520,세금계산서,PP,Y,인쇄,조회
20100630-2,백암지관공업사,지관 200 [지관 200＊8＊190] 외  1건,911710,세금계산서,PP,Y,인쇄,조회
20100629-3,(주)경일포장,원패드 380 [380*200] 외  1건,1389300,세금계산서,PP,Y,인쇄,조회
20100629-2,자강산업(주),PP원료 [PP원료],4666200,세금계산서,PP,Y,인쇄,조회
20100629-1,동진씨엔피,박스 D-24폴리테잎 [760 310 205] 외  3건,2484900,세금계산서,PE,Y,인쇄,조회
20100626-1,두성엔지니어링,모타수리 외  2건,198000,세금계산서,PP,Y,인쇄,조회
20100625-1,백암지관공업사,지관 50 [지관 50＊5＊181] 외  1건,1651449,세금계산서,PP,Y,인쇄,조회
20100624-2,(주)세우케미칼,E 308 [E 308],41184000,세금계산서,PE,Y,인쇄,조회
20100624-1,(주)그린엔텍,O.G [PE(OG)],33654500,세금계산서,PE,Y,인쇄,조회
20100623-1,(주)경일포장,원패드 360 [360*200],455400,세금계산서,PP,Y,인쇄,조회
20100622-2,(주)경남케미칼,MB 307 [M／B 307 Yellow] 외  1건,885500,세금계산서,PP,Y,인쇄,조회
20100622-1,자강산업(주),PP원료 [PP원료],4928000,세금계산서,PP,Y,인쇄,조회
20100621-3,주신플라스틱,PP원료 (백색) 외  1건,6956125,세금계산서,PP,Y,인쇄,조회
20100621-2,성신목재,팔레트 920*920 [920*920] 외  2건,211420,세금계산서,PP,Y,인쇄,조회
20100621-1,대림프라스틱,팔레트 1100*1100*120 [1100*1100*120],209000,세금계산서,PP,Y,인쇄,조회
20100618-2,효창산업,CALPET [CALPET],2640000,세금계산서,PP,Y,인쇄,조회
20100618-1,대지수지,PP원료 (백색) 외  2건,16225330,세금계산서,PP,Y,인쇄,조회
20100617-5,(주)세우케미칼,E 308 [E 308],30888000,세금계산서,PE,Y,인쇄,조회
20100617-4,백암지관공업사,지관 280 [지관 280＊8＊187] 외  1건,702226,세금계산서,PP,Y,인쇄,조회
20100617-3,(주)경일포장,PB청 420 [420*420] 외  3건,4016320,세금계산서,PP,Y,인쇄,조회
20100617-2,(주)그린엔텍,PP원료 [PP원료],20856000,세금계산서,PP,Y,인쇄,조회
20100616-2,백암지관공업사,지관 200 [지관 200＊8＊190],733194,세금계산서,PP,Y,인쇄,조회
20100616-1,(주)청파유화,H5300 [H5300],10428000,세금계산서,PP,Y,인쇄,조회
20100615-1,자강산업(주),PP원료 [PP원료],6036800,세금계산서,PP,Y,인쇄,조회
20100611-3,백암지관공업사,지관 200 [지관 200＊8＊190] 외  1건,630298,세금계산서,PP,Y,인쇄,조회
20100611-2,(주)경일포장,패드 430＊2 [패드 430＊200] 외  1건,3260180,세금계산서,PP,Y,인쇄,조회
20100611-1,(주)경남케미칼,MB 307 [M／B 307 Yellow] 외  1건,660000,세금계산서,PP,Y,인쇄,조회
20100610-2,대지수지,PP원료 [PP원료],20477600,세금계산서,PP,Y,인쇄,조회
20100610-1,동진씨엔피,박스 DF [480 320 380] 외  1건,1012000,세금계산서,PE,Y,인쇄,조회
20100609-2,성신목재,팔레트 1380＊920 [1380＊920] 외  2건,739200,세금계산서,PP,Y,인쇄,조회
20100609-1,주신플라스틱,PP원료 (백색),0,계산서,PP,Y,인쇄,조회
20100608-2,백암지관공업사,지관 200 [지관 200＊8＊190] 외  2건,1250719,세금계산서,PP,Y,인쇄,조회
20100608-1,경원콤프레샤,콤푸레샤 첵코밸브,77000,세금계산서,PP,Y,인쇄,조회
20100607-1,진영프라스틱,PE원료,15400000,세금계산서,PE,Y,인쇄,조회
20100603-1,(주)청파유화,Y-130SA [Y-130SA],12166000,세금계산서,PP,Y,인쇄,조회
20100602-1,백암지관공업사,지관 50 [지관 50＊5＊181],1829520,세금계산서,PE,Y,인쇄,조회
20100601-4,(주)세우케미칼,5014 [5014],27280000,세금계산서,PP,Y,인쇄,조회
20100601-3,(주)세우케미칼,E 308 [E 308],44616000,세금계산서,PE,Y,인쇄,조회
20100601-2,동원화학수지,PP원료 [PP원료],20716850,세금계산서,PP,Y,인쇄,조회
20100531-3,두성엔지니어링,엠보수리외 [엠보수리외] 외  1건,869000,세금계산서,PP,Y,인쇄,조회
20100531-2,자강산업(주),PP원료 [PP원료],13762188,세금계산서,PP,Y,인쇄,조회
20100531-1,백암지관공업사,지관 200 [지관 200＊8＊190],847246,세금계산서,PP,Y,인쇄,조회
20100528-4,성신목재,팔레트 920＊1380 [920＊1380] 외  6건,254100,세금계산서,PP,Y,인쇄,조회
20100528-3,(주)경일포장,고메리 12입(C/T) [570*430*390] 외  1건,1404700,세금계산서,PP,Y,인쇄,조회
20100528-2,백암지관공업사,지관 200 [지관 200＊4＊190] 외  1건,518380,세금계산서,PP,Y,인쇄,조회
20100527-2,(주)경남케미칼,MB 510-2 [M／B 510-2],308000,세금계산서,PP,Y,인쇄,조회
20100527-1,(주)디에스팩,PP원료 [PP원료],3190000,세금계산서,PP,Y,인쇄,조회
20100526-6,두성엔지니어링,쵸크핀 [쵸크핀],132000,세금계산서,PP,Y,인쇄,조회
20100526-5,성은산업,수축필름 [수축필름],286000,세금계산서,PP,Y,인쇄,조회
20100526-4,피앤비,평면골판지 외  1건,4268000,세금계산서,PP,Y,인쇄,조회
20100526-3,(주)그린엔텍,PE재생 [PE재생],23781450,세금계산서,PE,Y,인쇄,조회
20100526-2,백암지관공업사,지관 200 [지관 200＊4＊190] 외  1건,1357818,세금계산서,PP,Y,인쇄,조회
20100526-1,효창산업,CALPET [CALPET],2640000,세금계산서,PP,Y,인쇄,조회
20100525-5,진흥산업,폴리백 26＊44 [폴리백 26＊44] 외  1건,1276000,세금계산서,PE,Y,인쇄,조회
20100525-4,(주)경남케미칼,MB 602 [M／B 602] 외  5건,1155000,세금계산서,PP,Y,인쇄,조회
20100525-2,삼원계전(안산),인버터 [인버터],605000,세금계산서,PP,Y,인쇄,조회
20100524-2,(주)세우케미칼,E 308 [E 308],24640000,세금계산서,PE,Y,인쇄,조회
20100524-1,성신목재,팔레트 1290＊860 [1290＊860] 외  12건,388300,세금계산서,PP,Y,인쇄,조회
20100520-4,백암지관공업사,지관 200 [지관 200＊8＊190] 외  1건,655447,세금계산서,PP,Y,인쇄,조회
20100520-3,대림프라스틱,팔레트 1100*1100*120 [1100*1100*120],209000,세금계산서,PP,Y,인쇄,조회
20100520-2,대경산업,PP원료 [PP원료],16765650,세금계산서,PP,Y,인쇄,조회
20100520-1,(주)대광기계,참바연신롤 [213*400] 외  1건,9570000,세금계산서,PP,Y,인쇄,조회
20100519-4,동진씨엔피,박스 DF [480 320 380] 외  2건,1419000,세금계산서,PP,Y,인쇄,조회
20100519-3,(주)신흥케미칼,PP가공 [PP가공],1724250,세금계산서,PP,Y,인쇄,조회
20100519-2,백암지관공업사,지관 50 [지관 50＊5＊181] 외  1건,1049756,세금계산서,PP,Y,인쇄,조회
20100519-1,(주)신흥케미칼,HDPE 가공 [PE 가공],1724250,세금계산서,PE,Y,인쇄,조회
20100517-1,자강산업(주),PP원료 [PP원료],6296664,세금계산서,PP,Y,인쇄,조회
20100515-1,백암지관공업사,지관 200 [지관 200＊8＊190] 외  1건,648186,세금계산서,PP,Y,인쇄,조회
20100514-2,(주)엠에이티,스트레치필름(핸드랩) [20*500*400] 외  1건,2299880,세금계산서,PP,Y,인쇄,조회
20100514-1,(주)경남케미칼,MB 307 B [M／B 307 B],528000,세금계산서,PP,Y,인쇄,조회
20100513-3,주신플라스틱,PP원료(원색) 외  1건,5940000,세금계산서,PP,Y,인쇄,조회
20100513-2,두성엔지니어링,와인다기어 [83*1.5] 외  4건,1434400,세금계산서,PP,Y,인쇄,조회
20100510-3,백암지관공업사,지관 230 [지관 230＊5＊187] 외  1건,604896,세금계산서,PP,Y,인쇄,조회
20100510-2,자강산업(주),PP원료 [PP원료],6235944,세금계산서,PP,Y,인쇄,조회
20100510-1,대림프라스틱,팔레트 1100*1100*120 [1100*1100*120],209000,세금계산서,PP,Y,인쇄,조회
20100508-1,(주)경일포장,패드 450＊2 [패드 450＊200],1012000,세금계산서,PP,Y,인쇄,조회
20100507-1,(주)세우케미칼,5014 [5014],24332000,세금계산서,PP,Y,인쇄,조회
20100506-3,성신목재,팔레트 1380＊920 [1380＊920] 외  2건,739200,세금계산서,PP,Y,인쇄,조회
20100506-2,(주)경남케미칼,MB 820FL [M／B 820FL（BLACK）],363000,세금계산서,PP,Y,인쇄,조회
20100506-1,백암지관공업사,지관 50 [지관 50＊5＊181],1219680,세금계산서,PP,Y,인쇄,조회
20100504-4,두성엔지니어링,와인다기어 [28*1.5],99000,세금계산서,PP,Y,인쇄,조회
20100504-3,백암지관공업사,지관 230 [지관 230＊5＊187],458689,세금계산서,PP,Y,인쇄,조회
20100504-2,백암지관공업사,지관 406 [지관 406＊6＊155] 외  1건,892834,세금계산서,PP,Y,인쇄,조회
20100503-3,파워엠팩,PP12M [PP12M／M9KG] 외  1건,1300200,세금계산서,PP,Y,인쇄,조회
20100503-2,백암지관공업사,지관 406 [지관 406＊6＊155] 외  1건,575025,세금계산서,PP,Y,인쇄,조회
20100503-1,(주)세우케미칼,E 308 [E 308],45760000,세금계산서,PE,Y,인쇄,조회
20100430-3,(주)연호상사,#600A LST [600*50],534600,세금계산서,연호상사,Y,인쇄,조회
20100430-2,(주)태진케미칼,PP재생 [PP재생],19373200,세금계산서,PP,Y,인쇄,조회
20100430-1,영창프라스틱,STOPPER 50 PCS [STOPPER 50 PCS  투명] 외  2건,4557116,영세율,PP,Y,인쇄,조회
20100429-3,(주)태진케미칼,PP재생 [PP재생],20697600,세금계산서,PP,Y,인쇄,조회
20100429-2,(주)경일포장,미국박스 [420 200 425] 외  1건,786830,세금계산서,PP,Y,인쇄,조회
20100429-1,창미포장기계,수축필름 [수축필름],148500,세금계산서,PP,Y,인쇄,조회
20100428-4,동원화학수지,PP재생 [PP재생],20935200,세금계산서,PP,Y,인쇄,조회
20100428-3,백암지관공업사,지관 200 [지관 200＊8＊190] 외  1건,626934,세금계산서,PP,Y,인쇄,조회
20100428-2,동진씨엔피,박스 경인팩 6KG [465 455 245] 외  1건,1078000,세금계산서,PP,Y,인쇄,조회
20100428-1,성신목재,팔레트 1280＊860 [1280＊860] 외  6건,380820,세금계산서,PP,Y,인쇄,조회
20100427-2,(주)태진케미칼,PP재생 [PP재생],19943000,세금계산서,PP,Y,인쇄,조회
20100427-1,(주)경일포장,패드 450＊2 [패드 450＊200] 외  1건,1522400,세금계산서,PP,Y,인쇄,조회
20100426-1,(주)경남케미칼,MB 510-2 [M／B 510-2],462000,세금계산서,PP,Y,인쇄,조회
20100424-2,효창산업,CALPET [CALPET],3520000,세금계산서,PP,Y,인쇄,조회
20100424-1,백암지관공업사,지관 50 [지관 50＊5＊190] 외  1건,1618540,세금계산서,PP,Y,인쇄,조회
20100423-2,백암지관공업사,지관 200 [지관 200＊8＊190] 외  1건,677938,세금계산서,PP,Y,인쇄,조회
20100423-1,(주)디디에스엠,PP 12MM [12MM20000.65MMWhite] 외  3건,13539680,세금계산서,PP,Y,인쇄,조회
20100422-2,(주)태진케미칼,PP재생 [PP재생],20066200,세금계산서,PP,Y,인쇄,조회
20100422-1,한국바코드시스템,라벨(아트지) [115*55(2000매)] 외  5건,649000,세금계산서,PP,Y,인쇄,조회
20100421-2,(주)경남케미칼,MB 416（R [M／B 416（RED）] 외  4건,1050500,세금계산서,PP,Y,인쇄,조회
20100420-6,동진씨엔피,박스 DF [480 320 380] 외  2건,1826000,세금계산서,PE,Y,인쇄,조회
20100420-4,백암지관공업사,지관 230 [지관 230＊5＊187],398860,세금계산서,PP,Y,인쇄,조회
20100420-2,(주)태진케미칼,PP재생 [PP재생],19373200,세금계산서,PP,Y,인쇄,조회
20100417-2,대림프라스틱,팔레트 1100*1100*120 [1100*1100*120],209000,세금계산서,PP,Y,인쇄,조회
20100417-1,성신목재,팔레트 1380＊920 [1380＊920] 외  4건,932360,세금계산서,PP,Y,인쇄,조회
20100416-2,백암지관공업사,지관 200 [지관 200＊8＊190] 외  1건,728943,세금계산서,PP,Y,인쇄,조회
20100416-1,(주)경일포장,패드540*20 [패드540*200],1518000,세금계산서,PP,Y,인쇄,조회
20100415-2,백암지관공업사,지관 200 [지관 200＊4＊190],877404,세금계산서,PP,Y,인쇄,조회
20100414-1,대지수지,PP원료 (백색),17258670,세금계산서,PP,Y,인쇄,조회
20100413-5,백암지관공업사,지관 50 [지관 50＊5＊181] 외  3건,1466773,세금계산서,PP,Y,인쇄,조회
20100413-4,(주)태진케미칼,PP원료 [PP원료],18203900,세금계산서,PP,Y,인쇄,조회
20100413-3,두성엔지니어링,MC보빈 [100파이] 외  2건,324500,세금계산서,PP,Y,인쇄,조회
20100413-2,(주)세우케미칼,5014 [5014],43758000,세금계산서,PP,Y,인쇄,조회
20100413-1,자강산업(주),PP원료 [PP원료],5974848,세금계산서,PP,Y,인쇄,조회
20100412-3,주신플라스틱,PP원료 (백색) 외  1건,6036360,세금계산서,PP,Y,인쇄,조회
20100412-1,원영포리머(주),KPP [KPP],10450000,세금계산서,PP,Y,인쇄,조회
20100410-1,백암지관공업사,지관 200 [지관 200＊8＊190] 외  1건,648186,세금계산서,PP,Y,인쇄,조회
20100409-2,백암지관공업사,지관 230 [지관 230＊5＊187],538461,세금계산서,PP,Y,인쇄,조회
20100409-1,두성엔지니어링,압축와인다 200 [압축와인다 200M／M],660000,세금계산서,PP,Y,인쇄,조회
20100408-2,동진씨엔피,박스 내수용PE(폴리밴드) [320 190 780] 외  2건,2068000,세금계산서,PP,Y,인쇄,조회
20100408-1,성신목재,팔레트 1380＊920 [1380＊920] 외  5건,944460,세금계산서,PP,Y,인쇄,조회
20100407-1,동원화학수지,PPH530 외  1건,0,세금계산서,PP,Y,인쇄,조회
20100406-1,(주)세우케미칼,5014 [5014],43758000,세금계산서,PP,Y,인쇄,조회
20100405-4,(주)경일포장,원패드 455 [455*230],1416800,세금계산서,PP,Y,인쇄,조회
20100405-3,백암지관공업사,지관 230 [지관 230＊5＊187],510540,세금계산서,PP,Y,인쇄,조회
20100405-2,대지수지,PP재생 [PP재생],20849400,세금계산서,PP,Y,인쇄,조회
20100403-3,백암지관공업사,지관 50 [지관 50＊5＊181] 외  1건,920950,세금계산서,PP,Y,인쇄,조회
20100403-2,(주)경일포장,목형대 [목형대(430*130*430)] 외  1건,1368400,세금계산서,PP,Y,인쇄,조회
20100403-1,자강산업(주),PP원료 [PP원료],19530588,세금계산서,PP,Y,인쇄,조회
20100402-3,성신목재,팔레트 1380＊920 [1380＊920] 외  2건,792000,세금계산서,PP,Y,인쇄,조회
20100402-2,(주)엠에이티,STRETCH F [STRETCH FILM 0.025T*600W*1440M],6124800,세금계산서,PP,Y,인쇄,조회
20100402-1,두성엔지니어링,연신롤 수리외,682000,세금계산서,PE,Y,인쇄,조회
20100401-2,백암지관공업사,지관 200 [지관 200＊8＊187] 외  1건,733193,세금계산서,PP,Y,인쇄,조회
20100401-1,(주)경남케미칼,SILVER 321 [M／B 321 SILVER] 외  1건,599500,세금계산서,PP,Y,인쇄,조회
20100331-1,백암지관공업사,지관 280 [지관 280＊8＊187] 외  1건,520080,세금계산서,PP,Y,인쇄,조회
20100330-3,(주)신흥케미칼,HDPE 원색가공 [PE가공] 외  1건,1560625,세금계산서,PE,Y,인쇄,조회
20100330-2,(주)태진케미칼,PP가공 [PP가공],1377750,세금계산서,PP,Y,인쇄,조회
20100330-1,(주)경남케미칼,MB 100B（ [M／B 100B（WHITE）] 외  2건,742500,세금계산서,PP,Y,인쇄,조회
20100329-2,성신목재,팔레트 1100*1100 [1100*1100] 외  12건,529760,세금계산서,PP,Y,인쇄,조회
20100327-3,대림프라스틱,팔레트 1100*1100*120 [1100*1100*120],209000,세금계산서,PP,Y,인쇄,조회
20100327-2,진영프라스틱,PE원료,15400000,세금계산서,PE,Y,인쇄,조회
20100327-1,(주)경일포장,스넬 C/T 260* [260*132*263] 외  2건,2497000,세금계산서,PP,Y,인쇄,조회
20100326-2,(주)태진케미칼,PP가공 [PP가공],387750,세금계산서,PP,Y,인쇄,조회
20100326-1,백암지관공업사,지관 50 [지관 50＊5＊181] 외  1건,1254110,세금계산서,PP,Y,인쇄,조회
20100325-1,백암지관공업사,지관 200 [지관 200＊8＊190],637560,세금계산서,PP,Y,인쇄,조회
20100324-1,대양스트랩(주),PET 15.62X0.89X1220M [PET 15.62X0.89X1220M D/G EMBOSSED],3903360,세금계산서,대양스트랩,Y,인쇄,조회
20100323-4,(주)청파유화,H730F (OS) [25KG],20064000,세금계산서,PP,Y,인쇄,조회
20100323-3,(주)세우케미칼,5014 [5014],20196000,세금계산서,PP,Y,인쇄,조회
20100323-2,동원화학수지,PP원료 [PP원료],21106800,세금계산서,PP,Y,인쇄,조회
20100323-1,(주)경일포장,PB청 420 [420*420],880000,세금계산서,PP,Y,인쇄,조회
20100322-3,(주)그린엔텍,PE재생 [PE재생],40379020,세금계산서,PE,Y,인쇄,조회
20100322-2,성신목재,팔레트 880＊1300 [880＊1300] 외  4건,181720,세금계산서,PP,Y,인쇄,조회
20100322-1,백암지관공업사,지관 200 [지관 200＊8＊190],637560,세금계산서,PP,Y,인쇄,조회
20100320-1,백암지관공업사,지관 50 [지관 50＊5＊181],1113200,세금계산서,PP,Y,인쇄,조회
20100319-4,(주)태진케미칼,PP재생 [PP재생] 외  1건,19973250,세금계산서,PP,Y,인쇄,조회
20100319-3,주신플라스틱,PP재생 [PP재생],4791600,세금계산서,PP,Y,인쇄,조회
20100319-2,백암지관공업사,지관 230 [지관 230＊5＊187] 외  1건,545820,세금계산서,PP,Y,인쇄,조회
20100319-1,원영포리머(주),KPP [KPP] 외  1건,8965000,세금계산서,PP,Y,인쇄,조회
20100317-1,(주)세우케미칼,5014 [5014],20196000,세금계산서,PP,Y,인쇄,조회
20100316-2,두성엔지니어링,연신롤 수리외,1111000,세금계산서,PE,Y,인쇄,조회
20100316-1,백암지관공업사,지관 200 [지관 200＊8＊190] 외  1건,553344,세금계산서,PP,Y,인쇄,조회
20100315-4,대림프라스틱,팔레트 1100*1100*120 [1100*1100*120],198000,세금계산서,PP,Y,인쇄,조회
20100315-3,(주)경남케미칼,MB 100B（ [M／B 100B（WHITE）] 외  1건,638000,세금계산서,PP,Y,인쇄,조회
20100315-2,(주)경일포장,수지대금 [수지대금] 외  3건,2267067,세금계산서,PP,Y,인쇄,조회
20100315-1,두성엔지니어링,엠보수리외 [엠보수리외],165000,세금계산서,PP,Y,인쇄,조회
20100312-1,(주)태진케미칼,PP재생 [PP재생],9738300,세금계산서,PP,Y,인쇄,조회
20100311-5,백암지관공업사,지관 200 [지관 200＊8＊190],637560,세금계산서,PP,Y,인쇄,조회
20100311-4,자강산업(주),PP원료 [PP원료],5850372,세금계산서,PP,Y,인쇄,조회
20100311-3,(주)세우케미칼,E 308 [E 308],23309000,세금계산서,PE,Y,인쇄,조회
20100311-1,한국바코드시스템,라벨(아트지) [115*55(2000매)],330000,세금계산서,PP,Y,인쇄,조회
20100309-4,성신목재,팔레트 1380＊920 [1380＊920] 외  2건,739200,세금계산서,PP,Y,인쇄,조회
20100309-3,금성상회,PP특A [PP특A],10703000,세금계산서,PP,Y,인쇄,조회
20100309-2,(주)세우케미칼,E 308 [E 308],46618000,세금계산서,PE,Y,인쇄,조회
20100309-1,(주)세우케미칼,5014 [5014],21879000,세금계산서,PP,Y,인쇄,조회
20100308-1,백암지관공업사,지관 230 [지관 230＊5＊187] 외  1건,470085,세금계산서,PP,Y,인쇄,조회
20100305-6,(주)엠에이티,스트레치필름 [0.025T*600W*1440M],5716480,세금계산서,PP,Y,인쇄,조회
20100305-5,동진씨엔피,박스 D-28폴리테잎 [760 310 205] 외  1건,1244100,세금계산서,PE,Y,인쇄,조회
20100305-4,두성엔지니어링,배드노즐 [밴드노즐],2200000,세금계산서,PP,Y,인쇄,조회
20100305-3,(주)경남케미칼,MB 100B（ [M／B 100B（WHITE）] 외  1건,473000,세금계산서,PP,Y,인쇄,조회
20100305-1,동원화학수지,PP원료 [PP원료],18543360,세금계산서,PP,Y,인쇄,조회
20100304-1,백암지관공업사,지관 230 [지관 230＊5＊187],457380,세금계산서,PP,Y,인쇄,조회
20100303-3,(주)그린엔텍,PE재생 [PE재생] 외  1건,9172680,세금계산서,PE,Y,인쇄,조회
20100303-2,자강산업(주),PP원료 [PP원료],19566360,세금계산서,PP,Y,인쇄,조회
20100302-5,효창산업,CALPET [CALPET],2200000,세금계산서,PP,Y,인쇄,조회
20100302-4,(주)경일포장,패드 430＊2 [패드 430＊200] 외  2건,2816000,세금계산서,PP,Y,인쇄,조회
20100302-2,대지수지,PP원료 [PP원료],6558750,세금계산서,PP,Y,인쇄,조회
20100302-1,(주)경남케미칼,MB 307 [M／B 307],704000,세금계산서,PP,Y,인쇄,조회
20100226-4,성신목재,파렛트 1100*920 [1100*920] 외  3건,798490,세금계산서,PP,Y,인쇄,조회
20100226-3,백암지관공업사,지관 200 [지관 200＊4＊190],360360,세금계산서,PP,Y,인쇄,조회
20100226-2,백암지관공업사,지관 50 [지관 50＊5＊181] 외  1건,1515470,세금계산서,PE,Y,인쇄,조회
20100226-1,백암지관공업사,지관 200 [지관 200＊8＊190] 외  1건,533412,세금계산서,PP,Y,인쇄,조회
20100225-1,대림프라스틱,팔레트 1100*1100*120 [1100*1100*120],198000,세금계산서,PP,Y,인쇄,조회
20100224-5,(주)세우케미칼,5014 [5014],44044000,세금계산서,PP,Y,인쇄,조회
20100224-3,백암지관공업사,지관 200 [지관 200＊8＊190] 외  1건,478170,세금계산서,PP,Y,인쇄,조회
20100224-2,삼환강대공업(주),STEEL BAND 19MMx0.55 BLACK SRW [STEEL BAND 19MMx0.55 BLACK SRW] 외  1건,12853937,세금계산서,PP,Y,인쇄,조회
20100224-1,자강산업(주),PP원료 [PP원료],5586570,세금계산서,PP,Y,인쇄,조회
20100222-2,주신플라스틱,PP원료 [PP원료],11880000,세금계산서,PP,Y,인쇄,조회
20100222-1,성신목재,팔레트 1440＊850 [1440＊850] 외  4건,624360,세금계산서,PP,Y,인쇄,조회
20100220-1,동원화학수지,PP원료 [PP원료],12756480,세금계산서,PP,Y,인쇄,조회
20100219-1,백암지관공업사,지관 280 [지관 280＊8＊187] 외  2건,1195568,세금계산서,PP,Y,인쇄,조회
20100218-3,(주)경일포장,패드 480＊2 [패드 480＊200] 외  1건,1122000,세금계산서,PP,Y,인쇄,조회
20100218-2,태흥기업사,수동콘트롤N100,330000,세금계산서,PP,Y,인쇄,조회
20100218-1,영창프라스틱,STOPPER 50 PCS [STOPPER 50 PCS  투명] 외  4건,8142258,세금계산서,PP,Y,인쇄,조회
20100217-3,(주)세우케미칼,O.G,19734000,세금계산서,PE,Y,인쇄,조회
20100217-2,대양스트랩(주),PET 15.62X0.89X1220M [PET 15.62X0.89X1220M D/G SMOOTH] 외  2건,14446080,세금계산서,PP,Y,인쇄,조회
20100212-2,백암지관공업사,지관 200 [지관 200＊8＊190],637560,세금계산서,PP,Y,인쇄,조회
20100212-1,동진씨엔피,박스 DF [480 320 380] 외  1건,1317250,세금계산서,PP,Y,인쇄,조회
20100211-4,효창산업,CALPET [CALPET],3520000,세금계산서,PE,Y,인쇄,조회
20100211-3,(주)경일포장,고메리 3입 (C/T) [360*355*385] 외  1건,1452000,세금계산서,PP,Y,인쇄,조회
20100211-2,(주)청파유화,PP원료 [PP원료],25080000,세금계산서,PP,Y,인쇄,조회
20100211-1,(주)그린엔텍,재생 PP원료 [PP원료],19601120,세금계산서,PP,Y,인쇄,조회
20100210-5,대림프라스틱,팔레트 1100*1100*120 [1100*1100*120],198000,세금계산서,PP,Y,인쇄,조회
20100210-4,두성엔지니어링,쵸크핀 [쵸크핀],143000,세금계산서,PP,Y,인쇄,조회
20100210-3,(주)세우케미칼,E 308 [E 308] 외  1건,47476000,세금계산서,PP,Y,인쇄,조회
20100210-2,(주)세우케미칼,E 308 [E 308],47476000,세금계산서,PE,Y,인쇄,조회
20100210-1,자강산업(주),PP원료 [PP원료],5539050,세금계산서,PP,Y,인쇄,조회
20100209-1,백암지관공업사,지관 50 [지관 50＊5＊181],1113200,세금계산서,PP,Y,인쇄,조회
20100208-1,백암지관공업사,지관 230 [지관 230＊5＊190] 외  1건,816475,세금계산서,PP,Y,인쇄,조회
20100206-1,자강산업(주),PP원료 [PP원료],19602000,세금계산서,PP,Y,인쇄,조회
20100205-1,백암지관공업사,지관 200 [지관 200＊8＊190] 외  1건,619080,세금계산서,PP,Y,인쇄,조회
20100204-2,(주)경남케미칼,MB 820FL [M／B 820FL（BLACK）],462000,세금계산서,PP,Y,인쇄,조회
20100204-1,두성엔지니어링,엠보수리외 [엠보수리외],528000,세금계산서,PP,Y,인쇄,조회
20100203-2,영창프라스틱,STOPPER 50 PCS [STOPPER 50 PCS  투명],2191500,세금계산서,PP,Y,인쇄,조회
20100203-1,(주)경일포장,원패드 455 [455*230] 외  4건,4296600,세금계산서,PP,Y,인쇄,조회
20100202-2,(주)경남케미칼,MB 406（R [M／B 406（RED）] 외  3건,847000,세금계산서,PP,Y,인쇄,조회
20100202-1,금성상회,PP원료 [PP원료],8651500,세금계산서,PP,Y,인쇄,조회
20100201-1,원영포리머(주),KPP [KPP],10450000,세금계산서,PP,Y,인쇄,조회
20100130-1,백암지관공업사,지관 50 [지관 50＊5＊181] 외  3건,1970793,세금계산서,PP,Y,인쇄,조회
20100129-6,(주)세우케미칼,E 308 [E 308],10362000,세금계산서,PE,Y,인쇄,조회
20100129-5,(주)세우케미칼,E 308 [E 308],34540000,세금계산서,PE,Y,인쇄,조회
20100129-4,(주)태진케미칼,PPTA [PPTA],8751600,세금계산서,PP,Y,인쇄,조회
20100129-3,(주)경남케미칼,MB 6520 [M／B 6520],726000,세금계산서,PP,Y,인쇄,조회
20100129-2,진흥산업,폴리백 26＊44 [폴리백 26＊44] 외  2건,1820500,세금계산서,PE,Y,인쇄,조회
20100128-4,(주)경남케미칼,MB 100B（ [M／B 100B（WHITE）],242000,세금계산서,PP,Y,인쇄,조회
20100128-3,(주)보성특수고무,연신롤 피복 1000 [1000*165*215],330000,세금계산서,PP,Y,인쇄,조회
20100128-2,금성상회,PP원료 [PP원료],12665000,세금계산서,PP,Y,인쇄,조회
20100128-1,성신목재,팔레트 1380＊920 [1380＊920] 외  2건,739200,세금계산서,PP,Y,인쇄,조회
20100126-3,백암지관공업사,지관 230 [지관 230＊5＊187] 외  1건,526680,세금계산서,PP,Y,인쇄,조회
20100126-2,(주)세우케미칼,5014 [5014],24090000,세금계산서,PE,Y,인쇄,조회
20100126-1,두성엔지니어링,쵸크핀 [쵸크핀],214500,세금계산서,PP,Y,인쇄,조회
20100125-3,(주)태진케미칼,PP가공 [PP가공],1523500,세금계산서,PP,Y,인쇄,조회
20100125-2,백암지관공업사,지관 230 [지관 230＊5＊187] 외  1건,453068,세금계산서,PP,Y,인쇄,조회
20100125-1,(주)시몬사,피피클립 [2KG] 외  5건,68310,세금계산서,PP,Y,인쇄,조회
20100123-1,대림프라스틱,팔레트 1100*1100*120 [1100*1100*120],198000,세금계산서,PP,Y,인쇄,조회
20100122-2,동진씨엔피,박스 DF [480*320*380] 외  2건,2098250,세금계산서,PE,Y,인쇄,조회
20100122-1,금성상회,PP특A [PP특A],9310000,세금계산서,PP,Y,인쇄,조회
20100121-2,(주)경남케미칼,MB 510（B [M／B 510（BLUE）] 외  4건,1276000,세금계산서,PP,Y,인쇄,조회
20100121-1,백암지관공업사,지관 230 [지관 230＊5＊187] 외  1건,487641,세금계산서,PP,Y,인쇄,조회
20100120-2,한국바코드시스템,라벨(아트지도안2T) [76*156  2000매] 외  5건,831600,세금계산서,PP,Y,인쇄,조회
20100120-1,성신목재,팔레트 1380＊920 [1380＊920] 외  2건,739200,세금계산서,PP,Y,인쇄,조회
20100119-3,동진씨엔피,박스 DF [480*320*380] 외  2건,1297813,세금계산서,PE,Y,인쇄,조회
20100119-2,에이스인쇄,#28 STICKER [#28],44000,세금계산서,PP,Y,인쇄,조회
20100119-1,백암지관공업사,지관 200 [지관 200＊8＊187] 외  2건,939136,세금계산서,PP,Y,인쇄,조회
20100118-4,금성상회,PP원료 [PP원료],23595000,세금계산서,PP,Y,인쇄,조회
20100118-3,(주)태진케미칼,PP가공 (신전무) [PP가공(신전무)],0,세금계산서,PP,Y,인쇄,조회
20100118-2,대지수지,PP특A [PP특A] 외  1건,19631700,세금계산서,PP,Y,인쇄,조회
20100118-1,(주)경남케미칼,MB 307 [M／B 307] 외  1건,1034000,세금계산서,PP,Y,인쇄,조회
20100116-2,백암지관공업사,지관 50 [지관 50＊5＊181] 외  3건,2410452,세금계산서,PP,Y,인쇄,조회
20100116-1,진영프라스틱,PP원료 [PP원료],6875000,세금계산서,PP,Y,인쇄,조회
20100115-2,(주)엠에이티,S/F(삼영) [18*300*1500] 외  1건,1702800,세금계산서,PP,Y,인쇄,조회
20100115-1,(주)경일포장,패드 430＊2 [패드 430＊200] 외  1건,1265000,세금계산서,PP,Y,인쇄,조회
20100114-2,자강산업(주),PP원료 [PP원료],18737664,세금계산서,PP,Y,인쇄,조회
20100114-1,성신목재,팔레트 920*920 [920*920] 외  1건,146300,세금계산서,PP,Y,인쇄,조회
20100113-2,삼원계전(안산),인버터 [인버터],847000,세금계산서,PE,Y,인쇄,조회
20100113-1,(주)경일포장,원패드 [540*200],528000,세금계산서,PP,Y,인쇄,조회
20100112-2,백암지관공업사,지관 200 [지관 200＊8＊190] 외  1건,621544,세금계산서,PP,Y,인쇄,조회
20100112-1,대지산업,PP특A [PP특A] 외  3건,18552655,세금계산서,PP,Y,인쇄,조회
20100108-4,(주)그린엔텍,PP특A [PP특A],38637830,세금계산서,PP,Y,인쇄,조회
20100108-3,삼원계전(안산),인버터 [인버터],605000,세금계산서,PE,Y,인쇄,조회
20100108-2,(주)세우케미칼,5014 [5014],41756000,세금계산서,PE,Y,인쇄,조회
20100108-1,백암지관공업사,지관 200 [지관 200＊8＊190] 외  2건,865216,세금계산서,PE,Y,인쇄,조회
20100105-2,자강산업(주),PP원료 [PP원료],5448960,세금계산서,PP,Y,인쇄,조회
20100105-1,영창프라스틱,STOPPER 50 PCS [STOPPER 50 PCS  투명] 외  1건,288200,세금계산서,PP,Y,인쇄,조회
20100104-2,백암지관공업사,지관 406 [지관 406＊6＊155] 외  3건,2029896,세금계산서,PP,Y,인쇄,조회
20100104-1,(주)세우케미칼,E 308 [E 308],44902000,세금계산서,PP,Y,인쇄,조회
20091229-1,호남석유화학(주),PP 파샤,31900000,세금계산서,PE,Y,인쇄,조회
20091201-1,(주)이카운트,원재료 외  1건,440000,세금계산서,PP,N,인쇄,조회
2026/01/05 (월) 오후 4:34:04,,,,,,,,
